occupied_units_2011,owner_units_2011,renter_units_2011,median_monthly_cost_2010,median_monthly_cost_2011,renter_share_2011,housing_cost_change_x,housing_cost_pct_change_x,gentrification
1401.0,977.0,424.0,1217,1167.0,0.3026409707351891,-50.0,-0.0410846343467543,0
1140.0,472.0,668.0,908,892.0,0.5859649122807018,-16.0,-0.0176211453744493,0
2205.0,1713.0,492.0,1282,1192.0,0.2231292517006802,-90.0,-0.0702028081123244,0
1801.0,1233.0,568.0,960,965.0,0.3153803442531926,5.0,0.0052083333333333,1
1320.0,525.0,795.0,746,764.0,0.6022727272727273,18.0,0.0241286863270777,0
731.0,233.0,498.0,682,687.0,0.6812585499316005,5.0,0.0073313782991202,0
1168.0,561.0,607.0,736,787.0,0.5196917808219178,51.0,0.0692934782608695,1
1684.0,792.0,892.0,984,996.0,0.5296912114014252,12.0,0.0121951219512195,0
779.0,498.0,281.0,810,802.0,0.3607188703465982,-8.0,-0.0098765432098765,1
1948.0,1492.0,456.0,1585,1490.0,0.2340862422997946,-95.0,-0.0599369085173501,0
3560.0,2204.0,1356.0,1367,1341.0,0.3808988764044944,-26.0,-0.0190197512801755,0
1381.0,825.0,556.0,831,795.0,0.4026068066618392,-36.0,-0.0433212996389891,0
1138.0,200.0,938.0,634,631.0,0.8242530755711776,-3.0,-0.0047318611987381,1
2075.0,1201.0,874.0,1058,1076.0,0.4212048192771084,18.0,0.0170132325141776,0
1559.0,815.0,744.0,801,796.0,0.477228992944195,-5.0,-0.0062421972534332,1
1223.0,225.0,998.0,744,762.0,0.8160261651676206,18.0,0.0241935483870967,0
1393.0,845.0,548.0,900,917.0,0.3933955491744436,17.0,0.0188888888888888,1
1981.0,1051.0,930.0,853,741.0,0.469459868753155,-112.0,-0.1313012895662368,0
1075.0,850.0,225.0,1738,1757.0,0.2093023255813953,19.0,0.0109321058688147,0
2885.0,1675.0,1210.0,761,817.0,0.4194107452339688,56.0,0.0735873850197109,1
1103.0,658.0,445.0,995,904.0,0.4034451495920217,-91.0,-0.0914572864321608,1
1857.0,957.0,900.0,936,961.0,0.4846526655896607,25.0,0.0267094017094017,0
883.0,374.0,509.0,742,772.0,0.5764439411098528,30.0,0.0404312668463611,0
1175.0,369.0,806.0,677,676.0,0.6859574468085107,-1.0,-0.001477104874446,1
765.0,481.0,284.0,964,1014.0,0.3712418300653595,50.0,0.0518672199170124,0
1177.0,342.0,835.0,687,710.0,0.7094307561597282,23.0,0.0334788937409024,0
584.0,364.0,220.0,896,930.0,0.3767123287671233,34.0,0.0379464285714285,0
1755.0,732.0,1023.0,837,846.0,0.582905982905983,9.0,0.010752688172043,0
1862.0,1234.0,628.0,829,922.0,0.3372717508055854,93.0,0.1121833534378769,0
982.0,336.0,646.0,730,807.0,0.6578411405295316,77.0,0.1054794520547945,1
3908.0,2056.0,1852.0,1440,1488.0,0.4738996929375639,48.0,0.0333333333333333,0
1420.0,443.0,977.0,1038,1069.0,0.6880281690140845,31.0,0.0298651252408477,0
1942.0,986.0,956.0,1174,1152.0,0.4922760041194645,-22.0,-0.0187393526405451,0
1341.0,851.0,490.0,998,1097.0,0.3653989560029828,99.0,0.0991983967935871,0
703.0,289.0,414.0,841,822.0,0.5889046941678521,-19.0,-0.0225921521997621,1
1434.0,1270.0,164.0,1998,2026.0,0.1143654114365411,28.0,0.014014014014014,0
1734.0,186.0,1548.0,781,775.0,0.8927335640138409,-6.0,-0.0076824583866837,0
996.0,83.0,913.0,588,600.0,0.9166666666666666,12.0,0.0204081632653061,1
1889.0,637.0,1252.0,727,793.0,0.6627845420857597,66.0,0.0907840440165062,1
2629.0,1793.0,836.0,1404,1358.0,0.3179916317991632,-46.0,-0.0327635327635327,0
1027.0,637.0,390.0,1021,1115.0,0.379746835443038,94.0,0.0920666013712047,0
487.0,273.0,214.0,703,744.0,0.4394250513347023,41.0,0.0583214793741109,0
2287.0,1856.0,431.0,1211,1164.0,0.1884564932225623,-47.0,-0.0388109000825763,0
551.0,382.0,169.0,931,1103.0,0.3067150635208711,172.0,0.1847475832438238,0
2437.0,1812.0,625.0,972,924.0,0.2564628641772671,-48.0,-0.0493827160493827,0
394.0,207.0,187.0,843,923.0,0.4746192893401015,80.0,0.0948991696322657,0
2216.0,1445.0,771.0,763,768.0,0.3479241877256318,5.0,0.0065530799475753,0
747.0,521.0,226.0,1295,1376.0,0.3025435073627844,81.0,0.0625482625482625,0
1347.0,963.0,384.0,1600,1485.0,0.2850779510022271,-115.0,-0.071875,0
1500.0,1211.0,289.0,943,1077.0,0.1926666666666666,134.0,0.1420996818663839,0
366.0,97.0,269.0,514,674.0,0.7349726775956285,160.0,0.311284046692607,0
1558.0,887.0,671.0,651,675.0,0.4306803594351733,24.0,0.0368663594470046,1
1232.0,891.0,341.0,840,937.0,0.2767857142857143,97.0,0.1154761904761904,0
1613.0,1087.0,526.0,785,836.0,0.3261004339739615,51.0,0.064968152866242,0
1338.0,1221.0,117.0,700,1014.0,0.0874439461883408,314.0,0.4485714285714285,0
1234.0,383.0,851.0,644,676.0,0.6896272285251216,32.0,0.0496894409937888,0
670.0,254.0,416.0,658,675.0,0.6208955223880597,17.0,0.0258358662613981,0
2026.0,1286.0,740.0,1275,1364.0,0.3652517275419545,89.0,0.0698039215686274,0
908.0,707.0,201.0,1365,1414.0,0.2213656387665198,49.0,0.0358974358974358,0
2527.0,2106.0,421.0,1592,1337.0,0.1666007123070835,-255.0,-0.1601758793969849,0
1919.0,1445.0,474.0,699,840.0,0.2470036477331943,141.0,0.2017167381974249,0
1958.0,1153.0,805.0,812,795.0,0.4111338100102145,-17.0,-0.020935960591133,0
1497.0,877.0,620.0,1221,1252.0,0.4141616566466266,31.0,0.0253890253890253,1
1714.0,412.0,1302.0,815,854.0,0.7596266044340724,39.0,0.0478527607361963,0
1575.0,747.0,828.0,696,725.0,0.5257142857142857,29.0,0.0416666666666666,1
1137.0,563.0,574.0,906,906.0,0.5048372911169745,0.0,0.0,0
575.0,2.0,573.0,1554,1364.0,0.9965217391304348,-190.0,-0.1222651222651222,1
2999.0,1712.0,1287.0,929,870.0,0.4291430476825608,-59.0,-0.0635091496232508,0
3146.0,2519.0,627.0,1738,1719.0,0.1993006993006993,-19.0,-0.0109321058688147,0
1798.0,1700.0,98.0,3065,3310.0,0.0545050055617352,245.0,0.0799347471451876,0
970.0,717.0,253.0,2207,2138.0,0.2608247422680412,-69.0,-0.0312641594925237,0
1834.0,1132.0,702.0,2479,2288.0,0.3827699018538713,-191.0,-0.0770471964501815,0
1004.0,579.0,425.0,1236,1224.0,0.4233067729083665,-12.0,-0.0097087378640776,0
1916.0,1236.0,680.0,1474,1357.0,0.3549060542797494,-117.0,-0.0793758480325644,0
1104.0,637.0,467.0,1380,1416.0,0.4230072463768116,36.0,0.0260869565217391,1
2497.0,1759.0,738.0,2341,2324.0,0.2955546655987184,-17.0,-0.007261853908586,0
1475.0,752.0,723.0,1685,1614.0,0.4901694915254237,-71.0,-0.0421364985163204,0
2102.0,1556.0,546.0,2361,2259.0,0.2597526165556613,-102.0,-0.0432020330368487,0
1432.0,1013.0,419.0,2389,2386.0,0.2925977653631285,-3.0,-0.0012557555462536,0
2923.0,2614.0,309.0,2298,2305.0,0.1057133082449538,7.0,0.0030461270670147,0
2079.0,1345.0,734.0,2353,2209.0,0.353054353054353,-144.0,-0.061198470038249,1
3057.0,1896.0,1161.0,2128,2097.0,0.3797841020608439,-31.0,-0.0145676691729323,0
2351.0,1980.0,371.0,2785,2685.0,0.1578051892811569,-100.0,-0.0359066427289048,0
491.0,389.0,102.0,1211,1160.0,0.2077393075356415,-51.0,-0.042113955408753,0
2853.0,2132.0,721.0,2757,2838.0,0.2527164388363127,81.0,0.029379760609358,0
1429.0,1038.0,391.0,1614,1410.0,0.2736179146256123,-204.0,-0.1263940520446096,1
1051.0,951.0,100.0,3381,3599.0,0.0951474785918173,218.0,0.0644779650990831,0
1921.0,1742.0,179.0,2853,2773.0,0.0931806350858927,-80.0,-0.0280406589554854,0
1610.0,1458.0,152.0,2488,2596.0,0.0944099378881987,108.0,0.0434083601286173,0
3136.0,2734.0,402.0,1945,1971.0,0.128188775510204,26.0,0.0133676092544987,0
1530.0,1116.0,414.0,2579,2458.0,0.2705882352941176,-121.0,-0.0469174098487785,0
2984.0,2289.0,695.0,2068,2316.0,0.2329088471849865,248.0,0.1199226305609284,0
2085.0,1016.0,1069.0,1501,1556.0,0.5127098321342926,55.0,0.0366422385076615,1
1956.0,1863.0,93.0,3935,3921.0,0.0475460122699386,-14.0,-0.0035578144853875,0
973.0,811.0,162.0,1916,1911.0,0.1664953751284686,-5.0,-0.0026096033402922,0
1679.0,1088.0,591.0,1480,1375.0,0.3519952352590828,-105.0,-0.0709459459459459,0
530.0,463.0,67.0,2000,2116.0,0.1264150943396226,116.0,0.058,0
1588.0,862.0,726.0,1462,1470.0,0.4571788413098236,8.0,0.0054719562243502,0
1042.0,959.0,83.0,2291,2328.0,0.0796545105566218,37.0,0.0161501527717154,0
2436.0,1557.0,879.0,1794,1818.0,0.3608374384236453,24.0,0.0133779264214046,0
2685.0,489.0,2196.0,1321,1368.0,0.8178770949720671,47.0,0.0355791067373202,1
2542.0,751.0,1791.0,1546,1478.0,0.7045633359559402,-68.0,-0.0439844760672703,1
1513.0,1187.0,326.0,1870,1920.0,0.2154659616655651,50.0,0.0267379679144385,0
1633.0,1287.0,346.0,2034,2098.0,0.2118799755052051,64.0,0.031465093411996,0
1703.0,1445.0,258.0,2294,2338.0,0.1514973576042278,44.0,0.019180470793374,1
2775.0,2066.0,709.0,2805,2850.0,0.2554954954954955,45.0,0.0160427807486631,0
1075.0,724.0,351.0,1769,1761.0,0.3265116279069767,-8.0,-0.0045223289994347,0
1577.0,280.0,1297.0,1028,1044.0,0.8224476854787571,16.0,0.0155642023346303,1
1705.0,1118.0,587.0,1314,1358.0,0.3442815249266862,44.0,0.0334855403348554,0
1326.0,1142.0,184.0,2267,2289.0,0.138763197586727,22.0,0.0097044552271724,0
1835.0,1485.0,350.0,2418,2373.0,0.1907356948228883,-45.0,-0.0186104218362282,0
1673.0,890.0,783.0,1276,1394.0,0.4680215182307232,118.0,0.0924764890282131,0
1132.0,574.0,558.0,1242,1299.0,0.4929328621908127,57.0,0.0458937198067632,0
2756.0,2031.0,725.0,919,1075.0,0.2630624092888244,156.0,0.1697497279651795,1
1308.0,38.0,1270.0,1044,1077.0,0.970948012232416,33.0,0.0316091954022988,0
2414.0,1350.0,1064.0,1526,1619.0,0.4407622203811102,93.0,0.0609436435124508,0
2900.0,2191.0,709.0,1711,1740.0,0.2444827586206896,29.0,0.0169491525423728,0
2539.0,1050.0,1489.0,1605,1619.0,0.5864513588026782,14.0,0.0087227414330218,1
1902.0,1101.0,801.0,1875,1717.0,0.4211356466876971,-158.0,-0.0842666666666666,1
2239.0,1269.0,970.0,2385,2552.0,0.4332291201429209,167.0,0.070020964360587,0
1470.0,1399.0,71.0,3807,3778.0,0.0482993197278911,-29.0,-0.0076175466246388,0
2478.0,2348.0,130.0,2649,2782.0,0.0524616626311541,133.0,0.0502076255190638,1
2615.0,1837.0,778.0,1770,1963.0,0.2975143403441682,193.0,0.1090395480225988,0
2846.0,840.0,2006.0,1512,1434.0,0.7048489107519326,-78.0,-0.0515873015873015,1
1852.0,151.0,1701.0,1290,1294.0,0.9184665226781856,4.0,0.0031007751937984,1
1706.0,1541.0,165.0,3661,3335.0,0.096717467760844,-326.0,-0.0890467085495766,0
949.0,791.0,158.0,2830,2713.0,0.1664910432033719,-117.0,-0.0413427561837455,0
2563.0,1899.0,664.0,2754,2662.0,0.259071400702302,-92.0,-0.0334059549745824,0
1324.0,1247.0,77.0,4001,3798.0,0.0581570996978852,-203.0,-0.0507373156710822,0
2305.0,2071.0,234.0,3202,3039.0,0.1015184381778741,-163.0,-0.0509056839475327,0
1295.0,1210.0,85.0,3391,3141.0,0.0656370656370656,-250.0,-0.0737245650250663,1
1163.0,913.0,250.0,2060,1814.0,0.2149613069647463,-246.0,-0.1194174757281553,0
1173.0,717.0,456.0,1469,1424.0,0.3887468030690537,-45.0,-0.0306330837304288,0
1162.0,456.0,706.0,1123,1131.0,0.6075731497418244,8.0,0.0071237756010685,1
1455.0,1185.0,270.0,916,790.0,0.1855670103092783,-126.0,-0.1375545851528384,1
1042.0,492.0,550.0,939,981.0,0.527831094049904,42.0,0.0447284345047923,1
1531.0,832.0,699.0,1440,1379.0,0.4565643370346179,-61.0,-0.0423611111111111,0
1263.0,817.0,446.0,1673,1613.0,0.3531274742676167,-60.0,-0.035863717872086,0
2306.0,1174.0,1132.0,1604,1623.0,0.4908933217692975,19.0,0.0118453865336658,0
1940.0,1474.0,466.0,2200,2063.0,0.2402061855670103,-137.0,-0.0622727272727272,0
1453.0,290.0,1163.0,1131,1104.0,0.8004129387474191,-27.0,-0.0238726790450928,1
3072.0,2264.0,808.0,1200,1179.0,0.2630208333333333,-21.0,-0.0175,1
2202.0,1750.0,452.0,1954,2153.0,0.2052679382379655,199.0,0.1018423746161719,0
2404.0,1825.0,579.0,1912,1955.0,0.2408485856905158,43.0,0.0224895397489539,0
1197.0,887.0,310.0,1560,1346.0,0.2589807852965747,-214.0,-0.1371794871794872,1
1408.0,383.0,1025.0,1286,1299.0,0.7279829545454546,13.0,0.010108864696734,1
881.0,385.0,496.0,1323,1416.0,0.5629965947786606,93.0,0.0702947845804988,1
751.0,46.0,705.0,1228,1242.0,0.9387483355525964,14.0,0.011400651465798,1
2006.0,530.0,1476.0,1073,1093.0,0.7357926221335992,20.0,0.0186393289841565,0
736.0,312.0,424.0,1114,974.0,0.5760869565217391,-140.0,-0.1256732495511669,0
2390.0,1038.0,1352.0,1230,1082.0,0.5656903765690376,-148.0,-0.1203252032520325,0
1215.0,1021.0,194.0,2232,2235.0,0.1596707818930041,3.0,0.0013440860215053,0
1273.0,783.0,490.0,1473,1563.0,0.384917517674784,90.0,0.0610997963340122,0
2397.0,1339.0,1058.0,1145,1229.0,0.4413850646641635,84.0,0.0733624454148471,0
2240.0,1474.0,766.0,1672,1612.0,0.3419642857142857,-60.0,-0.0358851674641148,0
1773.0,1267.0,506.0,1338,1429.0,0.2853919909757473,91.0,0.0680119581464872,0
1223.0,806.0,417.0,2293,2270.0,0.3409648405560098,-23.0,-0.0100305276929786,0
1825.0,1345.0,480.0,2407,2339.0,0.2630136986301369,-68.0,-0.028250934773577,0
1988.0,1789.0,199.0,3833,3791.0,0.1001006036217303,-42.0,-0.0109574745630054,0
1563.0,1429.0,134.0,4001,3829.0,0.0857325655790147,-172.0,-0.0429892526868282,0
3383.0,2948.0,435.0,3588,3857.0,0.128584096955365,269.0,0.0749721293199554,0
1636.0,427.0,1209.0,1891,1621.0,0.738997555012225,-270.0,-0.1427815970386039,1
1282.0,1222.0,60.0,4001,4001.0,0.046801872074883,0.0,0.0,0
1814.0,1783.0,31.0,4001,4001.0,0.0170893054024255,0.0,0.0,0
1716.0,1564.0,152.0,2574,2637.0,0.0885780885780885,63.0,0.0244755244755244,0
1835.0,1371.0,464.0,1781,1712.0,0.2528610354223433,-69.0,-0.038742279618192,0
881.0,739.0,142.0,1664,1995.0,0.1611804767309875,331.0,0.1989182692307692,0
1456.0,1299.0,157.0,2889,3148.0,0.1078296703296703,259.0,0.089650398061613,0
1575.0,1295.0,280.0,2016,2015.0,0.1777777777777777,-1.0,-0.0004960317460317,0
1586.0,1512.0,74.0,1975,2262.0,0.0466582597730138,287.0,0.1453164556962025,0
2230.0,563.0,1667.0,1443,1450.0,0.7475336322869955,7.0,0.0048510048510048,1
1215.0,764.0,451.0,1239,1317.0,0.37119341563786,78.0,0.0629539951573849,0
839.0,353.0,486.0,1212,1263.0,0.5792610250297974,51.0,0.042079207920792,0
3188.0,2256.0,932.0,1825,1821.0,0.2923462986198243,-4.0,-0.0021917808219178,0
850.0,604.0,246.0,3930,4001.0,0.2894117647058823,71.0,0.0180661577608142,0
2186.0,2026.0,160.0,2667,2808.0,0.0731930466605672,141.0,0.0528683914510686,0
1763.0,1085.0,678.0,2073,2124.0,0.3845717526942711,51.0,0.024602026049204,0
1479.0,1046.0,433.0,1603,1356.0,0.2927653820148749,-247.0,-0.1540860885839051,0
1428.0,1034.0,394.0,1231,1312.0,0.2759103641456583,81.0,0.0658001624695369,1
1286.0,408.0,878.0,1044,1128.0,0.6827371695178849,84.0,0.0804597701149425,0
1278.0,956.0,322.0,1633,1645.0,0.2519561815336463,12.0,0.0073484384568279,0
1055.0,484.0,571.0,1390,1427.0,0.5412322274881517,37.0,0.0266187050359712,0
2492.0,2044.0,448.0,1844,1877.0,0.1797752808988764,33.0,0.0178958785249457,1
2808.0,2493.0,315.0,2185,2156.0,0.1121794871794871,-29.0,-0.0132723112128146,0
1702.0,1342.0,360.0,1750,1863.0,0.2115158636897767,113.0,0.0645714285714285,0
1393.0,1255.0,138.0,2881,2845.0,0.0990667623833453,-36.0,-0.01249566122874,0
2388.0,2090.0,298.0,3696,3591.0,0.1247906197654941,-105.0,-0.0284090909090909,0
1733.0,1605.0,128.0,1037,1071.0,0.0738603577611079,34.0,0.0327868852459016,0
2679.0,2378.0,301.0,895,959.0,0.1123553564762971,64.0,0.0715083798882681,0
1320.0,1260.0,60.0,1198,1221.0,0.0454545454545454,23.0,0.0191986644407345,0
1425.0,1272.0,153.0,2069,1931.0,0.1073684210526315,-138.0,-0.0666988883518608,1
3415.0,2645.0,770.0,2664,2608.0,0.2254758418740849,-56.0,-0.021021021021021,0
2054.0,1806.0,248.0,2664,2403.0,0.1207400194741966,-261.0,-0.0979729729729729,0
2523.0,487.0,2036.0,1134,1147.0,0.8069758224336108,13.0,0.0114638447971781,0
1126.0,913.0,213.0,2023,1847.0,0.1891651865008881,-176.0,-0.0869995056846267,0
1005.0,968.0,37.0,2354,2856.0,0.0368159203980099,502.0,0.2132540356839422,0
1433.0,1261.0,172.0,2096,1971.0,0.1200279134682484,-125.0,-0.0596374045801526,1
3276.0,1746.0,1530.0,1987,1942.0,0.467032967032967,-45.0,-0.0226472068444891,1
792.0,720.0,72.0,2841,2883.0,0.0909090909090909,42.0,0.0147835269271383,0
2201.0,1702.0,499.0,1882,1835.0,0.226715129486597,-47.0,-0.0249734325185972,1
1395.0,1306.0,89.0,3305,3425.0,0.0637992831541218,120.0,0.0363086232980332,0
2405.0,1231.0,1174.0,1659,1550.0,0.4881496881496882,-109.0,-0.0657022302591922,1
1418.0,1143.0,275.0,2641,2711.0,0.193935119887165,70.0,0.0265051117001135,0
1930.0,1436.0,494.0,2486,2411.0,0.2559585492227979,-75.0,-0.0301689460981496,0
2139.0,1677.0,462.0,2552,2707.0,0.2159887798036465,155.0,0.0607366771159874,0
3302.0,2509.0,793.0,2490,2477.0,0.2401574803149606,-13.0,-0.0052208835341365,0
2642.0,2293.0,349.0,3486,3600.0,0.1320968962906888,114.0,0.0327022375215146,0
1557.0,1386.0,171.0,3240,3431.0,0.1098265895953757,191.0,0.0589506172839506,0
2801.0,2478.0,323.0,2609,2569.0,0.1153159585862192,-40.0,-0.0153315446531238,1
2063.0,1665.0,398.0,2687,2396.0,0.1929229277750848,-291.0,-0.1082992184592482,0
1457.0,1261.0,196.0,2263,2116.0,0.1345229924502402,-147.0,-0.0649580203269995,0
1416.0,697.0,719.0,1113,1219.0,0.507768361581921,106.0,0.0952380952380952,1
1634.0,816.0,818.0,1311,1384.0,0.5006119951040392,73.0,0.0556826849733028,0
1518.0,925.0,593.0,1444,1441.0,0.3906455862977602,-3.0,-0.0020775623268698,0
2381.0,732.0,1649.0,969,1005.0,0.6925661486770265,36.0,0.0371517027863777,0
1147.0,566.0,581.0,1104,1093.0,0.5065387968613775,-11.0,-0.009963768115942,1
2097.0,938.0,1159.0,974,959.0,0.5526943252265141,-15.0,-0.015400410677618,0
520.0,510.0,10.0,1707,2260.0,0.0192307692307692,553.0,0.3239601640304628,0
1127.0,539.0,588.0,1546,1470.0,0.5217391304347826,-76.0,-0.0491591203104786,1
1097.0,974.0,123.0,2265,2375.0,0.1121239744758432,110.0,0.0485651214128035,1
1071.0,962.0,109.0,2048,2134.0,0.1017740429505135,86.0,0.0419921875,1
1733.0,901.0,832.0,1371,1436.0,0.4800923254472014,65.0,0.0474106491611962,0
1724.0,677.0,1047.0,1199,1046.0,0.607308584686775,-153.0,-0.1276063386155129,1
1823.0,805.0,1018.0,1085,1191.0,0.5584201865057598,106.0,0.0976958525345622,0
2419.0,978.0,1441.0,1111,1180.0,0.5957007027697395,69.0,0.0621062106210621,0
2013.0,1151.0,862.0,1297,1301.0,0.4282165921510183,4.0,0.0030840400925212,1
1611.0,1435.0,176.0,2144,2198.0,0.1092489137181874,54.0,0.0251865671641791,0
2706.0,1292.0,1414.0,1193,1261.0,0.5225424981522543,68.0,0.0569991617770326,0
2153.0,1910.0,243.0,2050,2179.0,0.1128657686948444,129.0,0.0629268292682926,0
1718.0,1022.0,696.0,1245,1290.0,0.4051222351571595,45.0,0.036144578313253,0
1688.0,1050.0,638.0,1718,1817.0,0.3779620853080568,99.0,0.0576251455180442,0
1096.0,914.0,182.0,1886,1909.0,0.1660583941605839,23.0,0.0121951219512195,0
1807.0,1367.0,440.0,1262,1276.0,0.24349750968456,14.0,0.011093502377179,1
2323.0,978.0,1345.0,1631,1553.0,0.5789926818768834,-78.0,-0.0478234212139791,1
1095.0,983.0,112.0,2023,2054.0,0.102283105022831,31.0,0.0153237765694513,1
793.0,648.0,145.0,1929,2026.0,0.1828499369482976,97.0,0.0502851218247796,0
1617.0,887.0,730.0,1267,1241.0,0.4514533085961657,-26.0,-0.0205209155485398,0
1440.0,720.0,720.0,1257,1181.0,0.5,-76.0,-0.0604614160700079,1
651.0,595.0,56.0,2468,2494.0,0.086021505376344,26.0,0.0105348460291734,1
2438.0,2130.0,308.0,3318,3230.0,0.1263330598851517,-88.0,-0.0265220012055455,0
1209.0,1179.0,30.0,3296,3332.0,0.0248138957816377,36.0,0.0109223300970873,0
1662.0,958.0,704.0,1674,1669.0,0.4235860409145607,-5.0,-0.0029868578255675,0
2425.0,1536.0,889.0,1622,1739.0,0.3665979381443299,117.0,0.0721331689272503,0
3164.0,1839.0,1325.0,1434,1439.0,0.4187737041719342,5.0,0.003486750348675,0
2723.0,1686.0,1037.0,1470,1446.0,0.3808299669482188,-24.0,-0.0163265306122449,1
860.0,617.0,243.0,2030,1802.0,0.2825581395348837,-228.0,-0.1123152709359606,0
1917.0,716.0,1201.0,963,943.0,0.6264997391757955,-20.0,-0.0207684319833852,1
1282.0,967.0,315.0,1795,1851.0,0.2457098283931357,56.0,0.0311977715877437,0
1662.0,1291.0,371.0,1973,1983.0,0.2232250300842358,10.0,0.005068423720223,0
1365.0,1052.0,313.0,2196,2183.0,0.2293040293040293,-13.0,-0.00591985428051,0
2189.0,1721.0,468.0,1854,2079.0,0.213796253997259,225.0,0.1213592233009708,0
1971.0,1444.0,527.0,1690,1719.0,0.267376966007103,29.0,0.0171597633136094,0
2024.0,1378.0,646.0,1678,1939.0,0.3191699604743083,261.0,0.1555423122765196,0
1971.0,1504.0,467.0,2154,2272.0,0.2369355657026889,118.0,0.0547818012999071,1
2342.0,1387.0,955.0,1525,1727.0,0.4077711357813834,202.0,0.1324590163934426,1
2817.0,2371.0,446.0,2455,2494.0,0.1583244586439474,39.0,0.0158859470468431,0
1901.0,1052.0,849.0,1096,1221.0,0.4466070489216202,125.0,0.1140510948905109,0
1758.0,1147.0,611.0,1774,1540.0,0.3475540386803185,-234.0,-0.1319052987598647,0
2005.0,1009.0,996.0,966,1065.0,0.4967581047381546,99.0,0.1024844720496894,1
2362.0,1604.0,758.0,1524,1390.0,0.3209144792548687,-134.0,-0.0879265091863517,0
906.0,758.0,148.0,1784,1991.0,0.1633554083885209,207.0,0.1160313901345291,1
1083.0,884.0,199.0,1691,1698.0,0.1837488457987073,7.0,0.0041395623891188,0
1359.0,646.0,713.0,1273,1335.0,0.5246504782928624,62.0,0.0487038491751767,0
1621.0,1276.0,345.0,1367,1347.0,0.2128315854410857,-20.0,-0.0146305779078273,1
1682.0,792.0,890.0,1311,1190.0,0.5291319857312723,-121.0,-0.0922959572845156,1
2630.0,1642.0,988.0,1371,1531.0,0.3756653992395437,160.0,0.1167031363967906,0
1301.0,1128.0,173.0,2373,2363.0,0.1329746348962336,-10.0,-0.0042140750105351,1
1262.0,1176.0,86.0,2617,2582.0,0.0681458003169572,-35.0,-0.0133740924722965,0
2003.0,1871.0,132.0,2939,3002.0,0.0659011482775836,63.0,0.0214358625382783,0
1237.0,1085.0,152.0,2412,2458.0,0.1228779304769603,46.0,0.0190713101160862,0
423.0,56.0,367.0,747,833.0,0.8676122931442081,86.0,0.1151271753681392,1
3086.0,1557.0,1529.0,1379,1463.0,0.4954633830200907,84.0,0.0609137055837563,0
2206.0,1518.0,688.0,1802,1868.0,0.3118766999093382,66.0,0.0366259711431742,0
2157.0,1544.0,613.0,1854,1637.0,0.2841910060268892,-217.0,-0.1170442286947141,0
1184.0,1065.0,119.0,2195,1950.0,0.1005067567567567,-245.0,-0.1116173120728929,0
1982.0,1285.0,697.0,1857,1743.0,0.3516649848637739,-114.0,-0.061389337641357,0
926.0,652.0,274.0,945,858.0,0.2958963282937365,-87.0,-0.092063492063492,0
1493.0,1211.0,282.0,1156,1205.0,0.188881446751507,49.0,0.0423875432525951,0
368.0,274.0,94.0,1205,1309.0,0.2554347826086957,104.0,0.0863070539419087,0
993.0,650.0,343.0,835,889.0,0.3454179254783484,54.0,0.0646706586826347,0
519.0,438.0,81.0,805,798.0,0.1560693641618497,-7.0,-0.008695652173913,0
1039.0,826.0,213.0,1399,1168.0,0.205004812319538,-231.0,-0.1651179413867048,1
1746.0,932.0,814.0,836,883.0,0.4662084765177549,47.0,0.0562200956937799,1
933.0,306.0,627.0,883,911.0,0.6720257234726688,28.0,0.0317100792751981,0
2080.0,1291.0,789.0,1111,1111.0,0.379326923076923,0.0,0.0,0
2251.0,1512.0,739.0,1407,1457.0,0.3282985339848956,50.0,0.0355366027007818,0
1429.0,1169.0,260.0,1335,1332.0,0.1819454163750875,-3.0,-0.0022471910112359,0
1016.0,280.0,736.0,808,831.0,0.7244094488188977,23.0,0.0284653465346534,0
1636.0,1137.0,499.0,1588,1459.0,0.3050122249388753,-129.0,-0.0812342569269521,0
2719.0,2262.0,457.0,1454,1519.0,0.168076498712762,65.0,0.0447042640990371,0
4257.0,2947.0,1310.0,1850,1672.0,0.307728447263331,-178.0,-0.0962162162162162,0
1625.0,750.0,875.0,1034,933.0,0.5384615384615384,-101.0,-0.097678916827853,0
1666.0,683.0,983.0,862,870.0,0.5900360144057623,8.0,0.0092807424593967,1
2123.0,1441.0,682.0,934,852.0,0.3212435233160621,-82.0,-0.0877944325481798,1
1977.0,1304.0,673.0,1388,1321.0,0.3404147698533131,-67.0,-0.0482708933717579,0
1628.0,1061.0,567.0,1198,1026.0,0.3482800982800982,-172.0,-0.1435726210350584,1
1360.0,840.0,520.0,1124,1076.0,0.3823529411764705,-48.0,-0.0427046263345195,0
2334.0,887.0,1447.0,993,964.0,0.6199657240788347,-29.0,-0.0292044310171198,0
1571.0,662.0,909.0,1048,1014.0,0.5786123488224061,-34.0,-0.032442748091603,0
1883.0,931.0,952.0,1005,1119.0,0.5055762081784386,114.0,0.1134328358208955,0
1567.0,691.0,876.0,894,877.0,0.559029993618379,-17.0,-0.0190156599552572,0
1280.0,978.0,302.0,1104,1080.0,0.2359375,-24.0,-0.0217391304347826,1
1225.0,663.0,562.0,909,904.0,0.4587755102040816,-5.0,-0.0055005500550055,1
727.0,465.0,262.0,1094,1124.0,0.3603851444291609,30.0,0.0274223034734917,0
785.0,465.0,320.0,1112,1251.0,0.4076433121019108,139.0,0.125,0
1634.0,1332.0,302.0,1448,1381.0,0.1848225214198286,-67.0,-0.0462707182320442,0
2487.0,1886.0,601.0,1907,1879.0,0.2416566143948532,-28.0,-0.0146827477713686,0
1446.0,766.0,680.0,957,932.0,0.4702627939142462,-25.0,-0.0261233019853709,0
2218.0,1469.0,749.0,1359,1330.0,0.3376916140667267,-29.0,-0.0213392200147167,0
1281.0,574.0,707.0,980,918.0,0.5519125683060109,-62.0,-0.0632653061224489,0
1466.0,463.0,1003.0,1095,1033.0,0.6841746248294679,-62.0,-0.05662100456621,0
1190.0,648.0,542.0,1045,1084.0,0.4554621848739495,39.0,0.0373205741626794,0
1356.0,355.0,1001.0,808,840.0,0.7382005899705014,32.0,0.0396039603960396,0
1720.0,1212.0,508.0,1300,1295.0,0.2953488372093023,-5.0,-0.0038461538461538,0
1899.0,1442.0,457.0,1064,955.0,0.2406529752501316,-109.0,-0.1024436090225563,0
1687.0,241.0,1446.0,829,834.0,0.8571428571428571,5.0,0.0060313630880579,0
3129.0,2645.0,484.0,2077,2037.0,0.1546820070310003,-40.0,-0.0192585459797785,0
2080.0,1386.0,694.0,1342,1284.0,0.3336538461538461,-58.0,-0.0432190760059612,0
2049.0,1436.0,613.0,1588,1460.0,0.299170326988775,-128.0,-0.0806045340050377,0
1845.0,885.0,960.0,1239,1251.0,0.5203252032520326,12.0,0.009685230024213,0
4997.0,3812.0,1185.0,1971,2009.0,0.2371422853712227,38.0,0.0192795535261288,0
1367.0,765.0,602.0,864,877.0,0.4403803950256035,13.0,0.0150462962962962,0
1161.0,532.0,629.0,980,871.0,0.5417743324720069,-109.0,-0.1112244897959183,0
564.0,252.0,312.0,635,736.0,0.5531914893617021,101.0,0.1590551181102362,0
1341.0,802.0,539.0,1077,1178.0,0.4019388516032811,101.0,0.0937790157845868,0
1472.0,569.0,903.0,932,856.0,0.6134510869565217,-76.0,-0.0815450643776824,0
2151.0,1504.0,647.0,1264,1243.0,0.300790330079033,-21.0,-0.0166139240506329,1
1537.0,422.0,1115.0,937,954.0,0.7254391672088484,17.0,0.0181430096051227,0
1740.0,875.0,865.0,1070,1072.0,0.4971264367816091,2.0,0.0018691588785046,0
2511.0,1354.0,1157.0,1012,1042.0,0.4607726005575468,30.0,0.0296442687747035,0
2669.0,1747.0,922.0,1336,1459.0,0.3454477332334207,123.0,0.092065868263473,0
737.0,272.0,465.0,703,738.0,0.6309362279511533,35.0,0.0497866287339971,1
837.0,108.0,729.0,660,655.0,0.8709677419354839,-5.0,-0.0075757575757575,0
2079.0,1293.0,786.0,1166,1046.0,0.378066378066378,-120.0,-0.1029159519725557,0
971.0,722.0,249.0,967,949.0,0.2564366632337796,-18.0,-0.0186142709410548,0
2013.0,1053.0,960.0,1007,984.0,0.4769001490312965,-23.0,-0.0228401191658391,1
1558.0,1111.0,447.0,1019,1111.0,0.2869062901155327,92.0,0.0902845927379784,0
1714.0,780.0,934.0,873,934.0,0.544924154025671,61.0,0.0698739977090492,0
905.0,605.0,300.0,1350,1254.0,0.3314917127071823,-96.0,-0.0711111111111111,0
2374.0,1629.0,745.0,1069,982.0,0.3138163437236731,-87.0,-0.0813844714686623,0
1257.0,964.0,293.0,1005,1051.0,0.2330946698488464,46.0,0.0457711442786069,1
2622.0,2019.0,603.0,1557,1540.0,0.2299771167048055,-17.0,-0.0109184328837508,0
1083.0,621.0,462.0,1218,1219.0,0.4265927977839335,1.0,0.0008210180623973,0
1149.0,793.0,356.0,1466,1606.0,0.309834638816362,140.0,0.0954979536152796,0
836.0,504.0,332.0,1390,1311.0,0.3971291866028708,-79.0,-0.0568345323741007,0
1267.0,680.0,587.0,913,906.0,0.4632991318074191,-7.0,-0.0076670317634173,0
1200.0,548.0,652.0,921,884.0,0.5433333333333333,-37.0,-0.0401737242128121,1
1264.0,906.0,358.0,1624,1567.0,0.2832278481012658,-57.0,-0.0350985221674876,0
3283.0,2611.0,672.0,2033,1868.0,0.2046908315565032,-165.0,-0.0811608460403344,0
2760.0,1283.0,1477.0,990,1053.0,0.5351449275362319,63.0,0.0636363636363636,0
2008.0,1039.0,969.0,887,941.0,0.4825697211155378,54.0,0.060879368658399,0
843.0,258.0,585.0,1165,1123.0,0.693950177935943,-42.0,-0.0360515021459227,1
1268.0,738.0,530.0,888,1013.0,0.417981072555205,125.0,0.1407657657657657,0
2308.0,1655.0,653.0,1142,1086.0,0.2829289428076256,-56.0,-0.0490367775831873,0
2472.0,1125.0,1347.0,946,908.0,0.5449029126213593,-38.0,-0.040169133192389,0
901.0,312.0,589.0,840,963.0,0.6537180910099889,123.0,0.1464285714285714,0
3075.0,1733.0,1342.0,1208,1218.0,0.4364227642276422,10.0,0.0082781456953642,0
650.0,262.0,388.0,902,929.0,0.5969230769230769,27.0,0.0299334811529933,0
1744.0,844.0,900.0,1194,1147.0,0.5160550458715596,-47.0,-0.0393634840871021,0
2967.0,2072.0,895.0,1836,1870.0,0.3016514998314796,34.0,0.0185185185185185,0
1804.0,963.0,841.0,1094,950.0,0.4661862527716186,-144.0,-0.1316270566727605,1
1457.0,1120.0,337.0,1516,1493.0,0.2312971859986273,-23.0,-0.0151715039577836,0
1960.0,1179.0,781.0,1193,1200.0,0.398469387755102,7.0,0.0058675607711651,1
1256.0,1114.0,142.0,1331,1022.0,0.1130573248407643,-309.0,-0.2321562734785875,1
2029.0,1391.0,638.0,1101,1034.0,0.3144406111384918,-67.0,-0.0608537693006357,0
1897.0,1022.0,875.0,985,970.0,0.4612546125461255,-15.0,-0.015228426395939,1
1033.0,291.0,742.0,769,748.0,0.718296224588577,-21.0,-0.0273081924577373,1
2565.0,2012.0,553.0,1957,1941.0,0.2155945419103314,-16.0,-0.0081757792539601,0
3148.0,2093.0,1055.0,1179,1121.0,0.335133418043202,-58.0,-0.0491942324003392,0
1324.0,647.0,677.0,1026,1019.0,0.5113293051359517,-7.0,-0.0068226120857699,0
2231.0,1255.0,976.0,1182,1214.0,0.4374719856566562,32.0,0.027072758037225,0
1875.0,1448.0,427.0,1379,1532.0,0.2277333333333333,153.0,0.1109499637418419,1
1396.0,1086.0,310.0,1758,1739.0,0.2220630372492836,-19.0,-0.0108077360637087,0
1549.0,790.0,759.0,1213,1113.0,0.4899935442220787,-100.0,-0.0824402308326463,1
1349.0,933.0,416.0,968,1084.0,0.3083765752409192,116.0,0.1198347107438016,0
1440.0,1143.0,297.0,1342,1477.0,0.20625,135.0,0.1005961251862891,0
1610.0,828.0,782.0,1435,1298.0,0.4857142857142857,-137.0,-0.0954703832752613,0
1764.0,965.0,799.0,1256,1265.0,0.4529478458049886,9.0,0.0071656050955414,0
1045.0,904.0,141.0,1118,1066.0,0.1349282296650717,-52.0,-0.0465116279069767,0
1850.0,1051.0,799.0,1270,1254.0,0.4318918918918918,-16.0,-0.0125984251968503,0
1981.0,1633.0,348.0,2004,1860.0,0.1756688541140837,-144.0,-0.0718562874251497,0
1871.0,1248.0,623.0,1761,1922.0,0.3329770176376269,161.0,0.0914253265190232,0
2923.0,1632.0,1291.0,1426,1443.0,0.4416695176188847,17.0,0.0119214586255259,1
1616.0,1020.0,596.0,1522,1622.0,0.3688118811881188,100.0,0.0657030223390276,0
3248.0,2515.0,733.0,2084,2188.0,0.2256773399014778,104.0,0.0499040307101727,0
1088.0,715.0,373.0,1870,1825.0,0.3428308823529412,-45.0,-0.0240641711229946,1
2633.0,1591.0,1042.0,1602,1664.0,0.3957462969996202,62.0,0.0387016229712858,0
1693.0,1291.0,402.0,2200,2179.0,0.2374483165977554,-21.0,-0.0095454545454545,0
1439.0,871.0,568.0,1518,1432.0,0.394718554551772,-86.0,-0.0566534914361001,1
1583.0,777.0,806.0,1202,1104.0,0.509159823120657,-98.0,-0.08153078202995,1
1720.0,686.0,1034.0,1138,1167.0,0.6011627906976744,29.0,0.0254833040421792,0
2428.0,1979.0,449.0,1683,1667.0,0.1849258649093904,-16.0,-0.0095068330362448,1
2030.0,1160.0,870.0,1562,1730.0,0.4285714285714285,168.0,0.1075544174135723,0
1583.0,1168.0,415.0,1405,1334.0,0.2621604548325963,-71.0,-0.0505338078291814,1
1850.0,1007.0,843.0,1210,1170.0,0.4556756756756757,-40.0,-0.0330578512396694,1
2263.0,1534.0,729.0,2006,1931.0,0.3221387538665488,-75.0,-0.0373878364905284,0
1365.0,1048.0,317.0,1851,1718.0,0.2322344322344322,-133.0,-0.0718530524041058,0
1578.0,912.0,666.0,1411,1283.0,0.4220532319391635,-128.0,-0.0907158043940467,0
1544.0,974.0,570.0,1372,1398.0,0.3691709844559585,26.0,0.0189504373177842,1
1509.0,1061.0,448.0,1780,1750.0,0.2968853545394301,-30.0,-0.0168539325842696,0
1003.0,577.0,426.0,1048,1142.0,0.4247258225324028,94.0,0.0896946564885496,1
1937.0,1381.0,556.0,1289,1463.0,0.2870418172431595,174.0,0.1349883630721489,1
4122.0,3102.0,1020.0,2417,2620.0,0.24745269286754,203.0,0.0839884153909805,0
3126.0,2724.0,402.0,2407,2360.0,0.128598848368522,-47.0,-0.0195263813876194,0
1393.0,566.0,827.0,1371,1282.0,0.5936826992103375,-89.0,-0.0649161196207148,0
1522.0,1064.0,458.0,1575,1479.0,0.3009198423127464,-96.0,-0.0609523809523809,0
1835.0,1499.0,336.0,1267,1280.0,0.1831062670299727,13.0,0.0102604577742699,0
1624.0,1315.0,309.0,1635,1858.0,0.1902709359605911,223.0,0.1363914373088685,0
1500.0,705.0,795.0,1233,1375.0,0.53,142.0,0.1151662611516626,1
2183.0,1822.0,361.0,1205,1250.0,0.1653687585890975,45.0,0.0373443983402489,1
2166.0,1069.0,1097.0,1431,1458.0,0.5064635272391506,27.0,0.0188679245283018,0
1360.0,998.0,362.0,1841,1471.0,0.2661764705882353,-370.0,-0.2009777294948397,1
2129.0,1176.0,953.0,1630,1476.0,0.4476279943635509,-154.0,-0.0944785276073619,1
1940.0,877.0,1063.0,1632,1663.0,0.547938144329897,31.0,0.0189950980392156,0
1897.0,963.0,934.0,1243,1295.0,0.4923563521349499,52.0,0.0418342719227675,0
2752.0,1698.0,1054.0,1196,1255.0,0.3829941860465116,59.0,0.0493311036789297,0
2122.0,1099.0,1023.0,1428,1382.0,0.4820923656927427,-46.0,-0.0322128851540616,1
1808.0,1277.0,531.0,1949,1938.0,0.2936946902654867,-11.0,-0.0056439199589533,0
1491.0,1101.0,390.0,1072,1144.0,0.2615694164989939,72.0,0.0671641791044776,1
2340.0,1499.0,841.0,1641,1482.0,0.3594017094017094,-159.0,-0.0968921389396709,0
1895.0,1077.0,818.0,1531,1580.0,0.4316622691292876,49.0,0.0320052253429131,0
1458.0,1314.0,144.0,2273,2331.0,0.0987654320987654,58.0,0.0255169379674439,0
3428.0,1402.0,2026.0,1054,1074.0,0.5910151691948659,20.0,0.0189753320683111,0
2884.0,1233.0,1651.0,1200,1236.0,0.5724687933425797,36.0,0.03,0
2011.0,1254.0,757.0,1394,1392.0,0.3764296369965191,-2.0,-0.0014347202295552,0
1993.0,1097.0,896.0,1514,1526.0,0.4495735072754641,12.0,0.0079260237780713,0
1575.0,871.0,704.0,1449,1413.0,0.446984126984127,-36.0,-0.0248447204968944,0
2718.0,1518.0,1200.0,1439,1448.0,0.4415011037527593,9.0,0.0062543432939541,1
1564.0,609.0,955.0,1237,1230.0,0.610613810741688,-7.0,-0.0056588520614389,1
2263.0,731.0,1532.0,1025,1061.0,0.6769774635439681,36.0,0.0351219512195122,0
2740.0,1849.0,891.0,1399,1446.0,0.3251824817518248,47.0,0.0335954253037884,0
1603.0,1082.0,521.0,1386,1429.0,0.3250155957579538,43.0,0.031024531024531,0
1655.0,688.0,967.0,1238,1270.0,0.5842900302114804,32.0,0.0258481421647819,0
1876.0,1514.0,362.0,2632,2833.0,0.1929637526652452,201.0,0.0763677811550151,0
1865.0,1455.0,410.0,1628,1602.0,0.2198391420911528,-26.0,-0.0159705159705159,0
1400.0,1123.0,277.0,2143,1971.0,0.1978571428571428,-172.0,-0.0802613159122725,1
1311.0,941.0,370.0,1746,1696.0,0.2822273073989321,-50.0,-0.0286368843069874,1
1684.0,1106.0,578.0,1951,1916.0,0.343230403800475,-35.0,-0.017939518195797,1
1616.0,1183.0,433.0,797,1236.0,0.2679455445544554,439.0,0.5508155583437893,0
1811.0,1516.0,295.0,1315,1411.0,0.1628934290447266,96.0,0.0730038022813688,0
1468.0,959.0,509.0,1351,1426.0,0.3467302452316076,75.0,0.0555144337527757,1
1768.0,1238.0,530.0,1895,1889.0,0.2997737556561086,-6.0,-0.0031662269129287,0
1442.0,622.0,820.0,1236,1335.0,0.5686546463245492,99.0,0.0800970873786407,0
1124.0,481.0,643.0,1142,1154.0,0.5720640569395018,12.0,0.010507880910683,1
1078.0,891.0,187.0,1926,2099.0,0.173469387755102,173.0,0.0898234683281412,0
1236.0,813.0,423.0,1895,1825.0,0.3422330097087379,-70.0,-0.0369393139841688,0
1423.0,1170.0,253.0,2098,2079.0,0.1777933942375263,-19.0,-0.0090562440419447,0
1512.0,1136.0,376.0,1672,1640.0,0.2486772486772486,-32.0,-0.0191387559808612,0
1290.0,586.0,704.0,974,1129.0,0.5457364341085271,155.0,0.1591375770020534,0
2290.0,1605.0,685.0,1635,1736.0,0.2991266375545851,101.0,0.0617737003058104,0
1457.0,969.0,488.0,1063,1265.0,0.3349347975291695,202.0,0.1900282220131702,0
589.0,477.0,112.0,1262,1255.0,0.1901528013582342,-7.0,-0.0055467511885895,1
971.0,702.0,269.0,1111,1195.0,0.2770339855818743,84.0,0.0756075607560756,0
1722.0,1043.0,679.0,1549,1486.0,0.3943089430894309,-63.0,-0.0406714009038089,1
1508.0,1322.0,186.0,1868,1855.0,0.123342175066313,-13.0,-0.0069593147751605,0
2053.0,842.0,1211.0,1508,1560.0,0.5898684851436922,52.0,0.0344827586206896,0
2309.0,651.0,1658.0,1215,1164.0,0.7180597661325249,-51.0,-0.0419753086419753,1
1739.0,1386.0,353.0,1933,1811.0,0.20299022426682,-122.0,-0.0631143300569063,0
1425.0,735.0,690.0,1499,1502.0,0.4842105263157895,3.0,0.0020013342228152,0
1326.0,499.0,827.0,1175,1265.0,0.6236802413273002,90.0,0.076595744680851,0
1674.0,459.0,1215.0,1113,1185.0,0.7258064516129032,72.0,0.0646900269541779,1
2888.0,1456.0,1432.0,1150,1159.0,0.4958448753462603,9.0,0.0078260869565217,1
1866.0,1037.0,829.0,1614,1671.0,0.4442658092175777,57.0,0.0353159851301115,1
1976.0,971.0,1005.0,1183,1214.0,0.5086032388663968,31.0,0.0262045646661031,1
1815.0,1444.0,371.0,1563,1572.0,0.2044077134986225,9.0,0.0057581573896353,0
1583.0,875.0,708.0,1289,1188.0,0.4472520530638029,-101.0,-0.0783553141970519,1
2449.0,1421.0,1028.0,1690,1663.0,0.4197631686402613,-27.0,-0.0159763313609467,0
1348.0,1158.0,190.0,1397,1566.0,0.1409495548961424,169.0,0.120973514674302,1
1653.0,689.0,964.0,1445,1492.0,0.5831820931639443,47.0,0.0325259515570934,1
1955.0,1276.0,679.0,1609,1614.0,0.3473145780051151,5.0,0.0031075201988812,0
1833.0,1254.0,579.0,1656,1695.0,0.3158756137479542,39.0,0.0235507246376811,0
2209.0,1732.0,477.0,1645,1658.0,0.2159348121321865,13.0,0.00790273556231,0
1050.0,716.0,334.0,1420,1525.0,0.3180952380952381,105.0,0.0739436619718309,1
912.0,138.0,774.0,928,990.0,0.8486842105263158,62.0,0.0668103448275862,1
2635.0,560.0,2075.0,981,1029.0,0.7874762808349146,48.0,0.0489296636085626,1
3311.0,1849.0,1462.0,1759,1668.0,0.4415584415584415,-91.0,-0.0517339397384877,0
2175.0,1250.0,925.0,1601,1637.0,0.425287356321839,36.0,0.0224859462835727,0
1713.0,943.0,770.0,1346,1453.0,0.449503794512551,107.0,0.0794947994056463,0
2357.0,1368.0,989.0,689,679.0,0.4196011879507849,-10.0,-0.0145137880986937,1
2944.0,1269.0,1675.0,827,824.0,0.568953804347826,-3.0,-0.0036275695284159,0
1418.0,923.0,495.0,759,830.0,0.349083215796897,71.0,0.0935441370223978,0
1505.0,906.0,599.0,807,744.0,0.3980066445182724,-63.0,-0.0780669144981412,1
1821.0,1361.0,460.0,728,769.0,0.2526084568918176,41.0,0.0563186813186813,0
1796.0,1421.0,375.0,823,815.0,0.2087973273942093,-8.0,-0.0097205346294046,0
2855.0,2259.0,596.0,1109,1169.0,0.2087565674255691,60.0,0.054102795311091,0
2111.0,1869.0,242.0,1148,1133.0,0.1146376125059213,-15.0,-0.0130662020905923,0
2317.0,1254.0,1063.0,687,805.0,0.4587829089339663,118.0,0.1717612809315866,0
2310.0,970.0,1340.0,848,852.0,0.5800865800865801,4.0,0.0047169811320754,0
2376.0,1736.0,640.0,776,805.0,0.2693602693602693,29.0,0.0373711340206185,1
1549.0,1093.0,456.0,1165,1169.0,0.2943834732085216,4.0,0.0034334763948497,0
1048.0,609.0,439.0,929,935.0,0.4188931297709923,6.0,0.0064585575888051,0
2819.0,1394.0,1425.0,1263,1329.0,0.5054984036892515,66.0,0.0522565320665083,0
1673.0,998.0,675.0,1639,1631.0,0.4034668260609683,-8.0,-0.0048810250152532,0
1630.0,1272.0,358.0,2241,2141.0,0.2196319018404908,-100.0,-0.0446229361892012,0
963.0,503.0,460.0,1303,1410.0,0.4776739356178608,107.0,0.0821181887950882,0
1730.0,926.0,804.0,1433,1515.0,0.4647398843930636,82.0,0.0572226099092812,0
1313.0,1100.0,213.0,2156,2105.0,0.1622239146991622,-51.0,-0.0236549165120593,0
810.0,581.0,229.0,1796,1799.0,0.282716049382716,3.0,0.0016703786191536,0
1795.0,1138.0,657.0,1818,1718.0,0.366016713091922,-100.0,-0.055005500550055,0
2545.0,1910.0,635.0,2137,2104.0,0.24950884086444,-33.0,-0.0154422087037903,0
1531.0,991.0,540.0,1551,1540.0,0.3527106466361855,-11.0,-0.0070921985815602,0
1860.0,823.0,1037.0,1196,1265.0,0.5575268817204301,69.0,0.0576923076923076,0
935.0,459.0,476.0,1479,1454.0,0.509090909090909,-25.0,-0.0169033130493576,1
2102.0,944.0,1158.0,1121,1032.0,0.5509039010466222,-89.0,-0.079393398751115,1
2358.0,821.0,1537.0,1063,1091.0,0.6518235793044953,28.0,0.0263405456255879,1
1427.0,845.0,582.0,1394,1445.0,0.4078486334968465,51.0,0.0365853658536585,0
1923.0,819.0,1104.0,1036,1003.0,0.5741029641185648,-33.0,-0.0318532818532818,0
840.0,478.0,362.0,1280,1313.0,0.430952380952381,33.0,0.02578125,0
2580.0,1107.0,1473.0,788,828.0,0.5709302325581396,40.0,0.0507614213197969,0
1277.0,306.0,971.0,881,922.0,0.7603758809710258,41.0,0.0465380249716231,0
2251.0,1802.0,449.0,1443,1373.0,0.1994669035984007,-70.0,-0.0485100485100485,0
1526.0,811.0,715.0,961,991.0,0.4685452162516382,30.0,0.0312174817898022,0
1398.0,1037.0,361.0,1341,1271.0,0.2582260371959943,-70.0,-0.0521998508575689,0
1490.0,1051.0,439.0,1603,1578.0,0.2946308724832214,-25.0,-0.0155957579538365,0
1874.0,451.0,1423.0,866,893.0,0.7593383137673426,27.0,0.0311778290993071,0
1702.0,1279.0,423.0,1364,1397.0,0.2485311398354876,33.0,0.0241935483870967,0
1529.0,872.0,657.0,1079,1109.0,0.4296926095487247,30.0,0.0278035217794253,0
920.0,711.0,209.0,1322,1416.0,0.2271739130434782,94.0,0.0711043872919818,0
2560.0,789.0,1771.0,1055,1044.0,0.691796875,-11.0,-0.0104265402843601,0
1359.0,435.0,924.0,1064,1039.0,0.6799116997792495,-25.0,-0.0234962406015037,0
2071.0,1112.0,959.0,1526,1630.0,0.4630613230323515,104.0,0.0681520314547837,0
1468.0,892.0,576.0,1742,1712.0,0.3923705722070845,-30.0,-0.0172215843857634,0
1510.0,1314.0,196.0,2145,2069.0,0.1298013245033112,-76.0,-0.0354312354312354,0
2221.0,1292.0,929.0,945,986.0,0.4182800540297163,41.0,0.0433862433862433,0
1743.0,1466.0,277.0,1576,1584.0,0.1589213998852553,8.0,0.0050761421319796,0
776.0,575.0,201.0,770,795.0,0.259020618556701,25.0,0.0324675324675324,0
2270.0,1605.0,665.0,1160,1208.0,0.2929515418502202,48.0,0.0413793103448275,0
964.0,480.0,484.0,1392,1280.0,0.5020746887966805,-112.0,-0.0804597701149425,0
1263.0,831.0,432.0,1276,1283.0,0.342042755344418,7.0,0.0054858934169279,0
1674.0,1330.0,344.0,1383,1386.0,0.2054958183990442,3.0,0.0021691973969631,0
854.0,381.0,473.0,935,982.0,0.5538641686182669,47.0,0.0502673796791443,1
1681.0,1101.0,580.0,1122,1040.0,0.3450327186198691,-82.0,-0.0730837789661319,0
1258.0,482.0,776.0,1114,1049.0,0.6168521462639109,-65.0,-0.0583482944344703,0
1511.0,1405.0,106.0,1462,1549.0,0.0701522170747849,87.0,0.0595075239398084,0
1371.0,132.0,1239.0,631,689.0,0.9037199124726476,58.0,0.0919175911251981,1
1562.0,687.0,875.0,958,882.0,0.560179257362356,-76.0,-0.0793319415448851,1
1113.0,177.0,936.0,885,897.0,0.8409703504043127,12.0,0.0135593220338983,0
2495.0,1073.0,1422.0,786,795.0,0.569939879759519,9.0,0.0114503816793893,0
1864.0,831.0,1033.0,1002,960.0,0.5541845493562232,-42.0,-0.0419161676646706,1
2439.0,1224.0,1215.0,1138,1140.0,0.4981549815498155,2.0,0.0017574692442882,0
1213.0,1098.0,115.0,1356,1369.0,0.0948062654575432,13.0,0.0095870206489675,0
717.0,494.0,223.0,1140,1166.0,0.3110181311018131,26.0,0.0228070175438596,0
1782.0,1606.0,176.0,2216,2003.0,0.0987654320987654,-213.0,-0.0961191335740072,0
2067.0,1083.0,984.0,1026,1077.0,0.4760522496371553,51.0,0.0497076023391812,0
1767.0,347.0,1420.0,952,974.0,0.8036219581211093,22.0,0.0231092436974789,0
2227.0,1640.0,587.0,1491,1509.0,0.2635832959137854,18.0,0.0120724346076458,0
668.0,426.0,242.0,1467,1613.0,0.3622754491017964,146.0,0.0995228357191547,0
1662.0,1103.0,559.0,1462,1383.0,0.3363417569193742,-79.0,-0.0540355677154582,0
1040.0,624.0,416.0,1770,1683.0,0.4,-87.0,-0.0491525423728813,0
2139.0,1594.0,545.0,1517,1590.0,0.25479195885928,73.0,0.048121292023731,1
1149.0,828.0,321.0,1388,1413.0,0.2793733681462141,25.0,0.0180115273775216,0
1191.0,698.0,493.0,1381,1431.0,0.4139378673383711,50.0,0.0362056480811006,0
1901.0,951.0,950.0,1060,1103.0,0.4997369805365597,43.0,0.040566037735849,0
1334.0,942.0,392.0,1274,1318.0,0.2938530734632684,44.0,0.0345368916797488,0
635.0,418.0,217.0,1983,1813.0,0.3417322834645669,-170.0,-0.0857286938981341,0
1770.0,161.0,1609.0,788,812.0,0.9090395480225988,24.0,0.0304568527918781,0
1214.0,617.0,597.0,1089,1108.0,0.4917627677100494,19.0,0.017447199265381,0
1430.0,452.0,978.0,950,1024.0,0.6839160839160839,74.0,0.0778947368421052,0
1661.0,1149.0,512.0,1183,1107.0,0.3082480433473811,-76.0,-0.0642434488588334,1
2742.0,1440.0,1302.0,910,942.0,0.474835886214442,32.0,0.0351648351648351,1
1536.0,585.0,951.0,868,846.0,0.619140625,-22.0,-0.0253456221198156,0
2309.0,975.0,1334.0,853,871.0,0.577739281074058,18.0,0.0211019929660023,1
1280.0,638.0,642.0,816,970.0,0.5015625,154.0,0.1887254901960784,0
1834.0,1163.0,671.0,1156,1185.0,0.3658669574700109,29.0,0.0250865051903114,0
1973.0,705.0,1268.0,865,876.0,0.6426761277242777,11.0,0.0127167630057803,0
1320.0,974.0,346.0,1456,1558.0,0.2621212121212121,102.0,0.070054945054945,0
1924.0,1317.0,607.0,1393,1339.0,0.3154885654885654,-54.0,-0.0387652548456568,0
2132.0,1000.0,1132.0,813,832.0,0.5309568480300187,19.0,0.023370233702337,0
925.0,378.0,547.0,947,1085.0,0.5913513513513513,138.0,0.1457233368532207,1
1643.0,697.0,946.0,1008,1126.0,0.5757760194765672,118.0,0.117063492063492,0
954.0,834.0,120.0,1873,1704.0,0.1257861635220125,-169.0,-0.0902295782167645,0
1803.0,950.0,853.0,944,983.0,0.4731003882418192,39.0,0.0413135593220339,0
1223.0,961.0,262.0,1746,1657.0,0.214227309893704,-89.0,-0.0509736540664375,0
2343.0,692.0,1651.0,916,974.0,0.7046521553563807,58.0,0.0633187772925764,1
1205.0,972.0,233.0,1381,1467.0,0.1933609958506224,86.0,0.0622737146994931,0
1262.0,930.0,332.0,1183,1094.0,0.2630744849445325,-89.0,-0.0752324598478444,1
2492.0,2193.0,299.0,2111,2076.0,0.119983948635634,-35.0,-0.0165798199905258,0
783.0,343.0,440.0,956,1076.0,0.561941251596424,120.0,0.1255230125523012,0
2287.0,799.0,1488.0,1020,1012.0,0.6506340183646698,-8.0,-0.0078431372549019,0
2515.0,905.0,1610.0,1011,960.0,0.6401590457256461,-51.0,-0.0504451038575667,1
2454.0,1293.0,1161.0,1115,1243.0,0.4731051344743276,128.0,0.1147982062780269,1
1330.0,768.0,562.0,1137,1129.0,0.4225563909774436,-8.0,-0.0070360598065083,0
738.0,651.0,87.0,2035,1667.0,0.1178861788617886,-368.0,-0.1808353808353808,0
923.0,482.0,441.0,983,899.0,0.4777898158179848,-84.0,-0.0854526958290946,1
2607.0,1952.0,655.0,1502,1337.0,0.2512466436517069,-165.0,-0.1098535286284953,0
1576.0,1185.0,391.0,1497,1525.0,0.2480964467005076,28.0,0.0187040748162992,0
2130.0,1038.0,1092.0,1104,1124.0,0.5126760563380282,20.0,0.0181159420289855,1
1348.0,855.0,493.0,1150,1094.0,0.365727002967359,-56.0,-0.048695652173913,0
2661.0,1548.0,1113.0,1136,1157.0,0.4182638105975197,21.0,0.0184859154929577,1
2878.0,1473.0,1405.0,924,1022.0,0.4881862404447533,98.0,0.106060606060606,1
1661.0,891.0,770.0,990,944.0,0.4635761589403973,-46.0,-0.0464646464646464,1
2028.0,908.0,1120.0,910,978.0,0.5522682445759369,68.0,0.0747252747252747,0
850.0,730.0,120.0,1705,1557.0,0.1411764705882353,-148.0,-0.0868035190615835,0
1325.0,732.0,593.0,1032,969.0,0.4475471698113207,-63.0,-0.0610465116279069,1
1885.0,1073.0,812.0,1129,1096.0,0.4307692307692308,-33.0,-0.0292294065544729,1
1805.0,792.0,1013.0,1220,1229.0,0.561218836565097,9.0,0.0073770491803278,0
1624.0,1025.0,599.0,1463,1508.0,0.3688423645320197,45.0,0.0307587149692412,0
1482.0,1189.0,293.0,1299,1346.0,0.1977058029689608,47.0,0.0361816782140107,0
2604.0,2167.0,437.0,1601,1619.0,0.1678187403993855,18.0,0.0112429731417863,0
1884.0,1374.0,510.0,1392,1425.0,0.2707006369426751,33.0,0.0237068965517241,0
2007.0,1412.0,595.0,1381,1328.0,0.2964623816641754,-53.0,-0.0383779869659666,0
2413.0,1123.0,1290.0,1221,1182.0,0.534604227103191,-39.0,-0.0319410319410319,0
1560.0,983.0,577.0,1256,1302.0,0.3698717948717949,46.0,0.036624203821656,0
1940.0,1312.0,628.0,1617,1587.0,0.3237113402061856,-30.0,-0.0185528756957328,0
1412.0,818.0,594.0,1483,1565.0,0.4206798866855524,82.0,0.0552933243425488,0
948.0,603.0,345.0,1350,1324.0,0.3639240506329114,-26.0,-0.0192592592592592,0
1692.0,1136.0,556.0,1636,1704.0,0.3286052009456264,68.0,0.0415647921760391,0
2260.0,1188.0,1072.0,1216,1204.0,0.4743362831858407,-12.0,-0.0098684210526315,0
2017.0,1546.0,471.0,1577,1515.0,0.233515121467526,-62.0,-0.0393151553582752,0
22.0,0.0,22.0,1239,875.0,1.0,-364.0,-0.2937853107344633,1
2305.0,1975.0,330.0,1565,1484.0,0.1431670281995661,-81.0,-0.0517571884984025,0
1319.0,612.0,707.0,1097,1127.0,0.5360121304018196,30.0,0.0273473108477666,0
1337.0,1288.0,49.0,2166,2265.0,0.0366492146596858,99.0,0.0457063711911357,0
1597.0,934.0,663.0,1006,1015.0,0.4151534126487163,9.0,0.0089463220675944,0
1753.0,1112.0,641.0,939,958.0,0.3656588705077011,19.0,0.020234291799787,0
1290.0,760.0,530.0,1006,1051.0,0.4108527131782946,45.0,0.0447316103379721,1
1777.0,1334.0,443.0,1571,1601.0,0.249296567248171,30.0,0.0190961171228516,1
2244.0,476.0,1768.0,870,821.0,0.7878787878787878,-49.0,-0.0563218390804597,1
1524.0,656.0,868.0,1114,1179.0,0.5695538057742782,65.0,0.0583482944344703,0
1494.0,637.0,857.0,792,886.0,0.5736278447121821,94.0,0.1186868686868686,1
2340.0,1451.0,889.0,1337,1378.0,0.3799145299145299,41.0,0.0306656694091249,0
1467.0,961.0,506.0,1191,1201.0,0.3449216087252897,10.0,0.0083963056255247,0
2017.0,495.0,1522.0,847,847.0,0.7545860188398612,0.0,0.0,0
1798.0,944.0,854.0,943,975.0,0.474972191323693,32.0,0.0339342523860021,0
1389.0,879.0,510.0,1220,1258.0,0.367170626349892,38.0,0.0311475409836065,0
1226.0,906.0,320.0,1558,1567.0,0.2610114192495921,9.0,0.0057766367137355,0
1457.0,736.0,721.0,1417,1337.0,0.4948524365133837,-80.0,-0.0564573041637261,0
1791.0,1516.0,275.0,1503,1506.0,0.1535455053042992,3.0,0.0019960079840319,0
3515.0,2369.0,1146.0,1851,1848.0,0.3260312944523471,-3.0,-0.0016207455429497,0
1235.0,1126.0,109.0,2169,1851.0,0.0882591093117408,-318.0,-0.1466113416320885,0
2289.0,1179.0,1110.0,1444,1401.0,0.4849279161205767,-43.0,-0.0297783933518005,0
1286.0,897.0,389.0,1369,1462.0,0.3024883359253499,93.0,0.0679327976625274,0
1776.0,736.0,1040.0,1088,1117.0,0.5855855855855856,29.0,0.0266544117647058,0
2463.0,1688.0,775.0,1775,1814.0,0.3146569224522939,39.0,0.0219718309859154,0
1664.0,633.0,1031.0,1092,1080.0,0.6195913461538461,-12.0,-0.0109890109890109,0
1081.0,974.0,107.0,1768,1805.0,0.0989824236817761,37.0,0.0209276018099547,0
1547.0,1218.0,329.0,1906,1830.0,0.2126696832579185,-76.0,-0.0398740818467995,0
2724.0,1947.0,777.0,1399,1710.0,0.2852422907488987,311.0,0.222301644031451,0
740.0,667.0,73.0,2672,2591.0,0.0986486486486486,-81.0,-0.030314371257485,0
1375.0,0.0,1375.0,1186,1188.0,1.0,2.0,0.0016863406408094,1
1394.0,943.0,451.0,1709,1664.0,0.3235294117647059,-45.0,-0.0263311878291398,0
2211.0,1572.0,639.0,2102,2173.0,0.2890094979647218,71.0,0.0337773549000951,0
1439.0,1397.0,42.0,2604,2780.0,0.0291869353717859,176.0,0.0675883256528417,0
1505.0,1120.0,385.0,1847,1870.0,0.2558139534883721,23.0,0.012452625879805,0
2698.0,1795.0,903.0,2041,1890.0,0.3346923647146034,-151.0,-0.073983341499265,0
2171.0,928.0,1243.0,808,849.0,0.5725472132657762,41.0,0.0507425742574257,0
2200.0,768.0,1432.0,929,882.0,0.6509090909090909,-47.0,-0.0505920344456404,0
1801.0,1079.0,722.0,1012,1122.0,0.4008883953359244,110.0,0.108695652173913,0
1012.0,786.0,226.0,1190,1155.0,0.2233201581027667,-35.0,-0.0294117647058823,1
1850.0,176.0,1674.0,1150,1158.0,0.9048648648648648,8.0,0.0069565217391304,1
2098.0,1848.0,250.0,2323,2338.0,0.1191611058150619,15.0,0.006457167455876,0
1992.0,1575.0,417.0,1755,1770.0,0.2093373493975903,15.0,0.0085470085470085,0
1726.0,1288.0,438.0,1796,1674.0,0.253765932792584,-122.0,-0.0679287305122494,0
1992.0,1422.0,570.0,1260,1369.0,0.286144578313253,109.0,0.0865079365079365,0
2013.0,1637.0,376.0,1720,1615.0,0.1867858917039244,-105.0,-0.0610465116279069,0
1857.0,1065.0,792.0,1071,1053.0,0.4264943457189014,-18.0,-0.0168067226890756,0
2488.0,1158.0,1330.0,1195,1230.0,0.5345659163987139,35.0,0.0292887029288702,0
1392.0,1002.0,390.0,1276,1344.0,0.2801724137931034,68.0,0.0532915360501567,1
1224.0,377.0,847.0,1001,973.0,0.6919934640522876,-28.0,-0.0279720279720279,1
611.0,20.0,591.0,823,803.0,0.967266775777414,-20.0,-0.0243013365735115,1
459.0,0.0,459.0,452,454.0,1.0,2.0,0.0044247787610619,0
2016.0,763.0,1253.0,1013,1003.0,0.6215277777777778,-10.0,-0.0098716683119447,1
1750.0,624.0,1126.0,460,477.0,0.6434285714285715,17.0,0.0369565217391304,1
2170.0,1311.0,859.0,1124,1090.0,0.395852534562212,-34.0,-0.0302491103202846,1
2603.0,1736.0,867.0,1074,1084.0,0.3330772185939301,10.0,0.0093109869646182,0
1615.0,1159.0,456.0,966,985.0,0.2823529411764706,19.0,0.0196687370600414,0
1467.0,956.0,511.0,1611,1675.0,0.3483299250170416,64.0,0.0397268777157045,0
2245.0,868.0,1377.0,864,874.0,0.6133630289532294,10.0,0.011574074074074,1
1765.0,1479.0,286.0,1367,1426.0,0.1620396600566572,59.0,0.0431602048280907,0
1232.0,831.0,401.0,1316,1310.0,0.325487012987013,-6.0,-0.0045592705167173,0
977.0,850.0,127.0,1801,1914.0,0.1299897645854657,113.0,0.0627429205996668,0
866.0,787.0,79.0,1439,1437.0,0.0912240184757505,-2.0,-0.0013898540653231,0
1845.0,1060.0,785.0,976,995.0,0.4254742547425474,19.0,0.0194672131147541,1
1571.0,1201.0,370.0,1990,1921.0,0.2355187778485041,-69.0,-0.0346733668341708,0
2772.0,2542.0,230.0,2271,2135.0,0.0829725829725829,-136.0,-0.0598855129898723,0
1551.0,791.0,760.0,1124,1096.0,0.4900064474532559,-28.0,-0.0249110320284697,0
1660.0,1197.0,463.0,1612,1622.0,0.2789156626506024,10.0,0.0062034739454094,0
701.0,567.0,134.0,1908,1904.0,0.1911554921540656,-4.0,-0.0020964360587002,0
2024.0,1665.0,359.0,1680,1575.0,0.1773715415019763,-105.0,-0.0625,1
1445.0,985.0,460.0,1377,1497.0,0.3183391003460207,120.0,0.0871459694989106,1
1908.0,221.0,1687.0,786,855.0,0.8841719077568134,69.0,0.0877862595419847,1
955.0,115.0,840.0,1096,1122.0,0.8795811518324608,26.0,0.0237226277372262,0
2015.0,168.0,1847.0,861,861.0,0.9166253101736972,0.0,0.0,0
1044.0,169.0,875.0,924,880.0,0.8381226053639846,-44.0,-0.0476190476190476,1
1084.0,749.0,335.0,1183,1176.0,0.309040590405904,-7.0,-0.0059171597633136,0
1610.0,1171.0,439.0,1285,1314.0,0.2726708074534161,29.0,0.022568093385214,1
2496.0,99.0,2397.0,753,771.0,0.9603365384615384,18.0,0.0239043824701195,0
2583.0,1165.0,1418.0,1005,1101.0,0.5489740611691831,96.0,0.0955223880597015,1
1399.0,858.0,541.0,1109,1222.0,0.3867047891350965,113.0,0.1018935978358882,0
1306.0,638.0,668.0,1058,1069.0,0.5114854517611026,11.0,0.0103969754253308,0
1082.0,319.0,763.0,972,914.0,0.7051756007393716,-58.0,-0.0596707818930041,1
608.0,157.0,451.0,938,914.0,0.7417763157894737,-24.0,-0.0255863539445629,0
1551.0,1225.0,326.0,1708,1680.0,0.2101869761444229,-28.0,-0.0163934426229508,0
1850.0,1635.0,215.0,2277,2130.0,0.1162162162162162,-147.0,-0.064558629776021,0
761.0,559.0,202.0,1368,1260.0,0.2654402102496714,-108.0,-0.0789473684210526,0
2342.0,904.0,1438.0,1023,988.0,0.61400512382579,-35.0,-0.0342130987292277,0
2060.0,1299.0,761.0,1637,1621.0,0.3694174757281553,-16.0,-0.0097739767868051,0
2642.0,1698.0,944.0,1691,1687.0,0.3573050719152157,-4.0,-0.0023654642223536,0
1286.0,910.0,376.0,881,912.0,0.2923794712286158,31.0,0.0351872871736662,1
1566.0,1007.0,559.0,1126,1130.0,0.3569604086845466,4.0,0.0035523978685612,0
1268.0,464.0,804.0,942,965.0,0.6340694006309149,23.0,0.024416135881104,1
1446.0,563.0,883.0,838,869.0,0.6106500691562933,31.0,0.0369928400954653,0
863.0,0.0,863.0,774,765.0,1.0,-9.0,-0.0116279069767441,0
1839.0,571.0,1268.0,943,936.0,0.689505165851006,-7.0,-0.0074231177094379,0
1219.0,458.0,761.0,1004,962.0,0.6242821985233798,-42.0,-0.0418326693227091,1
2473.0,1742.0,731.0,1215,1299.0,0.2955923978972907,84.0,0.0691358024691358,1
2304.0,1103.0,1201.0,1335,1375.0,0.5212673611111112,40.0,0.0299625468164794,0
1909.0,1394.0,515.0,1855,1684.0,0.2697747511786275,-171.0,-0.0921832884097035,0
1211.0,837.0,374.0,1518,1544.0,0.3088356729975227,26.0,0.0171277997364953,0
1130.0,705.0,425.0,994,914.0,0.3761061946902654,-80.0,-0.0804828973843058,0
1867.0,1172.0,695.0,1387,1405.0,0.3722549544724156,18.0,0.0129776496034607,0
1666.0,1154.0,512.0,1805,1809.0,0.3073229291716686,4.0,0.0022160664819944,0
1109.0,847.0,262.0,1472,1495.0,0.236248872858431,23.0,0.015625,0
2067.0,899.0,1168.0,1035,1041.0,0.5650701499758104,6.0,0.0057971014492753,1
1628.0,451.0,1177.0,826,815.0,0.722972972972973,-11.0,-0.0133171912832929,0
1780.0,791.0,989.0,1253,1212.0,0.5556179775280898,-41.0,-0.0327214684756584,0
2405.0,1529.0,876.0,1353,1404.0,0.3642411642411642,51.0,0.0376940133037694,1
1599.0,1256.0,343.0,1573,1604.0,0.2145090681676047,31.0,0.0197075651621106,0
991.0,626.0,365.0,985,1078.0,0.3683148335015136,93.0,0.0944162436548223,1
1220.0,556.0,664.0,930,948.0,0.5442622950819672,18.0,0.0193548387096774,0
1212.0,499.0,713.0,1002,976.0,0.5882838283828383,-26.0,-0.0259481037924151,0
2165.0,1068.0,1097.0,783,793.0,0.5066974595842956,10.0,0.0127713920817369,0
1493.0,1121.0,372.0,1195,1108.0,0.2491627595445412,-87.0,-0.0728033472803347,0
2047.0,704.0,1343.0,940,915.0,0.6560820713238886,-25.0,-0.026595744680851,0
1929.0,1245.0,684.0,1693,1562.0,0.3545878693623639,-131.0,-0.0773774365032486,0
2225.0,1726.0,499.0,1370,1416.0,0.2242696629213483,46.0,0.0335766423357664,0
849.0,615.0,234.0,1350,1411.0,0.2756183745583039,61.0,0.0451851851851851,0
1341.0,1068.0,273.0,1406,1386.0,0.203579418344519,-20.0,-0.0142247510668563,0
1177.0,340.0,837.0,862,857.0,0.7111299915038233,-5.0,-0.0058004640371229,0
1758.0,1507.0,251.0,1224,1312.0,0.1427758816837315,88.0,0.0718954248366013,0
1611.0,218.0,1393.0,836,887.0,0.8646803227808815,51.0,0.0610047846889952,0
2079.0,1461.0,618.0,1614,1568.0,0.2972582972582973,-46.0,-0.0285006195786864,0
1778.0,1052.0,726.0,842,858.0,0.4083239595050618,16.0,0.0190023752969121,0
1194.0,438.0,756.0,779,700.0,0.6331658291457286,-79.0,-0.1014120667522464,1
1485.0,750.0,735.0,926,970.0,0.494949494949495,44.0,0.0475161987041036,0
831.0,389.0,442.0,1103,1366.0,0.5318892900120337,263.0,0.2384406165004533,0
1959.0,1312.0,647.0,967,1178.0,0.3302705461970393,211.0,0.218200620475698,0
260.0,34.0,226.0,300,274.0,0.8692307692307693,-26.0,-0.0866666666666666,1
938.0,50.0,888.0,847,869.0,0.9466950959488272,22.0,0.0259740259740259,0
2252.0,210.0,2042.0,897,879.0,0.9067495559502664,-18.0,-0.020066889632107,1
1166.0,235.0,931.0,845,871.0,0.7984562607204116,26.0,0.0307692307692307,0
1872.0,1173.0,699.0,1306,1188.0,0.3733974358974359,-118.0,-0.0903522205206738,0
987.0,242.0,745.0,922,900.0,0.7548125633232016,-22.0,-0.0238611713665943,0
1709.0,743.0,966.0,1270,1160.0,0.5652428320655354,-110.0,-0.0866141732283464,0
1718.0,984.0,734.0,1910,1801.0,0.4272409778812572,-109.0,-0.0570680628272251,0
908.0,816.0,92.0,2077,2451.0,0.1013215859030837,374.0,0.1800674049109292,0
1800.0,648.0,1152.0,1416,1458.0,0.64,42.0,0.0296610169491525,0
1276.0,872.0,404.0,1234,1228.0,0.3166144200626959,-6.0,-0.0048622366288492,0
1324.0,1023.0,301.0,1451,1479.0,0.2273413897280966,28.0,0.0192970365265334,0
1361.0,662.0,699.0,1013,1140.0,0.5135929463629684,127.0,0.1253701875616979,0
1148.0,920.0,228.0,1535,1415.0,0.1986062717770035,-120.0,-0.0781758957654723,0
1871.0,1303.0,568.0,1491,1389.0,0.3035809727418492,-102.0,-0.0684104627766599,0
2458.0,1703.0,755.0,1246,1225.0,0.307160292921074,-21.0,-0.0168539325842696,1
1630.0,716.0,914.0,748,745.0,0.5607361963190184,-3.0,-0.0040106951871657,0
1797.0,749.0,1048.0,919,895.0,0.5831942125765164,-24.0,-0.0261153427638737,0
1904.0,954.0,950.0,770,841.0,0.4989495798319328,71.0,0.0922077922077922,1
1754.0,570.0,1184.0,899,917.0,0.6750285062713797,18.0,0.0200222469410456,0
356.0,0.0,356.0,828,895.0,1.0,67.0,0.0809178743961352,1
1650.0,1102.0,548.0,1958,1977.0,0.3321212121212121,19.0,0.0097037793667007,0
77.0,63.0,14.0,3346,4001.0,0.1818181818181818,655.0,0.1957561267184698,0
2901.0,2110.0,791.0,2094,2030.0,0.2726645984143399,-64.0,-0.0305635148042024,0
1612.0,661.0,951.0,1541,1594.0,0.5899503722084367,53.0,0.0343932511356262,0
2521.0,1795.0,726.0,2394,2217.0,0.2879809599365331,-177.0,-0.0739348370927318,0
2268.0,1478.0,790.0,2090,2033.0,0.3483245149911816,-57.0,-0.0272727272727272,0
2242.0,1578.0,664.0,2091,2230.0,0.296164139161463,139.0,0.0664753706360593,0
1248.0,936.0,312.0,2664,2453.0,0.25,-211.0,-0.0792042042042042,0
766.0,364.0,402.0,1381,1295.0,0.5248041775456919,-86.0,-0.0622737146994931,0
1664.0,1384.0,280.0,1380,1271.0,0.1682692307692307,-109.0,-0.0789855072463768,1
1850.0,1313.0,537.0,1020,897.0,0.2902702702702702,-123.0,-0.1205882352941176,1
1878.0,940.0,938.0,1144,1194.0,0.4994675186368477,50.0,0.0437062937062937,0
1241.0,502.0,739.0,969,1074.0,0.5954875100725222,105.0,0.1083591331269349,0
1728.0,1058.0,670.0,863,934.0,0.3877314814814814,71.0,0.082271147161066,0
1476.0,0.0,1476.0,1056,1075.0,1.0,19.0,0.0179924242424242,1
1384.0,948.0,436.0,1342,1345.0,0.315028901734104,3.0,0.0022354694485842,0
1882.0,1689.0,193.0,1719,1703.0,0.1025504782146652,-16.0,-0.0093077370564281,1
1469.0,1305.0,164.0,2138,1845.0,0.1116405718175629,-293.0,-0.1370439663236669,0
1271.0,206.0,1065.0,750,790.0,0.8379228953579858,40.0,0.0533333333333333,1
2090.0,1548.0,542.0,1284,1308.0,0.2593301435406698,24.0,0.0186915887850467,0
2412.0,1710.0,702.0,965,1178.0,0.291044776119403,213.0,0.2207253886010362,0
1982.0,1052.0,930.0,1133,1171.0,0.4692230070635722,38.0,0.0335392762577228,0
855.0,253.0,602.0,847,876.0,0.704093567251462,29.0,0.0342384887839433,0
1149.0,484.0,665.0,1140,1117.0,0.5787641427328112,-23.0,-0.0201754385964912,0
629.0,336.0,293.0,855,1113.0,0.465818759936407,258.0,0.3017543859649123,0
1828.0,1452.0,376.0,1689,1705.0,0.2056892778993435,16.0,0.00947306098283,0
1221.0,628.0,593.0,878,939.0,0.4856674856674857,61.0,0.0694760820045558,0
1921.0,1027.0,894.0,1192,1198.0,0.4653826132222801,6.0,0.0050335570469798,0
1353.0,971.0,382.0,1411,1390.0,0.2823355506282335,-21.0,-0.0148830616583982,0
1802.0,1281.0,521.0,1380,1367.0,0.2891231964483907,-13.0,-0.0094202898550724,0
773.0,565.0,208.0,1503,1550.0,0.2690815006468305,47.0,0.0312707917498336,0
1512.0,1443.0,69.0,2654,2412.0,0.0456349206349206,-242.0,-0.0911831198191409,0
1060.0,1025.0,35.0,3226,3207.0,0.0330188679245283,-19.0,-0.0058896466212027,0
883.0,752.0,131.0,3182,2742.0,0.1483578708946772,-440.0,-0.1382778126964173,0
2393.0,1751.0,642.0,1487,1593.0,0.2682824905975762,106.0,0.0712844653665097,0
975.0,790.0,185.0,2820,2629.0,0.1897435897435897,-191.0,-0.0677304964539007,0
1265.0,1084.0,181.0,2778,2599.0,0.1430830039525691,-179.0,-0.064434845212383,0
1629.0,1114.0,515.0,1758,1817.0,0.3161448741559239,59.0,0.0335608646188851,0
2104.0,323.0,1781.0,1023,1066.0,0.8464828897338403,43.0,0.0420332355816226,0
1211.0,945.0,266.0,2198,2244.0,0.2196531791907514,46.0,0.0209281164695177,0
798.0,576.0,222.0,736,873.0,0.2781954887218045,137.0,0.186141304347826,1
823.0,805.0,18.0,2750,2731.0,0.0218712029161603,-19.0,-0.0069090909090909,0
255.0,173.0,82.0,2671,2386.0,0.3215686274509804,-285.0,-0.1067016098839386,0
1509.0,1334.0,175.0,2985,2920.0,0.1159708416169648,-65.0,-0.0217755443886097,0
1373.0,1215.0,158.0,2287,2180.0,0.1150764748725418,-107.0,-0.0467861827721906,0
729.0,474.0,255.0,1670,1751.0,0.3497942386831276,81.0,0.048502994011976,0
1119.0,1014.0,105.0,2609,2615.0,0.0938337801608579,6.0,0.0022997316979685,0
1893.0,1518.0,375.0,2338,2326.0,0.1980982567353407,-12.0,-0.0051325919589392,0
366.0,314.0,52.0,2070,2090.0,0.1420765027322404,20.0,0.0096618357487922,0
2925.0,2157.0,768.0,1782,1780.0,0.2625641025641025,-2.0,-0.0011223344556677,0
453.0,411.0,42.0,3003,2831.0,0.0927152317880794,-172.0,-0.0572760572760572,0
2476.0,1859.0,617.0,2156,1899.0,0.2491922455573505,-257.0,-0.1192022263450834,0
2553.0,1862.0,691.0,2255,2257.0,0.2706619663141402,2.0,0.0008869179600886,0
1602.0,1186.0,416.0,2655,2438.0,0.2596754057428215,-217.0,-0.0817325800376647,0
1001.0,655.0,346.0,1291,1326.0,0.3456543456543456,35.0,0.0271107668474051,0
1452.0,781.0,671.0,967,958.0,0.4621212121212121,-9.0,-0.0093071354705274,0
1623.0,1014.0,609.0,2171,2045.0,0.3752310536044362,-126.0,-0.0580377706126209,0
2098.0,1760.0,338.0,2495,2369.0,0.1611058150619637,-126.0,-0.050501002004008,0
1336.0,1164.0,172.0,2501,2666.0,0.1287425149700598,165.0,0.0659736105557776,0
816.0,437.0,379.0,1042,1068.0,0.4644607843137255,26.0,0.0249520153550863,1
1089.0,599.0,490.0,1635,1584.0,0.4499540863177226,-51.0,-0.0311926605504587,0
1180.0,714.0,466.0,856,978.0,0.3949152542372881,122.0,0.1425233644859813,0
2282.0,1617.0,665.0,1694,1705.0,0.2914110429447852,11.0,0.0064935064935064,1
2507.0,1583.0,924.0,1208,1235.0,0.3685680095731951,27.0,0.0223509933774834,0
1877.0,1239.0,638.0,1210,1191.0,0.3399041022908897,-19.0,-0.0157024793388429,0
1641.0,781.0,860.0,918,942.0,0.5240706886045094,24.0,0.0261437908496732,0
1127.0,567.0,560.0,1109,1148.0,0.4968944099378882,39.0,0.0351668169522092,0
1296.0,478.0,818.0,1018,937.0,0.6311728395061729,-81.0,-0.0795677799607072,1
1136.0,871.0,265.0,1430,1565.0,0.2332746478873239,135.0,0.0944055944055944,0
29.0,22.0,7.0,708,446.0,0.2413793103448276,-262.0,-0.3700564971751412,1
2065.0,1805.0,260.0,3720,3714.0,0.1259079903147699,-6.0,-0.0016129032258064,0
306.0,176.0,130.0,1404,1550.0,0.4248366013071895,146.0,0.1039886039886039,0
2607.0,2102.0,505.0,1508,1493.0,0.1937092443421557,-15.0,-0.009946949602122,0
1791.0,1263.0,528.0,1229,1426.0,0.2948073701842546,197.0,0.1602929210740439,0
1374.0,1141.0,233.0,1300,1203.0,0.1695778748180494,-97.0,-0.0746153846153846,1
866.0,813.0,53.0,1996,1854.0,0.0612009237875288,-142.0,-0.0711422845691382,0
1050.0,883.0,167.0,1654,1754.0,0.159047619047619,100.0,0.060459492140266,0
2239.0,1412.0,827.0,1200,1192.0,0.3693613220187584,-8.0,-0.0066666666666666,0
1457.0,1325.0,132.0,1999,1954.0,0.0905971173644474,-45.0,-0.0225112556278139,0
2232.0,1910.0,322.0,1414,1374.0,0.1442652329749104,-40.0,-0.0282885431400282,1
1157.0,997.0,160.0,1704,1814.0,0.1382886776145203,110.0,0.0645539906103286,0
2521.0,2120.0,401.0,1399,1327.0,0.1590638635462118,-72.0,-0.0514653323802716,0
1369.0,1108.0,261.0,1475,1488.0,0.1906501095690284,13.0,0.0088135593220338,0
2324.0,1919.0,405.0,1810,1632.0,0.1742685025817555,-178.0,-0.098342541436464,0
916.0,817.0,99.0,1495,1443.0,0.1080786026200873,-52.0,-0.0347826086956521,0
2125.0,1816.0,309.0,1268,1243.0,0.1454117647058823,-25.0,-0.0197160883280757,0
1908.0,1632.0,276.0,1962,1957.0,0.1446540880503144,-5.0,-0.0025484199796126,0
1819.0,1473.0,346.0,1790,1634.0,0.1902144035184167,-156.0,-0.0871508379888268,1
1995.0,1454.0,541.0,968,919.0,0.2711779448621554,-49.0,-0.0506198347107438,0
1673.0,670.0,1003.0,978,1020.0,0.5995218170950388,42.0,0.0429447852760736,0
2287.0,1986.0,301.0,2534,2672.0,0.1316134674245736,138.0,0.0544593528018942,0
1129.0,1000.0,129.0,2005,2048.0,0.1142604074402125,43.0,0.0214463840399002,0
832.0,484.0,348.0,1563,1585.0,0.4182692307692308,22.0,0.0140754958413307,1
2275.0,1881.0,394.0,2183,2234.0,0.1731868131868132,51.0,0.0233623453962437,1
1617.0,1534.0,83.0,3013,2847.0,0.0513296227581941,-166.0,-0.0550945901095253,0
1765.0,1592.0,173.0,2698,2674.0,0.0980169971671388,-24.0,-0.0088954781319495,0
1524.0,1156.0,368.0,1761,1836.0,0.2414698162729658,75.0,0.0425894378194207,0
2473.0,1890.0,583.0,1993,2130.0,0.2357460574201375,137.0,0.0687405920722528,0
997.0,692.0,305.0,1453,1660.0,0.3059177532597793,207.0,0.1424638678596008,0
1330.0,799.0,531.0,1301,1493.0,0.3992481203007518,192.0,0.1475787855495772,0
1397.0,233.0,1164.0,838,879.0,0.8332140300644237,41.0,0.048926014319809,0
850.0,834.0,16.0,3384,3460.0,0.0188235294117647,76.0,0.0224586288416075,0
2241.0,2055.0,186.0,1262,1165.0,0.0829986613119143,-97.0,-0.0768621236133122,0
2406.0,1674.0,732.0,1110,1056.0,0.3042394014962593,-54.0,-0.0486486486486486,1
1364.0,301.0,1063.0,1429,1348.0,0.7793255131964809,-81.0,-0.0566829951014695,1
1037.0,485.0,552.0,1113,1139.0,0.532304725168756,26.0,0.0233602875112309,1
2444.0,1066.0,1378.0,1132,1195.0,0.5638297872340425,63.0,0.0556537102473498,0
1716.0,1381.0,335.0,2054,1888.0,0.1952214452214452,-166.0,-0.0808179162609542,1
1434.0,567.0,867.0,1065,1088.0,0.604602510460251,23.0,0.0215962441314554,1
1413.0,416.0,997.0,1093,1129.0,0.7055909412597311,36.0,0.0329368709972552,1
1641.0,1150.0,491.0,1683,1685.0,0.2992078001218769,2.0,0.0011883541295306,0
975.0,732.0,243.0,1997,1833.0,0.2492307692307692,-164.0,-0.0821231847771657,0
1523.0,1161.0,362.0,2060,1902.0,0.2376887721602101,-158.0,-0.0766990291262136,0
2577.0,1603.0,974.0,1778,1671.0,0.3779588668994955,-107.0,-0.0601799775028121,0
1433.0,711.0,722.0,1357,1333.0,0.5038381018841591,-24.0,-0.0176860722181282,0
1209.0,662.0,547.0,1676,1647.0,0.4524400330851943,-29.0,-0.0173031026252983,0
684.0,488.0,196.0,1855,1878.0,0.2865497076023391,23.0,0.012398921832884,0
1625.0,1062.0,563.0,1495,1528.0,0.3464615384615385,33.0,0.0220735785953177,0
897.0,572.0,325.0,2053,1976.0,0.3623188405797101,-77.0,-0.0375060886507549,0
1290.0,643.0,647.0,911,928.0,0.5015503875968992,17.0,0.0186608122941822,0
2260.0,1533.0,727.0,1967,1960.0,0.3216814159292035,-7.0,-0.0035587188612099,0
1374.0,650.0,724.0,1351,1474.0,0.5269286754002911,123.0,0.0910436713545521,0
2448.0,2297.0,151.0,2742,2542.0,0.0616830065359477,-200.0,-0.0729394602479941,0
1545.0,1384.0,161.0,2767,2918.0,0.1042071197411003,151.0,0.0545717383447777,0
1230.0,353.0,877.0,855,894.0,0.7130081300813008,39.0,0.0456140350877193,0
1161.0,670.0,491.0,871,987.0,0.4229112833763996,116.0,0.1331802525832376,0
988.0,604.0,384.0,1598,1565.0,0.388663967611336,-33.0,-0.0206508135168961,1
67.0,19.0,48.0,2583,2682.0,0.7164179104477612,99.0,0.0383275261324041,0
1645.0,1427.0,218.0,2386,2550.0,0.1325227963525836,164.0,0.0687342833193629,0
2612.0,722.0,1890.0,1242,1257.0,0.723583460949464,15.0,0.0120772946859903,0
951.0,380.0,571.0,1483,1548.0,0.6004206098843323,65.0,0.0438300741739716,0
1793.0,365.0,1428.0,1112,1151.0,0.7964305633017289,39.0,0.0350719424460431,1
900.0,659.0,241.0,1223,1414.0,0.2677777777777778,191.0,0.1561733442354865,1
1533.0,708.0,825.0,1046,1100.0,0.538160469667319,54.0,0.0516252390057361,1
818.0,329.0,489.0,1272,1311.0,0.597799511002445,39.0,0.0306603773584905,1
1287.0,567.0,720.0,1052,1156.0,0.5594405594405595,104.0,0.0988593155893536,1
1277.0,593.0,684.0,1010,1099.0,0.5356303837118246,89.0,0.0881188118811881,1
1269.0,342.0,927.0,881,991.0,0.7304964539007093,110.0,0.1248581157775255,0
996.0,94.0,902.0,932,1012.0,0.9056224899598394,80.0,0.0858369098712446,0
1047.0,557.0,490.0,1354,1195.0,0.4680038204393505,-159.0,-0.1174298375184638,0
1306.0,226.0,1080.0,926,1007.0,0.8269525267993875,81.0,0.0874730021598272,0
1134.0,637.0,497.0,1628,1657.0,0.4382716049382716,29.0,0.0178132678132678,0
1589.0,423.0,1166.0,1149,1219.0,0.7337948395217118,70.0,0.0609225413402959,1
460.0,256.0,204.0,802,807.0,0.4434782608695652,5.0,0.0062344139650872,0
1441.0,409.0,1032.0,1011,1078.0,0.7161693268563497,67.0,0.0662710187932739,1
1386.0,730.0,656.0,1217,1305.0,0.4733044733044733,88.0,0.0723089564502875,0
894.0,330.0,564.0,1114,1127.0,0.6308724832214765,13.0,0.011669658886894,0
559.0,215.0,344.0,1435,1335.0,0.6153846153846154,-100.0,-0.0696864111498257,0
1239.0,576.0,663.0,1078,1140.0,0.5351089588377724,62.0,0.0575139146567718,0
1461.0,641.0,820.0,1165,1181.0,0.5612594113620808,16.0,0.0137339055793991,1
739.0,488.0,251.0,1248,1258.0,0.3396481732070365,10.0,0.0080128205128205,0
1183.0,842.0,341.0,1663,1364.0,0.2882502113271344,-299.0,-0.179795550210463,0
1320.0,735.0,585.0,1329,1342.0,0.4431818181818182,13.0,0.0097817908201655,0
444.0,263.0,181.0,1176,1244.0,0.4076576576576576,68.0,0.0578231292517006,0
1005.0,593.0,412.0,1506,1485.0,0.4099502487562189,-21.0,-0.0139442231075697,0
1300.0,941.0,359.0,2044,2131.0,0.2761538461538461,87.0,0.0425636007827788,0
2064.0,1606.0,458.0,2332,2293.0,0.2218992248062015,-39.0,-0.0167238421955403,0
1357.0,890.0,467.0,1952,1920.0,0.344141488577745,-32.0,-0.0163934426229508,0
1017.0,332.0,685.0,1200,1361.0,0.6735496558505408,161.0,0.1341666666666666,0
1391.0,664.0,727.0,1560,1385.0,0.5226455787203451,-175.0,-0.1121794871794871,0
1001.0,850.0,151.0,2028,2046.0,0.1508491508491508,18.0,0.0088757396449704,0
1743.0,889.0,854.0,1350,1242.0,0.4899598393574297,-108.0,-0.08,0
1149.0,606.0,543.0,1055,1135.0,0.4725848563968668,80.0,0.0758293838862559,1
1384.0,591.0,793.0,977,994.0,0.5729768786127167,17.0,0.0174002047082906,0
542.0,482.0,60.0,1719,1658.0,0.1107011070110701,-61.0,-0.0354857475276323,0
2170.0,599.0,1571.0,967,933.0,0.723963133640553,-34.0,-0.0351602895553257,1
1541.0,888.0,653.0,1285,1438.0,0.4237508111615833,153.0,0.1190661478599221,0
1542.0,672.0,870.0,1376,1395.0,0.5642023346303502,19.0,0.0138081395348837,1
2311.0,1618.0,693.0,1500,1490.0,0.2998701860666378,-10.0,-0.0066666666666666,1
1766.0,218.0,1548.0,1247,1257.0,0.8765571913929785,10.0,0.008019246190858,1
789.0,0.0,789.0,1180,1271.0,1.0,91.0,0.0771186440677966,1
1324.0,683.0,641.0,1225,1354.0,0.4841389728096676,129.0,0.1053061224489795,0
1475.0,434.0,1041.0,948,961.0,0.7057627118644068,13.0,0.0137130801687763,1
947.0,141.0,806.0,777,820.0,0.8511087645195353,43.0,0.0553410553410553,0
1890.0,1707.0,183.0,2328,2273.0,0.0968253968253968,-55.0,-0.0236254295532646,0
1343.0,665.0,678.0,1283,1419.0,0.5048399106478034,136.0,0.1060015588464536,1
687.0,0.0,687.0,2308,2407.0,1.0,99.0,0.0428942807625649,1
1117.0,420.0,697.0,975,1024.0,0.6239928379588182,49.0,0.0502564102564102,0
1016.0,279.0,737.0,1122,1150.0,0.7253937007874016,28.0,0.0249554367201426,0
2127.0,1734.0,393.0,2027,2108.0,0.1847672778561354,81.0,0.039960532807104,0
2510.0,1689.0,821.0,2418,2389.0,0.3270916334661354,-29.0,-0.0119933829611248,0
2564.0,1723.0,841.0,1986,2110.0,0.328003120124805,124.0,0.0624370594159113,1
1011.0,795.0,216.0,1833,1983.0,0.2136498516320474,150.0,0.0818330605564648,1
930.0,509.0,421.0,1137,1222.0,0.4526881720430107,85.0,0.0747581354441512,1
1010.0,620.0,390.0,1223,1130.0,0.3861386138613861,-93.0,-0.0760425183973834,1
2626.0,872.0,1754.0,1284,1339.0,0.667936024371668,55.0,0.042834890965732,1
1132.0,57.0,1075.0,1194,1181.0,0.9496466431095406,-13.0,-0.0108877721943048,1
2501.0,307.0,2194.0,1709,1806.0,0.877249100359856,97.0,0.0567583382094792,0
1628.0,815.0,813.0,1214,1236.0,0.4993857493857493,22.0,0.0181219110378912,1
1502.0,555.0,947.0,955,1028.0,0.6304926764314248,73.0,0.0764397905759162,0
1485.0,761.0,724.0,1195,1325.0,0.4875420875420875,130.0,0.1087866108786611,0
1199.0,685.0,514.0,1322,1448.0,0.4286905754795663,126.0,0.0953101361573373,1
2156.0,1483.0,673.0,1503,1477.0,0.312152133580705,-26.0,-0.0172987358616101,0
1336.0,918.0,418.0,1759,1758.0,0.312874251497006,-1.0,-0.000568504832291,0
1328.0,1020.0,308.0,1022,1033.0,0.2319277108433735,11.0,0.0107632093933463,0
2401.0,1439.0,962.0,911,959.0,0.4006663890045814,48.0,0.0526893523600439,0
1439.0,1006.0,433.0,792,798.0,0.30090340514246,6.0,0.0075757575757575,0
2511.0,1758.0,753.0,1236,1249.0,0.2998805256869773,13.0,0.0105177993527508,0
1033.0,849.0,184.0,1045,1040.0,0.1781219748305905,-5.0,-0.0047846889952153,0
2919.0,2079.0,840.0,1509,1481.0,0.2877697841726618,-28.0,-0.0185553346587143,0
1561.0,1152.0,409.0,1047,931.0,0.262011531069827,-116.0,-0.110792741165234,1
1536.0,1152.0,384.0,1188,1160.0,0.25,-28.0,-0.0235690235690235,0
1341.0,970.0,371.0,1083,1228.0,0.2766592095451156,145.0,0.1338873499538319,0
2186.0,1561.0,625.0,788,805.0,0.2859103385178408,17.0,0.0215736040609137,1
1150.0,798.0,352.0,782,746.0,0.3060869565217391,-36.0,-0.0460358056265984,0
1089.0,496.0,593.0,576,592.0,0.5445362718089991,16.0,0.0277777777777777,1
2070.0,1207.0,863.0,820,840.0,0.4169082125603864,20.0,0.024390243902439,0
1546.0,970.0,576.0,694,655.0,0.3725743855109961,-39.0,-0.0561959654178674,1
1214.0,672.0,542.0,688,689.0,0.4464579901153213,1.0,0.001453488372093,0
1658.0,628.0,1030.0,726,725.0,0.6212303980699638,-1.0,-0.0013774104683195,0
1352.0,778.0,574.0,628,624.0,0.4245562130177515,-4.0,-0.0063694267515923,0
870.0,612.0,258.0,613,723.0,0.296551724137931,110.0,0.1794453507340946,0
674.0,489.0,185.0,555,568.0,0.2744807121661721,13.0,0.0234234234234234,1
1051.0,824.0,227.0,647,751.0,0.2159847764034253,104.0,0.160741885625966,0
1403.0,760.0,643.0,642,627.0,0.458303635067712,-15.0,-0.0233644859813084,0
1176.0,966.0,210.0,695,811.0,0.1785714285714285,116.0,0.1669064748201439,0
2454.0,1011.0,1443.0,770,833.0,0.5880195599022005,63.0,0.0818181818181818,0
994.0,748.0,246.0,736,793.0,0.2474849094567404,57.0,0.077445652173913,0
1136.0,968.0,168.0,1190,1386.0,0.1478873239436619,196.0,0.1647058823529411,1
747.0,507.0,240.0,988,1283.0,0.321285140562249,295.0,0.298582995951417,0
1256.0,178.0,1078.0,1399,1464.0,0.85828025477707,65.0,0.0464617583988563,0
1857.0,510.0,1347.0,1432,1469.0,0.7253634894991923,37.0,0.0258379888268156,0
1980.0,647.0,1333.0,1502,1764.0,0.6732323232323232,262.0,0.1744340878828229,0
1548.0,164.0,1384.0,1460,1442.0,0.8940568475452196,-18.0,-0.0123287671232876,1
1531.0,792.0,739.0,1819,1897.0,0.4826910516002612,78.0,0.0428807036833424,1
2976.0,2014.0,962.0,1684,1725.0,0.323252688172043,41.0,0.0243467933491686,1
980.0,506.0,474.0,1143,1178.0,0.4836734693877551,35.0,0.0306211723534558,0
1196.0,1054.0,142.0,1856,2035.0,0.1187290969899665,179.0,0.0964439655172413,1
2239.0,1368.0,871.0,1610,1635.0,0.3890129522108084,25.0,0.015527950310559,1
1159.0,404.0,755.0,1396,1496.0,0.6514236410698878,100.0,0.0716332378223495,1
2654.0,407.0,2247.0,1181,1220.0,0.846646571213263,39.0,0.0330228619813717,0
1294.0,1000.0,294.0,3300,3088.0,0.2272024729520865,-212.0,-0.0642424242424242,0
1829.0,1440.0,389.0,2164,2260.0,0.2126845270639693,96.0,0.044362292051756,0
2491.0,1660.0,831.0,1674,1652.0,0.3336009634684865,-22.0,-0.013142174432497,0
2395.0,1448.0,947.0,1581,1666.0,0.3954070981210856,85.0,0.053763440860215,0
2320.0,1680.0,640.0,1703,1858.0,0.2758620689655172,155.0,0.091015854374633,1
852.0,698.0,154.0,1681,1914.0,0.1807511737089202,233.0,0.1386079714455681,1
3566.0,2598.0,968.0,1736,1810.0,0.2714526079641054,74.0,0.042626728110599,0
1277.0,955.0,322.0,1405,1578.0,0.2521534847298355,173.0,0.1231316725978647,0
1432.0,485.0,947.0,1081,1041.0,0.6613128491620112,-40.0,-0.0370027752081406,1
826.0,443.0,383.0,1363,1469.0,0.463680387409201,106.0,0.0777696258253851,1
1865.0,693.0,1172.0,841,841.0,0.6284182305630027,0.0,0.0,1
1501.0,494.0,1007.0,956,956.0,0.6708860759493671,0.0,0.0,1
1270.0,735.0,535.0,1301,1335.0,0.421259842519685,34.0,0.0261337432744043,0
2210.0,441.0,1769.0,853,902.0,0.8004524886877828,49.0,0.0574443141852286,0
1321.0,700.0,621.0,968,998.0,0.4700984102952308,30.0,0.03099173553719,0
1473.0,896.0,577.0,1981,1935.0,0.3917175831636116,-46.0,-0.0232205956587582,0
1448.0,804.0,644.0,2349,2336.0,0.4447513812154696,-13.0,-0.0055342699020859,1
2221.0,819.0,1402.0,1345,1368.0,0.6312471859522738,23.0,0.0171003717472118,1
2009.0,1188.0,821.0,1502,1603.0,0.408661025385764,101.0,0.0672436750998668,0
1165.0,700.0,465.0,1374,1539.0,0.3991416309012875,165.0,0.1200873362445414,0
1043.0,0.0,1043.0,1553,1589.0,1.0,36.0,0.0231809401159047,1
303.0,0.0,303.0,743,798.0,1.0,55.0,0.0740242261103634,1
1892.0,920.0,972.0,970,1006.0,0.5137420718816068,36.0,0.0371134020618556,1
808.0,160.0,648.0,1715,1932.0,0.801980198019802,217.0,0.1265306122448979,0
1573.0,28.0,1545.0,1378,1438.0,0.9821996185632548,60.0,0.0435413642960812,0
1544.0,19.0,1525.0,1455,1429.0,0.9876943005181348,-26.0,-0.0178694158075601,1
2917.0,1138.0,1779.0,1662,1677.0,0.6098731573534453,15.0,0.0090252707581227,0
832.0,587.0,245.0,1646,2037.0,0.2944711538461538,391.0,0.2375455650060753,1
1457.0,1161.0,296.0,2312,2266.0,0.2031571722717913,-46.0,-0.0198961937716262,1
1198.0,829.0,369.0,1460,1605.0,0.3080133555926544,145.0,0.0993150684931506,0
1157.0,106.0,1051.0,1349,1403.0,0.9083837510803804,54.0,0.0400296515937731,0
2479.0,1512.0,967.0,1517,1384.0,0.390076643807987,-133.0,-0.087673038892551,0
620.0,514.0,106.0,1406,1479.0,0.1709677419354838,73.0,0.0519203413940256,0
1508.0,976.0,532.0,2292,2142.0,0.3527851458885941,-150.0,-0.0654450261780104,1
1315.0,781.0,534.0,1798,1932.0,0.406083650190114,134.0,0.0745272525027808,0
2303.0,835.0,1468.0,1929,1496.0,0.6374294398610508,-433.0,-0.2244686365992742,1
1224.0,730.0,494.0,1905,2051.0,0.4035947712418301,146.0,0.0766404199475065,0
379.0,246.0,133.0,942,922.0,0.3509234828496042,-20.0,-0.0212314225053078,1
1139.0,840.0,299.0,2043,1996.0,0.2625109745390693,-47.0,-0.0230053842388644,1
1215.0,896.0,319.0,1254,1314.0,0.2625514403292181,60.0,0.0478468899521531,1
1171.0,535.0,636.0,1002,1112.0,0.5431255337318531,110.0,0.1097804391217564,0
1435.0,1230.0,205.0,2381,2732.0,0.1428571428571428,351.0,0.1474170516589668,0
1792.0,1371.0,421.0,2188,2223.0,0.2349330357142857,35.0,0.0159963436928702,0
2146.0,1700.0,446.0,1733,1752.0,0.2078285181733457,19.0,0.0109636468551644,0
1269.0,419.0,850.0,1113,1162.0,0.6698187549251379,49.0,0.0440251572327044,1
1702.0,299.0,1403.0,934,957.0,0.8243243243243243,23.0,0.0246252676659528,1
1383.0,571.0,812.0,1062,1144.0,0.5871294287780188,82.0,0.0772128060263653,0
1570.0,1336.0,234.0,2222,2238.0,0.1490445859872611,16.0,0.0072007200720072,0
2100.0,1041.0,1059.0,1499,1655.0,0.5042857142857143,156.0,0.1040693795863909,0
1543.0,175.0,1368.0,969,983.0,0.8865845755022683,14.0,0.0144478844169246,0
1462.0,1312.0,150.0,1467,1752.0,0.1025991792065663,285.0,0.1942740286298568,1
1927.0,1544.0,383.0,1433,1578.0,0.1987545407368967,145.0,0.1011863224005582,0
1620.0,1236.0,384.0,1686,1720.0,0.237037037037037,34.0,0.0201660735468564,0
2143.0,652.0,1491.0,1185,1193.0,0.6957536164255717,8.0,0.0067510548523206,1
2460.0,1753.0,707.0,1959,2072.0,0.2873983739837398,113.0,0.0576824910668708,0
1274.0,1071.0,203.0,2657,2821.0,0.1593406593406593,164.0,0.0617237485886337,0
1693.0,1287.0,406.0,1514,1520.0,0.2398109864146485,6.0,0.0039630118890356,0
777.0,386.0,391.0,1276,1281.0,0.5032175032175032,5.0,0.0039184952978056,1
1365.0,626.0,739.0,1098,940.0,0.5413919413919414,-158.0,-0.1438979963570127,0
1477.0,771.0,706.0,1192,1232.0,0.4779959377115775,40.0,0.0335570469798657,1
1532.0,822.0,710.0,1660,1813.0,0.4634464751958224,153.0,0.0921686746987951,0
2249.0,870.0,1379.0,1364,1359.0,0.6131614050689195,-5.0,-0.0036656891495601,1
2243.0,1598.0,645.0,1858,1727.0,0.287561301827909,-131.0,-0.0705059203444564,1
1530.0,1108.0,422.0,1792,1822.0,0.2758169934640523,30.0,0.0167410714285714,0
1528.0,637.0,891.0,1566,1536.0,0.5831151832460733,-30.0,-0.0191570881226053,1
1337.0,337.0,1000.0,1514,1599.0,0.7479431563201197,85.0,0.0561426684280052,0
1370.0,458.0,912.0,1026,1124.0,0.6656934306569343,98.0,0.0955165692007797,0
2389.0,1982.0,407.0,1778,1623.0,0.1703641691084135,-155.0,-0.0871766029246344,0
3014.0,1229.0,1785.0,1197,1246.0,0.5922362309223623,49.0,0.0409356725146198,0
2684.0,1990.0,694.0,1392,1500.0,0.2585692995529061,108.0,0.0775862068965517,1
44.0,0.0,44.0,858,763.0,1.0,-95.0,-0.1107226107226107,1
2364.0,1653.0,711.0,1425,1394.0,0.3007614213197969,-31.0,-0.0217543859649122,1
1518.0,123.0,1395.0,1115,1143.0,0.9189723320158104,28.0,0.0251121076233183,1
1900.0,1507.0,393.0,1448,1551.0,0.2068421052631578,103.0,0.0711325966850828,0
1556.0,1231.0,325.0,1757,1792.0,0.2088688946015424,35.0,0.0199203187250996,0
1021.0,830.0,191.0,1416,1455.0,0.1870714985308521,39.0,0.0275423728813559,0
760.0,392.0,368.0,695,735.0,0.4842105263157895,40.0,0.0575539568345323,0
1746.0,602.0,1144.0,671,670.0,0.6552119129438717,-1.0,-0.0014903129657228,1
2012.0,689.0,1323.0,760,748.0,0.6575546719681908,-12.0,-0.0157894736842105,0
466.0,376.0,90.0,282,294.0,0.1931330472103004,12.0,0.0425531914893617,0
2070.0,1191.0,879.0,1047,1017.0,0.4246376811594203,-30.0,-0.0286532951289398,0
2045.0,1244.0,801.0,980,1077.0,0.3916870415647921,97.0,0.0989795918367346,0
1730.0,499.0,1231.0,660,669.0,0.7115606936416184,9.0,0.0136363636363636,0
1428.0,928.0,500.0,1131,1096.0,0.3501400560224089,-35.0,-0.030946065428824,0
1109.0,231.0,878.0,734,746.0,0.7917042380522994,12.0,0.0163487738419618,0
2240.0,1580.0,660.0,1238,1207.0,0.2946428571428571,-31.0,-0.0250403877221324,0
979.0,355.0,624.0,369,326.0,0.6373850868232891,-43.0,-0.1165311653116531,0
110.0,64.0,46.0,325,305.0,0.4181818181818181,-20.0,-0.0615384615384615,1
1995.0,1106.0,889.0,655,678.0,0.4456140350877193,23.0,0.0351145038167938,0
1374.0,665.0,709.0,681,628.0,0.5160116448326055,-53.0,-0.0778267254038179,1
2192.0,1233.0,959.0,647,705.0,0.4375,58.0,0.0896445131375579,1
1973.0,1403.0,570.0,1618,1644.0,0.2889001520527116,26.0,0.0160692212608158,0
1843.0,561.0,1282.0,633,648.0,0.695604991861096,15.0,0.0236966824644549,1
1964.0,501.0,1463.0,682,666.0,0.744908350305499,-16.0,-0.0234604105571847,1
2587.0,1650.0,937.0,918,1060.0,0.3621955933513722,142.0,0.1546840958605664,0
353.0,252.0,101.0,513,697.0,0.2861189801699716,184.0,0.3586744639376218,1
3586.0,2368.0,1218.0,1091,1092.0,0.339654210819855,1.0,0.0009165902841429,1
1170.0,690.0,480.0,687,679.0,0.4102564102564102,-8.0,-0.0116448326055312,1
1698.0,1325.0,373.0,1979,1880.0,0.2196702002355712,-99.0,-0.0500252652854977,0
1221.0,858.0,363.0,629,629.0,0.2972972972972973,0.0,0.0,1
1216.0,489.0,727.0,712,786.0,0.5978618421052632,74.0,0.1039325842696629,0
445.0,322.0,123.0,873,918.0,0.2764044943820224,45.0,0.0515463917525773,0
441.0,234.0,207.0,784,897.0,0.4693877551020408,113.0,0.1441326530612245,1
1744.0,839.0,905.0,873,861.0,0.5189220183486238,-12.0,-0.0137457044673539,0
1171.0,1058.0,113.0,1589,1484.0,0.0964987190435525,-105.0,-0.066079295154185,0
2690.0,1912.0,778.0,1338,1358.0,0.2892193308550186,20.0,0.014947683109118,0
1759.0,1198.0,561.0,1056,1072.0,0.3189312109152928,16.0,0.0151515151515151,0
1783.0,1035.0,748.0,1438,1434.0,0.4195176668536175,-4.0,-0.0027816411682892,1
1140.0,1031.0,109.0,2174,2181.0,0.0956140350877193,7.0,0.0032198712051517,0
2293.0,1320.0,973.0,1577,1491.0,0.4243349324029655,-86.0,-0.0545339251743817,1
1290.0,659.0,631.0,1143,1106.0,0.4891472868217054,-37.0,-0.0323709536307961,1
734.0,512.0,222.0,2088,1575.0,0.3024523160762943,-513.0,-0.2456896551724137,0
540.0,372.0,168.0,1226,1205.0,0.3111111111111111,-21.0,-0.0171288743882544,1
1714.0,1129.0,585.0,1443,1522.0,0.3413068844807468,79.0,0.0547470547470547,0
919.0,725.0,194.0,1844,1950.0,0.2110990206746463,106.0,0.0574837310195227,1
1000.0,287.0,713.0,1362,1496.0,0.713,134.0,0.0983847283406754,1
2321.0,1121.0,1200.0,1445,1491.0,0.5170185264971995,46.0,0.031833910034602,1
797.0,534.0,263.0,1956,1965.0,0.3299874529485571,9.0,0.004601226993865,0
1986.0,1129.0,857.0,956,1101.0,0.431520644511581,145.0,0.151673640167364,0
861.0,469.0,392.0,1259,1222.0,0.4552845528455284,-37.0,-0.0293884034948371,0
1243.0,885.0,358.0,1267,1232.0,0.2880128720836685,-35.0,-0.0276243093922651,1
1859.0,835.0,1024.0,1242,1280.0,0.5508337816030123,38.0,0.0305958132045088,1
778.0,165.0,613.0,1143,1136.0,0.787917737789203,-7.0,-0.0061242344706911,1
1614.0,1337.0,277.0,1679,1745.0,0.1716232961586121,66.0,0.0393091125670041,1
1851.0,1013.0,838.0,1246,1484.0,0.4527282549972987,238.0,0.1910112359550561,1
1582.0,983.0,599.0,1552,1611.0,0.3786346396965866,59.0,0.0380154639175257,0
1007.0,548.0,459.0,1341,1457.0,0.4558093346573982,116.0,0.0865026099925428,1
1113.0,956.0,157.0,2528,2428.0,0.1410601976639712,-100.0,-0.0395569620253164,0
1337.0,680.0,657.0,1743,1818.0,0.4913986537023186,75.0,0.0430292598967297,0
867.0,496.0,371.0,1663,1470.0,0.4279123414071511,-193.0,-0.116055321707757,1
1749.0,745.0,1004.0,1270,1266.0,0.5740423098913665,-4.0,-0.0031496062992125,1
1161.0,686.0,475.0,1621,1828.0,0.409130060292851,207.0,0.1276989512646514,1
1871.0,1641.0,230.0,1884,1959.0,0.1229289150187065,75.0,0.0398089171974522,0
692.0,608.0,84.0,2505,1997.0,0.1213872832369942,-508.0,-0.2027944111776447,0
871.0,670.0,201.0,2002,2213.0,0.2307692307692307,211.0,0.1053946053946053,0
1057.0,771.0,286.0,2030,2073.0,0.2705771050141911,43.0,0.0211822660098522,0
770.0,722.0,48.0,2203,2551.0,0.0623376623376623,348.0,0.1579664094416704,0
806.0,574.0,232.0,1909,1877.0,0.2878411910669975,-32.0,-0.0167627029858564,1
1528.0,1212.0,316.0,2251,2164.0,0.206806282722513,-87.0,-0.0386494891159484,1
1130.0,962.0,168.0,2666,2498.0,0.1486725663716814,-168.0,-0.0630157539384846,0
297.0,230.0,67.0,2262,2493.0,0.2255892255892256,231.0,0.1021220159151193,0
1015.0,466.0,549.0,1469,1519.0,0.5408866995073892,50.0,0.0340367597004765,0
1570.0,1000.0,570.0,1459,1683.0,0.3630573248407643,224.0,0.1535298149417409,0
1051.0,304.0,747.0,1052,1026.0,0.7107516650808754,-26.0,-0.0247148288973384,0
1469.0,916.0,553.0,1397,1514.0,0.3764465622872702,117.0,0.0837508947745168,1
1955.0,1713.0,242.0,1138,1082.0,0.1237851662404092,-56.0,-0.0492091388400703,1
2397.0,54.0,2343.0,1008,1021.0,0.9774718397997496,13.0,0.0128968253968253,1
2007.0,678.0,1329.0,1781,1667.0,0.6621823617339312,-114.0,-0.0640089837170129,1
2392.0,1046.0,1346.0,2625,2738.0,0.5627090301003345,113.0,0.043047619047619,0
1860.0,957.0,903.0,2161,2281.0,0.4854838709677419,120.0,0.0555298472929199,0
1513.0,531.0,982.0,2002,2100.0,0.6490416391275612,98.0,0.0489510489510489,0
1611.0,719.0,892.0,1947,2168.0,0.5536933581626319,221.0,0.113507960965588,1
2412.0,596.0,1816.0,1659,1637.0,0.7529021558872305,-22.0,-0.0132610006027727,1
1532.0,740.0,792.0,2482,2452.0,0.5169712793733682,-30.0,-0.0120870265914585,1
1219.0,822.0,397.0,1783,1669.0,0.3256767842493847,-114.0,-0.0639371845204711,0
1135.0,628.0,507.0,1308,1133.0,0.4466960352422907,-175.0,-0.1337920489296636,1
1722.0,1223.0,499.0,1216,1634.0,0.2897793263646922,418.0,0.34375,0
894.0,568.0,326.0,1882,1846.0,0.3646532438478747,-36.0,-0.0191285866099893,0
1206.0,861.0,345.0,1649,1898.0,0.2860696517412935,249.0,0.1510006064281382,1
1863.0,698.0,1165.0,1174,1223.0,0.6253354804079442,49.0,0.0417376490630323,1
1568.0,734.0,834.0,1553,1560.0,0.5318877551020408,7.0,0.004507405022537,1
1744.0,398.0,1346.0,1640,1613.0,0.7717889908256881,-27.0,-0.0164634146341463,1
950.0,282.0,668.0,2014,1708.0,0.7031578947368421,-306.0,-0.1519364448857994,1
2306.0,615.0,1691.0,1714,1833.0,0.733304423243712,119.0,0.0694282380396732,1
2965.0,560.0,2405.0,1271,1334.0,0.8111298482293423,63.0,0.049567269866247,0
1345.0,536.0,809.0,1755,2193.0,0.6014869888475837,438.0,0.2495726495726495,0
2122.0,735.0,1387.0,1596,1777.0,0.6536286522148916,181.0,0.1134085213032581,0
1372.0,766.0,606.0,1179,1071.0,0.4416909620991253,-108.0,-0.0916030534351145,1
1727.0,671.0,1056.0,1331,1413.0,0.6114649681528662,82.0,0.0616078136739293,1
2407.0,675.0,1732.0,1481,1518.0,0.7195679268799335,37.0,0.024983119513842,0
1128.0,11.0,1117.0,2381,2414.0,0.9902482269503546,33.0,0.0138597228055438,1
1905.0,1201.0,704.0,1395,1328.0,0.3695538057742782,-67.0,-0.0480286738351254,1
1907.0,311.0,1596.0,1401,1335.0,0.8369166229680126,-66.0,-0.0471092077087794,1
1290.0,641.0,649.0,1456,1457.0,0.5031007751937985,1.0,0.0006868131868131,1
2325.0,1171.0,1154.0,1840,1822.0,0.4963440860215053,-18.0,-0.0097826086956521,1
2411.0,1447.0,964.0,1684,1721.0,0.3998340937370386,37.0,0.0219714964370546,1
1710.0,1049.0,661.0,1434,1434.0,0.3865497076023392,0.0,0.0,1
2169.0,1374.0,795.0,1358,1345.0,0.3665283540802213,-13.0,-0.0095729013254786,1
2185.0,479.0,1706.0,1390,1512.0,0.7807780320366132,122.0,0.0877697841726618,0
1551.0,472.0,1079.0,1281,1262.0,0.6956802063185042,-19.0,-0.0148321623731459,1
1570.0,366.0,1204.0,2399,2374.0,0.7668789808917198,-25.0,-0.0104210087536473,0
1595.0,225.0,1370.0,543,564.0,0.8589341692789969,21.0,0.0386740331491712,1
2335.0,548.0,1787.0,1477,1510.0,0.7653104925053533,33.0,0.0223425863236289,1
663.0,156.0,507.0,1357,1682.0,0.7647058823529411,325.0,0.2394988946204863,1
992.0,508.0,484.0,2125,2608.0,0.4879032258064516,483.0,0.2272941176470588,1
1725.0,703.0,1022.0,1728,1970.0,0.592463768115942,242.0,0.1400462962962963,1
1196.0,186.0,1010.0,461,478.0,0.8444816053511706,17.0,0.0368763557483731,1
1270.0,962.0,308.0,1543,1642.0,0.24251968503937,99.0,0.0641607258587167,1
1337.0,1006.0,331.0,1836,1667.0,0.2475691847419596,-169.0,-0.0920479302832244,0
917.0,168.0,749.0,479,461.0,0.816793893129771,-18.0,-0.0375782881002087,1
3565.0,1159.0,2406.0,2501,2660.0,0.6748948106591866,159.0,0.0635745701719312,0
1547.0,804.0,743.0,1520,1601.0,0.480284421460892,81.0,0.0532894736842105,1
1454.0,194.0,1260.0,1381,1471.0,0.8665749656121046,90.0,0.0651701665459811,1
2617.0,564.0,2053.0,1585,1728.0,0.784486052732136,143.0,0.0902208201892744,1
700.0,13.0,687.0,632,661.0,0.9814285714285714,29.0,0.045886075949367,0
2043.0,89.0,1954.0,1085,1154.0,0.956436612824278,69.0,0.0635944700460829,1
2230.0,885.0,1345.0,1793,1845.0,0.6031390134529148,52.0,0.0290016731734523,1
2399.0,214.0,2185.0,1202,1315.0,0.9107961650687788,113.0,0.0940099833610648,0
2629.0,214.0,2415.0,719,556.0,0.9186002282236592,-163.0,-0.2267037552155772,1
1967.0,375.0,1592.0,1348,1339.0,0.8093543467208948,-9.0,-0.0066765578635014,1
3331.0,304.0,3027.0,842,793.0,0.9087361152806964,-49.0,-0.0581947743467933,1
2637.0,606.0,2031.0,992,1009.0,0.770193401592719,17.0,0.0171370967741935,1
2519.0,1050.0,1469.0,2003,2140.0,0.5831679237792775,137.0,0.0683974038941587,0
1808.0,221.0,1587.0,1031,1080.0,0.8777654867256637,49.0,0.0475266731328807,1
1849.0,1056.0,793.0,2180,2272.0,0.4288804759329367,92.0,0.0422018348623853,0
782.0,523.0,259.0,2878,3231.0,0.3312020460358056,353.0,0.1226546212647672,1
1229.0,355.0,874.0,975,848.0,0.7111472742066721,-127.0,-0.1302564102564102,1
1267.0,819.0,448.0,2060,2247.0,0.3535911602209944,187.0,0.0907766990291262,0
2116.0,1153.0,963.0,1996,2281.0,0.4551039697542533,285.0,0.1427855711422845,0
1213.0,509.0,704.0,2699,2739.0,0.5803792250618302,40.0,0.0148203038162282,1
2452.0,1021.0,1431.0,1901,1935.0,0.583605220228385,34.0,0.01788532351394,1
1590.0,335.0,1255.0,1609,1688.0,0.789308176100629,79.0,0.0490988191423244,1
884.0,760.0,124.0,3996,3606.0,0.1402714932126696,-390.0,-0.0975975975975975,0
653.0,346.0,307.0,775,1288.0,0.4701378254211332,513.0,0.6619354838709678,1
807.0,671.0,136.0,2589,2873.0,0.1685254027261462,284.0,0.1096948628814214,0
1243.0,1001.0,242.0,1945,2052.0,0.1946902654867256,107.0,0.055012853470437,1
695.0,0.0,695.0,1540,1592.0,1.0,52.0,0.0337662337662337,1
2865.0,409.0,2456.0,1106,1234.0,0.8572425828970331,128.0,0.1157323688969258,1
918.0,65.0,853.0,814,902.0,0.9291938997821352,88.0,0.1081081081081081,1
2489.0,521.0,1968.0,1695,1815.0,0.7906789875451988,120.0,0.0707964601769911,1
615.0,0.0,615.0,1999,1841.0,1.0,-158.0,-0.0790395197598799,1
1718.0,710.0,1008.0,1822,1940.0,0.5867287543655413,118.0,0.0647639956092206,1
1942.0,1338.0,604.0,1561,1597.0,0.3110195674562307,36.0,0.0230621396540679,1
589.0,172.0,417.0,1236,1226.0,0.7079796264855688,-10.0,-0.0080906148867313,1
1347.0,398.0,949.0,1427,1515.0,0.7045285820341499,88.0,0.0616678346180798,1
828.0,297.0,531.0,1490,1587.0,0.6413043478260869,97.0,0.0651006711409395,1
1246.0,413.0,833.0,1393,1467.0,0.6685393258426966,74.0,0.0531227566403445,1
2653.0,819.0,1834.0,1588,1705.0,0.6912928759894459,117.0,0.0736775818639798,1
2458.0,579.0,1879.0,1549,1584.0,0.7644426362896664,35.0,0.0225952227243382,1
1453.0,1165.0,288.0,1792,2411.0,0.1982105987611837,619.0,0.3454241071428571,1
2227.0,736.0,1491.0,1510,1621.0,0.6695105523125281,111.0,0.0735099337748344,0
1097.0,405.0,692.0,1592,1706.0,0.6308113035551504,114.0,0.071608040201005,1
1097.0,800.0,297.0,1625,1657.0,0.2707383773928897,32.0,0.0196923076923076,1
1112.0,555.0,557.0,1253,1310.0,0.5008992805755396,57.0,0.0454908220271348,0
1904.0,500.0,1404.0,1425,1540.0,0.7373949579831933,115.0,0.0807017543859649,1
1309.0,976.0,333.0,2260,2403.0,0.254392666157372,143.0,0.0632743362831858,0
1923.0,1601.0,322.0,2280,2077.0,0.1674466978679147,-203.0,-0.0890350877192982,0
1465.0,397.0,1068.0,1275,1306.0,0.7290102389078499,31.0,0.024313725490196,1
1587.0,66.0,1521.0,1212,1320.0,0.9584120982986768,108.0,0.0891089108910891,1
2584.0,219.0,2365.0,1008,1074.0,0.915247678018576,66.0,0.0654761904761904,1
1546.0,0.0,1546.0,831,795.0,1.0,-36.0,-0.0433212996389891,1
1822.0,1219.0,603.0,2032,1850.0,0.3309549945115257,-182.0,-0.0895669291338582,0
1723.0,566.0,1157.0,1347,1469.0,0.6715031921067904,122.0,0.0905716406829992,1
1658.0,779.0,879.0,1213,1376.0,0.5301568154402895,163.0,0.1343775762572135,1
1296.0,738.0,558.0,1657,1453.0,0.4305555555555556,-204.0,-0.1231140615570307,1
5808.0,2447.0,3361.0,2587,2640.0,0.5786845730027548,53.0,0.0204870506378044,0
1177.0,747.0,430.0,1821,1929.0,0.3653355989804588,108.0,0.0593080724876441,1
1980.0,529.0,1451.0,1647,1680.0,0.7328282828282828,33.0,0.0200364298724954,1
2746.0,1838.0,908.0,1867,1869.0,0.3306627822286963,2.0,0.0010712372790573,0
1429.0,600.0,829.0,1485,1347.0,0.5801259622113366,-138.0,-0.0929292929292929,1
1068.0,661.0,407.0,1066,1218.0,0.3810861423220973,152.0,0.1425891181988743,1
2109.0,389.0,1720.0,1587,1588.0,0.8155523944997629,1.0,0.0006301197227473,1
2384.0,1701.0,683.0,1180,1429.0,0.286493288590604,249.0,0.2110169491525423,0
2225.0,636.0,1589.0,1486,1579.0,0.7141573033707865,93.0,0.0625841184387617,1
1856.0,167.0,1689.0,1040,1040.0,0.910021551724138,0.0,0.0,0
1201.0,831.0,370.0,2071,2135.0,0.3080766028309742,64.0,0.0309029454369869,1
1621.0,582.0,1039.0,1712,1794.0,0.6409623689080814,82.0,0.0478971962616822,0
2817.0,923.0,1894.0,1760,1650.0,0.6723464678736244,-110.0,-0.0625,1
2435.0,333.0,2102.0,1140,1183.0,0.8632443531827515,43.0,0.037719298245614,1
1937.0,997.0,940.0,1821,2047.0,0.4852865255549819,226.0,0.1241076331685887,1
1466.0,874.0,592.0,2505,2395.0,0.4038199181446112,-110.0,-0.0439121756487025,1
1243.0,687.0,556.0,2312,2222.0,0.4473049074818986,-90.0,-0.0389273356401384,1
2716.0,193.0,2523.0,532,609.0,0.928939617083947,77.0,0.1447368421052631,1
1430.0,143.0,1287.0,1164,1299.0,0.9,135.0,0.1159793814432989,1
1698.0,398.0,1300.0,1669,1612.0,0.7656065959952886,-57.0,-0.0341521869382864,0
2164.0,1298.0,866.0,1894,1890.0,0.400184842883549,-4.0,-0.0021119324181626,0
2204.0,326.0,1878.0,1391,1532.0,0.852087114337568,141.0,0.1013659237958303,1
1667.0,513.0,1154.0,1551,1607.0,0.6922615476904619,56.0,0.0361057382333978,1
1841.0,581.0,1260.0,1790,1911.0,0.6844106463878327,121.0,0.0675977653631284,1
1553.0,511.0,1042.0,1450,1708.0,0.6709594333547971,258.0,0.1779310344827586,1
1307.0,0.0,1307.0,591,577.0,1.0,-14.0,-0.0236886632825719,1
1666.0,0.0,1666.0,974,1024.0,1.0,50.0,0.0513347022587269,1
2206.0,26.0,2180.0,737,794.0,0.9882139619220308,57.0,0.0773405698778833,1
1886.0,107.0,1779.0,851,901.0,0.9432661717921528,50.0,0.0587544065804935,1
2022.0,23.0,1999.0,558,573.0,0.9886251236399604,15.0,0.0268817204301075,1
2204.0,0.0,2204.0,460,506.0,1.0,46.0,0.1,0
1419.0,281.0,1138.0,1720,1672.0,0.8019732205778718,-48.0,-0.027906976744186,1
1639.0,431.0,1208.0,1810,1885.0,0.7370347773032336,75.0,0.0414364640883977,1
1519.0,272.0,1247.0,1662,1768.0,0.8209348255431205,106.0,0.0637785800240673,1
2064.0,612.0,1452.0,1774,1774.0,0.7034883720930233,0.0,0.0,1
2407.0,492.0,1915.0,1853,1976.0,0.7955961778147072,123.0,0.066378845116028,1
1579.0,333.0,1246.0,2142,1937.0,0.7891070297656745,-205.0,-0.0957049486461251,1
1575.0,469.0,1106.0,1399,1421.0,0.7022222222222222,22.0,0.0157255182273052,0
1368.0,220.0,1148.0,1619,1598.0,0.8391812865497076,-21.0,-0.0129709697344039,0
1640.0,312.0,1328.0,1488,1552.0,0.8097560975609757,64.0,0.043010752688172,1
1569.0,286.0,1283.0,1400,1520.0,0.8177182919056724,120.0,0.0857142857142857,0
1746.0,728.0,1018.0,1850,1947.0,0.5830469644902635,97.0,0.0524324324324324,1
1733.0,599.0,1134.0,1956,2013.0,0.6543566070398154,57.0,0.0291411042944785,1
2222.0,377.0,1845.0,384,415.0,0.8303330333033303,31.0,0.0807291666666666,1
2465.0,740.0,1725.0,1743,1688.0,0.6997971602434077,-55.0,-0.0315547905909351,1
1907.0,344.0,1563.0,1593,1648.0,0.8196119559517567,55.0,0.034526051475204,1
1290.0,821.0,469.0,1782,1615.0,0.3635658914728682,-167.0,-0.0937149270482603,1
1795.0,1253.0,542.0,1680,1830.0,0.3019498607242339,150.0,0.0892857142857142,0
1278.0,869.0,409.0,1690,1789.0,0.3200312989045383,99.0,0.0585798816568047,0
1400.0,0.0,1400.0,1833,1862.0,1.0,29.0,0.0158210583742498,1
1591.0,0.0,1591.0,1725,1731.0,1.0,6.0,0.0034782608695652,0
1715.0,467.0,1248.0,1491,1577.0,0.7276967930029155,86.0,0.0576794097920858,1
1442.0,377.0,1065.0,1747,1700.0,0.7385575589459085,-47.0,-0.026903262736119,1
1628.0,796.0,832.0,1681,1703.0,0.5110565110565111,22.0,0.0130874479476502,1
1635.0,611.0,1024.0,1382,1469.0,0.6262996941896024,87.0,0.0629522431259044,1
2164.0,55.0,2109.0,457,496.0,0.9745841035120149,39.0,0.0853391684901531,0
1107.0,417.0,690.0,1252,1385.0,0.6233062330623306,133.0,0.1062300319488818,1
2391.0,809.0,1582.0,1661,1813.0,0.6616478460895023,152.0,0.0915111378687537,0
76.0,45.0,31.0,1931,1650.0,0.4078947368421052,-281.0,-0.1455204557224236,1
23.0,0.0,23.0,888,896.0,1.0,8.0,0.009009009009009,1
234.0,52.0,182.0,888,520.0,0.7777777777777778,-368.0,-0.4144144144144144,0
110.0,91.0,19.0,1672,1932.0,0.1727272727272727,260.0,0.1555023923444976,0
178.0,40.0,138.0,2391,2680.0,0.7752808988764045,289.0,0.1208699289000418,0
1952.0,496.0,1456.0,1763,2039.0,0.7459016393442623,276.0,0.15655133295519,0
2576.0,198.0,2378.0,984,1154.0,0.9231366459627328,170.0,0.1727642276422764,1
2904.0,875.0,2029.0,1641,1741.0,0.6986914600550964,100.0,0.060938452163315,1
2477.0,854.0,1623.0,1788,1924.0,0.6552280985062575,136.0,0.076062639821029,1
2360.0,1514.0,846.0,1487,1739.0,0.3584745762711864,252.0,0.1694687289845326,1
1543.0,1210.0,333.0,1638,1982.0,0.2158133506156837,344.0,0.21001221001221,0
619.0,368.0,251.0,1309,1530.0,0.4054927302100161,221.0,0.1688311688311688,0
1424.0,738.0,686.0,1665,1689.0,0.4817415730337078,24.0,0.0144144144144144,0
2089.0,635.0,1454.0,1520,1598.0,0.6960268070847295,78.0,0.0513157894736842,1
2757.0,1019.0,1738.0,1540,1493.0,0.6303953572723975,-47.0,-0.0305194805194805,1
1856.0,1074.0,782.0,1529,1422.0,0.4213362068965517,-107.0,-0.0699803793328973,1
654.0,408.0,246.0,1882,1786.0,0.3761467889908257,-96.0,-0.0510095642933049,0
1858.0,934.0,924.0,1723,1959.0,0.4973089343379978,236.0,0.1369704004643064,0
1302.0,581.0,721.0,1738,1739.0,0.553763440860215,1.0,0.0005753739930955,1
1138.0,662.0,476.0,1435,1480.0,0.4182776801405975,45.0,0.0313588850174216,0
1411.0,954.0,457.0,1391,1387.0,0.3238837703756201,-4.0,-0.0028756290438533,1
1261.0,884.0,377.0,1596,1541.0,0.2989690721649484,-55.0,-0.0344611528822055,1
999.0,785.0,214.0,1979,2362.0,0.2142142142142142,383.0,0.1935320869125821,0
2525.0,1618.0,907.0,1876,1972.0,0.3592079207920792,96.0,0.0511727078891258,1
985.0,418.0,567.0,909,941.0,0.5756345177664974,32.0,0.0352035203520352,1
2356.0,583.0,1773.0,1677,1691.0,0.7525466893039049,14.0,0.0083482409063804,1
2657.0,2234.0,423.0,2306,2396.0,0.1592021076401957,90.0,0.039028620988725,1
2761.0,1544.0,1217.0,1694,1866.0,0.4407823252444766,172.0,0.101534828807556,1
2340.0,587.0,1753.0,1983,2015.0,0.7491452991452991,32.0,0.016137165910237,0
986.0,711.0,275.0,1643,1716.0,0.2789046653144016,73.0,0.0444309190505173,1
1117.0,953.0,164.0,1435,1512.0,0.1468218442256043,77.0,0.0536585365853658,1
2266.0,1181.0,1085.0,1884,1794.0,0.4788172992056487,-90.0,-0.0477707006369426,1
2067.0,1693.0,374.0,2486,2738.0,0.1809385582970488,252.0,0.1013676588897827,0
1126.0,780.0,346.0,1912,1973.0,0.3072824156305506,61.0,0.0319037656903765,1
1814.0,1144.0,670.0,1681,1654.0,0.3693495038588754,-27.0,-0.0160618679357525,0
2187.0,1433.0,754.0,1933,1996.0,0.3447645176040237,63.0,0.032591826176927,1
2290.0,2014.0,276.0,2421,2756.0,0.1205240174672489,335.0,0.1383725733168112,1
2587.0,1399.0,1188.0,1719,1595.0,0.4592191727870119,-124.0,-0.0721349621873182,0
1716.0,970.0,746.0,1167,1218.0,0.4347319347319347,51.0,0.0437017994858611,0
1609.0,1071.0,538.0,959,1165.0,0.3343691733996271,206.0,0.2148070907194994,0
1821.0,1195.0,626.0,917,943.0,0.343767160900604,26.0,0.0283533260632497,0
820.0,560.0,260.0,684,778.0,0.3170731707317073,94.0,0.1374269005847953,0
1023.0,640.0,383.0,744,769.0,0.3743890518084066,25.0,0.0336021505376344,1
1203.0,777.0,426.0,854,1002.0,0.3541147132169576,148.0,0.1733021077283372,0
1620.0,1062.0,558.0,1186,1227.0,0.3444444444444444,41.0,0.0345699831365935,1
1845.0,794.0,1051.0,847,861.0,0.5696476964769648,14.0,0.0165289256198347,0
1343.0,898.0,445.0,1235,1372.0,0.3313477289650037,137.0,0.1109311740890688,0
1068.0,650.0,418.0,802,900.0,0.3913857677902622,98.0,0.1221945137157107,0
1497.0,1017.0,480.0,1146,1186.0,0.3206412825651302,40.0,0.0349040139616055,0
1747.0,981.0,766.0,984,970.0,0.4384659416141958,-14.0,-0.0142276422764227,0
2845.0,2114.0,731.0,1720,1771.0,0.2569420035149385,51.0,0.0296511627906976,0
2160.0,1352.0,808.0,1354,1386.0,0.374074074074074,32.0,0.0236336779911373,0
1604.0,1176.0,428.0,1201,1257.0,0.2668329177057356,56.0,0.0466278101582015,0
1736.0,811.0,925.0,703,672.0,0.5328341013824884,-31.0,-0.0440967283072546,1
855.0,510.0,345.0,1041,1071.0,0.4035087719298245,30.0,0.0288184438040345,0
2733.0,996.0,1737.0,797,818.0,0.6355653128430296,21.0,0.0263488080301129,0
1007.0,239.0,768.0,697,770.0,0.76266137040715,73.0,0.1047345767575322,0
1313.0,818.0,495.0,866,929.0,0.376999238385377,63.0,0.0727482678983833,0
1530.0,3.0,1527.0,1140,1195.0,0.9980392156862744,55.0,0.0482456140350877,0
1881.0,1479.0,402.0,1394,1340.0,0.2137161084529505,-54.0,-0.0387374461979913,0
753.0,454.0,299.0,893,912.0,0.397078353253652,19.0,0.0212765957446808,1
1592.0,775.0,817.0,917,926.0,0.5131909547738693,9.0,0.0098146128680479,0
3280.0,1217.0,2063.0,669,716.0,0.6289634146341463,47.0,0.070254110612855,1
3025.0,1906.0,1119.0,1404,1461.0,0.3699173553719008,57.0,0.0405982905982906,0
1515.0,1007.0,508.0,977,954.0,0.3353135313531353,-23.0,-0.0235414534288638,0
1218.0,453.0,765.0,721,765.0,0.6280788177339901,44.0,0.0610263522884882,1
771.0,443.0,328.0,853,869.0,0.4254215304798962,16.0,0.0187573270808909,0
575.0,319.0,256.0,926,748.0,0.4452173913043478,-178.0,-0.1922246220302375,0
1423.0,677.0,746.0,673,648.0,0.5242445537596627,-25.0,-0.0371471025260029,1
1380.0,1165.0,215.0,1716,1779.0,0.1557971014492753,63.0,0.0367132867132867,0
892.0,590.0,302.0,741,829.0,0.3385650224215246,88.0,0.1187584345479082,0
937.0,503.0,434.0,757,720.0,0.4631803628601921,-37.0,-0.0488771466314399,1
1605.0,862.0,743.0,895,983.0,0.4629283489096573,88.0,0.0983240223463687,0
1769.0,771.0,998.0,639,659.0,0.5641605426794799,20.0,0.0312989045383411,1
2048.0,1690.0,358.0,1553,1564.0,0.1748046875,11.0,0.0070830650354153,0
1192.0,157.0,1035.0,889,881.0,0.8682885906040269,-8.0,-0.0089988751406074,0
1705.0,554.0,1151.0,1031,1111.0,0.6750733137829912,80.0,0.0775945683802133,0
1408.0,776.0,632.0,1160,1220.0,0.4488636363636363,60.0,0.0517241379310344,0
1512.0,484.0,1028.0,793,833.0,0.6798941798941799,40.0,0.0504413619167717,0
1683.0,440.0,1243.0,808,862.0,0.738562091503268,54.0,0.0668316831683168,0
1606.0,742.0,864.0,952,973.0,0.5379825653798257,21.0,0.0220588235294117,0
575.0,440.0,135.0,1116,962.0,0.2347826086956521,-154.0,-0.1379928315412186,1
1641.0,873.0,768.0,782,864.0,0.4680073126142596,82.0,0.1048593350383631,0
1406.0,515.0,891.0,943,899.0,0.6337126600284495,-44.0,-0.0466595970307529,0
1538.0,416.0,1122.0,850,904.0,0.729518855656697,54.0,0.0635294117647058,0
1150.0,569.0,581.0,955,926.0,0.5052173913043478,-29.0,-0.0303664921465968,0
2328.0,1103.0,1225.0,1328,1421.0,0.5262027491408935,93.0,0.0700301204819277,0
2455.0,1984.0,471.0,2184,2454.0,0.1918533604887983,270.0,0.1236263736263736,0
883.0,802.0,81.0,2257,2286.0,0.0917327293318233,29.0,0.0128489144882587,0
694.0,660.0,34.0,2588,2542.0,0.0489913544668587,-46.0,-0.017774343122102,0
471.0,360.0,111.0,1540,1268.0,0.2356687898089172,-272.0,-0.1766233766233766,1
1808.0,323.0,1485.0,874,884.0,0.8213495575221239,10.0,0.011441647597254,0
1347.0,846.0,501.0,783,835.0,0.3719376391982182,52.0,0.0664112388250319,1
1990.0,1598.0,392.0,1270,1324.0,0.1969849246231155,54.0,0.04251968503937,0
937.0,901.0,36.0,2009,2139.0,0.0384204909284952,130.0,0.0647088103534096,0
1233.0,1087.0,146.0,2697,2753.0,0.1184103811841038,56.0,0.0207638116425658,0
1530.0,1239.0,291.0,2158,1999.0,0.1901960784313725,-159.0,-0.0736793327154772,0
2273.0,2011.0,262.0,1574,1802.0,0.1152661680598328,228.0,0.144853875476493,1
805.0,666.0,139.0,1748,1794.0,0.1726708074534161,46.0,0.0263157894736842,0
894.0,605.0,289.0,1821,1898.0,0.3232662192393736,77.0,0.0422844590884129,0
1300.0,1047.0,253.0,2039,2097.0,0.1946153846153846,58.0,0.028445316331535,0
1086.0,1068.0,18.0,2045,1870.0,0.0165745856353591,-175.0,-0.0855745721271393,0
1055.0,1011.0,44.0,2260,2246.0,0.0417061611374407,-14.0,-0.0061946902654867,0
1789.0,1600.0,189.0,1279,1405.0,0.1056456120737842,126.0,0.0985144644253323,0
1310.0,726.0,584.0,914,948.0,0.4458015267175572,34.0,0.037199124726477,0
1480.0,1044.0,436.0,1276,1350.0,0.2945945945945946,74.0,0.0579937304075235,0
1628.0,949.0,679.0,1508,1401.0,0.417076167076167,-107.0,-0.0709549071618037,0
1316.0,985.0,331.0,1407,1470.0,0.2515197568389057,63.0,0.044776119402985,0
2844.0,1548.0,1296.0,908,975.0,0.4556962025316455,67.0,0.0737885462555066,0
1489.0,1271.0,218.0,1722,1743.0,0.1464069845533915,21.0,0.0121951219512195,0
1624.0,1407.0,217.0,2100,2058.0,0.1336206896551724,-42.0,-0.02,0
1712.0,934.0,778.0,1244,1221.0,0.4544392523364486,-23.0,-0.0184887459807073,0
2633.0,581.0,2052.0,798,855.0,0.7793391568552981,57.0,0.0714285714285714,0
1327.0,817.0,510.0,851,909.0,0.3843255463451394,58.0,0.0681551116333725,1
1345.0,633.0,712.0,660,725.0,0.5293680297397769,65.0,0.0984848484848484,1
911.0,328.0,583.0,934,875.0,0.6399560922063666,-59.0,-0.0631691648822269,0
1971.0,791.0,1180.0,895,934.0,0.5986808726534754,39.0,0.0435754189944134,0
1945.0,529.0,1416.0,888,873.0,0.7280205655526992,-15.0,-0.0168918918918918,0
2093.0,1486.0,607.0,1887,1901.0,0.2900143334925943,14.0,0.0074191838897721,0
1426.0,590.0,836.0,753,809.0,0.5862552594670407,56.0,0.0743691899070385,0
1813.0,1226.0,587.0,1259,1270.0,0.3237727523441809,11.0,0.0087370929308975,0
1555.0,551.0,1004.0,835,888.0,0.6456591639871383,53.0,0.0634730538922155,0
1731.0,194.0,1537.0,620,621.0,0.8879260543038706,1.0,0.0016129032258064,0
1730.0,1200.0,530.0,1219,1159.0,0.3063583815028902,-60.0,-0.0492206726825266,0
1157.0,777.0,380.0,1074,1066.0,0.3284356093344857,-8.0,-0.0074487895716946,0
1210.0,318.0,892.0,831,872.0,0.7371900826446282,41.0,0.049338146811071,0
2199.0,1910.0,289.0,2235,2125.0,0.1314233742610277,-110.0,-0.0492170022371364,0
943.0,520.0,423.0,590,708.0,0.4485683987274655,118.0,0.2,1
1788.0,1353.0,435.0,1739,1847.0,0.2432885906040268,108.0,0.0621046578493387,0
2217.0,1117.0,1100.0,1318,1292.0,0.4961659900766802,-26.0,-0.0197268588770864,0
908.0,700.0,208.0,1849,1877.0,0.2290748898678414,28.0,0.0151433207138994,0
1508.0,766.0,742.0,900,875.0,0.4920424403183024,-25.0,-0.0277777777777777,0
1118.0,824.0,294.0,1180,1080.0,0.2629695885509839,-100.0,-0.0847457627118644,0
2024.0,675.0,1349.0,791,806.0,0.666501976284585,15.0,0.0189633375474083,0
1534.0,235.0,1299.0,749,752.0,0.8468057366362451,3.0,0.0040053404539385,0
2039.0,1463.0,576.0,1580,1576.0,0.2824914173614516,-4.0,-0.0025316455696202,0
510.0,402.0,108.0,1586,1595.0,0.2117647058823529,9.0,0.0056746532156368,0
1955.0,1354.0,601.0,983,959.0,0.3074168797953964,-24.0,-0.0244150559511698,0
2431.0,1415.0,1016.0,964,1007.0,0.4179350061703002,43.0,0.0446058091286307,0
1598.0,1079.0,519.0,1025,1116.0,0.3247809762202753,91.0,0.088780487804878,0
1258.0,669.0,589.0,844,898.0,0.4682034976152623,54.0,0.0639810426540284,0
593.0,508.0,85.0,1369,1771.0,0.1433389544688027,402.0,0.293644996347699,0
1870.0,1035.0,835.0,963,1060.0,0.446524064171123,97.0,0.1007268951194184,0
1141.0,785.0,356.0,1128,1144.0,0.3120070113935144,16.0,0.0141843971631205,1
1608.0,1174.0,434.0,1637,1652.0,0.2699004975124378,15.0,0.0091631032376298,0
2127.0,499.0,1628.0,810,828.0,0.765397273154678,18.0,0.0222222222222222,1
1363.0,752.0,611.0,1264,1228.0,0.4482758620689655,-36.0,-0.0284810126582278,0
1232.0,277.0,955.0,643,738.0,0.7751623376623377,95.0,0.1477449455676516,0
1044.0,670.0,374.0,870,970.0,0.3582375478927203,100.0,0.1149425287356321,0
1288.0,939.0,349.0,1546,1630.0,0.2709627329192546,84.0,0.0543337645536869,0
1211.0,897.0,314.0,1033,1012.0,0.259289843104872,-21.0,-0.0203291384317521,0
1361.0,585.0,776.0,759,812.0,0.5701689933872153,53.0,0.069828722002635,1
1697.0,1286.0,411.0,1271,1226.0,0.2421921037124337,-45.0,-0.035405192761605,0
1843.0,968.0,875.0,736,791.0,0.4747693977211069,55.0,0.0747282608695652,0
1730.0,1550.0,180.0,1631,1509.0,0.1040462427745664,-122.0,-0.0748007357449417,0
1158.0,924.0,234.0,1450,1409.0,0.2020725388601036,-41.0,-0.0282758620689655,0
2125.0,1480.0,645.0,926,1153.0,0.3035294117647059,227.0,0.2451403887688985,1
1655.0,756.0,899.0,680,667.0,0.543202416918429,-13.0,-0.0191176470588235,1
1526.0,661.0,865.0,639,664.0,0.5668414154652687,25.0,0.0391236306729264,1
344.0,82.0,262.0,541,541.0,0.7616279069767442,0.0,0.0,1
1939.0,724.0,1215.0,765,783.0,0.626611655492522,18.0,0.0235294117647058,0
1552.0,1062.0,490.0,1093,1089.0,0.315721649484536,-4.0,-0.0036596523330283,1
57.0,0.0,57.0,-666666666,2044.0,1.0,666668710.0,-1.000003066000003,1
744.0,590.0,154.0,1489,1771.0,0.2069892473118279,282.0,0.1893888515782404,0
763.0,66.0,697.0,679,684.0,0.9134993446920052,5.0,0.0073637702503681,1
964.0,138.0,826.0,707,720.0,0.8568464730290456,13.0,0.0183875530410183,0
560.0,155.0,405.0,807,868.0,0.7232142857142857,61.0,0.0755885997521685,0
1299.0,362.0,937.0,564,507.0,0.7213240954580447,-57.0,-0.101063829787234,1
529.0,201.0,328.0,955,960.0,0.6200378071833649,5.0,0.0052356020942408,0
1400.0,418.0,982.0,697,695.0,0.7014285714285714,-2.0,-0.0028694404591104,0
1539.0,322.0,1217.0,748,759.0,0.7907732293697206,11.0,0.0147058823529411,0
1196.0,270.0,926.0,367,388.0,0.774247491638796,21.0,0.0572207084468664,0
620.0,443.0,177.0,1366,1417.0,0.2854838709677419,51.0,0.0373352855051244,0
2080.0,1566.0,514.0,1248,1262.0,0.2471153846153846,14.0,0.0112179487179487,0
1633.0,522.0,1111.0,746,750.0,0.6803429271279853,4.0,0.0053619302949061,0
718.0,575.0,143.0,1477,1519.0,0.1991643454038997,42.0,0.0284360189573459,0
1110.0,1065.0,45.0,1725,1690.0,0.0405405405405405,-35.0,-0.0202898550724637,0
1824.0,1532.0,292.0,1552,1584.0,0.1600877192982456,32.0,0.0206185567010309,0
1385.0,418.0,967.0,764,789.0,0.6981949458483755,25.0,0.0327225130890052,0
2094.0,1384.0,710.0,1121,1061.0,0.3390639923591213,-60.0,-0.0535236396074933,1
1307.0,671.0,636.0,933,864.0,0.486610558530987,-69.0,-0.0739549839228295,1
1006.0,286.0,720.0,678,712.0,0.7157057654075547,34.0,0.0501474926253687,0
227.0,108.0,119.0,808,796.0,0.5242290748898678,-12.0,-0.0148514851485148,0
1316.0,641.0,675.0,750,768.0,0.5129179331306991,18.0,0.024,0
735.0,384.0,351.0,774,666.0,0.4775510204081633,-108.0,-0.1395348837209302,1
1561.0,787.0,774.0,848,903.0,0.4958360025624599,55.0,0.0648584905660377,0
829.0,513.0,316.0,931,1020.0,0.3811821471652593,89.0,0.0955961331901181,0
2047.0,1007.0,1040.0,852,913.0,0.5080605764533463,61.0,0.0715962441314554,0
1237.0,308.0,929.0,772,798.0,0.7510105092966856,26.0,0.0336787564766839,0
1221.0,760.0,461.0,832,912.0,0.3775593775593776,80.0,0.0961538461538461,0
1431.0,745.0,686.0,979,900.0,0.4793850454227812,-79.0,-0.0806945863125638,0
766.0,580.0,186.0,931,923.0,0.2428198433420365,-8.0,-0.0085929108485499,0
817.0,244.0,573.0,828,845.0,0.7013463892288861,17.0,0.0205314009661835,0
1300.0,277.0,1023.0,830,806.0,0.786923076923077,-24.0,-0.0289156626506024,1
764.0,580.0,184.0,939,1075.0,0.2408376963350785,136.0,0.1448349307774228,0
2029.0,755.0,1274.0,843,877.0,0.6278955150320354,34.0,0.0403321470937129,1
1415.0,660.0,755.0,836,898.0,0.5335689045936396,62.0,0.0741626794258373,0
1625.0,640.0,985.0,813,826.0,0.6061538461538462,13.0,0.015990159901599,1
1086.0,541.0,545.0,999,1031.0,0.501841620626151,32.0,0.032032032032032,0
1399.0,724.0,675.0,782,821.0,0.4824874910650464,39.0,0.0498721227621483,0
1689.0,748.0,941.0,873,886.0,0.5571343990526939,13.0,0.0148911798396334,0
1022.0,573.0,449.0,935,856.0,0.4393346379647749,-79.0,-0.0844919786096256,0
1470.0,1010.0,460.0,1508,1490.0,0.3129251700680272,-18.0,-0.0119363395225464,0
1115.0,539.0,576.0,774,964.0,0.5165919282511211,190.0,0.2454780361757106,0
1862.0,1096.0,766.0,1175,1078.0,0.4113856068743287,-97.0,-0.0825531914893617,1
420.0,15.0,405.0,282,284.0,0.9642857142857144,2.0,0.0070921985815602,0
812.0,154.0,658.0,628,773.0,0.8103448275862069,145.0,0.2308917197452229,0
1433.0,411.0,1022.0,789,801.0,0.7131891137473831,12.0,0.0152091254752851,0
844.0,305.0,539.0,924,928.0,0.6386255924170616,4.0,0.0043290043290043,0
1418.0,561.0,857.0,859,828.0,0.6043723554301833,-31.0,-0.0360884749708963,0
2080.0,1392.0,688.0,1450,1750.0,0.3307692307692307,300.0,0.2068965517241379,0
1973.0,1478.0,495.0,1600,1550.0,0.250886974151039,-50.0,-0.03125,0
2134.0,796.0,1338.0,935,896.0,0.626991565135895,-39.0,-0.041711229946524,1
1578.0,610.0,968.0,916,924.0,0.6134347275031685,8.0,0.0087336244541484,0
2008.0,910.0,1098.0,872,852.0,0.546812749003984,-20.0,-0.0229357798165137,0
2071.0,850.0,1221.0,838,740.0,0.5895702559150169,-98.0,-0.116945107398568,1
1436.0,547.0,889.0,1005,1097.0,0.6190807799442897,92.0,0.0915422885572139,0
1796.0,1503.0,293.0,1309,1285.0,0.1631403118040089,-24.0,-0.0183346065699006,0
2089.0,1296.0,793.0,1039,1010.0,0.3796074676878889,-29.0,-0.0279114533205004,0
1993.0,1210.0,783.0,971,1067.0,0.3928750627195183,96.0,0.0988671472708547,0
1259.0,587.0,672.0,680,726.0,0.5337569499602859,46.0,0.0676470588235294,1
1133.0,550.0,583.0,822,822.0,0.5145631067961165,0.0,0.0,0
765.0,308.0,457.0,757,734.0,0.5973856209150327,-23.0,-0.0303830911492734,0
1084.0,393.0,691.0,853,912.0,0.6374538745387454,59.0,0.0691676436107854,0
1495.0,843.0,652.0,871,996.0,0.4361204013377926,125.0,0.1435132032146957,0
1362.0,607.0,755.0,698,787.0,0.5543318649045521,89.0,0.1275071633237822,0
1289.0,514.0,775.0,760,796.0,0.6012412723041117,36.0,0.0473684210526315,0
2063.0,1806.0,257.0,1399,1468.0,0.1245758603974794,69.0,0.0493209435310936,0
856.0,418.0,438.0,908,731.0,0.5116822429906542,-177.0,-0.1949339207048458,1
3917.0,1543.0,2374.0,1059,1134.0,0.6060760786316058,75.0,0.0708215297450425,0
1552.0,504.0,1048.0,776,812.0,0.6752577319587629,36.0,0.0463917525773195,0
1252.0,332.0,920.0,616,648.0,0.7348242811501597,32.0,0.0519480519480519,1
1334.0,546.0,788.0,855,858.0,0.5907046476761619,3.0,0.0035087719298245,0
1542.0,1170.0,372.0,1213,1351.0,0.2412451361867704,138.0,0.1137675185490519,1
2515.0,2077.0,438.0,1850,1808.0,0.1741550695825049,-42.0,-0.0227027027027027,0
1844.0,942.0,902.0,925,893.0,0.4891540130151844,-32.0,-0.0345945945945945,0
1445.0,1176.0,269.0,1989,1993.0,0.186159169550173,4.0,0.0020110608345902,0
868.0,630.0,238.0,1488,1473.0,0.2741935483870967,-15.0,-0.0100806451612903,1
1335.0,659.0,676.0,1147,1073.0,0.5063670411985018,-74.0,-0.064516129032258,0
1690.0,1439.0,251.0,1137,1164.0,0.1485207100591715,27.0,0.0237467018469656,1
555.0,228.0,327.0,894,1040.0,0.5891891891891892,146.0,0.16331096196868,0
1743.0,941.0,802.0,1030,1097.0,0.4601262191623637,67.0,0.0650485436893203,0
1525.0,637.0,888.0,730,752.0,0.5822950819672131,22.0,0.0301369863013698,0
1110.0,481.0,629.0,675,681.0,0.5666666666666667,6.0,0.0088888888888888,1
528.0,421.0,107.0,958,961.0,0.2026515151515151,3.0,0.0031315240083507,0
1481.0,1164.0,317.0,1367,1491.0,0.2140445644834571,124.0,0.0907095830285296,0
1290.0,749.0,541.0,1115,1267.0,0.4193798449612403,152.0,0.1363228699551569,0
1876.0,1472.0,404.0,1642,1610.0,0.2153518123667377,-32.0,-0.0194884287454324,0
1531.0,1111.0,420.0,996,1014.0,0.2743305029392553,18.0,0.0180722891566265,0
1388.0,869.0,519.0,970,964.0,0.3739193083573487,-6.0,-0.0061855670103092,0
1699.0,1509.0,190.0,1757,1721.0,0.1118304885226603,-36.0,-0.0204894706886738,0
2197.0,1642.0,555.0,825,839.0,0.2526172052799271,14.0,0.0169696969696969,1
1860.0,991.0,869.0,852,877.0,0.4672043010752688,25.0,0.0293427230046948,0
511.0,200.0,311.0,621,701.0,0.6086105675146771,80.0,0.1288244766505636,1
1300.0,158.0,1142.0,522,539.0,0.8784615384615385,17.0,0.0325670498084291,1
777.0,378.0,399.0,817,828.0,0.5135135135135135,11.0,0.0134638922888616,1
1082.0,419.0,663.0,743,762.0,0.6127541589648798,19.0,0.02557200538358,0
1683.0,901.0,782.0,971,1002.0,0.4646464646464646,31.0,0.0319258496395468,0
1294.0,475.0,819.0,594,633.0,0.6329211746522411,39.0,0.0656565656565656,1
1410.0,794.0,616.0,902,909.0,0.4368794326241135,7.0,0.007760532150776,0
2112.0,1049.0,1063.0,669,685.0,0.5033143939393939,16.0,0.0239162929745889,0
2308.0,1071.0,1237.0,926,961.0,0.5359618717504333,35.0,0.0377969762419006,1
2135.0,1206.0,929.0,802,842.0,0.4351288056206089,40.0,0.0498753117206982,0
1179.0,393.0,786.0,713,704.0,0.6666666666666666,-9.0,-0.0126227208976157,0
2182.0,688.0,1494.0,735,763.0,0.6846929422548121,28.0,0.0380952380952381,1
1071.0,630.0,441.0,1044,1124.0,0.4117647058823529,80.0,0.0766283524904214,1
1797.0,1132.0,665.0,1164,1146.0,0.3700612131329994,-18.0,-0.0154639175257731,0
2266.0,975.0,1291.0,992,953.0,0.5697263901147396,-39.0,-0.0393145161290322,0
2022.0,1531.0,491.0,1354,1356.0,0.2428288822947576,2.0,0.001477104874446,0
1235.0,364.0,871.0,877,793.0,0.7052631578947368,-84.0,-0.0957810718358038,1
1923.0,814.0,1109.0,844,871.0,0.5767030681227249,27.0,0.0319905213270142,0
1852.0,877.0,975.0,1039,1099.0,0.5264578833693304,60.0,0.0577478344562078,0
1009.0,598.0,411.0,1002,1214.0,0.4073339940535183,212.0,0.2115768463073852,0
786.0,541.0,245.0,1054,1180.0,0.3117048346055979,126.0,0.1195445920303605,0
921.0,612.0,309.0,1098,1157.0,0.3355048859934853,59.0,0.0537340619307832,0
1777.0,570.0,1207.0,765,776.0,0.6792346651660102,11.0,0.0143790849673202,1
1943.0,1466.0,477.0,1416,1417.0,0.2454966546577457,1.0,0.0007062146892655,0
545.0,365.0,180.0,1083,1059.0,0.3302752293577982,-24.0,-0.0221606648199446,0
1710.0,1482.0,228.0,1267,1272.0,0.1333333333333333,5.0,0.0039463299131807,0
1713.0,985.0,728.0,1143,1113.0,0.4249854057209574,-30.0,-0.0262467191601049,0
1520.0,359.0,1161.0,831,749.0,0.7638157894736842,-82.0,-0.098676293622142,1
1317.0,1084.0,233.0,1313,1206.0,0.1769172361427486,-107.0,-0.0814927646610814,1
2165.0,1947.0,218.0,1273,1300.0,0.1006928406466512,27.0,0.021209740769835,0
1231.0,656.0,575.0,969,1002.0,0.4670999187652315,33.0,0.0340557275541795,0
1681.0,1091.0,590.0,1288,1329.0,0.3509815585960738,41.0,0.0318322981366459,0
1255.0,1013.0,242.0,1510,1339.0,0.1928286852589641,-171.0,-0.1132450331125827,0
1000.0,827.0,173.0,1725,1611.0,0.173,-114.0,-0.0660869565217391,0
1181.0,606.0,575.0,709,812.0,0.4868755292125317,103.0,0.1452750352609308,0
1669.0,1121.0,548.0,1039,964.0,0.3283403235470341,-75.0,-0.0721847930702598,1
1867.0,723.0,1144.0,1010,990.0,0.612747723620782,-20.0,-0.0198019801980198,0
1383.0,918.0,465.0,1208,1244.0,0.3362255965292842,36.0,0.0298013245033112,0
1130.0,566.0,564.0,1022,985.0,0.4991150442477876,-37.0,-0.0362035225048923,1
1021.0,607.0,414.0,739,758.0,0.4054848188050931,19.0,0.0257104194857916,0
999.0,654.0,345.0,1103,959.0,0.3453453453453453,-144.0,-0.1305530371713508,1
1489.0,957.0,532.0,1577,1643.0,0.3572867696440564,66.0,0.0418516169942929,0
1287.0,969.0,318.0,1587,1472.0,0.247086247086247,-115.0,-0.072463768115942,0
680.0,274.0,406.0,930,1011.0,0.5970588235294118,81.0,0.0870967741935483,0
1365.0,605.0,760.0,891,848.0,0.5567765567765568,-43.0,-0.0482603815937149,1
3533.0,2590.0,943.0,2109,2106.0,0.2669119728276252,-3.0,-0.0014224751066856,0
1986.0,1385.0,601.0,1072,1121.0,0.3026183282980866,49.0,0.0457089552238806,0
2024.0,1206.0,818.0,1277,1196.0,0.4041501976284585,-81.0,-0.0634299138606108,0
2101.0,1507.0,594.0,1347,1321.0,0.2827225130890052,-26.0,-0.0193021529324424,1
2183.0,1734.0,449.0,2262,2268.0,0.2056802565277141,6.0,0.0026525198938992,0
1489.0,754.0,735.0,1549,1438.0,0.4936198791134989,-111.0,-0.0716591349257585,0
1480.0,420.0,1060.0,1039,1101.0,0.7162162162162162,62.0,0.0596727622714148,1
1841.0,1436.0,405.0,2021,1954.0,0.2199891363389462,-67.0,-0.0331519049975259,0
1563.0,1170.0,393.0,1430,1409.0,0.2514395393474088,-21.0,-0.0146853146853146,0
1425.0,748.0,677.0,1312,1308.0,0.4750877192982456,-4.0,-0.0030487804878048,0
1455.0,663.0,792.0,955,955.0,0.5443298969072164,0.0,0.0,0
5599.0,4586.0,1013.0,1849,1748.0,0.1809251652080728,-101.0,-0.0546241211465657,0
1210.0,1151.0,59.0,1702,1719.0,0.0487603305785123,17.0,0.0099882491186839,0
1699.0,1042.0,657.0,1606,1480.0,0.3866980576809888,-126.0,-0.0784557907845579,0
1406.0,551.0,855.0,1181,1181.0,0.6081081081081081,0.0,0.0,0
2109.0,1502.0,607.0,1130,1172.0,0.2878141299193931,42.0,0.0371681415929203,0
1025.0,456.0,569.0,1230,1154.0,0.5551219512195122,-76.0,-0.0617886178861788,0
1709.0,1046.0,663.0,1202,1082.0,0.3879461673493271,-120.0,-0.0998336106489184,0
1331.0,547.0,784.0,872,877.0,0.5890308039068369,5.0,0.0057339449541284,0
979.0,377.0,602.0,842,887.0,0.6149131767109295,45.0,0.0534441805225653,0
937.0,607.0,330.0,983,897.0,0.3521878335112059,-86.0,-0.0874872838250254,0
1136.0,182.0,954.0,775,771.0,0.8397887323943662,-4.0,-0.0051612903225806,0
1129.0,911.0,218.0,1752,1722.0,0.1930912311780336,-30.0,-0.0171232876712328,0
1546.0,1268.0,278.0,1218,1581.0,0.1798188874514877,363.0,0.2980295566502463,0
1043.0,870.0,173.0,1295,1382.0,0.1658676893576222,87.0,0.0671814671814671,0
880.0,586.0,294.0,1304,1288.0,0.3340909090909091,-16.0,-0.0122699386503067,0
1266.0,949.0,317.0,1238,1282.0,0.2503949447077409,44.0,0.0355411954765751,0
1073.0,665.0,408.0,1117,964.0,0.380242311276794,-153.0,-0.1369740376007162,1
1247.0,728.0,519.0,1608,1542.0,0.4161988773055333,-66.0,-0.0410447761194029,0
1474.0,1219.0,255.0,1639,1796.0,0.1729986431478968,157.0,0.0957901159243441,0
1736.0,1478.0,258.0,2034,1791.0,0.1486175115207373,-243.0,-0.1194690265486725,0
4819.0,3500.0,1319.0,2568,2429.0,0.2737082382236979,-139.0,-0.0541277258566978,0
1814.0,1491.0,323.0,2290,2335.0,0.1780595369349503,45.0,0.019650655021834,0
1070.0,587.0,483.0,848,873.0,0.4514018691588785,25.0,0.0294811320754717,0
1380.0,785.0,595.0,1151,1119.0,0.4311594202898551,-32.0,-0.0278019113814074,0
1521.0,590.0,931.0,1131,1140.0,0.6120973044049968,9.0,0.0079575596816976,0
1669.0,253.0,1416.0,634,646.0,0.8484122228879568,12.0,0.0189274447949526,0
1811.0,929.0,882.0,954,962.0,0.4870237437879624,8.0,0.0083857442348008,0
1244.0,455.0,789.0,890,876.0,0.6342443729903537,-14.0,-0.0157303370786516,0
3695.0,2754.0,941.0,1859,1912.0,0.2546684709066306,53.0,0.0285099515868746,0
1104.0,676.0,428.0,1459,1352.0,0.3876811594202898,-107.0,-0.0733379026730637,0
710.0,648.0,62.0,2108,1928.0,0.0873239436619718,-180.0,-0.0853889943074003,0
645.0,302.0,343.0,997,935.0,0.5317829457364341,-62.0,-0.0621865596790371,0
1225.0,1074.0,151.0,1012,1051.0,0.1232653061224489,39.0,0.0385375494071146,0
1919.0,1504.0,415.0,1572,1710.0,0.2162584679520583,138.0,0.0877862595419847,0
1867.0,1177.0,690.0,1227,1115.0,0.3695768612747723,-112.0,-0.0912795436022819,1
1289.0,720.0,569.0,1404,1434.0,0.4414274631497284,30.0,0.0213675213675213,0
1405.0,1201.0,204.0,1947,1899.0,0.1451957295373665,-48.0,-0.024653312788906,0
1730.0,1063.0,667.0,987,991.0,0.3855491329479769,4.0,0.0040526849037487,0
1706.0,381.0,1325.0,980,1033.0,0.7766705744431418,53.0,0.0540816326530612,0
1430.0,593.0,837.0,942,942.0,0.5853146853146853,0.0,0.0,0
1402.0,839.0,563.0,1101,930.0,0.4015691868758916,-171.0,-0.1553133514986376,1
879.0,111.0,768.0,688,632.0,0.8737201365187713,-56.0,-0.0813953488372093,0
2274.0,1172.0,1102.0,1035,958.0,0.484608619173263,-77.0,-0.0743961352657004,0
986.0,509.0,477.0,1597,1595.0,0.4837728194726166,-2.0,-0.0012523481527864,0
953.0,827.0,126.0,1672,1670.0,0.1322140608604407,-2.0,-0.0011961722488038,0
1764.0,586.0,1178.0,896,892.0,0.6678004535147393,-4.0,-0.0044642857142857,0
1697.0,1173.0,524.0,1483,1404.0,0.3087802003535651,-79.0,-0.0532703978422117,0
743.0,473.0,270.0,960,1095.0,0.3633916554508748,135.0,0.140625,0
1283.0,649.0,634.0,919,948.0,0.4941543257989088,29.0,0.0315560391730141,0
1184.0,734.0,450.0,853,862.0,0.3800675675675675,9.0,0.0105509964830011,0
620.0,321.0,299.0,856,889.0,0.482258064516129,33.0,0.0385514018691588,0
661.0,215.0,446.0,456,580.0,0.6747352496217852,124.0,0.2719298245614035,0
1012.0,681.0,331.0,1505,1435.0,0.3270750988142292,-70.0,-0.0465116279069767,0
881.0,691.0,190.0,1123,1212.0,0.2156640181611804,89.0,0.0792520035618878,1
981.0,388.0,593.0,1048,1058.0,0.6044852191641182,10.0,0.0095419847328244,0
913.0,159.0,754.0,812,849.0,0.8258488499452354,37.0,0.0455665024630541,0
1038.0,128.0,910.0,951,919.0,0.8766859344894027,-32.0,-0.0336487907465825,1
1312.0,747.0,565.0,1377,1334.0,0.430640243902439,-43.0,-0.0312273057371096,0
1920.0,1355.0,565.0,898,987.0,0.2942708333333333,89.0,0.099109131403118,0
1705.0,1112.0,593.0,1309,1257.0,0.3478005865102639,-52.0,-0.0397249809014514,0
1704.0,876.0,828.0,613,625.0,0.4859154929577465,12.0,0.0195758564437194,1
1300.0,861.0,439.0,1162,1367.0,0.3376923076923077,205.0,0.1764199655765921,1
3037.0,2463.0,574.0,2624,2599.0,0.1890023049061573,-25.0,-0.0095274390243902,0
999.0,471.0,528.0,1425,1433.0,0.5285285285285285,8.0,0.0056140350877192,0
1307.0,793.0,514.0,2073,1662.0,0.3932670237184392,-411.0,-0.1982633863965267,0
1013.0,487.0,526.0,1615,1663.0,0.5192497532082923,48.0,0.0297213622291021,0
897.0,488.0,409.0,1396,1643.0,0.4559643255295429,247.0,0.1769340974212034,0
706.0,633.0,73.0,449,416.0,0.103399433427762,-33.0,-0.0734966592427616,1
3393.0,2795.0,598.0,2803,2678.0,0.1762452107279693,-125.0,-0.0445950767035319,0
1907.0,1172.0,735.0,2204,2277.0,0.3854221289984268,73.0,0.0331215970961887,0
573.0,394.0,179.0,1929,1996.0,0.31239092495637,67.0,0.0347330222913426,0
1825.0,907.0,918.0,1217,1180.0,0.503013698630137,-37.0,-0.0304026294165981,1
1774.0,1385.0,389.0,1310,1266.0,0.2192784667418263,-44.0,-0.0335877862595419,0
668.0,380.0,288.0,1069,1029.0,0.4311377245508982,-40.0,-0.0374181478016838,0
1177.0,597.0,580.0,1203,1248.0,0.4927782497875956,45.0,0.0374064837905236,0
1386.0,647.0,739.0,1129,1282.0,0.5331890331890332,153.0,0.1355181576616475,0
1019.0,334.0,685.0,999,949.0,0.6722276741903828,-50.0,-0.05005005005005,0
992.0,276.0,716.0,787,829.0,0.7217741935483871,42.0,0.0533672172808132,1
847.0,476.0,371.0,638,751.0,0.4380165289256198,113.0,0.177115987460815,1
2155.0,1796.0,359.0,2147,1911.0,0.1665893271461717,-236.0,-0.1099208197484862,0
1274.0,543.0,731.0,959,976.0,0.5737833594976453,17.0,0.0177267987486965,0
1318.0,566.0,752.0,822,857.0,0.5705614567526556,35.0,0.0425790754257907,1
1673.0,1399.0,274.0,2225,1946.0,0.163777644949193,-279.0,-0.1253932584269663,0
1726.0,1231.0,495.0,1894,1895.0,0.2867902665121669,1.0,0.0005279831045406,0
1658.0,1215.0,443.0,2343,2275.0,0.267189384800965,-68.0,-0.0290226205719163,0
1819.0,922.0,897.0,1608,1497.0,0.4931280923584387,-111.0,-0.0690298507462686,1
1983.0,878.0,1105.0,967,1070.0,0.5572365103378719,103.0,0.1065149948293691,0
2203.0,1384.0,819.0,1356,1404.0,0.3717657739446209,48.0,0.0353982300884955,0
983.0,665.0,318.0,867,853.0,0.323499491353001,-14.0,-0.0161476355247981,0
2305.0,1030.0,1275.0,895,884.0,0.5531453362255966,-11.0,-0.012290502793296,0
2049.0,1604.0,445.0,2696,2677.0,0.217179111761835,-19.0,-0.0070474777448071,0
1148.0,652.0,496.0,999,977.0,0.4320557491289198,-22.0,-0.022022022022022,0
2476.0,1529.0,947.0,1218,1230.0,0.3824717285945073,12.0,0.0098522167487684,0
1508.0,1178.0,330.0,1990,1948.0,0.2188328912466843,-42.0,-0.0211055276381909,0
501.0,138.0,363.0,683,738.0,0.7245508982035929,55.0,0.0805270863836017,0
2047.0,343.0,1704.0,887,894.0,0.8324377137274059,7.0,0.0078917700112739,0
2097.0,1129.0,968.0,1473,1441.0,0.4616118264186933,-32.0,-0.021724372029871,1
1333.0,626.0,707.0,1040,1067.0,0.5303825956489122,27.0,0.0259615384615384,0
1523.0,468.0,1055.0,899,865.0,0.6927117531188444,-34.0,-0.0378197997775305,0
1192.0,422.0,770.0,1000,895.0,0.6459731543624161,-105.0,-0.105,0
1397.0,561.0,836.0,915,909.0,0.5984251968503937,-6.0,-0.0065573770491803,0
881.0,209.0,672.0,825,877.0,0.7627695800227015,52.0,0.063030303030303,0
1663.0,1038.0,625.0,938,997.0,0.375826819001804,59.0,0.0628997867803838,0
1786.0,1234.0,552.0,1349,1333.0,0.3090705487122061,-16.0,-0.0118606375092661,0
2649.0,2107.0,542.0,1320,1419.0,0.2046055115137788,99.0,0.075,0
595.0,437.0,158.0,1683,1462.0,0.2655462184873949,-221.0,-0.1313131313131313,1
2052.0,1268.0,784.0,1212,1182.0,0.3820662768031189,-30.0,-0.0247524752475247,0
1556.0,50.0,1506.0,616,586.0,0.967866323907455,-30.0,-0.0487012987012987,0
1215.0,749.0,466.0,1051,1027.0,0.3835390946502057,-24.0,-0.0228353948620361,0
2048.0,1335.0,713.0,900,981.0,0.34814453125,81.0,0.09,0
1085.0,614.0,471.0,843,890.0,0.4341013824884792,47.0,0.0557532621589561,0
1277.0,843.0,434.0,919,972.0,0.3398590446358653,53.0,0.0576713819368879,0
2930.0,2330.0,600.0,2241,2097.0,0.204778156996587,-144.0,-0.0642570281124498,0
1581.0,1268.0,313.0,2061,1877.0,0.1979759645793801,-184.0,-0.0892770499757399,0
1080.0,644.0,436.0,1041,1142.0,0.4037037037037037,101.0,0.0970220941402497,0
538.0,194.0,344.0,706,727.0,0.6394052044609665,21.0,0.0297450424929178,1
3128.0,2372.0,756.0,2278,2208.0,0.2416879795396419,-70.0,-0.0307287093942054,0
994.0,488.0,506.0,1201,1233.0,0.5090543259557344,32.0,0.0266444629475437,0
1987.0,1589.0,398.0,1988,1953.0,0.2003019627579265,-35.0,-0.0176056338028169,0
722.0,661.0,61.0,2648,2717.0,0.0844875346260387,69.0,0.0260574018126888,0
1350.0,607.0,743.0,1095,1179.0,0.5503703703703704,84.0,0.0767123287671232,0
2203.0,1310.0,893.0,1420,1423.0,0.4053563322741715,3.0,0.002112676056338,0
1670.0,582.0,1088.0,1114,1119.0,0.651497005988024,5.0,0.0044883303411131,0
3033.0,2396.0,637.0,1344,1368.0,0.2100230794592812,24.0,0.0178571428571428,0
1152.0,808.0,344.0,1852,1885.0,0.2986111111111111,33.0,0.0178185745140388,0
2216.0,1713.0,503.0,1312,1299.0,0.226985559566787,-13.0,-0.0099085365853658,1
1863.0,1426.0,437.0,1915,1959.0,0.2345679012345679,44.0,0.022976501305483,0
2808.0,2432.0,376.0,1838,1888.0,0.1339031339031339,50.0,0.0272034820457018,0
1431.0,775.0,656.0,1072,1087.0,0.4584206848357792,15.0,0.0139925373134328,1
5446.0,3855.0,1591.0,2669,2882.0,0.2921410209327947,213.0,0.0798051704758336,0
1366.0,1045.0,321.0,2036,2007.0,0.2349926793557833,-29.0,-0.0142436149312377,0
2604.0,1908.0,696.0,2531,2541.0,0.2672811059907834,10.0,0.0039510075069142,0
1865.0,1655.0,210.0,2668,2743.0,0.1126005361930295,75.0,0.0281109445277361,0
816.0,783.0,33.0,2830,2921.0,0.0404411764705882,91.0,0.0321554770318021,0
616.0,112.0,504.0,958,942.0,0.8181818181818182,-16.0,-0.0167014613778705,1
1136.0,209.0,927.0,1015,1084.0,0.8160211267605634,69.0,0.0679802955665024,0
1612.0,1151.0,461.0,1655,1689.0,0.2859801488833747,34.0,0.0205438066465256,0
1051.0,932.0,119.0,1891,1791.0,0.1132254995242626,-100.0,-0.0528820729772607,1
2143.0,1238.0,905.0,1376,1319.0,0.4223051796546896,-57.0,-0.0414244186046511,0
1783.0,648.0,1135.0,1255,1144.0,0.6365675827257431,-111.0,-0.0884462151394422,1
2924.0,501.0,2423.0,989,1034.0,0.8286593707250342,45.0,0.0455005055611729,1
1448.0,731.0,717.0,1284,1241.0,0.4951657458563536,-43.0,-0.0334890965732087,1
1923.0,1015.0,908.0,1379,1394.0,0.4721788871554862,15.0,0.0108774474256707,0
1880.0,606.0,1274.0,1365,1333.0,0.6776595744680851,-32.0,-0.0234432234432234,0
1606.0,1243.0,363.0,1582,1499.0,0.2260273972602739,-83.0,-0.052465233881163,0
1227.0,967.0,260.0,1779,1532.0,0.2118989405052974,-247.0,-0.1388420460933108,0
1439.0,605.0,834.0,1405,1374.0,0.5795691452397498,-31.0,-0.0220640569395017,1
1551.0,1254.0,297.0,2019,2064.0,0.1914893617021276,45.0,0.0222882615156017,0
1543.0,31.0,1512.0,888,904.0,0.9799092676604018,16.0,0.018018018018018,0
1413.0,145.0,1268.0,851,874.0,0.897381457891012,23.0,0.027027027027027,1
1586.0,551.0,1035.0,952,957.0,0.6525851197982345,5.0,0.0052521008403361,1
1435.0,902.0,533.0,1593,1504.0,0.3714285714285714,-89.0,-0.0558694287507846,1
1567.0,593.0,974.0,1304,1302.0,0.6215698787492023,-2.0,-0.0015337423312883,0
1697.0,1529.0,168.0,2747,2692.0,0.0989982321744254,-55.0,-0.0200218420094648,0
1408.0,1172.0,236.0,1665,1769.0,0.1676136363636363,104.0,0.0624624624624624,0
770.0,700.0,70.0,2587,2961.0,0.0909090909090909,374.0,0.1445689988403556,0
1555.0,1289.0,266.0,1861,1893.0,0.1710610932475884,32.0,0.0171950564212788,0
1404.0,695.0,709.0,1299,1195.0,0.5049857549857549,-104.0,-0.0800615858352579,1
1617.0,1247.0,370.0,1575,1651.0,0.2288188002473716,76.0,0.0482539682539682,1
2142.0,1857.0,285.0,2143,2402.0,0.1330532212885154,259.0,0.1208586094260382,0
1342.0,259.0,1083.0,1182,1203.0,0.8070044709388972,21.0,0.0177664974619289,0
2741.0,2184.0,557.0,2297,2337.0,0.2032105071141919,40.0,0.0174140182847192,0
1188.0,818.0,370.0,2129,2011.0,0.3114478114478115,-118.0,-0.0554250821982151,1
6604.0,77.0,6527.0,1685,1777.0,0.9883403997577226,92.0,0.0545994065281899,0
1670.0,1308.0,362.0,1913,1871.0,0.2167664670658682,-42.0,-0.021955044432828,1
2713.0,2217.0,496.0,2334,2122.0,0.1828234426833763,-212.0,-0.0908311910882605,1
2060.0,1244.0,816.0,1275,1359.0,0.3961165048543689,84.0,0.0658823529411764,1
1648.0,684.0,964.0,1954,2022.0,0.5849514563106796,68.0,0.0348004094165813,1
1199.0,999.0,200.0,1964,2188.0,0.1668056713928273,224.0,0.1140529531568228,1
806.0,113.0,693.0,936,998.0,0.8598014888337469,62.0,0.0662393162393162,1
1581.0,1271.0,310.0,1593,1872.0,0.196078431372549,279.0,0.1751412429378531,0
2769.0,2148.0,621.0,2724,2602.0,0.2242686890574214,-122.0,-0.0447870778267254,0
1428.0,536.0,892.0,1104,1117.0,0.6246498599439776,13.0,0.0117753623188405,0
2058.0,1826.0,232.0,2094,2295.0,0.1127308066083576,201.0,0.0959885386819484,1
2027.0,983.0,1044.0,1157,1170.0,0.5150468672915639,13.0,0.0112359550561797,1
656.0,458.0,198.0,1052,1181.0,0.3018292682926829,129.0,0.1226235741444866,1
1301.0,1029.0,272.0,1198,1161.0,0.2090699461952344,-37.0,-0.0308848080133555,1
2233.0,1627.0,606.0,2564,2496.0,0.2713837886251679,-68.0,-0.0265210608424337,0
2377.0,1466.0,911.0,1330,1382.0,0.3832562053007993,52.0,0.0390977443609022,0
1912.0,937.0,975.0,1327,1356.0,0.5099372384937239,29.0,0.0218538055764883,1
986.0,711.0,275.0,1486,1507.0,0.2789046653144016,21.0,0.0141318977119784,1
1582.0,848.0,734.0,1401,1453.0,0.4639696586599241,52.0,0.0371163454675231,0
1178.0,980.0,198.0,1906,1847.0,0.1680814940577249,-59.0,-0.0309548793284365,0
1134.0,900.0,234.0,1461,1456.0,0.2063492063492063,-5.0,-0.0034223134839151,1
1894.0,1168.0,726.0,1220,1186.0,0.3833157338965153,-34.0,-0.0278688524590163,1
2654.0,1191.0,1463.0,1475,1510.0,0.551243406179352,35.0,0.023728813559322,1
815.0,65.0,750.0,889,930.0,0.9202453987730062,41.0,0.046119235095613,1
1619.0,361.0,1258.0,1778,1894.0,0.7770228536133416,116.0,0.0652418447694038,1
1403.0,503.0,900.0,1382,1368.0,0.6414825374198146,-14.0,-0.0101302460202604,1
2119.0,1725.0,394.0,2404,2367.0,0.1859367626238791,-37.0,-0.0153910149750415,1
876.0,778.0,98.0,1925,1884.0,0.1118721461187214,-41.0,-0.0212987012987013,0
722.0,176.0,546.0,1218,1184.0,0.7562326869806094,-34.0,-0.0279146141215106,1
1653.0,1481.0,172.0,2201,2276.0,0.1040532365396249,75.0,0.0340754202635165,0
1436.0,881.0,555.0,1407,1471.0,0.3864902506963788,64.0,0.0454868514570007,0
1933.0,907.0,1026.0,1213,1256.0,0.5307811691670977,43.0,0.0354492992580379,0
1491.0,476.0,1015.0,1465,1340.0,0.6807511737089202,-125.0,-0.0853242320819112,1
888.0,822.0,66.0,2461,2310.0,0.0743243243243243,-151.0,-0.061357171881349,1
1830.0,965.0,865.0,1488,1663.0,0.4726775956284153,175.0,0.1176075268817204,0
2481.0,2233.0,248.0,2240,2292.0,0.0999596936719064,52.0,0.0232142857142857,0
2443.0,522.0,1921.0,1184,1274.0,0.7863282848956201,90.0,0.0760135135135135,1
1032.0,709.0,323.0,2171,2314.0,0.312984496124031,143.0,0.0658682634730539,0
983.0,677.0,306.0,1755,1763.0,0.311291963377416,8.0,0.0045584045584045,0
1577.0,1188.0,389.0,1987,1944.0,0.2466708941027267,-43.0,-0.0216406643180674,0
1505.0,828.0,677.0,1616,1611.0,0.4498338870431894,-5.0,-0.0030940594059405,0
2768.0,1729.0,1039.0,1490,1520.0,0.3753612716763005,30.0,0.0201342281879194,0
1529.0,987.0,542.0,1212,1453.0,0.3544800523217789,241.0,0.1988448844884488,0
1072.0,780.0,292.0,1476,1389.0,0.2723880597014925,-87.0,-0.0589430894308943,1
1681.0,551.0,1130.0,1034,1060.0,0.6722189173111244,26.0,0.0251450676982591,0
801.0,684.0,117.0,2036,2168.0,0.146067415730337,132.0,0.0648330058939096,0
1117.0,958.0,159.0,1761,1674.0,0.1423455684870188,-87.0,-0.0494037478705281,0
1151.0,291.0,860.0,942,1008.0,0.7471763683753258,66.0,0.0700636942675159,0
1149.0,330.0,819.0,996,994.0,0.7127937336814621,-2.0,-0.002008032128514,0
2504.0,443.0,2061.0,892,1213.0,0.8230830670926518,321.0,0.3598654708520179,1
4619.0,1907.0,2712.0,1902,1964.0,0.5871400736090063,62.0,0.0325972660357518,0
2153.0,758.0,1395.0,1060,1257.0,0.6479331165815142,197.0,0.1858490566037735,0
1831.0,762.0,1069.0,1208,1262.0,0.5838339705079192,54.0,0.0447019867549668,1
2602.0,381.0,2221.0,1043,1105.0,0.8535741737125289,62.0,0.059443911792905,1
3294.0,441.0,2853.0,1016,1056.0,0.8661202185792349,40.0,0.0393700787401574,1
1739.0,585.0,1154.0,1271,1226.0,0.6635997699827487,-45.0,-0.035405192761605,1
2222.0,1226.0,996.0,1353,1328.0,0.4482448244824482,-25.0,-0.0184774575018477,0
1349.0,895.0,454.0,1323,1238.0,0.3365455893254262,-85.0,-0.0642479213907785,1
969.0,636.0,333.0,1644,1625.0,0.3436532507739938,-19.0,-0.0115571776155717,0
2196.0,1528.0,668.0,1638,1770.0,0.3041894353369763,132.0,0.0805860805860805,0
1524.0,986.0,538.0,1617,1571.0,0.3530183727034121,-46.0,-0.028447742733457,0
1026.0,481.0,545.0,1156,1063.0,0.5311890838206628,-93.0,-0.0804498269896193,0
1070.0,313.0,757.0,1026,1061.0,0.7074766355140187,35.0,0.0341130604288499,1
1182.0,357.0,825.0,1045,1041.0,0.6979695431472082,-4.0,-0.0038277511961722,0
1332.0,220.0,1112.0,851,855.0,0.8348348348348348,4.0,0.0047003525264394,1
2292.0,483.0,1809.0,1353,1370.0,0.7892670157068062,17.0,0.0125646711012564,1
2136.0,1372.0,764.0,1426,1535.0,0.3576779026217228,109.0,0.076437587657784,1
2718.0,435.0,2283.0,1340,1339.0,0.8399558498896247,-1.0,-0.0007462686567164,1
3038.0,1349.0,1689.0,1308,1316.0,0.5559578670177748,8.0,0.0061162079510703,1
2096.0,411.0,1685.0,1154,1255.0,0.8039122137404581,101.0,0.0875216637781629,0
3150.0,1997.0,1153.0,1702,1687.0,0.366031746031746,-15.0,-0.008813160987074,0
1269.0,1033.0,236.0,1553,1619.0,0.1859732072498029,66.0,0.0424983902124919,1
1252.0,1106.0,146.0,2592,2550.0,0.1166134185303514,-42.0,-0.0162037037037037,0
1870.0,768.0,1102.0,1225,1229.0,0.5893048128342246,4.0,0.0032653061224489,0
1426.0,1181.0,245.0,1880,1968.0,0.1718092566619916,88.0,0.0468085106382978,0
1134.0,879.0,255.0,2404,2163.0,0.2248677248677248,-241.0,-0.1002495840266222,0
1070.0,633.0,437.0,1661,1771.0,0.408411214953271,110.0,0.0662251655629139,0
2162.0,1271.0,891.0,1717,1674.0,0.412118408880666,-43.0,-0.0250436808386721,0
1046.0,815.0,231.0,800,726.0,0.2208413001912046,-74.0,-0.0925,0
1369.0,1019.0,350.0,778,830.0,0.2556610664718773,52.0,0.0668380462724935,0
2257.0,1073.0,1184.0,1409,1496.0,0.5245901639344263,87.0,0.0617459190915542,1
1849.0,643.0,1206.0,1535,1512.0,0.6522444564629529,-23.0,-0.0149837133550488,0
1141.0,713.0,428.0,1686,1761.0,0.3751095530236634,75.0,0.0444839857651245,0
1570.0,628.0,942.0,1654,1692.0,0.6,38.0,0.022974607013301,1
691.0,325.0,366.0,1423,1331.0,0.5296671490593343,-92.0,-0.0646521433591005,0
1719.0,917.0,802.0,1538,1516.0,0.4665503199534613,-22.0,-0.0143042912873862,0
1040.0,374.0,666.0,1137,1178.0,0.6403846153846153,41.0,0.0360598065083553,1
2413.0,1586.0,827.0,1984,2034.0,0.3427268959801077,50.0,0.0252016129032258,0
1260.0,873.0,387.0,1706,1673.0,0.3071428571428571,-33.0,-0.0193434935521688,0
1275.0,805.0,470.0,1438,1504.0,0.3686274509803922,66.0,0.0458970792767733,0
1504.0,705.0,799.0,1098,1080.0,0.53125,-18.0,-0.0163934426229508,1
622.0,505.0,117.0,2371,2284.0,0.1881028938906752,-87.0,-0.0366933783213833,0
1335.0,930.0,405.0,1928,1929.0,0.3033707865168539,1.0,0.0005186721991701,0
791.0,187.0,604.0,1439,1587.0,0.7635903919089759,148.0,0.1028492008339124,1
2006.0,1378.0,628.0,1936,1938.0,0.3130608175473579,2.0,0.0010330578512396,0
1973.0,957.0,1016.0,1951,2130.0,0.5149518499746579,179.0,0.0917478216299333,0
2136.0,1385.0,751.0,1497,1409.0,0.3515917602996254,-88.0,-0.0587842351369405,1
2786.0,1454.0,1332.0,1683,1742.0,0.4781048097631012,59.0,0.0350564468211527,0
1327.0,240.0,1087.0,1132,1089.0,0.8191409193669932,-43.0,-0.0379858657243816,1
1749.0,1548.0,201.0,1605,1701.0,0.1149228130360205,96.0,0.0598130841121495,0
2255.0,437.0,1818.0,1020,1004.0,0.8062084257206208,-16.0,-0.0156862745098039,0
1259.0,187.0,1072.0,947,1028.0,0.8514694201747418,81.0,0.085533262935586,0
1383.0,245.0,1138.0,1087,1059.0,0.8228488792480115,-28.0,-0.0257589696412143,0
965.0,100.0,865.0,941,949.0,0.8963730569948186,8.0,0.0085015940488841,1
860.0,596.0,264.0,1407,1407.0,0.3069767441860465,0.0,0.0,1
2190.0,1715.0,475.0,1571,1790.0,0.2168949771689497,219.0,0.1394016549968173,1
1373.0,991.0,382.0,1702,1733.0,0.2782228696285506,31.0,0.0182138660399529,0
1271.0,960.0,311.0,1796,1851.0,0.2446892210857592,55.0,0.0306236080178173,1
743.0,410.0,333.0,1909,1748.0,0.4481830417227456,-161.0,-0.0843373493975903,0
2351.0,928.0,1423.0,1140,1156.0,0.6052743513398554,16.0,0.0140350877192982,1
2127.0,1687.0,440.0,1991,2039.0,0.2068641278796427,48.0,0.0241084881968859,0
1669.0,1402.0,267.0,2146,2311.0,0.1599760335530257,165.0,0.0768872320596458,0
1236.0,1009.0,227.0,2243,2179.0,0.1836569579288026,-64.0,-0.0285332144449398,0
2776.0,1680.0,1096.0,1867,1935.0,0.3948126801152737,68.0,0.0364220674879485,1
1777.0,763.0,1014.0,1202,1188.0,0.5706246482836241,-14.0,-0.0116472545757071,0
2787.0,1852.0,935.0,2021,1992.0,0.335486185862935,-29.0,-0.0143493320138545,1
1214.0,639.0,575.0,1719,1859.0,0.4736408566721581,140.0,0.0814426992437463,0
1583.0,1154.0,429.0,2066,2113.0,0.2710044219835755,47.0,0.0227492739593417,0
1695.0,1123.0,572.0,1668,1821.0,0.3374631268436578,153.0,0.0917266187050359,1
1356.0,1080.0,276.0,1310,1529.0,0.2035398230088495,219.0,0.1671755725190839,1
1153.0,854.0,299.0,1511,1493.0,0.2593235039028621,-18.0,-0.0119126406353408,1
1246.0,627.0,619.0,1284,1438.0,0.4967897271268058,154.0,0.1199376947040498,0
1760.0,863.0,897.0,929,974.0,0.5096590909090909,45.0,0.0484391819160387,1
2214.0,731.0,1483.0,1192,1194.0,0.6698283649503162,2.0,0.0016778523489932,0
2320.0,1967.0,353.0,1867,1738.0,0.1521551724137931,-129.0,-0.0690948044991965,1
2640.0,1986.0,654.0,1180,1247.0,0.2477272727272727,67.0,0.0567796610169491,0
1320.0,260.0,1060.0,1115,1055.0,0.803030303030303,-60.0,-0.0538116591928251,1
1602.0,448.0,1154.0,1108,1139.0,0.7203495630461922,31.0,0.0279783393501805,1
2177.0,671.0,1506.0,1068,1102.0,0.6917776757005053,34.0,0.0318352059925093,0
2739.0,524.0,2215.0,895,943.0,0.8086893026652063,48.0,0.0536312849162011,1
1471.0,808.0,663.0,1299,1403.0,0.4507138001359619,104.0,0.0800615858352579,1
2231.0,495.0,1736.0,980,1023.0,0.7781264007171672,43.0,0.0438775510204081,1
1531.0,353.0,1178.0,965,1077.0,0.7694317439581972,112.0,0.1160621761658031,1
1918.0,123.0,1795.0,886,899.0,0.9358706986444212,13.0,0.0146726862302483,0
1065.0,355.0,710.0,1008,1030.0,0.6666666666666666,22.0,0.0218253968253968,1
2291.0,754.0,1537.0,1116,1144.0,0.6708860759493671,28.0,0.025089605734767,0
2246.0,848.0,1398.0,1158,1133.0,0.622439893143366,-25.0,-0.0215889464594127,1
1706.0,1036.0,670.0,1381,1219.0,0.3927315357561547,-162.0,-0.1173062997827661,0
1301.0,948.0,353.0,1301,1248.0,0.2713297463489623,-53.0,-0.0407378939277478,0
1230.0,447.0,783.0,916,959.0,0.6365853658536585,43.0,0.046943231441048,1
752.0,311.0,441.0,1161,1143.0,0.586436170212766,-18.0,-0.0155038759689922,0
2543.0,622.0,1921.0,990,1024.0,0.7554069996067637,34.0,0.0343434343434343,1
2711.0,395.0,2316.0,1067,1091.0,0.8542973072666913,24.0,0.0224929709465791,1
1143.0,439.0,704.0,1437,1395.0,0.615923009623797,-42.0,-0.0292275574112734,0
2123.0,1573.0,550.0,1745,1934.0,0.2590673575129533,189.0,0.1083094555873925,1
834.0,677.0,157.0,2013,1692.0,0.1882494004796163,-321.0,-0.1594634873323397,1
1367.0,1045.0,322.0,2533,2760.0,0.2355523043160204,227.0,0.0896170548756415,0
4291.0,2540.0,1751.0,3100,3272.0,0.408063388487532,172.0,0.0554838709677419,0
2743.0,1574.0,1169.0,1202,1257.0,0.4261757200145826,55.0,0.0457570715474209,0
2655.0,1480.0,1175.0,1507,1538.0,0.4425612052730697,31.0,0.0205706702057067,0
2641.0,1309.0,1332.0,1177,1251.0,0.5043544112078758,74.0,0.0628717077315208,0
2680.0,1817.0,863.0,2091,2095.0,0.3220149253731343,4.0,0.0019129603060736,0
1981.0,534.0,1447.0,1639,1570.0,0.7304391721352852,-69.0,-0.0420988407565588,1
1325.0,1005.0,320.0,1684,1634.0,0.2415094339622641,-50.0,-0.0296912114014251,0
1045.0,970.0,75.0,1666,1613.0,0.0717703349282296,-53.0,-0.031812725090036,0
1744.0,761.0,983.0,857,874.0,0.5636467889908257,17.0,0.0198366394399066,1
1622.0,615.0,1007.0,1617,1743.0,0.6208384710234278,126.0,0.0779220779220779,1
2807.0,2379.0,428.0,1723,1607.0,0.1524759529747061,-116.0,-0.0673244341265235,1
1696.0,977.0,719.0,1009,1060.0,0.423938679245283,51.0,0.0505450941526263,0
1041.0,787.0,254.0,1288,1427.0,0.2439961575408261,139.0,0.107919254658385,1
1537.0,792.0,745.0,1122,1110.0,0.4847104749512036,-12.0,-0.0106951871657754,0
1465.0,816.0,649.0,1395,1380.0,0.4430034129692832,-15.0,-0.010752688172043,0
1904.0,269.0,1635.0,1045,1044.0,0.8587184873949579,-1.0,-0.000956937799043,1
1585.0,1336.0,249.0,4001,4001.0,0.1570977917981072,0.0,0.0,0
2050.0,1311.0,739.0,2414,2446.0,0.3604878048780487,32.0,0.0132560066280033,0
1556.0,1303.0,253.0,2645,2653.0,0.1625964010282776,8.0,0.0030245746691871,0
1126.0,613.0,513.0,1606,1654.0,0.455595026642984,48.0,0.0298879202988792,0
1584.0,1142.0,442.0,1562,1589.0,0.279040404040404,27.0,0.0172855313700384,0
4175.0,1016.0,3159.0,1693,1749.0,0.7566467065868263,56.0,0.0330773774365032,1
1037.0,187.0,850.0,905,891.0,0.819672131147541,-14.0,-0.0154696132596685,1
468.0,0.0,468.0,1816,1885.0,1.0,69.0,0.0379955947136563,1
1237.0,1108.0,129.0,2030,2308.0,0.1042845594179466,278.0,0.1369458128078817,1
1615.0,205.0,1410.0,1205,1191.0,0.8730650154798761,-14.0,-0.0116182572614107,1
1754.0,929.0,825.0,1501,1571.0,0.4703534777651083,70.0,0.0466355762824783,1
1256.0,184.0,1072.0,1327,1413.0,0.8535031847133758,86.0,0.0648078372268274,1
1155.0,910.0,245.0,1822,1547.0,0.2121212121212121,-275.0,-0.1509330406147091,1
1961.0,565.0,1396.0,1156,1201.0,0.7118816930137685,45.0,0.0389273356401384,1
651.0,216.0,435.0,894,868.0,0.6682027649769585,-26.0,-0.029082774049217,1
1309.0,1174.0,135.0,1681,1692.0,0.1031321619556913,11.0,0.0065437239738251,0
2158.0,1351.0,807.0,1710,1723.0,0.3739573679332715,13.0,0.0076023391812865,1
2064.0,1727.0,337.0,2256,2226.0,0.1632751937984496,-30.0,-0.0132978723404255,0
1242.0,853.0,389.0,1058,1109.0,0.3132045088566828,51.0,0.0482041587901701,1
1681.0,1165.0,516.0,1576,1539.0,0.3069601427721594,-37.0,-0.023477157360406,0
1347.0,1132.0,215.0,2349,2158.0,0.1596139569413511,-191.0,-0.0813111962537249,0
2100.0,827.0,1273.0,1090,1072.0,0.6061904761904762,-18.0,-0.0165137614678899,0
1632.0,1000.0,632.0,1556,1750.0,0.3872549019607843,194.0,0.1246786632390745,0
1196.0,749.0,447.0,1587,1366.0,0.3737458193979933,-221.0,-0.1392564587271581,1
1753.0,1130.0,623.0,1384,1381.0,0.3553907586993725,-3.0,-0.0021676300578034,1
4453.0,3631.0,822.0,2710,2930.0,0.1845946552885695,220.0,0.081180811808118,0
3078.0,2573.0,505.0,2688,2698.0,0.1640675763482781,10.0,0.003720238095238,1
1587.0,1027.0,560.0,1745,1713.0,0.3528670447385003,-32.0,-0.0183381088825214,0
1327.0,740.0,587.0,1687,1809.0,0.4423511680482291,122.0,0.0723177237700059,0
1690.0,317.0,1373.0,1048,1117.0,0.8124260355029586,69.0,0.0658396946564885,1
2527.0,703.0,1824.0,1247,1331.0,0.7218045112781954,84.0,0.0673616680032077,0
2338.0,1740.0,598.0,1723,1804.0,0.2557741659538067,81.0,0.0470110272780034,0
2520.0,1236.0,1284.0,1712,1860.0,0.5095238095238095,148.0,0.0864485981308411,1
2297.0,723.0,1574.0,868,911.0,0.6852416195037004,43.0,0.0495391705069124,0
2328.0,1874.0,454.0,2909,2882.0,0.1950171821305842,-27.0,-0.0092815400481265,0
893.0,765.0,128.0,2535,2715.0,0.1433370660694289,180.0,0.0710059171597633,0
1935.0,1551.0,384.0,1956,2122.0,0.1984496124031007,166.0,0.0848670756646216,0
1076.0,897.0,179.0,2549,2250.0,0.16635687732342,-299.0,-0.1173009023146331,0
669.0,153.0,516.0,898,894.0,0.7713004484304933,-4.0,-0.0044543429844097,0
1175.0,193.0,982.0,1007,1014.0,0.8357446808510638,7.0,0.0069513406156901,0
3123.0,1723.0,1400.0,2020,1951.0,0.4482869036183157,-69.0,-0.0341584158415841,1
1757.0,1228.0,529.0,1942,1946.0,0.3010813887307911,4.0,0.0020597322348094,0
1608.0,1110.0,498.0,2041,2056.0,0.3097014925373134,15.0,0.0073493385595296,0
1689.0,1287.0,402.0,965,1072.0,0.2380106571936056,107.0,0.110880829015544,1
1358.0,802.0,556.0,1268,1283.0,0.4094256259204712,15.0,0.0118296529968454,1
1035.0,738.0,297.0,1644,1802.0,0.2869565217391304,158.0,0.0961070559610705,0
1419.0,85.0,1334.0,910,922.0,0.9400986610288936,12.0,0.0131868131868131,1
562.0,393.0,169.0,1755,2069.0,0.3007117437722419,314.0,0.1789173789173789,0
796.0,390.0,406.0,1057,1101.0,0.5100502512562815,44.0,0.0416272469252601,0
1866.0,206.0,1660.0,1050,1084.0,0.8896034297963559,34.0,0.0323809523809523,1
1338.0,427.0,911.0,1805,1883.0,0.6808669656203289,78.0,0.0432132963988919,1
31.0,0.0,31.0,597,586.0,1.0,-11.0,-0.0184254606365159,1
1273.0,220.0,1053.0,624,680.0,0.8271798900235664,56.0,0.0897435897435897,1
1182.0,701.0,481.0,1232,1206.0,0.4069373942470389,-26.0,-0.0211038961038961,0
1139.0,825.0,314.0,1275,1416.0,0.2756804214223002,141.0,0.1105882352941176,0
815.0,186.0,629.0,1089,1122.0,0.7717791411042945,33.0,0.0303030303030303,1
719.0,502.0,217.0,1856,1947.0,0.301808066759388,91.0,0.0490301724137931,1
1280.0,888.0,392.0,1456,1437.0,0.30625,-19.0,-0.0130494505494505,0
1885.0,1068.0,817.0,1557,1584.0,0.43342175066313,27.0,0.0173410404624277,0
884.0,739.0,145.0,1773,1875.0,0.1640271493212669,102.0,0.0575296108291032,0
1067.0,530.0,537.0,1126,1092.0,0.5032802249297095,-34.0,-0.0301953818827708,0
811.0,731.0,80.0,2258,2329.0,0.0986436498150431,71.0,0.0314437555358724,0
2425.0,1018.0,1407.0,1125,1163.0,0.5802061855670103,38.0,0.0337777777777777,0
1364.0,983.0,381.0,1415,1401.0,0.2793255131964809,-14.0,-0.0098939929328621,0
2951.0,2208.0,743.0,1929,1915.0,0.2517790579464588,-14.0,-0.0072576464489372,1
1190.0,491.0,699.0,1633,1626.0,0.5873949579831933,-7.0,-0.0042865890998162,1
2320.0,445.0,1875.0,892,879.0,0.8081896551724138,-13.0,-0.0145739910313901,0
1008.0,471.0,537.0,1252,1197.0,0.5327380952380952,-55.0,-0.0439297124600639,1
1281.0,524.0,757.0,1279,1308.0,0.5909445745511319,29.0,0.0226739640344018,1
1510.0,614.0,896.0,1190,1186.0,0.5933774834437087,-4.0,-0.0033613445378151,0
736.0,314.0,422.0,831,1070.0,0.5733695652173914,239.0,0.2876052948255114,1
2877.0,2210.0,667.0,2468,2467.0,0.2318387208898157,-1.0,-0.0004051863857374,0
1578.0,1220.0,358.0,2015,1940.0,0.2268694550063371,-75.0,-0.0372208436724565,0
2137.0,1675.0,462.0,2060,2202.0,0.216190921853065,142.0,0.0689320388349514,0
1267.0,663.0,604.0,1168,1238.0,0.4767166535122336,70.0,0.059931506849315,0
842.0,624.0,218.0,2101,2067.0,0.2589073634204275,-34.0,-0.0161827701094716,0
1188.0,763.0,425.0,1462,1387.0,0.3577441077441077,-75.0,-0.0512995896032831,0
1038.0,842.0,196.0,2089,2189.0,0.1888246628131021,100.0,0.0478697941598851,0
730.0,298.0,432.0,874,925.0,0.5917808219178082,51.0,0.0583524027459954,1
892.0,238.0,654.0,989,1030.0,0.7331838565022422,41.0,0.0414560161779575,0
1246.0,275.0,971.0,960,1002.0,0.7792937399678973,42.0,0.04375,1
1048.0,75.0,973.0,982,1024.0,0.9284351145038168,42.0,0.0427698574338085,0
1436.0,1225.0,211.0,1567,1555.0,0.1469359331476323,-12.0,-0.0076579451180599,0
1292.0,1079.0,213.0,1429,1523.0,0.164860681114551,94.0,0.0657802659202239,1
1468.0,571.0,897.0,1005,1129.0,0.6110354223433242,124.0,0.1233830845771144,1
1459.0,174.0,1285.0,1266,1262.0,0.8807402330363262,-4.0,-0.0031595576619273,0
1114.0,106.0,1008.0,889,944.0,0.9048473967684022,55.0,0.061867266591676,1
1109.0,443.0,666.0,1092,1126.0,0.6005410279531109,34.0,0.0311355311355311,1
1590.0,940.0,650.0,1044,997.0,0.4088050314465409,-47.0,-0.0450191570881226,1
689.0,575.0,114.0,1946,1741.0,0.1654571843251088,-205.0,-0.105344295991778,0
1343.0,1127.0,216.0,2242,2313.0,0.1608339538346984,71.0,0.0316681534344335,0
1948.0,745.0,1203.0,749,735.0,0.6175564681724846,-14.0,-0.0186915887850467,1
1803.0,424.0,1379.0,1017,1047.0,0.7648363838047698,30.0,0.0294985250737463,0
1672.0,965.0,707.0,1484,1446.0,0.4228468899521531,-38.0,-0.0256064690026954,0
1638.0,869.0,769.0,1217,1181.0,0.4694749694749695,-36.0,-0.0295809367296631,0
1884.0,984.0,900.0,1280,1274.0,0.4777070063694267,-6.0,-0.0046875,0
2508.0,2078.0,430.0,1487,1476.0,0.1714513556618819,-11.0,-0.0073974445191661,1
1331.0,1164.0,167.0,2611,2708.0,0.1254695717505634,97.0,0.0371505170432784,0
1283.0,657.0,626.0,1735,1921.0,0.4879189399844115,186.0,0.1072046109510086,1
1365.0,949.0,416.0,1731,1831.0,0.3047619047619048,100.0,0.0577700751010976,0
1212.0,417.0,795.0,1177,1141.0,0.655940594059406,-36.0,-0.0305862361937128,1
1730.0,429.0,1301.0,976,995.0,0.7520231213872832,19.0,0.0194672131147541,1
1331.0,852.0,479.0,1554,1469.0,0.3598797896318557,-85.0,-0.0546975546975547,0
884.0,766.0,118.0,1723,1761.0,0.1334841628959276,38.0,0.0220545560069645,0
1377.0,225.0,1152.0,934,970.0,0.8366013071895425,36.0,0.038543897216274,0
1226.0,708.0,518.0,1949,1843.0,0.4225122349102773,-106.0,-0.0543868650590046,1
1814.0,300.0,1514.0,981,1041.0,0.834619625137817,60.0,0.0611620795107033,0
1367.0,732.0,635.0,1367,1434.0,0.4645208485735186,67.0,0.0490124359912216,0
3262.0,2647.0,615.0,2998,3034.0,0.1885346413243409,36.0,0.0120080053368912,0
749.0,722.0,27.0,2423,2410.0,0.0360480640854472,-13.0,-0.0053652496904663,0
1232.0,879.0,353.0,2176,2069.0,0.286525974025974,-107.0,-0.049172794117647,0
1711.0,1195.0,516.0,2020,1962.0,0.3015780245470485,-58.0,-0.0287128712871287,0
2222.0,1456.0,766.0,1723,1736.0,0.3447344734473447,13.0,0.0075449796865931,1
1125.0,909.0,216.0,1951,2083.0,0.192,132.0,0.0676576114812916,0
2314.0,918.0,1396.0,1102,1161.0,0.6032843560933449,59.0,0.0535390199637023,1
1248.0,1011.0,237.0,2003,2006.0,0.1899038461538461,3.0,0.001497753369945,0
631.0,437.0,194.0,2614,2671.0,0.3074484944532488,57.0,0.021805661820964,0
1124.0,844.0,280.0,1655,1643.0,0.2491103202846975,-12.0,-0.007250755287009,0
1966.0,754.0,1212.0,1040,1070.0,0.6164801627670397,30.0,0.0288461538461538,0
3090.0,1905.0,1185.0,1442,1449.0,0.3834951456310679,7.0,0.0048543689320388,0
2473.0,1009.0,1464.0,1218,1234.0,0.5919935301253538,16.0,0.0131362889983579,1
1698.0,606.0,1092.0,976,997.0,0.6431095406360424,21.0,0.0215163934426229,0
1298.0,188.0,1110.0,1084,1044.0,0.8551617873651772,-40.0,-0.03690036900369,1
1689.0,1279.0,410.0,1985,2039.0,0.2427471876850207,54.0,0.0272040302267002,0
1009.0,888.0,121.0,2304,2348.0,0.1199207135777998,44.0,0.0190972222222222,0
2644.0,2345.0,299.0,3440,3738.0,0.1130862329803328,298.0,0.0866279069767441,0
2593.0,1845.0,748.0,2253,2288.0,0.2884689548785191,35.0,0.0155348424323124,0
1364.0,1197.0,167.0,2282,2218.0,0.1224340175953079,-64.0,-0.0280455740578439,0
2187.0,1133.0,1054.0,1233,1282.0,0.4819387288523091,49.0,0.0397404703974047,1
2234.0,1631.0,603.0,1224,1228.0,0.2699194270367054,4.0,0.0032679738562091,1
1558.0,1377.0,181.0,1626,1595.0,0.1161745827984595,-31.0,-0.0190651906519065,1
1785.0,1527.0,258.0,1545,1391.0,0.1445378151260504,-154.0,-0.0996763754045307,1
4757.0,3491.0,1266.0,2559,2409.0,0.2661341181416859,-150.0,-0.0586166471277842,1
1645.0,661.0,984.0,1815,1898.0,0.5981762917933131,83.0,0.0457300275482093,0
2474.0,1573.0,901.0,1091,1187.0,0.3641875505254648,96.0,0.0879926672777268,0
949.0,61.0,888.0,1066,1076.0,0.9357218124341412,10.0,0.0093808630393996,0
1821.0,398.0,1423.0,1057,1036.0,0.7814387699066447,-21.0,-0.0198675496688741,1
1056.0,97.0,959.0,1023,1006.0,0.9081439393939394,-17.0,-0.0166177908113391,1
1409.0,86.0,1323.0,947,1020.0,0.9389638041163946,73.0,0.0770855332629355,0
2525.0,533.0,1992.0,1063,1101.0,0.788910891089109,38.0,0.0357478833490122,1
1179.0,623.0,556.0,1569,1784.0,0.4715860899067006,215.0,0.1370299553855959,1
1773.0,1527.0,246.0,2655,2565.0,0.1387478849407783,-90.0,-0.0338983050847457,0
1944.0,1819.0,125.0,2503,2478.0,0.0643004115226337,-25.0,-0.0099880143827407,0
2405.0,1119.0,1286.0,1377,1448.0,0.5347193347193347,71.0,0.0515613652868554,0
1126.0,948.0,178.0,2341,2254.0,0.1580817051509769,-87.0,-0.0371636052968816,0
2614.0,913.0,1701.0,1437,1558.0,0.6507268553940322,121.0,0.0842032011134307,1
2752.0,2341.0,411.0,3714,3686.0,0.1493459302325581,-28.0,-0.007539041464728,0
802.0,452.0,350.0,1897,1975.0,0.4364089775561097,78.0,0.0411175540326831,1
905.0,540.0,365.0,1455,1494.0,0.4033149171270718,39.0,0.0268041237113402,1
1614.0,752.0,862.0,1445,1538.0,0.5340768277571252,93.0,0.0643598615916955,0
1716.0,470.0,1246.0,1088,1127.0,0.7261072261072261,39.0,0.0358455882352941,0
1333.0,442.0,891.0,1277,1292.0,0.668417104276069,15.0,0.0117462803445575,0
847.0,404.0,443.0,1603,1592.0,0.5230224321133412,-11.0,-0.006862133499688,0
1189.0,817.0,372.0,1697,1787.0,0.3128679562657696,90.0,0.0530347672362993,0
2310.0,2044.0,266.0,2447,2615.0,0.1151515151515151,168.0,0.0686554965263588,1
2220.0,1593.0,627.0,1313,1685.0,0.2824324324324324,372.0,0.2833206397562833,0
1192.0,510.0,682.0,1721,1869.0,0.5721476510067114,148.0,0.0859965136548518,1
907.0,720.0,187.0,1883,2027.0,0.2061742006615215,144.0,0.0764737121614445,1
2141.0,958.0,1183.0,1710,1857.0,0.5525455394675385,147.0,0.0859649122807017,0
3484.0,3025.0,459.0,2090,2284.0,0.1317451205510907,194.0,0.092822966507177,0
998.0,897.0,101.0,2990,3133.0,0.1012024048096192,143.0,0.0478260869565217,0
1655.0,937.0,718.0,1696,1847.0,0.4338368580060422,151.0,0.0890330188679245,0
2142.0,1608.0,534.0,1879,1917.0,0.2492997198879551,38.0,0.020223523150612,1
754.0,702.0,52.0,1279,1529.0,0.0689655172413793,250.0,0.1954652071931196,1
1939.0,1715.0,224.0,2532,2442.0,0.1155234657039711,-90.0,-0.0355450236966824,0
1591.0,1330.0,261.0,2198,2418.0,0.1640477686989314,220.0,0.100090991810737,0
1420.0,1195.0,225.0,1755,1858.0,0.1584507042253521,103.0,0.0586894586894586,0
1563.0,1162.0,401.0,1348,1305.0,0.2565579014715291,-43.0,-0.0318991097922848,1
657.0,517.0,140.0,1565,1605.0,0.213089802130898,40.0,0.0255591054313099,0
2062.0,1128.0,934.0,1174,1208.0,0.4529582929194956,34.0,0.0289608177172061,0
534.0,365.0,169.0,1232,1244.0,0.3164794007490636,12.0,0.0097402597402597,0
1906.0,939.0,967.0,1162,1250.0,0.5073452256033578,88.0,0.0757314974182444,1
2740.0,2097.0,643.0,1295,1346.0,0.2346715328467153,51.0,0.0393822393822393,0
2136.0,1375.0,761.0,1503,1590.0,0.3562734082397004,87.0,0.0578842315369261,0
1476.0,571.0,905.0,1215,1203.0,0.6131436314363143,-12.0,-0.0098765432098765,1
743.0,689.0,54.0,2055,2250.0,0.0726783310901749,195.0,0.0948905109489051,0
2130.0,1551.0,579.0,945,782.0,0.271830985915493,-163.0,-0.1724867724867725,0
2598.0,2218.0,380.0,3043,3148.0,0.1462663587374904,105.0,0.0345054222806441,0
1386.0,1133.0,253.0,3098,2757.0,0.1825396825396825,-341.0,-0.1100710135571336,0
1185.0,1071.0,114.0,2065,2050.0,0.0962025316455696,-15.0,-0.0072639225181598,1
2238.0,2111.0,127.0,2872,2641.0,0.0567470956210902,-231.0,-0.0804317548746518,1
3082.0,1528.0,1554.0,2039,1999.0,0.5042180402336145,-40.0,-0.0196174595389897,0
4284.0,1003.0,3281.0,1903,1905.0,0.7658730158730159,2.0,0.001050972149238,0
3536.0,702.0,2834.0,1754,1746.0,0.8014705882352942,-8.0,-0.0045610034207525,1
2098.0,1145.0,953.0,1825,1835.0,0.4542421353670162,10.0,0.0054794520547945,0
2124.0,1105.0,1019.0,1631,1626.0,0.4797551789077213,-5.0,-0.003065603923973,1
1835.0,749.0,1086.0,1190,1198.0,0.591825613079019,8.0,0.0067226890756302,1
1319.0,488.0,831.0,1343,1238.0,0.6300227445034117,-105.0,-0.0781831720029784,1
1717.0,380.0,1337.0,1263,1278.0,0.778683750728014,15.0,0.01187648456057,1
1675.0,942.0,733.0,1385,1460.0,0.4376119402985075,75.0,0.0541516245487364,0
1735.0,888.0,847.0,1639,1660.0,0.4881844380403458,21.0,0.0128126906650396,1
2466.0,1013.0,1453.0,1259,1289.0,0.589213300892133,30.0,0.0238284352660841,0
896.0,787.0,109.0,1804,2032.0,0.1216517857142857,228.0,0.1263858093126385,0
1875.0,1100.0,775.0,1331,1289.0,0.4133333333333333,-42.0,-0.0315552216378662,0
1697.0,1496.0,201.0,1719,1941.0,0.1184443134944018,222.0,0.1291448516579406,0
772.0,596.0,176.0,1022,1155.0,0.2279792746113989,133.0,0.1301369863013698,1
1657.0,843.0,814.0,1379,1421.0,0.4912492456246228,42.0,0.0304568527918781,0
1996.0,1417.0,579.0,2573,2544.0,0.2900801603206412,-29.0,-0.0112708900116595,0
1039.0,609.0,430.0,1465,1703.0,0.4138594802694899,238.0,0.162457337883959,0
1211.0,839.0,372.0,2114,2096.0,0.3071841453344343,-18.0,-0.0085146641438032,1
2325.0,1624.0,701.0,1894,1957.0,0.301505376344086,63.0,0.0332629355860612,0
2475.0,1281.0,1194.0,1294,1332.0,0.4824242424242424,38.0,0.0293663060278207,1
1367.0,348.0,1019.0,1216,1239.0,0.745427944403804,23.0,0.0189144736842105,1
1986.0,1183.0,803.0,1614,1620.0,0.4043303121852971,6.0,0.0037174721189591,0
481.0,4.0,477.0,1919,1986.0,0.9916839916839916,67.0,0.0349140177175612,0
1633.0,1410.0,223.0,1891,1803.0,0.1365584813227189,-88.0,-0.0465362242199894,0
2176.0,732.0,1444.0,1077,1203.0,0.6636029411764706,126.0,0.116991643454039,1
2320.0,340.0,1980.0,962,999.0,0.853448275862069,37.0,0.0384615384615384,1
1419.0,146.0,1273.0,858,893.0,0.8971106412966878,35.0,0.0407925407925407,0
1776.0,181.0,1595.0,782,798.0,0.8980855855855856,16.0,0.0204603580562659,1
1034.0,299.0,735.0,884,883.0,0.7108317214700194,-1.0,-0.001131221719457,1
1051.0,323.0,728.0,1011,1119.0,0.69267364414843,108.0,0.1068249258160237,0
909.0,507.0,402.0,966,1074.0,0.4422442244224422,108.0,0.1118012422360248,0
633.0,140.0,493.0,860,918.0,0.7788309636650869,58.0,0.0674418604651162,1
1438.0,729.0,709.0,1087,1237.0,0.4930458970792767,150.0,0.1379944802207911,0
1851.0,368.0,1483.0,1083,1108.0,0.8011885467314965,25.0,0.0230840258541089,0
1763.0,1091.0,672.0,1625,1602.0,0.3811684628474192,-23.0,-0.0141538461538461,1
1532.0,933.0,599.0,1369,1417.0,0.3909921671018276,48.0,0.0350620891161431,0
1493.0,208.0,1285.0,918,944.0,0.8606831882116543,26.0,0.0283224400871459,1
1305.0,598.0,707.0,1230,1222.0,0.5417624521072797,-8.0,-0.0065040650406504,1
2419.0,985.0,1434.0,1159,1245.0,0.5928069450186028,86.0,0.0742018981880931,1
1330.0,1023.0,307.0,1596,1767.0,0.2308270676691729,171.0,0.1071428571428571,0
1870.0,1597.0,273.0,3727,4001.0,0.1459893048128342,274.0,0.0735175744566675,0
2189.0,1464.0,725.0,1620,1670.0,0.3312014618547282,50.0,0.0308641975308641,0
2016.0,1436.0,580.0,1488,1547.0,0.2876984126984127,59.0,0.0396505376344086,0
868.0,624.0,244.0,1467,1348.0,0.2811059907834101,-119.0,-0.0811179277436946,0
3567.0,2404.0,1163.0,2415,2267.0,0.3260442949257078,-148.0,-0.0612836438923395,0
2371.0,1032.0,1339.0,1144,1237.0,0.5647406157739351,93.0,0.0812937062937062,1
643.0,301.0,342.0,1119,1381.0,0.5318818040435459,262.0,0.2341376228775692,0
1815.0,1600.0,215.0,1742,1777.0,0.1184573002754821,35.0,0.0200918484500574,0
1540.0,608.0,932.0,1115,1128.0,0.6051948051948052,13.0,0.0116591928251121,0
1640.0,957.0,683.0,1282,1335.0,0.4164634146341463,53.0,0.0413416536661466,0
1987.0,871.0,1116.0,1195,1138.0,0.5616507297433316,-57.0,-0.0476987447698744,1
819.0,610.0,209.0,1704,1654.0,0.2551892551892551,-50.0,-0.0293427230046948,0
2304.0,1928.0,376.0,2889,2902.0,0.1631944444444444,13.0,0.0044998269297334,0
1761.0,1590.0,171.0,2655,2570.0,0.0971039182282793,-85.0,-0.032015065913371,0
1961.0,1059.0,902.0,1436,1498.0,0.4599694033656298,62.0,0.043175487465181,0
867.0,787.0,80.0,2310,2552.0,0.0922722029988466,242.0,0.1047619047619047,0
1809.0,725.0,1084.0,1366,1197.0,0.5992260917634052,-169.0,-0.123718887262079,0
2405.0,2221.0,184.0,2084,2188.0,0.0765072765072765,104.0,0.0499040307101727,0
2698.0,1451.0,1247.0,1228,1227.0,0.4621942179392142,-1.0,-0.000814332247557,0
2637.0,771.0,1866.0,1299,1384.0,0.7076222980659841,85.0,0.0654349499615088,0
2415.0,814.0,1601.0,1000,1074.0,0.6629399585921325,74.0,0.074,1
1273.0,174.0,1099.0,910,904.0,0.8633150039277298,-6.0,-0.0065934065934065,1
2392.0,1442.0,950.0,1399,1372.0,0.3971571906354515,-27.0,-0.0192994996426018,1
1507.0,1057.0,450.0,2150,2136.0,0.298606502986065,-14.0,-0.0065116279069767,1
2415.0,902.0,1513.0,1853,1856.0,0.6265010351966873,3.0,0.0016189962223421,0
1103.0,860.0,243.0,2124,2043.0,0.2203082502266545,-81.0,-0.0381355932203389,0
950.0,837.0,113.0,2214,2311.0,0.1189473684210526,97.0,0.0438121047877145,0
1077.0,834.0,243.0,949,1005.0,0.2256267409470752,56.0,0.0590094836670179,1
2766.0,1655.0,1111.0,1491,1523.0,0.4016630513376717,32.0,0.0214621059691482,0
3448.0,2990.0,458.0,2523,2536.0,0.132830626450116,13.0,0.0051525961157352,0
1796.0,1531.0,265.0,2248,2163.0,0.1475501113585746,-85.0,-0.0378113879003558,0
899.0,268.0,631.0,1439,1439.0,0.7018909899888766,0.0,0.0,0
889.0,633.0,256.0,2958,2959.0,0.2879640044994376,1.0,0.0003380662609871,1
1228.0,787.0,441.0,1948,2012.0,0.3591205211726384,64.0,0.0328542094455852,0
1327.0,773.0,554.0,1247,1226.0,0.4174830444611906,-21.0,-0.0168404170008019,1
3011.0,1725.0,1286.0,1247,1263.0,0.4271006310195948,16.0,0.0128307939053728,1
972.0,282.0,690.0,921,942.0,0.7098765432098766,21.0,0.022801302931596,1
1411.0,1276.0,135.0,2929,2980.0,0.0956768249468462,51.0,0.0174120860361898,0
876.0,595.0,281.0,1882,1907.0,0.3207762557077626,25.0,0.0132837407013815,0
1158.0,1026.0,132.0,3385,3205.0,0.1139896373056994,-180.0,-0.053175775480059,0
1352.0,696.0,656.0,1575,1657.0,0.4852071005917159,82.0,0.052063492063492,1
2588.0,1567.0,1021.0,1547,1634.0,0.3945131375579598,87.0,0.0562378797672915,1
2033.0,1448.0,585.0,1840,1794.0,0.2877520905066404,-46.0,-0.025,1
1495.0,1141.0,354.0,2095,2161.0,0.2367892976588628,66.0,0.0315035799522673,0
1985.0,1125.0,860.0,2329,2438.0,0.4332493702770781,109.0,0.0468012022327179,0
866.0,717.0,149.0,2060,1988.0,0.1720554272517321,-72.0,-0.0349514563106796,0
2727.0,512.0,2215.0,1331,1311.0,0.8122478914558122,-20.0,-0.0150262960180315,1
763.0,578.0,185.0,1477,1583.0,0.2424639580602883,106.0,0.0717670954637779,0
1997.0,1295.0,702.0,1259,1224.0,0.3515272909364046,-35.0,-0.0277998411437648,1
2952.0,1657.0,1295.0,1809,1875.0,0.4386856368563686,66.0,0.0364842454394693,0
2077.0,545.0,1532.0,1231,1317.0,0.7376023110255175,86.0,0.0698619008935824,0
1218.0,383.0,835.0,930,978.0,0.6855500821018062,48.0,0.0516129032258064,0
1723.0,1149.0,574.0,1594,1691.0,0.3331398723157284,97.0,0.0608531994981179,0
737.0,470.0,267.0,1215,1340.0,0.3622795115332429,125.0,0.102880658436214,0
2425.0,2109.0,316.0,2158,2098.0,0.1303092783505154,-60.0,-0.0278035217794253,0
2176.0,1841.0,335.0,2210,2059.0,0.1539522058823529,-151.0,-0.0683257918552036,0
1294.0,383.0,911.0,1200,1231.0,0.7040185471406492,31.0,0.0258333333333333,0
2079.0,1531.0,548.0,1900,1597.0,0.2635882635882636,-303.0,-0.1594736842105263,1
3933.0,3062.0,871.0,2162,2188.0,0.2214594457157386,26.0,0.0120259019426456,0
2234.0,1091.0,1143.0,1298,1270.0,0.5116383169203222,-28.0,-0.0215716486902927,1
2318.0,1755.0,563.0,1751,1728.0,0.2428817946505608,-23.0,-0.0131353512278697,1
1927.0,713.0,1214.0,1147,1194.0,0.6299948105864037,47.0,0.040976460331299,0
928.0,562.0,366.0,1245,1391.0,0.3943965517241379,146.0,0.1172690763052208,1
1038.0,955.0,83.0,2869,2937.0,0.0799614643545279,68.0,0.0237016382014639,1
2420.0,1373.0,1047.0,1688,1695.0,0.4326446280991735,7.0,0.0041469194312796,1
880.0,459.0,421.0,1358,1225.0,0.4784090909090909,-133.0,-0.0979381443298969,1
1173.0,1052.0,121.0,2351,2239.0,0.103154305200341,-112.0,-0.0476393024245002,1
1941.0,1435.0,506.0,1630,1657.0,0.2606903657908295,27.0,0.0165644171779141,0
1243.0,571.0,672.0,1363,1340.0,0.5406275140788415,-23.0,-0.0168745414526779,0
1389.0,1300.0,89.0,2525,2465.0,0.0640748740100791,-60.0,-0.0237623762376237,0
2274.0,647.0,1627.0,1334,1327.0,0.7154793315743184,-7.0,-0.005247376311844,1
2014.0,360.0,1654.0,1426,1415.0,0.8212512413108243,-11.0,-0.0077138849929873,1
1445.0,173.0,1272.0,1252,1274.0,0.8802768166089966,22.0,0.0175718849840255,1
996.0,426.0,570.0,1464,1484.0,0.572289156626506,20.0,0.0136612021857923,0
1295.0,274.0,1021.0,1350,1322.0,0.7884169884169884,-28.0,-0.0207407407407407,0
908.0,359.0,549.0,1544,1541.0,0.6046255506607929,-3.0,-0.0019430051813471,1
982.0,277.0,705.0,804,791.0,0.7179226069246436,-13.0,-0.0161691542288557,1
1365.0,358.0,1007.0,1386,1433.0,0.7377289377289378,47.0,0.0339105339105339,1
1629.0,325.0,1304.0,1328,1423.0,0.8004910988336402,95.0,0.0715361445783132,0
2066.0,116.0,1950.0,1549,1604.0,0.9438528557599224,55.0,0.0355067785668173,1
2501.0,910.0,1591.0,1724,1810.0,0.6361455417832866,86.0,0.0498839907192575,0
1581.0,487.0,1094.0,1685,1662.0,0.691967109424415,-23.0,-0.0136498516320474,0
1835.0,666.0,1169.0,1529,1607.0,0.6370572207084468,78.0,0.0510137344669718,1
1355.0,326.0,1029.0,1615,1701.0,0.759409594095941,86.0,0.053250773993808,1
1581.0,766.0,815.0,1673,1827.0,0.5154965211891208,154.0,0.0920502092050209,1
908.0,847.0,61.0,2705,2490.0,0.0671806167400881,-215.0,-0.0794824399260628,1
1758.0,1525.0,233.0,2872,2761.0,0.1325369738339021,-111.0,-0.0386490250696378,1
1985.0,1036.0,949.0,1945,2049.0,0.4780856423173804,104.0,0.0534704370179948,0
2429.0,1356.0,1073.0,1842,1955.0,0.4417455743104158,113.0,0.0613463626492942,0
1262.0,0.0,1262.0,2080,2162.0,1.0,82.0,0.0394230769230769,0
1019.0,0.0,1019.0,1995,2067.0,1.0,72.0,0.0360902255639097,0
2292.0,1034.0,1258.0,1388,1400.0,0.5488656195462478,12.0,0.0086455331412103,0
1693.0,831.0,862.0,1142,1085.0,0.5091553455404607,-57.0,-0.0499124343257443,0
1490.0,614.0,876.0,1133,892.0,0.5879194630872483,-241.0,-0.2127096204766107,1
1148.0,385.0,763.0,1407,1437.0,0.6646341463414634,30.0,0.021321961620469,1
1465.0,948.0,517.0,1492,1503.0,0.352901023890785,11.0,0.0073726541554959,0
2289.0,382.0,1907.0,1156,1182.0,0.8331148973350808,26.0,0.0224913494809688,1
1529.0,530.0,999.0,1188,1127.0,0.6533682145192936,-61.0,-0.0513468013468013,1
2877.0,542.0,2335.0,1008,979.0,0.8116093152589503,-29.0,-0.0287698412698412,1
2074.0,332.0,1742.0,889,878.0,0.8399228543876567,-11.0,-0.0123734533183352,0
1115.0,375.0,740.0,948,949.0,0.6636771300448431,1.0,0.0010548523206751,0
995.0,597.0,398.0,1642,1636.0,0.4,-6.0,-0.0036540803897685,0
2040.0,1648.0,392.0,2056,2109.0,0.192156862745098,53.0,0.0257782101167315,0
2330.0,1989.0,341.0,2381,2549.0,0.1463519313304721,168.0,0.0705585888282234,0
2017.0,1354.0,663.0,1997,1907.0,0.3287059990084283,-90.0,-0.0450676014021031,0
1191.0,898.0,293.0,1913,1953.0,0.2460117548278757,40.0,0.0209095661265028,0
1984.0,1398.0,586.0,1527,1373.0,0.2953629032258064,-154.0,-0.1008513425016372,0
1293.0,861.0,432.0,1693,1704.0,0.334106728538283,11.0,0.0064973419964559,0
1265.0,341.0,924.0,849,950.0,0.7304347826086957,101.0,0.1189634864546525,1
1802.0,1149.0,653.0,1609,1712.0,0.3623751387347392,103.0,0.0640149160969546,0
1003.0,317.0,686.0,1047,1126.0,0.6839481555333998,79.0,0.0754536771728748,0
2220.0,268.0,1952.0,1144,1301.0,0.8792792792792793,157.0,0.1372377622377622,1
2020.0,656.0,1364.0,1249,1255.0,0.6752475247524753,6.0,0.0048038430744595,1
509.0,73.0,436.0,830,860.0,0.8565815324165029,30.0,0.036144578313253,0
2570.0,874.0,1696.0,1438,1566.0,0.6599221789883268,128.0,0.0890125173852573,0
1393.0,1273.0,120.0,2550,2681.0,0.0861450107681263,131.0,0.0513725490196078,0
902.0,838.0,64.0,2702,2608.0,0.0709534368070953,-94.0,-0.0347890451517394,1
2495.0,1478.0,1017.0,1600,1597.0,0.4076152304609218,-3.0,-0.001875,0
1542.0,350.0,1192.0,1130,1156.0,0.7730220492866408,26.0,0.0230088495575221,1
1855.0,934.0,921.0,1266,1298.0,0.4964959568733154,32.0,0.0252764612954186,1
1033.0,848.0,185.0,2012,2085.0,0.1790900290416263,73.0,0.0362823061630218,0
7914.0,5097.0,2817.0,2491,2480.0,0.3559514783927217,-11.0,-0.0044158972300281,0
3723.0,2821.0,902.0,3126,2903.0,0.2422777330110126,-223.0,-0.0713371721049264,0
940.0,434.0,506.0,2120,2079.0,0.5382978723404256,-41.0,-0.0193396226415094,0
1475.0,1084.0,391.0,2202,2329.0,0.2650847457627118,127.0,0.0576748410535876,0
1731.0,681.0,1050.0,1237,1226.0,0.6065857885615251,-11.0,-0.0088924818108326,1
1002.0,646.0,356.0,1300,1281.0,0.3552894211576846,-19.0,-0.0146153846153846,0
2080.0,583.0,1497.0,1128,1151.0,0.7197115384615385,23.0,0.0203900709219858,1
1998.0,1372.0,626.0,1719,1820.0,0.3133133133133133,101.0,0.0587550901687027,0
1334.0,461.0,873.0,844,902.0,0.6544227886056971,58.0,0.0687203791469194,0
1515.0,407.0,1108.0,956,940.0,0.7313531353135313,-16.0,-0.0167364016736401,1
1880.0,883.0,997.0,1210,1243.0,0.5303191489361702,33.0,0.0272727272727272,1
1297.0,278.0,1019.0,934,927.0,0.7856592135697764,-7.0,-0.0074946466809421,1
1412.0,523.0,889.0,1085,1109.0,0.6296033994334278,24.0,0.0221198156682027,0
1746.0,285.0,1461.0,1395,1496.0,0.8367697594501718,101.0,0.0724014336917562,1
2400.0,363.0,2037.0,1010,1049.0,0.84875,39.0,0.0386138613861386,0
2913.0,2097.0,816.0,1581,1616.0,0.2801235839340886,35.0,0.0221378874130297,0
1511.0,1217.0,294.0,1222,1254.0,0.1945731303772336,32.0,0.0261865793780687,0
948.0,743.0,205.0,1503,1458.0,0.2162447257383966,-45.0,-0.029940119760479,1
1344.0,443.0,901.0,1689,1692.0,0.6703869047619048,3.0,0.0017761989342806,0
1676.0,686.0,990.0,1471,1329.0,0.5906921241050119,-142.0,-0.0965329707681849,0
941.0,375.0,566.0,1026,989.0,0.6014877789585548,-37.0,-0.0360623781676413,1
1916.0,1189.0,727.0,1186,1224.0,0.3794363256784969,38.0,0.0320404721753794,0
2275.0,1505.0,770.0,1584,1656.0,0.3384615384615385,72.0,0.0454545454545454,0
1658.0,722.0,936.0,1379,1410.0,0.5645355850422196,31.0,0.0224800580130529,0
2317.0,696.0,1621.0,1604,1718.0,0.6996115666810531,114.0,0.071072319201995,0
1698.0,681.0,1017.0,1698,1990.0,0.598939929328622,292.0,0.1719670200235571,0
850.0,644.0,206.0,1983,2257.0,0.2423529411764705,274.0,0.1381744831064044,1
879.0,779.0,100.0,2721,2798.0,0.1137656427758816,77.0,0.0282984196986402,0
1917.0,340.0,1577.0,1466,1546.0,0.8226395409494001,80.0,0.0545702592087312,0
1543.0,889.0,654.0,1485,1644.0,0.423849643551523,159.0,0.107070707070707,1
972.0,711.0,261.0,2361,2352.0,0.2685185185185185,-9.0,-0.0038119440914866,0
1383.0,874.0,509.0,1460,1492.0,0.3680404916847433,32.0,0.021917808219178,1
1628.0,252.0,1376.0,1286,1270.0,0.8452088452088452,-16.0,-0.0124416796267496,1
2128.0,1246.0,882.0,1610,1670.0,0.4144736842105263,60.0,0.0372670807453416,0
2252.0,1541.0,711.0,1379,1490.0,0.3157193605683837,111.0,0.0804931109499637,0
1654.0,706.0,948.0,1565,1604.0,0.5731559854897219,39.0,0.0249201277955271,1
1298.0,818.0,480.0,1822,1845.0,0.3697996918335901,23.0,0.0126234906695938,0
2295.0,1438.0,857.0,1442,1488.0,0.3734204793028322,46.0,0.0319001386962552,1
2368.0,663.0,1705.0,1241,1279.0,0.7200168918918919,38.0,0.0306204673650282,1
1943.0,428.0,1515.0,942,940.0,0.779722079258878,-2.0,-0.0021231422505307,0
1338.0,770.0,568.0,1123,1093.0,0.4245142002989536,-30.0,-0.0267141585040071,1
918.0,800.0,118.0,1983,2058.0,0.1285403050108932,75.0,0.037821482602118,0
1485.0,1312.0,173.0,1803,1869.0,0.1164983164983165,66.0,0.0366056572379367,0
1491.0,952.0,539.0,1084,1249.0,0.3615023474178404,165.0,0.1522140221402214,1
2902.0,2375.0,527.0,1566,1782.0,0.1815988973121984,216.0,0.1379310344827586,0
4294.0,3143.0,1151.0,2695,2890.0,0.268048439683279,195.0,0.072356215213358,0
1979.0,1349.0,630.0,2045,2082.0,0.3183425972713491,37.0,0.0180929095354523,0
1644.0,1379.0,265.0,3493,3934.0,0.1611922141119221,441.0,0.12625250501002,0
1955.0,1253.0,702.0,2615,2383.0,0.359079283887468,-232.0,-0.0887189292543021,0
1246.0,1100.0,146.0,2263,2142.0,0.117174959871589,-121.0,-0.0534688466637207,0
1742.0,633.0,1109.0,1073,1158.0,0.6366245694603904,85.0,0.0792171481826654,1
845.0,585.0,260.0,1596,1424.0,0.3076923076923077,-172.0,-0.1077694235588972,0
1983.0,342.0,1641.0,953,942.0,0.8275340393343419,-11.0,-0.0115424973767051,0
1142.0,595.0,547.0,836,891.0,0.478984238178634,55.0,0.0657894736842105,1
1577.0,1207.0,370.0,1404,1467.0,0.2346227013316423,63.0,0.0448717948717948,0
1491.0,1091.0,400.0,1213,1216.0,0.2682763246143528,3.0,0.0024732069249793,1
1017.0,680.0,337.0,1546,1534.0,0.3313667649950835,-12.0,-0.0077619663648124,0
1472.0,1265.0,207.0,1626,1821.0,0.140625,195.0,0.1199261992619926,0
539.0,460.0,79.0,1833,1978.0,0.1465677179962894,145.0,0.0791052918712493,0
1034.0,1006.0,28.0,3425,3627.0,0.0270793036750483,202.0,0.058978102189781,0
1979.0,1502.0,477.0,2434,2719.0,0.2410308236483072,285.0,0.1170912078882498,0
2151.0,1348.0,803.0,2000,1760.0,0.3733147373314737,-240.0,-0.12,0
1888.0,1357.0,531.0,2299,2391.0,0.28125,92.0,0.0400173988690735,0
2154.0,1704.0,450.0,3167,2854.0,0.2089136490250696,-313.0,-0.098831701926113,1
3409.0,2372.0,1037.0,3250,2878.0,0.3041947785274274,-372.0,-0.1144615384615384,1
1635.0,1256.0,379.0,2552,2273.0,0.2318042813455657,-279.0,-0.1093260188087774,0
1333.0,617.0,716.0,1537,1471.0,0.5371342835708928,-66.0,-0.0429407937540663,0
1801.0,802.0,999.0,1848,1841.0,0.5546918378678511,-7.0,-0.0037878787878787,1
1433.0,900.0,533.0,1596,1582.0,0.371946964410328,-14.0,-0.0087719298245614,1
1082.0,770.0,312.0,1302,1277.0,0.288354898336414,-25.0,-0.0192012288786482,0
905.0,585.0,320.0,1224,1385.0,0.3535911602209944,161.0,0.1315359477124183,1
1715.0,803.0,912.0,909,941.0,0.5317784256559767,32.0,0.0352035203520352,0
3223.0,2537.0,686.0,1298,1260.0,0.2128451753025131,-38.0,-0.0292758089368258,0
968.0,477.0,491.0,1039,1036.0,0.5072314049586777,-3.0,-0.0028873917228103,0
773.0,389.0,384.0,732,722.0,0.4967658473479948,-10.0,-0.0136612021857923,1
1491.0,594.0,897.0,659,701.0,0.6016096579476862,42.0,0.0637329286798179,1
671.0,417.0,254.0,819,826.0,0.3785394932935916,7.0,0.0085470085470085,0
1780.0,1036.0,744.0,952,833.0,0.4179775280898876,-119.0,-0.125,1
2297.0,1182.0,1115.0,1235,1188.0,0.4854157596865476,-47.0,-0.0380566801619433,0
1257.0,639.0,618.0,789,813.0,0.4916467780429594,24.0,0.0304182509505703,0
1692.0,993.0,699.0,1130,950.0,0.4131205673758865,-180.0,-0.1592920353982301,0
1922.0,994.0,928.0,998,1023.0,0.4828303850156087,25.0,0.0250501002004008,0
1554.0,621.0,933.0,646,705.0,0.6003861003861004,59.0,0.0913312693498452,0
2195.0,1170.0,1025.0,704,777.0,0.4669703872437357,73.0,0.1036931818181818,0
1530.0,814.0,716.0,675,680.0,0.4679738562091503,5.0,0.0074074074074074,1
2143.0,1380.0,763.0,830,777.0,0.3560429304713019,-53.0,-0.0638554216867469,0
5568.0,4329.0,1239.0,1618,1614.0,0.2225215517241379,-4.0,-0.0024721878862793,0
2147.0,1260.0,887.0,1112,1053.0,0.4131346064275734,-59.0,-0.0530575539568345,1
2304.0,759.0,1545.0,826,802.0,0.6705729166666666,-24.0,-0.0290556900726392,0
1266.0,968.0,298.0,1295,1217.0,0.2353870458135861,-78.0,-0.0602316602316602,0
1688.0,1182.0,506.0,885,893.0,0.2997630331753554,8.0,0.0090395480225988,1
1782.0,1012.0,770.0,1314,1364.0,0.4320987654320987,50.0,0.0380517503805175,0
2697.0,1819.0,878.0,1244,1295.0,0.3255469039673711,51.0,0.0409967845659164,0
630.0,398.0,232.0,884,866.0,0.3682539682539683,-18.0,-0.0203619909502262,1
2419.0,1983.0,436.0,1273,1273.0,0.1802397684993799,0.0,0.0,0
2146.0,1266.0,880.0,1210,1245.0,0.4100652376514445,35.0,0.0289256198347107,1
2396.0,1612.0,784.0,1042,968.0,0.327212020033389,-74.0,-0.0710172744721689,1
3107.0,2237.0,870.0,1416,1453.0,0.2800128741551336,37.0,0.0261299435028248,0
1462.0,941.0,521.0,776,810.0,0.3563611491108071,34.0,0.0438144329896907,0
946.0,368.0,578.0,653,676.0,0.6109936575052854,23.0,0.0352220520673813,1
1933.0,1305.0,628.0,713,726.0,0.3248836006207967,13.0,0.0182328190743338,0
2265.0,1487.0,778.0,1034,1038.0,0.3434878587196468,4.0,0.0038684719535783,0
2050.0,1503.0,547.0,1147,1209.0,0.2668292682926829,62.0,0.054054054054054,1
2030.0,922.0,1108.0,719,703.0,0.5458128078817734,-16.0,-0.0222531293463143,1
1266.0,934.0,332.0,1127,1128.0,0.2622432859399684,1.0,0.0008873114463176,0
1001.0,820.0,181.0,1562,1469.0,0.1808191808191808,-93.0,-0.0595390524967989,0
1803.0,1107.0,696.0,981,987.0,0.3860232945091514,6.0,0.0061162079510703,0
1013.0,292.0,721.0,850,817.0,0.7117472852912142,-33.0,-0.0388235294117647,0
1780.0,833.0,947.0,850,879.0,0.5320224719101123,29.0,0.0341176470588235,0
1553.0,892.0,661.0,748,725.0,0.4256278171281391,-23.0,-0.0307486631016042,1
619.0,358.0,261.0,768,770.0,0.4216478190630048,2.0,0.0026041666666666,0
2156.0,1571.0,585.0,824,763.0,0.2713358070500927,-61.0,-0.0740291262135922,1
922.0,278.0,644.0,599,669.0,0.6984815618221258,70.0,0.1168614357262103,1
2501.0,1090.0,1411.0,663,637.0,0.5641743302678929,-26.0,-0.0392156862745098,1
1737.0,1119.0,618.0,670,708.0,0.3557858376511226,38.0,0.0567164179104477,0
2007.0,1327.0,680.0,911,890.0,0.3388141504733433,-21.0,-0.0230515916575192,1
1669.0,602.0,1067.0,780,770.0,0.6393049730377471,-10.0,-0.0128205128205128,1
781.0,536.0,245.0,923,1029.0,0.3137003841229193,106.0,0.1148429035752979,0
1832.0,666.0,1166.0,697,685.0,0.6364628820960698,-12.0,-0.0172166427546628,1
2360.0,1775.0,585.0,1332,1429.0,0.2478813559322034,97.0,0.0728228228228228,0
1764.0,1189.0,575.0,931,961.0,0.3259637188208616,30.0,0.0322234156820623,0
1760.0,1079.0,681.0,945,943.0,0.3869318181818181,-2.0,-0.0021164021164021,0
1447.0,1211.0,236.0,1345,1346.0,0.1630960608154803,1.0,0.0007434944237918,0
1420.0,557.0,863.0,699,786.0,0.6077464788732394,87.0,0.1244635193133047,1
1632.0,1133.0,499.0,996,969.0,0.3057598039215686,-27.0,-0.0271084337349397,0
1100.0,386.0,714.0,614,675.0,0.649090909090909,61.0,0.0993485342019544,1
1503.0,595.0,908.0,703,720.0,0.6041250831669993,17.0,0.0241820768136557,0
1736.0,794.0,942.0,648,697.0,0.5426267281105991,49.0,0.0756172839506172,0
683.0,246.0,437.0,559,639.0,0.6398243045387995,80.0,0.1431127012522361,1
1970.0,1217.0,753.0,925,967.0,0.3822335025380711,42.0,0.0454054054054054,0
1093.0,424.0,669.0,633,668.0,0.6120768526989936,35.0,0.0552922590837282,1
1552.0,846.0,706.0,1059,1073.0,0.4548969072164948,14.0,0.0132200188857412,0
1482.0,921.0,561.0,991,1070.0,0.3785425101214575,79.0,0.0797174571140262,0
1093.0,564.0,529.0,610,667.0,0.4839890210430009,57.0,0.0934426229508196,0
1308.0,415.0,893.0,685,666.0,0.6827217125382263,-19.0,-0.0277372262773722,0
1968.0,1316.0,652.0,788,796.0,0.3313008130081301,8.0,0.0101522842639593,0
1543.0,853.0,690.0,743,797.0,0.4471808165910564,54.0,0.0726783310901749,0
1563.0,663.0,900.0,492,528.0,0.5758157389635317,36.0,0.073170731707317,1
796.0,303.0,493.0,613,640.0,0.6193467336683417,27.0,0.0440456769983686,1
2191.0,1317.0,874.0,812,894.0,0.3989046097672296,82.0,0.1009852216748768,0
1647.0,1053.0,594.0,1213,1182.0,0.360655737704918,-31.0,-0.0255564715581203,0
577.0,86.0,491.0,772,785.0,0.8509532062391681,13.0,0.0168393782383419,0
1074.0,814.0,260.0,1274,1166.0,0.2420856610800744,-108.0,-0.0847723704866562,0
1069.0,557.0,512.0,903,889.0,0.4789522918615528,-14.0,-0.0155038759689922,0
1801.0,1004.0,797.0,771,860.0,0.4425319267073848,89.0,0.1154345006485084,0
1518.0,1145.0,373.0,1533,1483.0,0.2457180500658761,-50.0,-0.0326157860404435,1
2432.0,1946.0,486.0,2013,2011.0,0.1998355263157894,-2.0,-0.0009935419771485,0
1819.0,1211.0,608.0,2210,2206.0,0.3342495876855415,-4.0,-0.0018099547511312,0
1852.0,1369.0,483.0,1610,1638.0,0.2607991360691145,28.0,0.017391304347826,0
1790.0,1166.0,624.0,1387,1497.0,0.3486033519553073,110.0,0.0793078586878154,0
1173.0,959.0,214.0,2330,2245.0,0.1824381926683717,-85.0,-0.0364806866952789,1
1204.0,460.0,744.0,1548,1722.0,0.6179401993355482,174.0,0.1124031007751938,0
1182.0,524.0,658.0,1613,1698.0,0.55668358714044,85.0,0.0526968381897086,0
1150.0,365.0,785.0,1311,1392.0,0.6826086956521739,81.0,0.0617848970251716,0
1909.0,667.0,1242.0,1642,1613.0,0.6506024096385542,-29.0,-0.0176613885505481,1
2427.0,1622.0,805.0,1694,1832.0,0.3316852080758137,138.0,0.0814639905548996,0
983.0,563.0,420.0,1642,1698.0,0.427263479145473,56.0,0.0341047503045067,0
1580.0,986.0,594.0,1563,1730.0,0.3759493670886076,167.0,0.1068458093410108,0
864.0,454.0,410.0,972,1225.0,0.474537037037037,253.0,0.2602880658436214,1
1370.0,723.0,647.0,1025,1079.0,0.4722627737226277,54.0,0.0526829268292682,0
2441.0,980.0,1461.0,873,861.0,0.5985251945923802,-12.0,-0.0137457044673539,0
2606.0,1570.0,1036.0,1328,1392.0,0.397544128933231,64.0,0.0481927710843373,0
2219.0,890.0,1329.0,987,1026.0,0.5989184317260027,39.0,0.0395136778115501,0
1114.0,736.0,378.0,718,847.0,0.3393177737881508,129.0,0.1796657381615599,1
1372.0,839.0,533.0,831,793.0,0.3884839650145772,-38.0,-0.0457280385078219,1
1627.0,1110.0,517.0,1747,1889.0,0.3177627535341119,142.0,0.0812821980538065,0
2068.0,1005.0,1063.0,1659,1816.0,0.5140232108317214,157.0,0.0946353224834237,0
1711.0,605.0,1106.0,1196,1264.0,0.6464056107539451,68.0,0.0568561872909698,1
1138.0,768.0,370.0,2255,2361.0,0.3251318101933216,106.0,0.0470066518847006,0
2368.0,850.0,1518.0,885,887.0,0.6410472972972973,2.0,0.0022598870056497,0
1375.0,1022.0,353.0,1357,1400.0,0.2567272727272727,43.0,0.0316875460574797,1
994.0,883.0,111.0,1295,1332.0,0.1116700201207243,37.0,0.0285714285714285,1
2321.0,1175.0,1146.0,1081,997.0,0.4937526928048255,-84.0,-0.0777058279370952,0
1093.0,50.0,1043.0,882,942.0,0.9542543458371456,60.0,0.0680272108843537,1
1939.0,553.0,1386.0,1006,1110.0,0.7148014440433214,104.0,0.1033797216699801,0
2037.0,1682.0,355.0,2773,2402.0,0.1742758959253804,-371.0,-0.133790119004688,0
2014.0,644.0,1370.0,685,774.0,0.6802383316782522,89.0,0.12992700729927,1
2728.0,1567.0,1161.0,1380,1400.0,0.4255865102639296,20.0,0.0144927536231884,0
2360.0,419.0,1941.0,1037,1083.0,0.8224576271186441,46.0,0.0443587270973963,0
1881.0,940.0,941.0,977,995.0,0.5002658160552897,18.0,0.0184237461617195,1
1738.0,1154.0,584.0,1211,1223.0,0.336018411967779,12.0,0.0099091659785301,0
2173.0,1220.0,953.0,867,830.0,0.4385641969627243,-37.0,-0.0426758938869665,0
1124.0,669.0,455.0,1576,1571.0,0.4048042704626334,-5.0,-0.0031725888324873,0
1063.0,658.0,405.0,1186,1235.0,0.380997177798683,49.0,0.0413153456998313,1
1330.0,721.0,609.0,1258,1342.0,0.4578947368421052,84.0,0.0667726550079491,1
1731.0,1353.0,378.0,1235,1376.0,0.218370883882149,141.0,0.1141700404858299,0
1560.0,665.0,895.0,996,1073.0,0.5737179487179487,77.0,0.0773092369477911,0
1877.0,799.0,1078.0,747,773.0,0.5743207245604688,26.0,0.0348058902275769,0
1322.0,875.0,447.0,896,912.0,0.3381240544629349,16.0,0.0178571428571428,0
2797.0,1895.0,902.0,893,990.0,0.3224883804075795,97.0,0.108622620380739,0
1621.0,1069.0,552.0,1154,855.0,0.3405305367057372,-299.0,-0.2590987868284228,1
2385.0,1604.0,781.0,1102,1106.0,0.3274633123689727,4.0,0.0036297640653357,0
2450.0,1026.0,1424.0,949,939.0,0.5812244897959183,-10.0,-0.0105374077976817,0
678.0,250.0,428.0,989,900.0,0.6312684365781711,-89.0,-0.0899898887765419,1
1628.0,829.0,799.0,790,833.0,0.4907862407862408,43.0,0.0544303797468354,1
1526.0,1199.0,327.0,1050,1152.0,0.2142857142857142,102.0,0.0971428571428571,0
1458.0,1051.0,407.0,736,755.0,0.2791495198902606,19.0,0.0258152173913043,0
1455.0,747.0,708.0,688,694.0,0.4865979381443299,6.0,0.0087209302325581,1
910.0,586.0,324.0,466,490.0,0.356043956043956,24.0,0.0515021459227467,0
1740.0,533.0,1207.0,803,773.0,0.6936781609195403,-30.0,-0.037359900373599,0
2303.0,567.0,1736.0,745,807.0,0.7537993920972644,62.0,0.0832214765100671,0
1460.0,965.0,495.0,1171,1114.0,0.339041095890411,-57.0,-0.0486763450042698,0
1638.0,1150.0,488.0,1236,1218.0,0.2979242979242979,-18.0,-0.0145631067961165,1
789.0,618.0,171.0,1077,1231.0,0.2167300380228136,154.0,0.1429897864438254,0
1729.0,999.0,730.0,824,876.0,0.4222093695777906,52.0,0.0631067961165048,0
2155.0,1443.0,712.0,995,994.0,0.3303944315545243,-1.0,-0.0010050251256281,1
2131.0,1361.0,770.0,984,1080.0,0.361332707648991,96.0,0.0975609756097561,0
1931.0,440.0,1491.0,659,675.0,0.7721387881926463,16.0,0.0242792109256449,0
2375.0,1050.0,1325.0,836,873.0,0.5578947368421052,37.0,0.0442583732057416,1
1112.0,680.0,432.0,539,511.0,0.3884892086330935,-28.0,-0.0519480519480519,1
2160.0,1579.0,581.0,1218,1147.0,0.2689814814814815,-71.0,-0.0582922824302134,0
1727.0,1318.0,409.0,928,911.0,0.2368268674001158,-17.0,-0.0183189655172413,0
2013.0,1238.0,775.0,1012,1070.0,0.3849975161450571,58.0,0.0573122529644268,0
2886.0,1597.0,1289.0,976,1071.0,0.4466389466389466,95.0,0.0973360655737704,0
1273.0,907.0,366.0,706,681.0,0.2875098193244305,-25.0,-0.0354107648725212,1
1823.0,1053.0,770.0,862,884.0,0.4223806911684037,22.0,0.025522041763341,1
2372.0,1374.0,998.0,1007,993.0,0.4207419898819561,-14.0,-0.0139026812313803,1
1278.0,866.0,412.0,1871,1857.0,0.3223787167449139,-14.0,-0.0074826296098343,1
1360.0,851.0,509.0,1624,1893.0,0.3742647058823529,269.0,0.1656403940886699,0
1577.0,1502.0,75.0,2204,2535.0,0.0475586556753329,331.0,0.1501814882032668,0
2141.0,1258.0,883.0,1750,1623.0,0.4124241008874357,-127.0,-0.0725714285714285,0
2816.0,2551.0,265.0,1493,1679.0,0.0941051136363636,186.0,0.1245813797722706,0
3279.0,2821.0,458.0,1586,1659.0,0.1396767307105825,73.0,0.0460277427490542,0
2075.0,1180.0,895.0,1084,1111.0,0.4313253012048192,27.0,0.0249077490774907,0
3191.0,2719.0,472.0,1503,1564.0,0.1479160137887809,61.0,0.040585495675316,0
1667.0,1379.0,288.0,1327,1366.0,0.1727654469106178,39.0,0.0293896006028636,1
1509.0,1095.0,414.0,964,949.0,0.2743538767395626,-15.0,-0.0155601659751037,0
1097.0,880.0,217.0,1910,1768.0,0.1978122151321786,-142.0,-0.0743455497382199,0
973.0,786.0,187.0,1400,1530.0,0.1921891058581706,130.0,0.0928571428571428,0
2745.0,807.0,1938.0,876,910.0,0.7060109289617487,34.0,0.0388127853881278,0
2720.0,2102.0,618.0,1637,1572.0,0.2272058823529411,-65.0,-0.0397067806963958,0
2604.0,1537.0,1067.0,1022,1063.0,0.4097542242703533,41.0,0.0401174168297455,0
1627.0,1428.0,199.0,904,956.0,0.1223110018438844,52.0,0.0575221238938053,0
1082.0,850.0,232.0,1467,1533.0,0.2144177449168207,66.0,0.0449897750511247,1
2858.0,2217.0,641.0,1260,1216.0,0.2242827151854443,-44.0,-0.0349206349206349,1
2124.0,1584.0,540.0,1341,1442.0,0.2542372881355932,101.0,0.0753169276659209,0
2838.0,2060.0,778.0,1155,1206.0,0.2741367159971811,51.0,0.0441558441558441,0
357.0,287.0,70.0,1212,1165.0,0.196078431372549,-47.0,-0.0387788778877887,1
1739.0,1469.0,270.0,1478,1501.0,0.1552616446233467,23.0,0.0155615696887686,0
787.0,594.0,193.0,929,1079.0,0.2452350698856416,150.0,0.1614639397201291,0
2563.0,2041.0,522.0,1077,1165.0,0.2036675770581349,88.0,0.0817084493964716,0
375.0,183.0,192.0,643,851.0,0.512,208.0,0.3234836702954899,1
1893.0,1122.0,771.0,1294,1378.0,0.4072900158478605,84.0,0.0649149922720247,0
1358.0,486.0,872.0,842,839.0,0.6421207658321061,-3.0,-0.003562945368171,1
1178.0,485.0,693.0,916,811.0,0.5882852292020373,-105.0,-0.1146288209606987,1
2427.0,1759.0,668.0,1363,1326.0,0.2752369180057684,-37.0,-0.0271460014673514,0
1139.0,486.0,653.0,742,731.0,0.5733099209833187,-11.0,-0.0148247978436657,0
2828.0,1909.0,919.0,1349,1296.0,0.3249646393210749,-53.0,-0.039288361749444,0
1540.0,1136.0,404.0,1209,1182.0,0.2623376623376623,-27.0,-0.0223325062034739,0
3602.0,2594.0,1008.0,1256,1299.0,0.2798445308162132,43.0,0.0342356687898089,0
1768.0,282.0,1486.0,735,755.0,0.8404977375565611,20.0,0.0272108843537414,0
2027.0,974.0,1053.0,902,918.0,0.5194869264923533,16.0,0.0177383592017738,0
2478.0,1152.0,1326.0,931,949.0,0.5351089588377724,18.0,0.0193340494092373,0
1834.0,1352.0,482.0,1164,1184.0,0.2628135223555071,20.0,0.0171821305841924,0
2180.0,1652.0,528.0,908,861.0,0.2422018348623853,-47.0,-0.0517621145374449,1
1810.0,1169.0,641.0,840,921.0,0.3541436464088398,81.0,0.0964285714285714,0
1832.0,1326.0,506.0,1109,1182.0,0.2762008733624454,73.0,0.0658250676284941,0
1755.0,1009.0,746.0,853,846.0,0.4250712250712251,-7.0,-0.0082063305978898,1
324.0,173.0,151.0,644,725.0,0.4660493827160494,81.0,0.1257763975155279,1
1879.0,1702.0,177.0,1673,1706.0,0.0941990420436402,33.0,0.0197250448296473,0
2716.0,1077.0,1639.0,875,866.0,0.603460972017673,-9.0,-0.0102857142857142,0
1122.0,723.0,399.0,795,802.0,0.355614973262032,7.0,0.0088050314465408,1
2547.0,1061.0,1486.0,1085,1118.0,0.5834314880251276,33.0,0.0304147465437788,0
1673.0,1158.0,515.0,1045,921.0,0.3078302450687388,-124.0,-0.1186602870813397,1
2231.0,616.0,1615.0,804,851.0,0.7238906320035858,47.0,0.058457711442786,0
743.0,450.0,293.0,1407,1197.0,0.3943472409152086,-210.0,-0.1492537313432835,0
1482.0,1059.0,423.0,1373,1167.0,0.2854251012145749,-206.0,-0.1500364166059723,0
2822.0,2201.0,621.0,1178,1081.0,0.2200566973777462,-97.0,-0.0823429541595925,1
1721.0,1315.0,406.0,928,976.0,0.2359093550261476,48.0,0.0517241379310344,0
2464.0,1238.0,1226.0,953,971.0,0.497564935064935,18.0,0.0188877229800629,0
693.0,391.0,302.0,1286,1213.0,0.4357864357864358,-73.0,-0.0567651632970451,0
2190.0,1118.0,1072.0,792,840.0,0.4894977168949772,48.0,0.0606060606060606,1
984.0,688.0,296.0,707,741.0,0.3008130081300813,34.0,0.048090523338048,0
1571.0,973.0,598.0,636,680.0,0.3806492679821769,44.0,0.0691823899371069,0
1384.0,740.0,644.0,1024,1138.0,0.4653179190751445,114.0,0.111328125,0
1975.0,1478.0,497.0,1245,1242.0,0.2516455696202531,-3.0,-0.0024096385542168,0
1794.0,775.0,1019.0,954,982.0,0.5680044593088072,28.0,0.0293501048218029,0
1605.0,1192.0,413.0,925,994.0,0.2573208722741433,69.0,0.0745945945945946,0
959.0,700.0,259.0,581,665.0,0.2700729927007299,84.0,0.144578313253012,1
2575.0,2065.0,510.0,1164,1354.0,0.1980582524271844,190.0,0.1632302405498281,0
1567.0,1079.0,488.0,1017,1005.0,0.3114231014677728,-12.0,-0.0117994100294985,1
1239.0,1027.0,212.0,2803,2693.0,0.1711057304277643,-110.0,-0.0392436674991081,0
1603.0,976.0,627.0,1798,1979.0,0.3911416094822208,181.0,0.1006674082313681,0
1763.0,291.0,1472.0,1089,1076.0,0.8349404424276801,-13.0,-0.0119375573921028,1
1474.0,978.0,496.0,1955,2093.0,0.3364993215739484,138.0,0.0705882352941176,0
2544.0,1438.0,1106.0,1224,1242.0,0.4347484276729559,18.0,0.0147058823529411,1
2420.0,1326.0,1094.0,1075,1216.0,0.4520661157024793,141.0,0.1311627906976744,1
2148.0,1453.0,695.0,2084,1988.0,0.3235567970204842,-96.0,-0.0460652591170825,0
1539.0,1189.0,350.0,1991,2099.0,0.2274204028589993,108.0,0.0542440984429934,0
3059.0,2203.0,856.0,2001,1998.0,0.2798300098071265,-3.0,-0.0014992503748125,0
2415.0,1776.0,639.0,2461,2209.0,0.2645962732919255,-252.0,-0.1023973994311255,1
919.0,614.0,305.0,1725,1512.0,0.3318824809575625,-213.0,-0.1234782608695652,0
2144.0,830.0,1314.0,1345,1465.0,0.6128731343283582,120.0,0.0892193308550185,0
1473.0,786.0,687.0,1381,1384.0,0.4663951120162933,3.0,0.002172338884866,1
423.0,122.0,301.0,923,957.0,0.7115839243498818,34.0,0.0368364030335861,0
781.0,653.0,128.0,1637,1753.0,0.1638924455825864,116.0,0.0708613317043372,1
1245.0,752.0,493.0,1713,1880.0,0.3959839357429718,167.0,0.0974897840046701,1
1475.0,793.0,682.0,1271,1403.0,0.4623728813559322,132.0,0.1038552321007081,0
2301.0,1348.0,953.0,1810,1917.0,0.414167753150804,107.0,0.0591160220994475,1
1007.0,627.0,380.0,1782,1796.0,0.3773584905660377,14.0,0.0078563411896745,1
2523.0,1999.0,524.0,2215,1985.0,0.2076892588188664,-230.0,-0.1038374717832957,0
860.0,744.0,116.0,2769,2628.0,0.1348837209302325,-141.0,-0.0509209100758396,0
1441.0,933.0,508.0,1492,1614.0,0.3525329632199861,122.0,0.081769436997319,1
2707.0,1528.0,1179.0,1705,1781.0,0.4355374953823421,76.0,0.044574780058651,0
3082.0,849.0,2233.0,1420,1515.0,0.7245295262816352,95.0,0.0669014084507042,0
2411.0,1922.0,489.0,2098,1991.0,0.2028204064703442,-107.0,-0.0510009532888465,0
1145.0,1030.0,115.0,1818,1737.0,0.1004366812227074,-81.0,-0.0445544554455445,0
1527.0,911.0,616.0,1352,1525.0,0.4034053700065488,173.0,0.1279585798816568,0
1468.0,1048.0,420.0,1501,1565.0,0.2861035422343324,64.0,0.0426382411725516,0
1274.0,786.0,488.0,1623,1581.0,0.3830455259026687,-42.0,-0.0258780036968576,1
1858.0,1453.0,405.0,2019,1943.0,0.2179763186221743,-76.0,-0.0376423972263496,0
1343.0,774.0,569.0,1323,1413.0,0.4236783320923306,90.0,0.0680272108843537,1
3015.0,1628.0,1387.0,1486,1456.0,0.460033167495854,-30.0,-0.0201884253028263,1
1840.0,1288.0,552.0,1811,1974.0,0.3,163.0,0.090005521811154,0
2568.0,1998.0,570.0,1680,1678.0,0.2219626168224299,-2.0,-0.0011904761904761,1
1976.0,919.0,1057.0,1265,1275.0,0.534919028340081,10.0,0.0079051383399209,1
954.0,245.0,709.0,1033,1049.0,0.7431865828092243,16.0,0.015488867376573,1
2103.0,1628.0,475.0,2123,2068.0,0.2258678078934854,-55.0,-0.0259067357512953,0
1737.0,1291.0,446.0,1491,1404.0,0.2567645365572826,-87.0,-0.0583501006036217,1
1331.0,1090.0,241.0,2628,2282.0,0.1810668670172802,-346.0,-0.1316590563165905,0
2724.0,1955.0,769.0,1991,1712.0,0.2823054331864904,-279.0,-0.1401305876443998,0
1223.0,739.0,484.0,1417,1518.0,0.3957481602616516,101.0,0.0712773465067043,0
2014.0,1251.0,763.0,2109,2211.0,0.3788480635551142,102.0,0.0483641536273115,0
1938.0,865.0,1073.0,1425,1478.0,0.5536635706914345,53.0,0.0371929824561403,0
824.0,520.0,304.0,1276,1325.0,0.3689320388349514,49.0,0.0384012539184953,1
2271.0,849.0,1422.0,1447,1514.0,0.6261558784676354,67.0,0.0463026952315134,0
2708.0,1880.0,828.0,2033,1891.0,0.3057607090103397,-142.0,-0.0698475159862272,1
799.0,585.0,214.0,1559,1255.0,0.2678347934918648,-304.0,-0.1949967928159076,0
459.0,169.0,290.0,1309,1378.0,0.6318082788671024,69.0,0.0527119938884644,1
3331.0,512.0,2819.0,1114,1203.0,0.8462924046832783,89.0,0.0798922800718132,0
2274.0,1172.0,1102.0,1098,1013.0,0.484608619173263,-85.0,-0.0774134790528233,0
1956.0,732.0,1224.0,1546,1454.0,0.6257668711656442,-92.0,-0.0595084087968952,1
2178.0,1227.0,951.0,1304,1306.0,0.4366391184573003,2.0,0.0015337423312883,0
1353.0,1053.0,300.0,728,793.0,0.2217294900221729,65.0,0.0892857142857142,0
1922.0,1273.0,649.0,836,840.0,0.3376690946930281,4.0,0.0047846889952153,0
328.0,242.0,86.0,496,560.0,0.2621951219512195,64.0,0.1290322580645161,1
955.0,702.0,253.0,542,576.0,0.2649214659685864,34.0,0.062730627306273,1
1173.0,878.0,295.0,556,590.0,0.2514919011082694,34.0,0.0611510791366906,0
905.0,105.0,800.0,1033,1108.0,0.8839779005524862,75.0,0.0726040658276863,1
1254.0,674.0,580.0,1394,1162.0,0.4625199362041467,-232.0,-0.1664275466284074,0
842.0,622.0,220.0,1329,1316.0,0.2612826603325415,-13.0,-0.0097817908201655,0
998.0,142.0,856.0,883,944.0,0.8577154308617234,61.0,0.0690826727066817,1
1322.0,311.0,1011.0,1036,1117.0,0.764750378214826,81.0,0.0781853281853281,1
1663.0,257.0,1406.0,979,978.0,0.8454600120264583,-1.0,-0.0010214504596527,0
1227.0,819.0,408.0,1168,1198.0,0.3325183374083129,30.0,0.0256849315068493,0
1092.0,694.0,398.0,1130,1268.0,0.3644688644688644,138.0,0.1221238938053097,1
365.0,343.0,22.0,1129,919.0,0.0602739726027397,-210.0,-0.1860053144375553,1
1204.0,312.0,892.0,1019,1031.0,0.7408637873754153,12.0,0.0117762512266928,1
642.0,189.0,453.0,944,1003.0,0.705607476635514,59.0,0.0625,0
1406.0,614.0,792.0,1005,1177.0,0.5633001422475107,172.0,0.1711442786069651,1
2042.0,1810.0,232.0,1875,1926.0,0.1136141038197845,51.0,0.0272,0
1724.0,1212.0,512.0,1456,1359.0,0.296983758700696,-97.0,-0.0666208791208791,0
393.0,340.0,53.0,1625,1424.0,0.1348600508905852,-201.0,-0.1236923076923077,1
1059.0,339.0,720.0,1036,1113.0,0.6798866855524079,77.0,0.0743243243243243,0
1821.0,1689.0,132.0,2206,2184.0,0.072487644151565,-22.0,-0.0099728014505893,0
797.0,582.0,215.0,2261,2353.0,0.2697616060225847,92.0,0.0406899601946041,0
732.0,522.0,210.0,1527,1620.0,0.2868852459016393,93.0,0.0609037328094302,0
1771.0,1017.0,754.0,1289,1243.0,0.4257481648785997,-46.0,-0.0356865787432117,0
1075.0,657.0,418.0,2963,2974.0,0.3888372093023255,11.0,0.00371245359433,0
1366.0,1026.0,340.0,3321,2985.0,0.2489019033674963,-336.0,-0.1011743450767841,0
1550.0,1151.0,399.0,1263,1255.0,0.2574193548387097,-8.0,-0.0063341250989707,0
1696.0,1289.0,407.0,1319,1275.0,0.2399764150943396,-44.0,-0.0333586050037907,0
377.0,201.0,176.0,941,775.0,0.4668435013262599,-166.0,-0.1764080765143464,0
1229.0,703.0,526.0,1558,1448.0,0.4279902359641985,-110.0,-0.0706033376123234,0
1325.0,956.0,369.0,1569,1534.0,0.2784905660377358,-35.0,-0.0223072020395156,0
2116.0,1431.0,685.0,1224,1318.0,0.3237240075614366,94.0,0.076797385620915,0
876.0,711.0,165.0,1831,1830.0,0.1883561643835616,-1.0,-0.0005461496450027,0
1024.0,662.0,362.0,1336,1347.0,0.353515625,11.0,0.0082335329341317,0
997.0,619.0,378.0,1718,1595.0,0.3791374122367101,-123.0,-0.0715948777648428,0
1506.0,991.0,515.0,1500,1498.0,0.3419654714475431,-2.0,-0.0013333333333333,0
1808.0,1254.0,554.0,1555,1601.0,0.3064159292035398,46.0,0.0295819935691318,0
1584.0,845.0,739.0,1702,1472.0,0.466540404040404,-230.0,-0.1351351351351351,0
2274.0,1257.0,1017.0,1604,1780.0,0.4472295514511873,176.0,0.1097256857855361,0
1696.0,1248.0,448.0,2401,2364.0,0.2641509433962264,-37.0,-0.0154102457309454,1
636.0,615.0,21.0,3977,4001.0,0.0330188679245283,24.0,0.0060346995222529,0
1553.0,1429.0,124.0,3260,3624.0,0.0798454603992273,364.0,0.1116564417177914,0
2672.0,1222.0,1450.0,1696,1862.0,0.5426646706586826,166.0,0.097877358490566,0
2332.0,1771.0,561.0,1765,1840.0,0.240566037735849,75.0,0.0424929178470254,1
1079.0,232.0,847.0,958,983.0,0.7849860982391103,25.0,0.0260960334029227,0
845.0,152.0,693.0,1084,1110.0,0.8201183431952662,26.0,0.0239852398523985,1
939.0,76.0,863.0,973,983.0,0.919062832800852,10.0,0.0102774922918807,0
1177.0,54.0,1123.0,954,1002.0,0.9541206457094308,48.0,0.050314465408805,0
1261.0,278.0,983.0,1110,1199.0,0.7795400475812847,89.0,0.0801801801801801,1
1571.0,132.0,1439.0,973,1042.0,0.9159770846594526,69.0,0.0709146968139773,0
1416.0,206.0,1210.0,1054,1067.0,0.8545197740112994,13.0,0.0123339658444022,0
1043.0,533.0,510.0,1563,1775.0,0.4889741131351869,212.0,0.1356365962891874,0
1567.0,424.0,1143.0,1033,1273.0,0.7294192724952138,240.0,0.2323330106485963,1
1163.0,368.0,795.0,1240,1253.0,0.6835769561478934,13.0,0.0104838709677419,1
1376.0,432.0,944.0,941,1004.0,0.686046511627907,63.0,0.0669500531349628,0
1601.0,434.0,1167.0,896,890.0,0.7289194253591506,-6.0,-0.0066964285714285,1
616.0,400.0,216.0,996,1000.0,0.3506493506493506,4.0,0.0040160642570281,1
448.0,215.0,233.0,1181,1388.0,0.5200892857142857,207.0,0.1752751905165114,0
1417.0,256.0,1161.0,555,476.0,0.8193366266760762,-79.0,-0.1423423423423423,1
1504.0,28.0,1476.0,769,798.0,0.9813829787234044,29.0,0.0377113133940182,0
2134.0,119.0,2015.0,889,985.0,0.944236176194939,96.0,0.107986501687289,1
1254.0,9.0,1245.0,754,791.0,0.992822966507177,37.0,0.0490716180371352,0
1276.0,0.0,1276.0,802,852.0,1.0,50.0,0.0623441396508728,0
1202.0,17.0,1185.0,1050,1053.0,0.98585690515807,3.0,0.0028571428571428,1
1061.0,120.0,941.0,872,891.0,0.8868991517436381,19.0,0.021788990825688,1
894.0,163.0,731.0,1251,1208.0,0.8176733780760627,-43.0,-0.0343725019984012,1
851.0,210.0,641.0,1086,1018.0,0.7532314923619271,-68.0,-0.0626151012891344,1
953.0,124.0,829.0,1018,1147.0,0.869884575026233,129.0,0.1267190569744597,0
1544.0,227.0,1317.0,1118,1147.0,0.852979274611399,29.0,0.0259391771019678,1
1608.0,243.0,1365.0,1237,1271.0,0.8488805970149254,34.0,0.0274858528698464,1
2066.0,36.0,2030.0,1150,1271.0,0.9825750242013552,121.0,0.1052173913043478,1
1874.0,458.0,1416.0,1344,1366.0,0.7556029882604055,22.0,0.0163690476190476,1
1589.0,194.0,1395.0,1136,1190.0,0.8779106356198867,54.0,0.0475352112676056,1
1619.0,339.0,1280.0,1368,1362.0,0.7906114885731933,-6.0,-0.0043859649122807,1
1066.0,150.0,916.0,951,966.0,0.8592870544090057,15.0,0.0157728706624605,1
1184.0,466.0,718.0,1112,1196.0,0.606418918918919,84.0,0.0755395683453237,1
861.0,248.0,613.0,983,1097.0,0.7119628339140535,114.0,0.1159715157680569,1
1110.0,171.0,939.0,933,935.0,0.845945945945946,2.0,0.0021436227224008,1
1079.0,331.0,748.0,1111,1134.0,0.6932344763670065,23.0,0.0207020702070207,1
1152.0,541.0,611.0,1494,1561.0,0.5303819444444444,67.0,0.0448460508701472,0
1143.0,422.0,721.0,1207,1376.0,0.6307961504811899,169.0,0.140016570008285,0
1083.0,207.0,876.0,882,938.0,0.8088642659279779,56.0,0.0634920634920634,1
1235.0,326.0,909.0,975,973.0,0.7360323886639676,-2.0,-0.002051282051282,1
1442.0,440.0,1002.0,1077,1079.0,0.694868238557559,2.0,0.0018570102135561,0
1049.0,71.0,978.0,669,689.0,0.9323164918970448,20.0,0.0298953662182361,1
815.0,133.0,682.0,1006,1061.0,0.8368098159509203,55.0,0.0546719681908548,0
1324.0,424.0,900.0,1145,1152.0,0.6797583081570997,7.0,0.0061135371179039,1
784.0,78.0,706.0,685,744.0,0.9005102040816326,59.0,0.0861313868613138,0
974.0,58.0,916.0,667,726.0,0.9404517453798767,59.0,0.088455772113943,0
658.0,142.0,516.0,805,1038.0,0.78419452887538,233.0,0.2894409937888199,0
999.0,262.0,737.0,1097,1114.0,0.7377377377377378,17.0,0.015496809480401,0
1133.0,322.0,811.0,977,975.0,0.7157987643424537,-2.0,-0.0020470829068577,0
1317.0,401.0,916.0,1073,1130.0,0.6955201214882308,57.0,0.0531220876048462,1
1227.0,50.0,1177.0,865,902.0,0.9592502037489812,37.0,0.0427745664739884,1
1545.0,437.0,1108.0,954,1046.0,0.7171521035598706,92.0,0.0964360587002096,1
801.0,150.0,651.0,884,956.0,0.8127340823970037,72.0,0.0814479638009049,1
1407.0,320.0,1087.0,1020,1097.0,0.7725657427149965,77.0,0.0754901960784313,1
1141.0,427.0,714.0,1266,1202.0,0.6257668711656442,-64.0,-0.0505529225908372,1
739.0,146.0,593.0,882,910.0,0.8024357239512855,28.0,0.0317460317460317,0
1117.0,56.0,1061.0,882,978.0,0.9498657117278424,96.0,0.1088435374149659,1
955.0,314.0,641.0,939,957.0,0.6712041884816754,18.0,0.0191693290734824,1
1636.0,907.0,729.0,1183,1343.0,0.44559902200489,160.0,0.1352493660185968,0
1300.0,852.0,448.0,1205,1333.0,0.3446153846153846,128.0,0.1062240663900414,0
1150.0,658.0,492.0,2885,2835.0,0.4278260869565217,-50.0,-0.0173310225303292,0
2320.0,1071.0,1249.0,1746,1853.0,0.5383620689655172,107.0,0.061282932416953,1
3351.0,1118.0,2233.0,2071,1994.0,0.6663682482840944,-77.0,-0.0371801062288749,1
2012.0,574.0,1438.0,1501,1618.0,0.7147117296222664,117.0,0.0779480346435709,1
2021.0,657.0,1364.0,1792,1839.0,0.6749134092033646,47.0,0.0262276785714285,0
1758.0,399.0,1359.0,1702,1728.0,0.773037542662116,26.0,0.0152761457109283,1
1096.0,359.0,737.0,1132,1262.0,0.6724452554744526,130.0,0.1148409893992932,0
1602.0,632.0,970.0,1396,1379.0,0.6054931335830213,-17.0,-0.0121776504297994,0
1442.0,1172.0,270.0,2098,2030.0,0.1872399445214979,-68.0,-0.0324118207816968,1
2330.0,1180.0,1150.0,1808,1794.0,0.4935622317596566,-14.0,-0.0077433628318584,0
1088.0,763.0,325.0,1201,1153.0,0.2987132352941176,-48.0,-0.0399666944213155,1
2452.0,128.0,2324.0,1228,1235.0,0.9477977161500816,7.0,0.005700325732899,1
1134.0,347.0,787.0,1390,1437.0,0.6940035273368607,47.0,0.0338129496402877,0
2330.0,2152.0,178.0,3705,3998.0,0.0763948497854077,293.0,0.0790823211875843,0
2088.0,1065.0,1023.0,1955,1929.0,0.4899425287356322,-26.0,-0.0132992327365728,0
1628.0,562.0,1066.0,1237,1323.0,0.6547911547911548,86.0,0.0695230396119644,0
1862.0,842.0,1020.0,2086,2015.0,0.547798066595059,-71.0,-0.0340364333652924,0
1350.0,690.0,660.0,1025,1003.0,0.4888888888888889,-22.0,-0.0214634146341463,1
1388.0,679.0,709.0,1287,1307.0,0.510806916426513,20.0,0.0155400155400155,1
3101.0,161.0,2940.0,1301,1360.0,0.948081264108352,59.0,0.0453497309761721,1
2784.0,126.0,2658.0,1092,1109.0,0.9547413793103448,17.0,0.0155677655677655,1
1577.0,569.0,1008.0,1451,1634.0,0.6391883322764743,183.0,0.1261199172984148,0
2106.0,1273.0,833.0,1656,1860.0,0.3955365622032288,204.0,0.1231884057971014,1
813.0,97.0,716.0,1158,1113.0,0.8806888068880688,-45.0,-0.038860103626943,0
1152.0,145.0,1007.0,879,922.0,0.8741319444444444,43.0,0.0489192263936291,0
1222.0,268.0,954.0,899,960.0,0.7806873977086743,61.0,0.067853170189099,0
1052.0,420.0,632.0,920,1030.0,0.6007604562737643,110.0,0.1195652173913043,0
1116.0,409.0,707.0,847,955.0,0.6335125448028673,108.0,0.127508854781582,0
1071.0,403.0,668.0,970,959.0,0.6237161531279178,-11.0,-0.011340206185567,1
1031.0,502.0,529.0,1837,1905.0,0.513094083414161,68.0,0.0370168753402286,0
1643.0,533.0,1110.0,1424,1458.0,0.6755934266585514,34.0,0.023876404494382,1
1182.0,525.0,657.0,1228,1300.0,0.5558375634517766,72.0,0.0586319218241042,1
1051.0,176.0,875.0,933,955.0,0.8325404376784015,22.0,0.0235798499464094,1
1133.0,133.0,1000.0,1075,1091.0,0.8826125330979699,16.0,0.0148837209302325,0
1047.0,250.0,797.0,885,930.0,0.7612225405921681,45.0,0.0508474576271186,1
858.0,264.0,594.0,1071,1266.0,0.6923076923076923,195.0,0.1820728291316526,0
829.0,360.0,469.0,1376,1328.0,0.5657418576598311,-48.0,-0.0348837209302325,0
1282.0,237.0,1045.0,1172,1154.0,0.8151326053042122,-18.0,-0.015358361774744,0
2025.0,1482.0,543.0,2234,2462.0,0.2681481481481481,228.0,0.1020590868397493,1
2478.0,1031.0,1447.0,1246,1398.0,0.5839386602098466,152.0,0.1219903691813804,0
2356.0,734.0,1622.0,1569,1578.0,0.6884550084889643,9.0,0.005736137667304,1
2672.0,1163.0,1509.0,1299,1311.0,0.5647455089820359,12.0,0.0092378752886836,1
911.0,606.0,305.0,1478,1740.0,0.3347969264544456,262.0,0.1772665764546684,0
1682.0,933.0,749.0,1389,1473.0,0.4453032104637336,84.0,0.060475161987041,1
2724.0,1149.0,1575.0,1313,1403.0,0.5781938325991189,90.0,0.0685453160700685,0
922.0,5.0,917.0,786,791.0,0.9945770065075922,5.0,0.0063613231552162,1
1172.0,494.0,678.0,875,907.0,0.5784982935153583,32.0,0.0365714285714285,1
988.0,462.0,526.0,892,1034.0,0.5323886639676113,142.0,0.1591928251121076,0
1191.0,158.0,1033.0,821,877.0,0.8673383711167086,56.0,0.0682095006090134,0
926.0,230.0,696.0,859,936.0,0.7516198704103672,77.0,0.089639115250291,1
1529.0,438.0,1091.0,804,911.0,0.7135382603008502,107.0,0.1330845771144278,0
1457.0,370.0,1087.0,1049,1084.0,0.7460535346602608,35.0,0.0333651096282173,0
1718.0,955.0,763.0,1418,1462.0,0.4441210710128055,44.0,0.0310296191819464,0
1877.0,1031.0,846.0,989,1077.0,0.4507192328183271,88.0,0.0889787664307381,0
1141.0,852.0,289.0,1437,1477.0,0.2532865907099036,40.0,0.0278357689631176,0
1921.0,1067.0,854.0,1412,1331.0,0.4445601249349297,-81.0,-0.0573654390934844,1
1972.0,906.0,1066.0,1342,1591.0,0.5405679513184585,249.0,0.1855439642324888,0
938.0,426.0,512.0,1242,1211.0,0.5458422174840085,-31.0,-0.0249597423510467,0
1742.0,1073.0,669.0,1228,1237.0,0.3840413318025258,9.0,0.007328990228013,1
1156.0,996.0,160.0,2204,2175.0,0.1384083044982699,-29.0,-0.0131578947368421,1
1325.0,777.0,548.0,1600,1608.0,0.4135849056603773,8.0,0.005,0
822.0,685.0,137.0,1767,1781.0,0.1666666666666666,14.0,0.0079230333899264,0
1024.0,363.0,661.0,1109,1163.0,0.6455078125,54.0,0.0486925157799819,0
1651.0,780.0,871.0,1521,1580.0,0.5275590551181102,59.0,0.0387902695595003,0
2079.0,1425.0,654.0,1743,1836.0,0.3145743145743145,93.0,0.0533562822719449,0
2282.0,941.0,1341.0,1208,1268.0,0.5876424189307625,60.0,0.0496688741721854,1
1922.0,1650.0,272.0,1866,2035.0,0.141519250780437,169.0,0.0905680600214362,0
1894.0,1644.0,250.0,1867,1974.0,0.1319957761351636,107.0,0.0573111944295661,0
1920.0,921.0,999.0,1699,1516.0,0.5203125,-183.0,-0.1077104178928781,0
1888.0,678.0,1210.0,1217,1299.0,0.6408898305084746,82.0,0.067378800328677,1
2083.0,1420.0,663.0,1879,2061.0,0.3182909265482477,182.0,0.0968600319318786,0
1836.0,1512.0,324.0,3088,3109.0,0.1764705882352941,21.0,0.006800518134715,0
1317.0,823.0,494.0,1485,1456.0,0.375094912680334,-29.0,-0.0195286195286195,0
811.0,276.0,535.0,842,1005.0,0.6596794081381011,163.0,0.1935866983372921,0
988.0,180.0,808.0,986,981.0,0.8178137651821862,-5.0,-0.0050709939148073,1
2212.0,1067.0,1145.0,1817,1799.0,0.5176311030741411,-18.0,-0.0099064391854705,1
1622.0,114.0,1508.0,956,976.0,0.9297163995067818,20.0,0.0209205020920502,1
1601.0,131.0,1470.0,923,923.0,0.9181761399125546,0.0,0.0,1
1106.0,30.0,1076.0,906,935.0,0.972875226039783,29.0,0.032008830022075,1
1664.0,234.0,1430.0,915,946.0,0.859375,31.0,0.033879781420765,1
1718.0,516.0,1202.0,1281,1226.0,0.69965075669383,-55.0,-0.0429352068696331,1
1404.0,208.0,1196.0,1197,1266.0,0.8518518518518519,69.0,0.0576441102756892,0
744.0,373.0,371.0,1182,1271.0,0.4986559139784946,89.0,0.0752961082910321,1
1469.0,877.0,592.0,1405,1411.0,0.4029952348536419,6.0,0.0042704626334519,0
1074.0,811.0,263.0,1466,1388.0,0.2448789571694599,-78.0,-0.0532060027285129,1
1346.0,871.0,475.0,1379,1421.0,0.3528974739970282,42.0,0.0304568527918781,0
936.0,339.0,597.0,1083,1051.0,0.6378205128205128,-32.0,-0.0295475530932594,0
1290.0,1186.0,104.0,2584,2721.0,0.0806201550387596,137.0,0.0530185758513931,0
574.0,423.0,151.0,1714,2134.0,0.2630662020905923,420.0,0.2450408401400233,0
1061.0,610.0,451.0,1233,1225.0,0.4250706880301602,-8.0,-0.0064882400648824,0
1487.0,183.0,1304.0,1185,1198.0,0.8769334229993275,13.0,0.010970464135021,1
1307.0,805.0,502.0,1787,1740.0,0.3840856924254017,-47.0,-0.0263010632344711,0
1419.0,192.0,1227.0,1074,1139.0,0.864693446088795,65.0,0.0605214152700186,0
1129.0,272.0,857.0,1038,1133.0,0.7590788308237378,95.0,0.0915221579961464,0
1235.0,263.0,972.0,1146,1179.0,0.7870445344129555,33.0,0.0287958115183246,0
1298.0,531.0,767.0,1339,1403.0,0.5909090909090909,64.0,0.0477968633308439,0
132.0,0.0,132.0,770,864.0,1.0,94.0,0.122077922077922,1
37.0,37.0,0.0,2125,1213.0,0.0,-912.0,-0.4291764705882352,1
1409.0,555.0,854.0,1216,1306.0,0.6061036195883606,90.0,0.0740131578947368,1
914.0,897.0,17.0,3580,3705.0,0.0185995623632385,125.0,0.0349162011173184,0
1912.0,1818.0,94.0,3107,3144.0,0.0491631799163179,37.0,0.0119085934985516,0
1040.0,852.0,188.0,2244,2275.0,0.1807692307692307,31.0,0.0138146167557932,0
1292.0,538.0,754.0,928,985.0,0.5835913312693498,57.0,0.0614224137931034,0
1171.0,801.0,370.0,1183,1201.0,0.3159692570452604,18.0,0.0152155536770921,0
613.0,270.0,343.0,1216,1160.0,0.5595432300163132,-56.0,-0.0460526315789473,0
909.0,376.0,533.0,1038,1211.0,0.5863586358635864,173.0,0.1666666666666666,0
1082.0,336.0,746.0,892,1060.0,0.6894639556377079,168.0,0.1883408071748878,0
1094.0,414.0,680.0,899,944.0,0.6215722120658135,45.0,0.050055617352614,1
675.0,283.0,392.0,970,1109.0,0.5807407407407408,139.0,0.1432989690721649,0
707.0,114.0,593.0,1001,1105.0,0.8387553041018387,104.0,0.1038961038961039,0
1168.0,208.0,960.0,1082,1029.0,0.821917808219178,-53.0,-0.0489833641404805,1
1179.0,535.0,644.0,1325,1216.0,0.546225614927905,-109.0,-0.0822641509433962,0
868.0,319.0,549.0,960,986.0,0.6324884792626728,26.0,0.0270833333333333,0
1562.0,1269.0,293.0,1490,1514.0,0.1875800256081946,24.0,0.0161073825503355,0
1466.0,1123.0,343.0,1490,1572.0,0.2339699863574352,82.0,0.0550335570469798,0
1418.0,339.0,1079.0,954,1001.0,0.7609308885754584,47.0,0.0492662473794549,0
1675.0,939.0,736.0,1064,1082.0,0.4394029850746269,18.0,0.0169172932330827,0
1453.0,1002.0,451.0,1429,1529.0,0.3103922918100482,100.0,0.0699790062981105,0
1589.0,748.0,841.0,1114,1020.0,0.5292636878539962,-94.0,-0.0843806104129264,1
735.0,481.0,254.0,1129,1128.0,0.345578231292517,-1.0,-0.0008857395925597,1
1997.0,1569.0,428.0,1858,1904.0,0.214321482223335,46.0,0.0247578040904198,0
2301.0,1244.0,1057.0,1272,1310.0,0.4593654932637983,38.0,0.0298742138364779,1
1209.0,110.0,1099.0,913,900.0,0.9090157154673284,-13.0,-0.0142387732749178,1
1780.0,665.0,1115.0,1180,1299.0,0.6264044943820225,119.0,0.1008474576271186,1
1179.0,41.0,1138.0,918,991.0,0.9652247667514844,73.0,0.0795206971677559,0
1278.0,497.0,781.0,1292,1460.0,0.6111111111111112,168.0,0.1300309597523219,0
901.0,288.0,613.0,1121,1158.0,0.6803551609322974,37.0,0.0330062444246208,0
2478.0,752.0,1726.0,1340,1409.0,0.6965294592413237,69.0,0.0514925373134328,1
960.0,200.0,760.0,997,1098.0,0.7916666666666666,101.0,0.1013039117352056,0
117.0,0.0,117.0,1221,1427.0,1.0,206.0,0.1687141687141687,1
609.0,46.0,563.0,789,893.0,0.9244663382594416,104.0,0.1318124207858048,0
1903.0,553.0,1350.0,1452,1472.0,0.7094062007356805,20.0,0.0137741046831955,1
892.0,651.0,241.0,2112,2014.0,0.2701793721973094,-98.0,-0.0464015151515151,0
1585.0,1088.0,497.0,1951,1976.0,0.3135646687697161,25.0,0.0128139415684264,0
1433.0,1361.0,72.0,3081,3354.0,0.0502442428471737,273.0,0.0886075949367088,0
1334.0,167.0,1167.0,896,926.0,0.8748125937031485,30.0,0.0334821428571428,1
1182.0,738.0,444.0,1977,2290.0,0.3756345177664975,313.0,0.1583206879109762,0
1481.0,1396.0,85.0,1246,1266.0,0.0573936529372045,20.0,0.0160513643659711,0
945.0,767.0,178.0,1387,1813.0,0.1883597883597883,426.0,0.3071377072819033,0
1620.0,1455.0,165.0,3489,3413.0,0.1018518518518518,-76.0,-0.0217827457724276,0
1593.0,119.0,1474.0,1249,1239.0,0.9252981795354676,-10.0,-0.0080064051240992,1
1150.0,676.0,474.0,1555,1523.0,0.4121739130434783,-32.0,-0.0205787781350482,1
1501.0,1049.0,452.0,1366,1382.0,0.3011325782811459,16.0,0.0117130307467057,0
1573.0,1055.0,518.0,1603,1612.0,0.3293070565797839,9.0,0.0056144728633811,0
1180.0,176.0,1004.0,1090,1125.0,0.8508474576271187,35.0,0.0321100917431192,0
1796.0,1444.0,352.0,1992,2010.0,0.1959910913140311,18.0,0.0090361445783132,0
1246.0,917.0,329.0,1801,1831.0,0.2640449438202247,30.0,0.0166574125485841,0
1931.0,1700.0,231.0,2036,2001.0,0.1196271361988607,-35.0,-0.0171905697445972,0
1683.0,607.0,1076.0,1073,1146.0,0.6393345216874629,73.0,0.0680335507921714,1
1325.0,939.0,386.0,1392,1553.0,0.2913207547169811,161.0,0.1156609195402298,0
2441.0,633.0,1808.0,1112,1114.0,0.7406800491601803,2.0,0.0017985611510791,0
523.0,159.0,364.0,1081,1134.0,0.6959847036328872,53.0,0.0490286771507863,1
1972.0,1750.0,222.0,1903,1836.0,0.1125760649087221,-67.0,-0.0352075669994745,1
1453.0,1172.0,281.0,2039,2122.0,0.1933929800412938,83.0,0.0407062285434036,0
1311.0,276.0,1035.0,1025,1104.0,0.7894736842105263,79.0,0.0770731707317073,0
1707.0,607.0,1100.0,1927,1935.0,0.6444053895723492,8.0,0.0041515308770108,1
1412.0,362.0,1050.0,1768,1805.0,0.7436260623229461,37.0,0.0209276018099547,1
902.0,574.0,328.0,1813,1881.0,0.3636363636363636,68.0,0.0375068946497517,0
1931.0,710.0,1221.0,2013,2072.0,0.6323148627654065,59.0,0.0293094883258817,1
1469.0,764.0,705.0,2223,2226.0,0.4799183117767188,3.0,0.0013495276653171,1
1683.0,207.0,1476.0,1518,1567.0,0.8770053475935828,49.0,0.0322793148880105,0
1685.0,158.0,1527.0,1888,1887.0,0.9062314540059347,-1.0,-0.0005296610169491,0
1583.0,996.0,587.0,2661,2693.0,0.3708149084017688,32.0,0.0120255543028936,0
1502.0,1148.0,354.0,3017,2883.0,0.2356857523302263,-134.0,-0.0444149817699701,0
1113.0,178.0,935.0,1310,1385.0,0.8400718778077269,75.0,0.0572519083969465,0
1586.0,804.0,782.0,2219,2288.0,0.4930643127364439,69.0,0.0310950878774222,0
1040.0,136.0,904.0,1183,1282.0,0.8692307692307693,99.0,0.0836855452240067,1
1908.0,65.0,1843.0,1218,1292.0,0.9659329140461216,74.0,0.0607553366174055,1
2082.0,92.0,1990.0,1184,1216.0,0.9558117195004804,32.0,0.027027027027027,1
1211.0,0.0,1211.0,1200,1328.0,1.0,128.0,0.1066666666666666,1
1505.0,83.0,1422.0,1301,1503.0,0.9448504983388704,202.0,0.1552651806302843,1
1376.0,176.0,1200.0,1306,1315.0,0.872093023255814,9.0,0.0068912710566615,1
1332.0,430.0,902.0,1517,1739.0,0.6771771771771772,222.0,0.1463414634146341,0
1748.0,521.0,1227.0,1214,1221.0,0.7019450800915332,7.0,0.0057660626029654,1
1116.0,197.0,919.0,1221,1138.0,0.8234767025089605,-83.0,-0.0679770679770679,1
1538.0,290.0,1248.0,1169,1300.0,0.811443433029909,131.0,0.1120615911035072,1
2060.0,355.0,1705.0,1267,1451.0,0.8276699029126213,184.0,0.1452249408050513,1
1869.0,382.0,1487.0,1423,1416.0,0.7956126270733013,-7.0,-0.0049191848208011,1
2259.0,863.0,1396.0,2086,2221.0,0.6179725542275343,135.0,0.0647171620325982,0
515.0,221.0,294.0,1583,1797.0,0.570873786407767,214.0,0.1351863550221099,0
2159.0,1149.0,1010.0,2294,2466.0,0.4678091709124595,172.0,0.074978204010462,0
1376.0,438.0,938.0,1222,1231.0,0.6816860465116279,9.0,0.0073649754500818,0
3421.0,1402.0,2019.0,2308,2391.0,0.5901783104355451,83.0,0.0359618717504332,1
3196.0,1421.0,1775.0,1876,1912.0,0.5553817271589487,36.0,0.0191897654584221,0
2344.0,1002.0,1342.0,1675,1686.0,0.5725255972696246,11.0,0.0065671641791044,1
1592.0,465.0,1127.0,825,778.0,0.7079145728643216,-47.0,-0.0569696969696969,1
1069.0,326.0,743.0,1113,1119.0,0.6950420954162769,6.0,0.0053908355795148,1
1191.0,940.0,251.0,1890,1835.0,0.2107472712006717,-55.0,-0.0291005291005291,0
1063.0,909.0,154.0,2260,2112.0,0.1448730009407337,-148.0,-0.0654867256637168,0
1505.0,1071.0,434.0,1939,1884.0,0.2883720930232558,-55.0,-0.0283651366683857,0
1145.0,1066.0,79.0,1847,1785.0,0.0689956331877729,-62.0,-0.0335679480238224,1
2014.0,1168.0,846.0,1336,1442.0,0.4200595829195631,106.0,0.0793413173652694,0
821.0,0.0,821.0,826,855.0,1.0,29.0,0.0351089588377723,0
372.0,210.0,162.0,1012,903.0,0.4354838709677419,-109.0,-0.1077075098814229,1
1074.0,219.0,855.0,750,842.0,0.7960893854748603,92.0,0.1226666666666666,0
1249.0,372.0,877.0,1078,1118.0,0.7021617293835068,40.0,0.0371057513914656,0
965.0,343.0,622.0,1144,1174.0,0.644559585492228,30.0,0.0262237762237762,0
1875.0,984.0,891.0,1325,1410.0,0.4752,85.0,0.0641509433962264,1
1516.0,1042.0,474.0,1337,1407.0,0.312664907651715,70.0,0.0523560209424083,0
1220.0,932.0,288.0,1661,1813.0,0.2360655737704918,152.0,0.0915111378687537,0
1272.0,476.0,796.0,1141,1163.0,0.6257861635220126,22.0,0.0192813321647677,1
1575.0,575.0,1000.0,1122,1182.0,0.6349206349206349,60.0,0.053475935828877,0
805.0,294.0,511.0,964,1006.0,0.6347826086956522,42.0,0.0435684647302904,0
1520.0,1159.0,361.0,1798,1779.0,0.2375,-19.0,-0.0105672969966629,0
1845.0,1607.0,238.0,2637,2718.0,0.1289972899728997,81.0,0.030716723549488,1
986.0,470.0,516.0,1423,1516.0,0.5233265720081136,93.0,0.0653548840477863,1
884.0,302.0,582.0,952,1075.0,0.6583710407239819,123.0,0.1292016806722689,1
1191.0,67.0,1124.0,895,944.0,0.943744752308984,49.0,0.0547486033519553,1
2298.0,1242.0,1056.0,1469,1595.0,0.4595300261096606,126.0,0.0857726344452008,1
986.0,964.0,22.0,3096,3321.0,0.0223123732251521,225.0,0.0726744186046511,0
2581.0,989.0,1592.0,1245,1327.0,0.6168151879116621,82.0,0.065863453815261,0
1760.0,567.0,1193.0,1508,1499.0,0.6778409090909091,-9.0,-0.0059681697612732,0
2153.0,622.0,1531.0,1513,1615.0,0.7111007895959127,102.0,0.0674157303370786,1
1350.0,645.0,705.0,1855,1949.0,0.5222222222222223,94.0,0.0506738544474393,1
1860.0,312.0,1548.0,1396,1523.0,0.832258064516129,127.0,0.0909742120343839,0
1401.0,500.0,901.0,1789,1674.0,0.643112062812277,-115.0,-0.0642817216321967,1
1712.0,492.0,1220.0,1482,1587.0,0.7126168224299065,105.0,0.0708502024291498,1
1567.0,1088.0,479.0,1344,1387.0,0.3056796426292278,43.0,0.0319940476190476,1
925.0,677.0,248.0,1841,1992.0,0.2681081081081081,151.0,0.0820206409560021,0
1372.0,1059.0,313.0,1494,1465.0,0.228134110787172,-29.0,-0.0194109772423025,0
1050.0,533.0,517.0,1282,1290.0,0.4923809523809523,8.0,0.0062402496099844,1
1315.0,1060.0,255.0,1388,1398.0,0.1939163498098859,10.0,0.0072046109510086,0
990.0,532.0,458.0,1211,1349.0,0.4626262626262626,138.0,0.1139554087530966,1
2001.0,636.0,1365.0,1250,1239.0,0.6821589205397302,-11.0,-0.0088,0
1346.0,231.0,1115.0,1337,1369.0,0.8283803863298663,32.0,0.0239341810022438,0
1843.0,1018.0,825.0,1245,1240.0,0.4476397178513293,-5.0,-0.0040160642570281,0
907.0,738.0,169.0,1321,1245.0,0.1863285556780595,-76.0,-0.0575321725965177,1
990.0,805.0,185.0,782,774.0,0.1868686868686868,-8.0,-0.0102301790281329,1
2359.0,1330.0,1029.0,1178,1144.0,0.4362017804154303,-34.0,-0.0288624787775891,0
1434.0,1118.0,316.0,1404,1320.0,0.2203626220362622,-84.0,-0.0598290598290598,0
1414.0,977.0,437.0,1197,1194.0,0.309052333804809,-3.0,-0.0025062656641604,1
1508.0,1025.0,483.0,1490,1493.0,0.3202917771883289,3.0,0.0020134228187919,1
1729.0,1263.0,466.0,1357,1389.0,0.26951995373048,32.0,0.0235814296241709,0
1794.0,1138.0,656.0,1243,1222.0,0.3656633221850613,-21.0,-0.0168946098149637,1
1376.0,1101.0,275.0,1893,1803.0,0.1998546511627907,-90.0,-0.0475435816164817,0
1193.0,955.0,238.0,1713,1712.0,0.1994970662196144,-1.0,-0.0005837711617046,1
818.0,735.0,83.0,2026,1843.0,0.1014669926650366,-183.0,-0.0903257650542941,0
1728.0,1351.0,377.0,1541,1582.0,0.2181712962962963,41.0,0.026606099935107,0
1130.0,465.0,665.0,1175,1178.0,0.588495575221239,3.0,0.0025531914893617,0
1932.0,1703.0,229.0,2181,2193.0,0.1185300207039337,12.0,0.0055020632737276,0
1397.0,1242.0,155.0,1814,2018.0,0.1109520400858983,204.0,0.1124586549062844,0
1619.0,462.0,1157.0,1312,1335.0,0.7146386658431131,23.0,0.017530487804878,0
3001.0,2268.0,733.0,1766,1716.0,0.2442519160279906,-50.0,-0.0283125707814269,0
673.0,46.0,627.0,669,693.0,0.9316493313521546,24.0,0.0358744394618834,1
904.0,309.0,595.0,1084,1160.0,0.6581858407079646,76.0,0.070110701107011,1
767.0,253.0,514.0,1074,1128.0,0.6701434159061278,54.0,0.0502793296089385,0
669.0,171.0,498.0,1051,1095.0,0.7443946188340808,44.0,0.0418648905803996,1
687.0,134.0,553.0,941,947.0,0.8049490538573508,6.0,0.0063761955366631,0
1057.0,388.0,669.0,1025,1031.0,0.6329233680227058,6.0,0.0058536585365853,0
805.0,168.0,637.0,606,704.0,0.7913043478260869,98.0,0.1617161716171617,0
919.0,392.0,527.0,1225,1436.0,0.573449401523395,211.0,0.1722448979591836,0
1101.0,120.0,981.0,850,859.0,0.8910081743869209,9.0,0.0105882352941176,1
1429.0,981.0,448.0,1226,1471.0,0.3135059482155353,245.0,0.199836867862969,0
2912.0,1210.0,1702.0,1552,1570.0,0.584478021978022,18.0,0.0115979381443298,1
1710.0,68.0,1642.0,987,989.0,0.960233918128655,2.0,0.0020263424518743,1
1346.0,64.0,1282.0,862,935.0,0.952451708766716,73.0,0.0846867749419953,1
2413.0,2092.0,321.0,2496,2638.0,0.1330294239535847,142.0,0.0568910256410256,0
2016.0,1585.0,431.0,2518,2784.0,0.2137896825396825,266.0,0.1056393963463065,0
2482.0,526.0,1956.0,1185,982.0,0.7880741337630943,-203.0,-0.1713080168776371,1
2364.0,1847.0,517.0,2072,2202.0,0.2186971235194585,130.0,0.0627413127413127,0
2199.0,1722.0,477.0,2233,2309.0,0.2169167803547066,76.0,0.0340349305866547,0
1355.0,1096.0,259.0,2436,2643.0,0.1911439114391143,207.0,0.084975369458128,0
259.0,153.0,106.0,1131,1169.0,0.4092664092664093,38.0,0.0335985853227232,0
1767.0,1146.0,621.0,1322,1220.0,0.3514431239388794,-102.0,-0.0771558245083207,0
3246.0,2485.0,761.0,1884,1825.0,0.2344423906346272,-59.0,-0.031316348195329,0
1201.0,548.0,653.0,1098,1112.0,0.5437135720233139,14.0,0.0127504553734061,0
950.0,835.0,115.0,2708,2552.0,0.1210526315789473,-156.0,-0.0576070901033973,0
950.0,606.0,344.0,1994,1926.0,0.3621052631578947,-68.0,-0.0341023069207622,0
1842.0,1604.0,238.0,1964,1928.0,0.1292073832790445,-36.0,-0.0183299389002036,0
2241.0,1680.0,561.0,2040,2050.0,0.250334672021419,10.0,0.0049019607843137,0
917.0,780.0,137.0,1903,2282.0,0.1494002181025081,379.0,0.1991592222806095,0
891.0,677.0,214.0,1680,1811.0,0.2401795735129068,131.0,0.0779761904761904,0
1124.0,701.0,423.0,1305,1348.0,0.3763345195729537,43.0,0.0329501915708812,0
751.0,447.0,304.0,1154,1183.0,0.4047936085219707,29.0,0.0251299826689774,1
913.0,219.0,694.0,889,911.0,0.76013143483023,22.0,0.0247469066366704,1
1046.0,647.0,399.0,1427,1355.0,0.381453154875717,-72.0,-0.0504555010511562,1
1461.0,1322.0,139.0,2097,2110.0,0.0951403148528405,13.0,0.0061993323795898,0
883.0,750.0,133.0,1820,1889.0,0.1506228765571914,69.0,0.0379120879120879,0
2476.0,432.0,2044.0,1351,1452.0,0.8255250403877221,101.0,0.0747594374537379,1
2503.0,2203.0,300.0,1317,1216.0,0.1198561725928885,-101.0,-0.0766894457099468,0
2030.0,1341.0,689.0,1570,1675.0,0.3394088669950739,105.0,0.0668789808917197,0
970.0,848.0,122.0,2685,2722.0,0.1257731958762886,37.0,0.013780260707635,0
797.0,655.0,142.0,2287,2240.0,0.178168130489335,-47.0,-0.0205509400961958,0
1056.0,465.0,591.0,988,1104.0,0.5596590909090909,116.0,0.117408906882591,0
1001.0,381.0,620.0,991,1002.0,0.6193806193806194,11.0,0.0110998990918264,0
1325.0,333.0,992.0,1128,1143.0,0.7486792452830189,15.0,0.0132978723404255,1
1273.0,1154.0,119.0,1960,2252.0,0.0934799685781618,292.0,0.1489795918367347,1
2106.0,915.0,1191.0,1076,1182.0,0.5655270655270656,106.0,0.0985130111524163,1
1948.0,290.0,1658.0,1239,1348.0,0.851129363449692,109.0,0.0879741727199354,1
1035.0,736.0,299.0,1284,1435.0,0.2888888888888888,151.0,0.117601246105919,0
1190.0,221.0,969.0,928,968.0,0.8142857142857143,40.0,0.043103448275862,0
1130.0,60.0,1070.0,858,879.0,0.9469026548672568,21.0,0.0244755244755244,0
961.0,92.0,869.0,620,670.0,0.9042663891779396,50.0,0.0806451612903225,0
1799.0,332.0,1467.0,1774,1876.0,0.8154530294608116,102.0,0.0574971815107102,1
558.0,0.0,558.0,775,818.0,1.0,43.0,0.0554838709677419,1
1279.0,6.0,1273.0,702,731.0,0.9953088350273652,29.0,0.0413105413105413,0
1072.0,24.0,1048.0,750,786.0,0.9776119402985076,36.0,0.048,0
1645.0,1317.0,328.0,3197,3502.0,0.1993920972644376,305.0,0.0954019393181107,0
2077.0,103.0,1974.0,1167,1265.0,0.9504092441020704,98.0,0.0839760068551842,0
1297.0,122.0,1175.0,766,819.0,0.9059367771781032,53.0,0.0691906005221932,1
1747.0,20.0,1727.0,883,923.0,0.9885518030910132,40.0,0.0453001132502831,1
1551.0,108.0,1443.0,922,936.0,0.93036750483559,14.0,0.0151843817787418,1
1036.0,538.0,498.0,734,1044.0,0.4806949806949807,310.0,0.4223433242506812,0
1183.0,1030.0,153.0,1708,1727.0,0.1293322062552832,19.0,0.0111241217798594,1
1327.0,680.0,647.0,1279,1238.0,0.4875659382064808,-41.0,-0.0320562939796716,0
1215.0,655.0,560.0,1157,1188.0,0.4609053497942387,31.0,0.0267934312878133,0
1818.0,1359.0,459.0,1645,1616.0,0.2524752475247525,-29.0,-0.0176291793313069,1
775.0,616.0,159.0,1565,1630.0,0.2051612903225806,65.0,0.0415335463258785,0
795.0,582.0,213.0,908,894.0,0.2679245283018868,-14.0,-0.0154185022026431,1
1937.0,1741.0,196.0,1916,2292.0,0.101187403200826,376.0,0.1962421711899791,0
1485.0,1318.0,167.0,3354,3363.0,0.1124579124579124,9.0,0.0026833631484794,0
1083.0,873.0,210.0,2102,2366.0,0.1939058171745152,264.0,0.1255946717411988,0
1334.0,701.0,633.0,1602,1599.0,0.4745127436281859,-3.0,-0.0018726591760299,1
2209.0,1382.0,827.0,1412,1473.0,0.3743775464010864,61.0,0.0432011331444759,0
1716.0,988.0,728.0,1441,1475.0,0.4242424242424242,34.0,0.0235947258848022,0
3011.0,1622.0,1389.0,1295,1310.0,0.4613085353703088,15.0,0.0115830115830115,1
1440.0,1244.0,196.0,1949,2027.0,0.1361111111111111,78.0,0.0400205233453052,0
2384.0,1151.0,1233.0,1195,1211.0,0.5171979865771812,16.0,0.0133891213389121,0
832.0,336.0,496.0,1219,1369.0,0.5961538461538461,150.0,0.1230516817063166,0
1180.0,313.0,867.0,589,486.0,0.7347457627118644,-103.0,-0.1748726655348047,0
1359.0,1064.0,295.0,2376,2384.0,0.2170713760117733,8.0,0.0033670033670033,0
2096.0,1787.0,309.0,1897,1909.0,0.1474236641221374,12.0,0.0063257775434897,1
1417.0,451.0,966.0,1114,1147.0,0.6817219477769937,33.0,0.0296229802513465,0
1078.0,95.0,983.0,764,774.0,0.911873840445269,10.0,0.013089005235602,0
1596.0,227.0,1369.0,945,944.0,0.8577694235588973,-1.0,-0.001058201058201,1
1576.0,511.0,1065.0,1004,1087.0,0.675761421319797,83.0,0.0826693227091633,0
538.0,232.0,306.0,966,1099.0,0.5687732342007435,133.0,0.1376811594202898,0
813.0,333.0,480.0,1099,970.0,0.5904059040590406,-129.0,-0.1173794358507734,1
1195.0,636.0,559.0,1187,1407.0,0.4677824267782426,220.0,0.185341196293176,0
1245.0,573.0,672.0,1029,1249.0,0.5397590361445783,220.0,0.2137998056365403,0
1412.0,413.0,999.0,995,967.0,0.7075070821529745,-28.0,-0.0281407035175879,1
1765.0,560.0,1205.0,1100,1118.0,0.6827195467422096,18.0,0.0163636363636363,0
1173.0,315.0,858.0,1013,1027.0,0.731457800511509,14.0,0.0138203356367226,0
1333.0,827.0,506.0,1190,1359.0,0.3795948987246811,169.0,0.142016806722689,0
911.0,329.0,582.0,869,1020.0,0.6388583973655324,151.0,0.1737629459148446,1
851.0,276.0,575.0,997,1030.0,0.6756756756756757,33.0,0.033099297893681,1
1503.0,414.0,1089.0,1025,1041.0,0.7245508982035929,16.0,0.0156097560975609,0
1022.0,445.0,577.0,1282,1301.0,0.5645792563600783,19.0,0.0148205928237129,0
1621.0,445.0,1176.0,1111,1127.0,0.7254780999383097,16.0,0.0144014401440144,0
1350.0,641.0,709.0,1890,1878.0,0.5251851851851852,-12.0,-0.0063492063492063,0
1535.0,470.0,1065.0,1290,1288.0,0.6938110749185668,-2.0,-0.0015503875968992,0
1403.0,206.0,1197.0,973,984.0,0.8531717747683535,11.0,0.0113052415210688,1
2747.0,1044.0,1703.0,1417,1494.0,0.6199490353112487,77.0,0.0543401552575864,1
1322.0,871.0,451.0,1350,1425.0,0.3411497730711044,75.0,0.0555555555555555,0
1999.0,1174.0,825.0,1372,1473.0,0.4127063531765882,101.0,0.0736151603498542,0
1243.0,1043.0,200.0,1768,1784.0,0.160901045856798,16.0,0.0090497737556561,0
2425.0,1146.0,1279.0,2370,2402.0,0.5274226804123712,32.0,0.0135021097046413,0
1906.0,183.0,1723.0,1176,1230.0,0.90398740818468,54.0,0.0459183673469387,1
1394.0,778.0,616.0,2490,2534.0,0.4418938307030129,44.0,0.0176706827309236,0
1676.0,814.0,862.0,1023,1043.0,0.5143198090692124,20.0,0.0195503421309872,1
708.0,373.0,335.0,1450,1491.0,0.4731638418079096,41.0,0.0282758620689655,1
1403.0,1031.0,372.0,1840,1747.0,0.2651461154668567,-93.0,-0.0505434782608695,1
768.0,712.0,56.0,2593,2659.0,0.0729166666666666,66.0,0.0254531430775163,0
1697.0,1128.0,569.0,2017,2035.0,0.3352975839717148,18.0,0.0089241447694595,0
2236.0,771.0,1465.0,1178,1240.0,0.6551878354203936,62.0,0.0526315789473684,0
1399.0,1134.0,265.0,1761,1910.0,0.1894210150107219,149.0,0.0846110164679159,0
992.0,360.0,632.0,1195,1268.0,0.6370967741935484,73.0,0.0610878661087866,1
1672.0,1320.0,352.0,1904,1955.0,0.2105263157894736,51.0,0.0267857142857142,0
1020.0,687.0,333.0,1734,1677.0,0.3264705882352941,-57.0,-0.0328719723183391,0
1111.0,615.0,496.0,1072,1097.0,0.4464446444644464,25.0,0.023320895522388,0
2439.0,1579.0,860.0,1641,1577.0,0.3526035260352603,-64.0,-0.0390006093845216,0
1722.0,1181.0,541.0,1289,1321.0,0.3141695702671312,32.0,0.0248254460822342,0
1637.0,1470.0,167.0,2038,2549.0,0.1020158827122785,511.0,0.2507360157016683,0
952.0,556.0,396.0,1508,1435.0,0.4159663865546218,-73.0,-0.0484084880636604,0
1560.0,886.0,674.0,1328,1348.0,0.432051282051282,20.0,0.0150602409638554,0
1130.0,1046.0,84.0,2283,2255.0,0.0743362831858407,-28.0,-0.0122645641699518,0
1265.0,1156.0,109.0,1628,1727.0,0.0861660079051383,99.0,0.0608108108108108,0
1530.0,1449.0,81.0,3083,3153.0,0.0529411764705882,70.0,0.0227051573143042,0
836.0,485.0,351.0,1426,1683.0,0.4198564593301435,257.0,0.1802244039270687,0
2172.0,19.0,2153.0,929,932.0,0.9912523020257828,3.0,0.0032292787944025,1
2112.0,1047.0,1065.0,1433,1502.0,0.5042613636363636,69.0,0.0481507327285415,0
837.0,133.0,704.0,1008,1051.0,0.8410991636798089,43.0,0.0426587301587301,1
1495.0,501.0,994.0,1254,1278.0,0.6648829431438127,24.0,0.0191387559808612,0
1271.0,521.0,750.0,1131,1139.0,0.5900865460267506,8.0,0.0070733863837312,1
1711.0,1637.0,74.0,4001,4001.0,0.043249561659848,0.0,0.0,0
1348.0,1244.0,104.0,2766,2845.0,0.0771513353115727,79.0,0.0285610990600144,0
2803.0,614.0,2189.0,1522,1486.0,0.7809489832322511,-36.0,-0.0236530880420499,1
1776.0,330.0,1446.0,1317,1414.0,0.8141891891891891,97.0,0.0736522399392558,1
1552.0,503.0,1049.0,1577,1691.0,0.6759020618556701,114.0,0.072289156626506,1
1580.0,1384.0,196.0,2668,2642.0,0.1240506329113924,-26.0,-0.0097451274362818,0
703.0,523.0,180.0,2048,2090.0,0.2560455192034139,42.0,0.0205078125,0
1108.0,944.0,164.0,2619,2600.0,0.148014440433213,-19.0,-0.0072546773577701,0
2028.0,706.0,1322.0,1184,1123.0,0.6518737672583826,-61.0,-0.0515202702702702,1
1424.0,1228.0,196.0,2413,2372.0,0.1376404494382022,-41.0,-0.016991297140489,0
1887.0,1661.0,226.0,2131,2129.0,0.1197668256491786,-2.0,-0.000938526513374,0
2169.0,1778.0,391.0,2136,2338.0,0.1802674043337943,202.0,0.0945692883895131,0
486.0,486.0,0.0,1668,2467.0,0.0,799.0,0.4790167865707434,0
1441.0,1310.0,131.0,2216,2315.0,0.0909090909090909,99.0,0.0446750902527075,0
588.0,388.0,200.0,1195,1109.0,0.3401360544217687,-86.0,-0.0719665271966527,1
1251.0,745.0,506.0,1337,1315.0,0.4044764188649081,-22.0,-0.0164547494390426,0
1197.0,774.0,423.0,1314,1353.0,0.3533834586466165,39.0,0.0296803652968036,0
1084.0,519.0,565.0,1162,1208.0,0.5212177121771218,46.0,0.0395869191049913,1
1599.0,1200.0,399.0,1350,1308.0,0.24953095684803,-42.0,-0.0311111111111111,0
478.0,284.0,194.0,1566,1375.0,0.405857740585774,-191.0,-0.1219667943805874,0
506.0,488.0,18.0,2727,2539.0,0.0355731225296442,-188.0,-0.0689402273560689,1
1628.0,1399.0,229.0,1978,2084.0,0.1406633906633906,106.0,0.0535894843276036,1
2373.0,1520.0,853.0,1612,1693.0,0.3594605983986515,81.0,0.0502481389578163,0
2347.0,1454.0,893.0,1436,1450.0,0.3804857264593098,14.0,0.0097493036211699,0
1350.0,1027.0,323.0,1810,1905.0,0.2392592592592592,95.0,0.0524861878453038,0
1649.0,1261.0,388.0,1814,1878.0,0.2352941176470588,64.0,0.0352811466372657,0
1269.0,716.0,553.0,1355,1393.0,0.4357762017336485,38.0,0.0280442804428044,0
665.0,245.0,420.0,1178,1255.0,0.631578947368421,77.0,0.065365025466893,0
1173.0,232.0,941.0,976,956.0,0.8022165387894288,-20.0,-0.0204918032786885,1
808.0,612.0,196.0,1102,1091.0,0.2425742574257425,-11.0,-0.0099818511796733,1
1268.0,461.0,807.0,975,1001.0,0.636435331230284,26.0,0.0266666666666666,1
1219.0,240.0,979.0,998,995.0,0.8031173092698933,-3.0,-0.003006012024048,0
1272.0,438.0,834.0,1336,1477.0,0.6556603773584906,141.0,0.1055389221556886,0
2642.0,1041.0,1601.0,1477,1598.0,0.6059803179409539,121.0,0.0819228165199729,0
882.0,757.0,125.0,2129,2288.0,0.1417233560090703,159.0,0.0746829497416627,0
2105.0,1086.0,1019.0,1409,1491.0,0.4840855106888361,82.0,0.0581973030518097,0
1462.0,268.0,1194.0,1017,998.0,0.8166894664842681,-19.0,-0.0186823992133726,1
1272.0,518.0,754.0,1226,1294.0,0.5927672955974843,68.0,0.0554649265905383,0
368.0,319.0,49.0,1395,1392.0,0.1331521739130435,-3.0,-0.0021505376344086,1
318.0,0.0,318.0,541,612.0,1.0,71.0,0.1312384473197781,1
1307.0,263.0,1044.0,1004,1025.0,0.7987758224942617,21.0,0.0209163346613545,0
995.0,220.0,775.0,1065,1083.0,0.7788944723618091,18.0,0.0169014084507042,0
1227.0,189.0,1038.0,1019,1092.0,0.8459657701711492,73.0,0.071638861629048,1
1104.0,410.0,694.0,1236,1402.0,0.6286231884057971,166.0,0.1343042071197411,0
1935.0,340.0,1595.0,905,958.0,0.8242894056847545,53.0,0.0585635359116022,1
1415.0,310.0,1105.0,999,1111.0,0.7809187279151943,112.0,0.1121121121121121,0
2334.0,1471.0,863.0,1574,1778.0,0.369751499571551,204.0,0.1296060991105463,0
2001.0,1723.0,278.0,3654,4001.0,0.1389305347326336,347.0,0.0949644225506294,0
1366.0,1326.0,40.0,3416,3182.0,0.0292825768667642,-234.0,-0.0685011709601873,0
1617.0,1431.0,186.0,3169,3268.0,0.1150278293135436,99.0,0.0312401388450615,0
1474.0,1113.0,361.0,2222,1984.0,0.2449118046132971,-238.0,-0.1071107110711071,0
2862.0,2368.0,494.0,2876,3073.0,0.1726065688329839,197.0,0.0684979137691237,0
3320.0,178.0,3142.0,1077,1137.0,0.9463855421686748,60.0,0.0557103064066852,1
2451.0,169.0,2282.0,1073,1112.0,0.9310485516115872,39.0,0.0363466915191053,1
2558.0,1261.0,1297.0,1691,1712.0,0.5070367474589523,21.0,0.0124186871673565,0
3076.0,1178.0,1898.0,1519,1566.0,0.61703511053316,47.0,0.0309414088215931,0
2656.0,759.0,1897.0,1882,1927.0,0.7142319277108434,45.0,0.0239107332624867,1
1779.0,497.0,1282.0,1783,1747.0,0.7206295671725689,-36.0,-0.0201906898485698,1
1423.0,1070.0,353.0,1698,1732.0,0.2480674631061138,34.0,0.0200235571260306,1
1313.0,670.0,643.0,1217,1199.0,0.4897182025894897,-18.0,-0.0147904683648315,0
1628.0,1560.0,68.0,3361,3507.0,0.0417690417690417,146.0,0.0434394525438857,1
1722.0,632.0,1090.0,1228,1309.0,0.6329849012775842,81.0,0.0659609120521172,0
1589.0,970.0,619.0,1528,1493.0,0.3895531780994336,-35.0,-0.0229057591623036,1
1142.0,186.0,956.0,723,785.0,0.8371278458844134,62.0,0.0857538035961272,0
933.0,120.0,813.0,833,838.0,0.8713826366559485,5.0,0.0060024009603841,1
1127.0,212.0,915.0,825,961.0,0.8118899733806566,136.0,0.1648484848484848,0
893.0,138.0,755.0,842,864.0,0.845464725643897,22.0,0.0261282660332541,0
1263.0,389.0,874.0,898,933.0,0.6920031670625495,35.0,0.0389755011135857,0
1824.0,36.0,1788.0,839,806.0,0.9802631578947368,-33.0,-0.0393325387365911,1
781.0,176.0,605.0,842,875.0,0.7746478873239436,33.0,0.0391923990498812,1
1662.0,1436.0,226.0,2406,2480.0,0.1359807460890493,74.0,0.0307564422277639,0
1414.0,1235.0,179.0,1964,1974.0,0.1265912305516266,10.0,0.005091649694501,0
1309.0,858.0,451.0,1432,1438.0,0.3445378151260504,6.0,0.0041899441340782,1
1930.0,1298.0,632.0,1410,1368.0,0.327461139896373,-42.0,-0.0297872340425531,0
1234.0,726.0,508.0,1434,1528.0,0.4116693679092382,94.0,0.0655509065550906,0
1978.0,1387.0,591.0,1648,1694.0,0.2987866531850354,46.0,0.0279126213592233,0
1191.0,859.0,332.0,1189,1394.0,0.2787573467674223,205.0,0.1724137931034483,0
1813.0,1668.0,145.0,1210,1287.0,0.0799779371207942,77.0,0.0636363636363636,1
1427.0,1273.0,154.0,3035,3199.0,0.1079187105816398,164.0,0.0540362438220757,0
1545.0,1192.0,353.0,1349,1471.0,0.2284789644012945,122.0,0.0904373610081542,0
1317.0,139.0,1178.0,1012,1097.0,0.894457099468489,85.0,0.08399209486166,0
1541.0,397.0,1144.0,1065,1163.0,0.7423750811161584,98.0,0.092018779342723,0
1303.0,682.0,621.0,1404,1688.0,0.476592478894858,284.0,0.2022792022792023,1
1839.0,494.0,1345.0,1363,1366.0,0.7313757476889614,3.0,0.0022010271460014,0
1913.0,637.0,1276.0,1495,1620.0,0.6670151594354418,125.0,0.0836120401337792,1
1657.0,637.0,1020.0,1515,1525.0,0.6155703077851539,10.0,0.0066006600660066,0
1053.0,655.0,398.0,1572,1731.0,0.3779677113010446,159.0,0.1011450381679389,0
1003.0,832.0,171.0,2607,2640.0,0.1704885343968095,33.0,0.0126582278481012,1
2154.0,1405.0,749.0,1447,1449.0,0.3477251624883937,2.0,0.0013821700069108,0
1105.0,994.0,111.0,2071,2029.0,0.1004524886877828,-42.0,-0.0202800579430226,1
1759.0,684.0,1075.0,1189,1213.0,0.611142694712905,24.0,0.0201850294365012,1
1957.0,1898.0,59.0,3154,2998.0,0.030148185998978,-156.0,-0.0494610019023462,0
729.0,682.0,47.0,2179,2399.0,0.0644718792866941,220.0,0.1009637448370812,0
722.0,706.0,16.0,3132,3179.0,0.0221606648199446,47.0,0.0150063856960408,0
881.0,263.0,618.0,1039,1181.0,0.7014755959137344,142.0,0.136669874879692,0
1408.0,464.0,944.0,1017,1073.0,0.6704545454545454,56.0,0.0550639134709931,1
1604.0,612.0,992.0,1160,1200.0,0.6184538653366584,40.0,0.0344827586206896,0
1150.0,21.0,1129.0,953,1029.0,0.9817391304347826,76.0,0.0797481636935991,0
1063.0,66.0,997.0,968,1042.0,0.9379115710253998,74.0,0.0764462809917355,0
975.0,881.0,94.0,1832,1913.0,0.0964102564102564,81.0,0.0442139737991266,0
1817.0,1562.0,255.0,3771,3923.0,0.1403412217941662,152.0,0.0403076107133386,0
950.0,894.0,56.0,4001,4001.0,0.0589473684210526,0.0,0.0,0
1324.0,1229.0,95.0,4001,4001.0,0.0717522658610271,0.0,0.0,0
1264.0,951.0,313.0,2405,2871.0,0.247626582278481,466.0,0.1937629937629937,0
447.0,181.0,266.0,893,1011.0,0.5950782997762863,118.0,0.1321388577827547,0
1282.0,300.0,982.0,820,919.0,0.765990639625585,99.0,0.1207317073170731,1
834.0,192.0,642.0,940,997.0,0.7697841726618705,57.0,0.0606382978723404,0
1572.0,1134.0,438.0,1728,1865.0,0.2786259541984733,137.0,0.0792824074074074,0
1274.0,497.0,777.0,915,879.0,0.6098901098901099,-36.0,-0.0393442622950819,1
619.0,19.0,600.0,1171,1204.0,0.9693053311793216,33.0,0.0281810418445772,0
987.0,779.0,208.0,1276,1237.0,0.2107396149949341,-39.0,-0.030564263322884,1
544.0,223.0,321.0,1275,1317.0,0.5900735294117647,42.0,0.0329411764705882,0
938.0,250.0,688.0,1000,904.0,0.7334754797441365,-96.0,-0.096,1
872.0,132.0,740.0,852,920.0,0.8486238532110092,68.0,0.0798122065727699,0
1282.0,60.0,1222.0,530,625.0,0.953198127925117,95.0,0.1792452830188679,1
852.0,411.0,441.0,1445,1482.0,0.5176056338028169,37.0,0.0256055363321799,1
3013.0,1559.0,1454.0,1651,1775.0,0.4825755061400597,124.0,0.0751059963658388,0
2235.0,1973.0,262.0,2743,2896.0,0.1172259507829977,153.0,0.0557783448778709,0
2558.0,1073.0,1485.0,1425,1544.0,0.5805316653635653,119.0,0.0835087719298245,1
1780.0,297.0,1483.0,1149,1254.0,0.8331460674157304,105.0,0.0913838120104438,0
1782.0,152.0,1630.0,1142,1162.0,0.914702581369248,20.0,0.0175131348511383,1
1398.0,979.0,419.0,1840,1794.0,0.2997138769670958,-46.0,-0.025,0
978.0,708.0,270.0,1544,1587.0,0.2760736196319018,43.0,0.0278497409326424,0
1605.0,1247.0,358.0,1586,1685.0,0.2230529595015576,99.0,0.062421185372005,0
1718.0,1247.0,471.0,1129,1188.0,0.2741559953434226,59.0,0.0522586359610274,1
1751.0,892.0,859.0,1330,1362.0,0.4905768132495717,32.0,0.0240601503759398,1
1644.0,895.0,749.0,1286,1517.0,0.4555961070559611,231.0,0.1796267496111975,1
2271.0,1539.0,732.0,1647,1671.0,0.3223249669749009,24.0,0.0145719489981785,0
739.0,590.0,149.0,1664,1963.0,0.2016238159675236,299.0,0.1796875,0
992.0,912.0,80.0,2615,2579.0,0.0806451612903225,-36.0,-0.0137667304015296,0
1249.0,1006.0,243.0,2301,2366.0,0.1945556445156125,65.0,0.0282485875706214,0
1288.0,937.0,351.0,1902,1884.0,0.2725155279503105,-18.0,-0.0094637223974763,1
1337.0,1042.0,295.0,2116,1978.0,0.2206432311144353,-138.0,-0.0652173913043478,1
1109.0,962.0,147.0,2190,2501.0,0.1325518485121731,311.0,0.1420091324200913,0
1371.0,1140.0,231.0,2291,2151.0,0.1684901531728665,-140.0,-0.0611086861632474,0
682.0,520.0,162.0,1044,1127.0,0.2375366568914956,83.0,0.0795019157088122,1
1280.0,780.0,500.0,1209,1533.0,0.390625,324.0,0.2679900744416873,0
340.0,293.0,47.0,1575,1725.0,0.138235294117647,150.0,0.0952380952380952,0
380.0,364.0,16.0,2754,2068.0,0.0421052631578947,-686.0,-0.2490922294843863,0
1920.0,1768.0,152.0,2180,2117.0,0.0791666666666666,-63.0,-0.0288990825688073,0
2145.0,1852.0,293.0,2242,2230.0,0.1365967365967366,-12.0,-0.0053523639607493,0
1889.0,1692.0,197.0,2903,3075.0,0.10428798305982,172.0,0.0592490527040992,0
3359.0,1723.0,1636.0,2209,2244.0,0.4870497171777315,35.0,0.0158442734268899,0
4281.0,414.0,3867.0,1400,1502.0,0.9032936229852838,102.0,0.0728571428571428,0
2504.0,25.0,2479.0,1429,1300.0,0.9900159744408946,-129.0,-0.0902729181245626,1
3253.0,764.0,2489.0,1531,1557.0,0.7651398708884107,26.0,0.0169823644676681,1
3853.0,916.0,2937.0,1653,1769.0,0.7622631715546327,116.0,0.0701754385964912,0
1917.0,1491.0,426.0,4001,4001.0,0.2222222222222222,0.0,0.0,0
2422.0,2114.0,308.0,3369,3280.0,0.1271676300578034,-89.0,-0.0264173345206292,0
2001.0,1223.0,778.0,2341,2355.0,0.3888055972013993,14.0,0.0059803502776591,0
920.0,474.0,446.0,2411,2240.0,0.4847826086956521,-171.0,-0.0709249274160099,1
2542.0,1614.0,928.0,2286,2299.0,0.3650668764752163,13.0,0.005686789151356,0
1777.0,960.0,817.0,1136,1185.0,0.4597636465953855,49.0,0.0431338028169014,1
677.0,455.0,222.0,1499,1502.0,0.327917282127031,3.0,0.0020013342228152,0
1607.0,1104.0,503.0,1533,1555.0,0.313005600497822,22.0,0.0143509458577951,0
623.0,577.0,46.0,2219,2320.0,0.0738362760834671,101.0,0.0455159981973862,0
1296.0,1078.0,218.0,1818,1928.0,0.1682098765432098,110.0,0.0605060506050605,0
1617.0,1371.0,246.0,3303,3335.0,0.1521335807050092,32.0,0.0096881622767181,0
936.0,483.0,453.0,1321,1291.0,0.483974358974359,-30.0,-0.0227100681302043,0
971.0,533.0,438.0,2110,2050.0,0.451081359423275,-60.0,-0.0284360189573459,1
2207.0,1162.0,1045.0,1322,1372.0,0.4734934299954689,50.0,0.037821482602118,1
927.0,636.0,291.0,1507,1319.0,0.313915857605178,-188.0,-0.1247511612475116,1
2404.0,2260.0,144.0,2773,2628.0,0.059900166389351,-145.0,-0.0522899386945546,1
859.0,780.0,79.0,1948,1932.0,0.0919674039580908,-16.0,-0.0082135523613963,1
1201.0,862.0,339.0,1357,1461.0,0.2822647793505412,104.0,0.0766396462785556,0
899.0,732.0,167.0,2390,2313.0,0.185761957730812,-77.0,-0.0322175732217573,0
2016.0,1855.0,161.0,2799,2834.0,0.0798611111111111,35.0,0.0125044658806716,0
2878.0,1527.0,1351.0,1489,1646.0,0.4694232105628909,157.0,0.1054398925453324,0
1716.0,575.0,1141.0,1428,1526.0,0.664918414918415,98.0,0.0686274509803921,0
1258.0,971.0,287.0,1780,1816.0,0.2281399046104928,36.0,0.0202247191011235,0
1580.0,860.0,720.0,1675,1722.0,0.4556962025316455,47.0,0.0280597014925373,0
1796.0,1093.0,703.0,1667,1691.0,0.3914253897550111,24.0,0.0143971205758848,0
1400.0,1178.0,222.0,1965,1985.0,0.1585714285714285,20.0,0.010178117048346,0
1015.0,692.0,323.0,1995,1991.0,0.3182266009852216,-4.0,-0.0020050125313283,0
995.0,917.0,78.0,4001,4001.0,0.0783919597989949,0.0,0.0,0
598.0,584.0,14.0,2697,2707.0,0.0234113712374581,10.0,0.003707823507601,0
711.0,584.0,127.0,3287,2943.0,0.1786216596343178,-344.0,-0.1046547003346516,0
1018.0,806.0,212.0,1925,2132.0,0.2082514734774067,207.0,0.1075324675324675,0
1577.0,0.0,1577.0,994,967.0,1.0,-27.0,-0.0271629778672032,1
1288.0,29.0,1259.0,829,887.0,0.9774844720496896,58.0,0.0699638118214716,1
1674.0,746.0,928.0,1371,1471.0,0.5543608124253285,100.0,0.0729394602479941,1
871.0,293.0,578.0,882,924.0,0.6636050516647531,42.0,0.0476190476190476,1
3054.0,508.0,2546.0,1220,1239.0,0.83366077275704,19.0,0.0155737704918032,1
1300.0,461.0,839.0,970,1023.0,0.6453846153846153,53.0,0.0546391752577319,1
2087.0,243.0,1844.0,1038,1082.0,0.883564925730714,44.0,0.0423892100192678,1
1776.0,360.0,1416.0,1038,1084.0,0.7972972972972973,46.0,0.0443159922928709,0
2780.0,454.0,2326.0,1270,1244.0,0.8366906474820144,-26.0,-0.0204724409448818,1
3007.0,492.0,2515.0,1420,1468.0,0.8363817758563352,48.0,0.0338028169014084,0
2490.0,1266.0,1224.0,1595,1627.0,0.491566265060241,32.0,0.0200626959247648,0
1107.0,876.0,231.0,2059,2026.0,0.2086720867208672,-33.0,-0.0160271976687712,0
1397.0,1049.0,348.0,2010,2168.0,0.2491052254831782,158.0,0.0786069651741293,0
1465.0,745.0,720.0,1397,1440.0,0.4914675767918088,43.0,0.0307802433786685,0
1300.0,964.0,336.0,1918,1880.0,0.2584615384615384,-38.0,-0.0198123044838373,0
1037.0,519.0,518.0,1448,1373.0,0.4995178399228543,-75.0,-0.0517955801104972,0
783.0,537.0,246.0,1500,1494.0,0.3141762452107279,-6.0,-0.004,0
1205.0,168.0,1037.0,964,963.0,0.8605809128630706,-1.0,-0.0010373443983402,1
1761.0,360.0,1401.0,1232,1261.0,0.7955706984667802,29.0,0.023538961038961,0
1556.0,1263.0,293.0,1815,1948.0,0.1883033419023136,133.0,0.0732782369146005,0
1289.0,945.0,344.0,1736,1575.0,0.2668735453840186,-161.0,-0.0927419354838709,1
1048.0,871.0,177.0,1410,1295.0,0.1688931297709923,-115.0,-0.0815602836879432,1
1638.0,1168.0,470.0,1378,1421.0,0.2869352869352869,43.0,0.0312046444121915,1
798.0,187.0,611.0,885,938.0,0.7656641604010025,53.0,0.0598870056497175,1
1573.0,683.0,890.0,1226,1182.0,0.5657978385251112,-44.0,-0.0358890701468189,1
865.0,119.0,746.0,1084,1118.0,0.8624277456647399,34.0,0.0313653136531365,1
1225.0,961.0,264.0,1753,1702.0,0.2155102040816326,-51.0,-0.0290929834569309,0
941.0,614.0,327.0,1893,2031.0,0.3475026567481403,138.0,0.0729001584786053,0
1579.0,1413.0,166.0,3301,3276.0,0.1051298290056998,-25.0,-0.0075734625870948,0
878.0,829.0,49.0,2601,2409.0,0.0558086560364464,-192.0,-0.0738177623990772,0
696.0,298.0,398.0,991,1061.0,0.5718390804597702,70.0,0.0706357214934409,0
904.0,387.0,517.0,1063,1041.0,0.5719026548672567,-22.0,-0.0206961429915333,1
1190.0,613.0,577.0,1222,1302.0,0.4848739495798319,80.0,0.0654664484451718,0
1424.0,581.0,843.0,1058,1115.0,0.5919943820224719,57.0,0.053875236294896,0
1366.0,400.0,966.0,1170,1175.0,0.7071742313323572,5.0,0.0042735042735042,0
1087.0,367.0,720.0,1130,1150.0,0.6623735050597976,20.0,0.0176991150442477,0
1427.0,781.0,646.0,1220,1203.0,0.452697967764541,-17.0,-0.0139344262295081,1
593.0,208.0,385.0,1103,898.0,0.6492411467116358,-205.0,-0.185856754306437,1
1425.0,503.0,922.0,931,1005.0,0.6470175438596492,74.0,0.079484425349087,1
1172.0,631.0,541.0,1313,1320.0,0.4616040955631399,7.0,0.0053313023610053,0
1736.0,1627.0,109.0,2003,2083.0,0.0627880184331797,80.0,0.0399400898652022,0
1341.0,957.0,384.0,1352,1847.0,0.2863534675615212,495.0,0.3661242603550296,0
1867.0,1467.0,400.0,1911,1688.0,0.2142474558114622,-223.0,-0.1166928309785452,0
2315.0,1554.0,761.0,1454,1660.0,0.3287257019438445,206.0,0.1416781292984869,1
2184.0,1459.0,725.0,1478,1620.0,0.3319597069597069,142.0,0.0960757780784844,0
1834.0,611.0,1223.0,1106,1180.0,0.6668484187568157,74.0,0.0669077757685352,1
1171.0,715.0,456.0,2134,2156.0,0.3894107600341588,22.0,0.0103092783505154,0
1045.0,781.0,264.0,1961,1712.0,0.2526315789473684,-249.0,-0.12697603263641,1
1563.0,730.0,833.0,1359,1494.0,0.5329494561740243,135.0,0.0993377483443708,0
2099.0,1198.0,901.0,1202,1360.0,0.4292520247737018,158.0,0.1314475873544093,1
842.0,605.0,237.0,2085,2077.0,0.2814726840855107,-8.0,-0.0038369304556354,0
3132.0,504.0,2628.0,1647,1708.0,0.8390804597701149,61.0,0.037037037037037,1
1968.0,1785.0,183.0,2400,2416.0,0.0929878048780487,16.0,0.0066666666666666,0
1523.0,128.0,1395.0,942,1064.0,0.9159553512803676,122.0,0.1295116772823779,1
2239.0,44.0,2195.0,940,1019.0,0.98034836980795,79.0,0.0840425531914893,0
1227.0,409.0,818.0,974,1169.0,0.6666666666666666,195.0,0.2002053388090349,0
859.0,0.0,859.0,1027,1034.0,1.0,7.0,0.0068159688412852,1
2100.0,100.0,2000.0,930,981.0,0.9523809523809524,51.0,0.0548387096774193,1
1343.0,0.0,1343.0,743,774.0,1.0,31.0,0.0417227456258411,0
1360.0,399.0,961.0,1442,1560.0,0.7066176470588236,118.0,0.0818307905686546,1
981.0,68.0,913.0,985,1017.0,0.930682976554536,32.0,0.03248730964467,0
1229.0,228.0,1001.0,957,1000.0,0.8144833197721725,43.0,0.044932079414838,0
2548.0,352.0,2196.0,922,994.0,0.8618524332810047,72.0,0.0780911062906724,0
1086.0,323.0,763.0,1140,1182.0,0.7025782688766115,42.0,0.0368421052631578,0
1902.0,483.0,1419.0,1333,1291.0,0.7460567823343849,-42.0,-0.0315078769692423,0
939.0,479.0,460.0,1767,1846.0,0.4898828541001065,79.0,0.0447085455574419,0
1759.0,771.0,988.0,1124,1167.0,0.5616827743035816,43.0,0.0382562277580071,0
1340.0,156.0,1184.0,923,942.0,0.8835820895522388,19.0,0.0205850487540628,1
975.0,69.0,906.0,1065,978.0,0.9292307692307692,-87.0,-0.0816901408450704,1
921.0,63.0,858.0,909,882.0,0.9315960912052116,-27.0,-0.0297029702970297,1
1922.0,54.0,1868.0,1182,1248.0,0.971904266389178,66.0,0.0558375634517766,1
1520.0,648.0,872.0,1993,1837.0,0.5736842105263158,-156.0,-0.0782739588559959,0
1120.0,171.0,949.0,1501,1319.0,0.8473214285714286,-182.0,-0.1212524983344437,1
1388.0,449.0,939.0,1726,1845.0,0.6765129682997119,119.0,0.0689455388180764,1
1702.0,485.0,1217.0,1540,1567.0,0.7150411280846063,27.0,0.0175324675324675,1
1576.0,1368.0,208.0,4001,4001.0,0.1319796954314721,0.0,0.0,0
1237.0,171.0,1066.0,1292,1383.0,0.8617623282134196,91.0,0.0704334365325077,1
2035.0,346.0,1689.0,1839,1836.0,0.82997542997543,-3.0,-0.0016313213703099,1
1631.0,295.0,1336.0,1451,1416.0,0.8191293684855917,-35.0,-0.0241212956581667,1
1432.0,821.0,611.0,2097,2122.0,0.4266759776536313,25.0,0.0119217930376728,1
1113.0,292.0,821.0,1031,1184.0,0.7376460017969452,153.0,0.1483996120271581,1
1124.0,229.0,895.0,961,1043.0,0.7962633451957295,82.0,0.0853277835587929,1
1145.0,56.0,1089.0,1022,1101.0,0.9510917030567686,79.0,0.0772994129158512,0
1168.0,694.0,474.0,1155,1250.0,0.4058219178082192,95.0,0.0822510822510822,1
1685.0,1427.0,258.0,3439,3805.0,0.1531157270029673,366.0,0.1064262867112532,0
1083.0,338.0,745.0,1025,1073.0,0.6879039704524469,48.0,0.0468292682926829,1
2201.0,1304.0,897.0,1509,1459.0,0.4075420263516583,-50.0,-0.0331345261762756,1
918.0,375.0,543.0,947,922.0,0.5915032679738562,-25.0,-0.0263991552270327,0
1661.0,1019.0,642.0,1297,1356.0,0.386514148103552,59.0,0.0454895913646877,1
1407.0,1354.0,53.0,4001,4001.0,0.0376687988628287,0.0,0.0,0
1126.0,534.0,592.0,1306,1378.0,0.5257548845470693,72.0,0.0551301684532924,0
1299.0,1227.0,72.0,4001,4001.0,0.0554272517321016,0.0,0.0,0
1104.0,1026.0,78.0,4001,4001.0,0.0706521739130434,0.0,0.0,0
1393.0,1219.0,174.0,3933,3954.0,0.1249102656137832,21.0,0.0053394355453852,1
1308.0,831.0,477.0,1689,1796.0,0.3646788990825688,107.0,0.0633510953226761,1
1064.0,453.0,611.0,1319,1431.0,0.5742481203007519,112.0,0.0849128127369219,0
1838.0,1684.0,154.0,1391,1434.0,0.0837867247007616,43.0,0.0309130122214234,0
2131.0,1558.0,573.0,1623,1617.0,0.2688878460816518,-6.0,-0.0036968576709796,0
1565.0,1236.0,329.0,1759,1731.0,0.2102236421725239,-28.0,-0.01591813530415,0
2121.0,1443.0,678.0,1363,1553.0,0.3196605374823196,190.0,0.1393983859134262,0
969.0,157.0,812.0,878,940.0,0.8379772961816305,62.0,0.0706150341685649,0
1744.0,1014.0,730.0,1275,1262.0,0.4185779816513761,-13.0,-0.0101960784313725,1
1187.0,50.0,1137.0,468,465.0,0.95787700084246,-3.0,-0.0064102564102564,1
1255.0,334.0,921.0,767,784.0,0.7338645418326694,17.0,0.0221642764015645,0
2936.0,1240.0,1696.0,1998,2066.0,0.5776566757493188,68.0,0.034034034034034,1
1833.0,91.0,1742.0,1361,1409.0,0.950354609929078,48.0,0.035268185157972,1
722.0,544.0,178.0,2588,3000.0,0.2465373961218836,412.0,0.1591962905718701,0
2598.0,1258.0,1340.0,2128,1954.0,0.5157813702848345,-174.0,-0.081766917293233,0
1089.0,735.0,354.0,2318,2186.0,0.325068870523416,-132.0,-0.0569456427955133,0
2164.0,1209.0,955.0,2178,2400.0,0.4413123844731977,222.0,0.1019283746556473,1
1540.0,1288.0,252.0,2873,2944.0,0.1636363636363636,71.0,0.0247128437173686,0
1413.0,1379.0,34.0,3574,3631.0,0.0240622788393489,57.0,0.0159485170677112,0
1621.0,333.0,1288.0,1399,1404.0,0.7945712523133868,5.0,0.0035739814152966,1
2788.0,384.0,2404.0,1299,1441.0,0.8622668579626973,142.0,0.1093148575827559,0
1017.0,133.0,884.0,842,858.0,0.8692232055063913,16.0,0.0190023752969121,1
961.0,38.0,923.0,1120,1241.0,0.9604578563995838,121.0,0.1080357142857142,1
1008.0,13.0,995.0,552,575.0,0.9871031746031746,23.0,0.0416666666666666,1
832.0,125.0,707.0,820,836.0,0.8497596153846154,16.0,0.0195121951219512,0
989.0,275.0,714.0,1107,1127.0,0.7219413549039434,20.0,0.01806684733514,0
883.0,195.0,688.0,920,955.0,0.7791619479048698,35.0,0.0380434782608695,1
1221.0,393.0,828.0,971,888.0,0.6781326781326781,-83.0,-0.0854788877445932,1
781.0,255.0,526.0,1261,1120.0,0.6734955185659411,-141.0,-0.1118160190325138,1
1269.0,280.0,989.0,860,915.0,0.7793538219070134,55.0,0.063953488372093,1
1206.0,262.0,944.0,886,940.0,0.7827529021558872,54.0,0.0609480812641083,1
1501.0,335.0,1166.0,894,992.0,0.7768154563624251,98.0,0.1096196868008948,1
1086.0,888.0,198.0,1893,1893.0,0.1823204419889502,0.0,0.0,1
1924.0,764.0,1160.0,1574,1653.0,0.6029106029106029,79.0,0.0501905972045743,0
1175.0,258.0,917.0,1067,1097.0,0.7804255319148936,30.0,0.0281162136832239,0
2826.0,693.0,2133.0,1082,1084.0,0.7547770700636943,2.0,0.0018484288354898,1
1907.0,386.0,1521.0,1228,1271.0,0.7975878342947037,43.0,0.0350162866449511,0
1658.0,1023.0,635.0,1533,1671.0,0.3829915560916767,138.0,0.0900195694716242,1
1131.0,348.0,783.0,1034,1097.0,0.6923076923076923,63.0,0.0609284332688588,1
1272.0,988.0,284.0,1385,1467.0,0.2232704402515723,82.0,0.0592057761732852,1
1489.0,789.0,700.0,1236,1182.0,0.4701141705842847,-54.0,-0.0436893203883495,0
1348.0,712.0,636.0,1137,1143.0,0.4718100890207715,6.0,0.0052770448548812,1
857.0,311.0,546.0,984,1059.0,0.6371061843640606,75.0,0.0762195121951219,0
2042.0,319.0,1723.0,981,1019.0,0.8437806072477962,38.0,0.0387359836901121,1
2098.0,322.0,1776.0,978,977.0,0.8465204957102002,-1.0,-0.0010224948875255,0
2806.0,1640.0,1166.0,1213,1141.0,0.4155381325730577,-72.0,-0.0593569661995053,1
1075.0,926.0,149.0,1602,1645.0,0.1386046511627907,43.0,0.0268414481897627,1
1281.0,753.0,528.0,734,791.0,0.4121779859484777,57.0,0.0776566757493188,1
2276.0,1262.0,1014.0,1831,1765.0,0.445518453427065,-66.0,-0.0360458765701802,1
783.0,555.0,228.0,1928,1867.0,0.2911877394636015,-61.0,-0.0316390041493775,0
1598.0,1146.0,452.0,1700,1741.0,0.2828535669586984,41.0,0.0241176470588235,0
1593.0,965.0,628.0,1589,1484.0,0.394224733207784,-105.0,-0.066079295154185,0
2898.0,2229.0,669.0,2141,2187.0,0.2308488612836439,46.0,0.021485287248949,0
661.0,547.0,114.0,3026,2920.0,0.172465960665658,-106.0,-0.0350297422339722,1
1097.0,1053.0,44.0,4001,4001.0,0.040109389243391,0.0,0.0,1
852.0,413.0,439.0,1379,1692.0,0.5152582159624414,313.0,0.2269760696156635,0
2093.0,1626.0,467.0,930,1083.0,0.2231247013855709,153.0,0.164516129032258,0
1590.0,827.0,763.0,1073,1098.0,0.479874213836478,25.0,0.0232991612301957,0
1205.0,504.0,701.0,1102,1292.0,0.5817427385892117,190.0,0.1724137931034483,0
701.0,201.0,500.0,1008,926.0,0.7132667617689016,-82.0,-0.0813492063492063,0
1541.0,653.0,888.0,1066,1081.0,0.5762491888384166,15.0,0.0140712945590994,0
1368.0,621.0,747.0,1036,1057.0,0.5460526315789473,21.0,0.0202702702702702,0
427.0,46.0,381.0,938,860.0,0.892271662763466,-78.0,-0.0831556503198294,1
1263.0,210.0,1053.0,803,824.0,0.833729216152019,21.0,0.0261519302615193,0
925.0,170.0,755.0,843,892.0,0.8162162162162162,49.0,0.0581257413997627,1
811.0,140.0,671.0,777,836.0,0.8273736128236745,59.0,0.0759330759330759,1
1010.0,254.0,756.0,975,1039.0,0.7485148514851485,64.0,0.0656410256410256,0
811.0,224.0,587.0,957,945.0,0.7237977805178791,-12.0,-0.012539184952978,1
869.0,344.0,525.0,930,946.0,0.6041426927502876,16.0,0.0172043010752688,1
1053.0,794.0,259.0,1449,1605.0,0.2459639126305793,156.0,0.1076604554865424,0
2077.0,1601.0,476.0,1885,1912.0,0.2291766971593644,27.0,0.0143236074270557,0
2041.0,801.0,1240.0,1020,1064.0,0.6075453209211171,44.0,0.0431372549019607,0
684.0,319.0,365.0,1230,1352.0,0.533625730994152,122.0,0.0991869918699187,0
1276.0,392.0,884.0,1157,1223.0,0.6927899686520376,66.0,0.0570440795159896,0
1262.0,652.0,610.0,1728,1690.0,0.4833597464342313,-38.0,-0.0219907407407407,1
1903.0,912.0,991.0,1417,1498.0,0.5207566999474514,81.0,0.0571630204657727,0
1288.0,669.0,619.0,1503,1397.0,0.4805900621118012,-106.0,-0.070525615435795,0
1006.0,0.0,1006.0,900,815.0,1.0,-85.0,-0.0944444444444444,1
1766.0,181.0,1585.0,1072,1078.0,0.8975084937712344,6.0,0.0055970149253731,0
999.0,76.0,923.0,747,781.0,0.923923923923924,34.0,0.0455153949129852,1
1262.0,563.0,699.0,1964,1943.0,0.5538827258320127,-21.0,-0.0106924643584521,0
1545.0,541.0,1004.0,2060,2017.0,0.6498381877022654,-43.0,-0.0208737864077669,0
1509.0,407.0,1102.0,1188,1165.0,0.730284956925116,-23.0,-0.0193602693602693,1
944.0,135.0,809.0,950,968.0,0.8569915254237288,18.0,0.0189473684210526,1
1083.0,336.0,747.0,958,942.0,0.6897506925207756,-16.0,-0.0167014613778705,1
739.0,294.0,445.0,1409,1300.0,0.6021650879566982,-109.0,-0.0773598296664301,0
884.0,201.0,683.0,1196,1196.0,0.7726244343891403,0.0,0.0,0
1164.0,1117.0,47.0,2483,2527.0,0.0403780068728522,44.0,0.017720499395892,0
948.0,897.0,51.0,1933,2188.0,0.0537974683544303,255.0,0.131919296430419,0
923.0,575.0,348.0,1340,1380.0,0.3770314192849404,40.0,0.0298507462686567,0
686.0,617.0,69.0,2360,2287.0,0.1005830903790087,-73.0,-0.0309322033898305,0
1927.0,1762.0,165.0,2981,2934.0,0.0856253243383497,-47.0,-0.0157665213015766,0
1674.0,1130.0,544.0,3841,3579.0,0.3249701314217443,-262.0,-0.0682114032803957,0
1341.0,771.0,570.0,1620,1467.0,0.4250559284116331,-153.0,-0.0944444444444444,1
921.0,735.0,186.0,2116,2143.0,0.2019543973941368,27.0,0.0127599243856332,0
1402.0,857.0,545.0,1821,2022.0,0.3887303851640513,201.0,0.1103789126853377,0
1419.0,1295.0,124.0,2596,2675.0,0.0873854827343199,79.0,0.0304314329738058,0
1133.0,1056.0,77.0,2148,2171.0,0.0679611650485436,23.0,0.0107076350093109,1
920.0,893.0,27.0,3466,3495.0,0.0293478260869565,29.0,0.0083669936526255,0
713.0,568.0,145.0,1343,1331.0,0.2033660589060308,-12.0,-0.0089352196574832,1
1311.0,891.0,420.0,2119,1918.0,0.3203661327231121,-201.0,-0.0948560641812175,0
81.0,0.0,81.0,1200,1588.0,1.0,388.0,0.3233333333333333,0
1563.0,367.0,1196.0,1423,1514.0,0.7651951375559821,91.0,0.0639494026704146,0
1207.0,454.0,753.0,1097,1064.0,0.623860811930406,-33.0,-0.0300820419325433,0
1014.0,219.0,795.0,1114,1125.0,0.7840236686390533,11.0,0.0098743267504488,1
829.0,409.0,420.0,1481,1642.0,0.5066344993968637,161.0,0.1087103308575287,1
1285.0,937.0,348.0,2164,2361.0,0.2708171206225681,197.0,0.0910351201478743,0
820.0,738.0,82.0,2186,2133.0,0.1,-53.0,-0.0242451967063129,0
787.0,17.0,770.0,1012,1039.0,0.9783989834815756,27.0,0.0266798418972332,0
887.0,148.0,739.0,958,1010.0,0.8331454340473506,52.0,0.0542797494780793,0
693.0,592.0,101.0,2105,2220.0,0.1457431457431457,115.0,0.0546318289786223,0
941.0,748.0,193.0,2068,1797.0,0.2051009564293305,-271.0,-0.1310444874274661,0
1407.0,990.0,417.0,1763,1751.0,0.2963752665245202,-12.0,-0.0068065796937039,0
874.0,646.0,228.0,1630,1613.0,0.2608695652173913,-17.0,-0.0104294478527607,1
933.0,671.0,262.0,1488,1693.0,0.2808145766345123,205.0,0.137768817204301,0
764.0,229.0,535.0,1247,1279.0,0.7002617801047121,32.0,0.0256615878107457,0
768.0,390.0,378.0,1566,1487.0,0.4921875,-79.0,-0.0504469987228607,0
854.0,43.0,811.0,1006,1016.0,0.949648711943794,10.0,0.0099403578528827,1
901.0,647.0,254.0,1117,1148.0,0.2819089900110987,31.0,0.02775290957923,0
1567.0,895.0,672.0,961,878.0,0.4288449266113593,-83.0,-0.0863683662851196,1
1154.0,353.0,801.0,1211,1287.0,0.6941074523396881,76.0,0.0627580511973575,0
802.0,728.0,74.0,2063,2108.0,0.0922693266832917,45.0,0.0218128938439166,0
1170.0,513.0,657.0,1476,1514.0,0.5615384615384615,38.0,0.0257452574525745,1
1349.0,1123.0,226.0,1735,1866.0,0.167531504818384,131.0,0.0755043227665706,0
1300.0,981.0,319.0,1457,1442.0,0.2453846153846154,-15.0,-0.0102951269732326,1
1317.0,1168.0,149.0,1848,1894.0,0.1131359149582384,46.0,0.0248917748917748,1
2342.0,1363.0,979.0,1613,1613.0,0.4180187873612297,0.0,0.0,0
1391.0,573.0,818.0,1375,1381.0,0.5880661394680087,6.0,0.0043636363636363,1
1057.0,85.0,972.0,971,994.0,0.9195837275307474,23.0,0.0236869207003089,1
1540.0,655.0,885.0,1144,1242.0,0.5746753246753247,98.0,0.0856643356643356,0
1139.0,279.0,860.0,1087,1101.0,0.7550482879719052,14.0,0.0128794848206071,0
1195.0,908.0,287.0,1849,1796.0,0.2401673640167364,-53.0,-0.028664142779881,0
1416.0,1049.0,367.0,1879,1915.0,0.259180790960452,36.0,0.0191591271953166,0
741.0,550.0,191.0,1500,1766.0,0.2577597840755735,266.0,0.1773333333333333,0
1191.0,684.0,507.0,1810,2021.0,0.4256926952141058,211.0,0.1165745856353591,0
1212.0,286.0,926.0,886,914.0,0.764026402640264,28.0,0.0316027088036117,1
1980.0,988.0,992.0,1544,1737.0,0.501010101010101,193.0,0.125,0
2306.0,87.0,2219.0,1110,1165.0,0.9622723330442324,55.0,0.0495495495495495,1
1439.0,34.0,1405.0,987,1007.0,0.9763724808895066,20.0,0.0202634245187436,1
1138.0,340.0,798.0,1021,1064.0,0.7012302284710018,43.0,0.0421155729676787,1
1892.0,692.0,1200.0,1167,1167.0,0.6342494714587738,0.0,0.0,1
1430.0,393.0,1037.0,996,1041.0,0.7251748251748251,45.0,0.0451807228915662,1
904.0,275.0,629.0,929,1061.0,0.6957964601769911,132.0,0.1420882669537136,1
1443.0,634.0,809.0,1180,1224.0,0.5606375606375607,44.0,0.0372881355932203,1
1276.0,370.0,906.0,1150,1232.0,0.7100313479623824,82.0,0.0713043478260869,0
1098.0,630.0,468.0,1256,1365.0,0.4262295081967213,109.0,0.0867834394904458,0
678.0,243.0,435.0,975,981.0,0.6415929203539823,6.0,0.0061538461538461,0
574.0,82.0,492.0,860,958.0,0.8571428571428571,98.0,0.113953488372093,0
741.0,200.0,541.0,983,978.0,0.7300944669365722,-5.0,-0.005086469989827,1
895.0,62.0,833.0,807,818.0,0.9307262569832402,11.0,0.01363073110285,1
697.0,9.0,688.0,693,832.0,0.9870875179340028,139.0,0.2005772005772005,0
2487.0,711.0,1776.0,1452,1635.0,0.7141133896260555,183.0,0.1260330578512396,1
2502.0,1007.0,1495.0,1522,1411.0,0.5975219824140687,-111.0,-0.0729303547963206,0
858.0,221.0,637.0,1092,1094.0,0.7424242424242424,2.0,0.0018315018315018,1
2363.0,1101.0,1262.0,1466,1502.0,0.5340668641557342,36.0,0.024556616643929,1
1968.0,448.0,1520.0,1287,1351.0,0.7723577235772358,64.0,0.0497280497280497,0
2039.0,1221.0,818.0,1376,1579.0,0.4011770475723394,203.0,0.1475290697674418,0
2445.0,1750.0,695.0,1898,1852.0,0.2842535787321063,-46.0,-0.024236037934668,0
1692.0,1136.0,556.0,1721,1620.0,0.3286052009456264,-101.0,-0.0586868099941894,0
2083.0,1181.0,902.0,1279,1430.0,0.4330292846855497,151.0,0.1180609851446442,0
1271.0,996.0,275.0,1764,1733.0,0.2163650668764752,-31.0,-0.0175736961451247,0
1169.0,1082.0,87.0,1859,2124.0,0.0744225834046193,265.0,0.1425497579343733,0
1859.0,1510.0,349.0,1405,1503.0,0.1877353415814954,98.0,0.0697508896797153,0
1509.0,1375.0,134.0,3034,2796.0,0.0888005301524188,-238.0,-0.078444297956493,0
2622.0,792.0,1830.0,2195,2236.0,0.6979405034324943,41.0,0.0186788154897494,1
5680.0,413.0,5267.0,1987,2051.0,0.9272887323943662,64.0,0.0322093608454957,1
1807.0,1312.0,495.0,1346,1446.0,0.27393469839513,100.0,0.0742942050520059,0
1153.0,624.0,529.0,1891,2030.0,0.4588031222896791,139.0,0.0735060814383923,1
2357.0,990.0,1367.0,2458,2550.0,0.5799745439117522,92.0,0.0374288039056143,0
1594.0,398.0,1196.0,1479,1590.0,0.7503136762860728,111.0,0.075050709939148,0
1588.0,416.0,1172.0,1410,1621.0,0.7380352644836272,211.0,0.1496453900709219,1
1266.0,449.0,817.0,1299,1337.0,0.6453396524486572,38.0,0.029253271747498,1
1096.0,202.0,894.0,1380,1494.0,0.8156934306569343,114.0,0.0826086956521739,1
1763.0,1190.0,573.0,1668,1774.0,0.3250141803743618,106.0,0.0635491606714628,0
1357.0,630.0,727.0,1459,1508.0,0.5357406042741342,49.0,0.0335846470185058,1
1943.0,298.0,1645.0,1091,1272.0,0.8466289243437982,181.0,0.1659028414298808,0
1430.0,841.0,589.0,2295,2550.0,0.4118881118881118,255.0,0.1111111111111111,1
1684.0,1150.0,534.0,2125,2126.0,0.3171021377672209,1.0,0.0004705882352941,1
1301.0,1178.0,123.0,3265,3370.0,0.0945426594926979,105.0,0.0321592649310872,0
2211.0,636.0,1575.0,1309,1371.0,0.7123473541383989,62.0,0.0473644003055767,1
1401.0,128.0,1273.0,957,1081.0,0.9086366880799428,124.0,0.1295715778474399,1
1636.0,103.0,1533.0,845,912.0,0.937041564792176,67.0,0.0792899408284023,1
1301.0,102.0,1199.0,810,897.0,0.921598770176787,87.0,0.1074074074074074,0
1082.0,111.0,971.0,967,998.0,0.8974121996303143,31.0,0.0320579110651499,1
1747.0,1194.0,553.0,2862,2779.0,0.3165426445334859,-83.0,-0.0290006988120195,1
1732.0,465.0,1267.0,1177,1240.0,0.7315242494226328,63.0,0.0535259133389974,0
1432.0,202.0,1230.0,1114,1158.0,0.8589385474860335,44.0,0.0394973070017953,1
850.0,155.0,695.0,933,980.0,0.8176470588235294,47.0,0.0503751339764201,1
817.0,298.0,519.0,880,989.0,0.6352509179926561,109.0,0.1238636363636363,1
2001.0,1421.0,580.0,1740,1774.0,0.2898550724637681,34.0,0.0195402298850574,0
1502.0,699.0,803.0,1490,1529.0,0.5346205059920106,39.0,0.0261744966442953,0
1202.0,650.0,552.0,1773,1720.0,0.4592346089850249,-53.0,-0.0298928369994359,1
1562.0,972.0,590.0,1428,1415.0,0.3777208706786171,-13.0,-0.0091036414565826,1
1349.0,276.0,1073.0,1341,1341.0,0.7954040029651593,0.0,0.0,0
1372.0,146.0,1226.0,1158,1241.0,0.8935860058309038,83.0,0.0716753022452504,1
1498.0,1430.0,68.0,2510,2592.0,0.0453938584779706,82.0,0.0326693227091633,0
1291.0,927.0,364.0,1919,2102.0,0.2819519752130132,183.0,0.0953621677957269,0
1455.0,1307.0,148.0,2194,2193.0,0.1017182130584192,-1.0,-0.0004557885141294,1
704.0,654.0,50.0,2815,2500.0,0.0710227272727272,-315.0,-0.1119005328596802,0
765.0,668.0,97.0,2769,2799.0,0.126797385620915,30.0,0.0108342361863488,0
2217.0,1917.0,300.0,1645,1760.0,0.13531799729364,115.0,0.0699088145896656,1
1074.0,500.0,574.0,1186,1171.0,0.5344506517690876,-15.0,-0.0126475548060708,1
1504.0,809.0,695.0,1356,1229.0,0.4621010638297872,-127.0,-0.0936578171091445,1
1107.0,374.0,733.0,1108,1071.0,0.6621499548328816,-37.0,-0.0333935018050541,1
1008.0,232.0,776.0,819,808.0,0.7698412698412699,-11.0,-0.0134310134310134,1
662.0,539.0,123.0,1448,1628.0,0.1858006042296072,180.0,0.1243093922651933,0
895.0,783.0,112.0,1817,1826.0,0.1251396648044692,9.0,0.0049532195927352,0
923.0,651.0,272.0,1737,1801.0,0.294691224268689,64.0,0.0368451352907311,0
1043.0,573.0,470.0,1387,1332.0,0.4506232023010546,-55.0,-0.0396539293439077,0
711.0,281.0,430.0,995,1167.0,0.6047819971870605,172.0,0.1728643216080402,0
962.0,301.0,661.0,1187,1156.0,0.6871101871101871,-31.0,-0.0261162594776748,0
958.0,528.0,430.0,1578,1730.0,0.4488517745302714,152.0,0.0963244613434727,0
851.0,716.0,135.0,1660,1567.0,0.1586368977673325,-93.0,-0.0560240963855421,0
1018.0,496.0,522.0,1178,1192.0,0.5127701375245579,14.0,0.0118845500848896,0
879.0,350.0,529.0,1139,1192.0,0.6018202502844141,53.0,0.0465320456540825,1
732.0,553.0,179.0,1393,1694.0,0.244535519125683,301.0,0.2160804020100502,1
1285.0,510.0,775.0,1154,1181.0,0.603112840466926,27.0,0.0233968804159445,0
1089.0,374.0,715.0,1294,1196.0,0.6565656565656566,-98.0,-0.0757341576506955,1
1024.0,176.0,848.0,1122,1166.0,0.828125,44.0,0.0392156862745098,1
1024.0,79.0,945.0,1037,1108.0,0.9228515625,71.0,0.0684667309546769,1
1285.0,525.0,760.0,2123,2319.0,0.5914396887159533,196.0,0.0923221855864342,0
668.0,425.0,243.0,1361,1265.0,0.3637724550898203,-96.0,-0.0705363703159441,0
796.0,435.0,361.0,1155,1249.0,0.4535175879396985,94.0,0.0813852813852813,0
1462.0,191.0,1271.0,841,873.0,0.8693570451436389,32.0,0.0380499405469678,1
1107.0,18.0,1089.0,897,986.0,0.983739837398374,89.0,0.0992196209587513,1
917.0,14.0,903.0,601,600.0,0.9847328244274808,-1.0,-0.0016638935108153,1
819.0,42.0,777.0,864,932.0,0.9487179487179488,68.0,0.0787037037037037,0
2662.0,243.0,2419.0,407,507.0,0.9087152516904584,100.0,0.2457002457002457,1
1880.0,180.0,1700.0,1324,1397.0,0.9042553191489362,73.0,0.0551359516616314,1
1381.0,255.0,1126.0,1486,1449.0,0.8153511947863866,-37.0,-0.0248990578734858,1
1651.0,0.0,1651.0,481,549.0,1.0,68.0,0.1413721413721413,0
534.0,21.0,513.0,789,879.0,0.9606741573033708,90.0,0.1140684410646387,1
1492.0,157.0,1335.0,722,770.0,0.8947721179624665,48.0,0.0664819944598338,1
1539.0,438.0,1101.0,1629,1569.0,0.7153996101364523,-60.0,-0.0368324125230202,1
1577.0,353.0,1224.0,1234,1295.0,0.7761572606214331,61.0,0.0494327390599675,0
1462.0,438.0,1024.0,1027,1082.0,0.7004103967168263,55.0,0.053554040895813,0
2972.0,560.0,2412.0,1729,1784.0,0.8115746971736204,55.0,0.0318102949681897,1
1182.0,662.0,520.0,1248,1316.0,0.4399323181049069,68.0,0.0544871794871794,0
1843.0,1241.0,602.0,1414,1476.0,0.3266413456321215,62.0,0.0438472418670438,0
1243.0,632.0,611.0,1108,1154.0,0.4915526950925181,46.0,0.0415162454873646,0
683.0,626.0,57.0,1758,1648.0,0.0834553440702781,-110.0,-0.0625711035267349,0
854.0,607.0,247.0,1853,2099.0,0.2892271662763466,246.0,0.1327576902320561,1
1533.0,68.0,1465.0,1587,1616.0,0.9556425309849969,29.0,0.0182734719596723,1
2291.0,412.0,1879.0,1452,1519.0,0.8201658664338717,67.0,0.0461432506887052,1
1516.0,358.0,1158.0,1411,1704.0,0.7638522427440633,293.0,0.2076541459957477,0
71.0,60.0,11.0,2081,2653.0,0.1549295774647887,572.0,0.2748678519942335,0
2194.0,1704.0,490.0,1902,1774.0,0.2233363719234275,-128.0,-0.067297581493165,1
1492.0,640.0,852.0,1925,2130.0,0.5710455764075067,205.0,0.1064935064935064,0
19.0,3.0,16.0,-666666666,1385.0,0.8421052631578947,666668051.0,-1.000002077500002,0
973.0,219.0,754.0,974,1061.0,0.774922918807811,87.0,0.0893223819301848,1
1536.0,148.0,1388.0,913,963.0,0.9036458333333334,50.0,0.0547645125958378,1
1722.0,62.0,1660.0,819,861.0,0.9639953542392566,42.0,0.0512820512820512,1
2306.0,894.0,1412.0,1547,1479.0,0.6123156981786644,-68.0,-0.0439560439560439,0
1744.0,313.0,1431.0,878,931.0,0.8205275229357798,53.0,0.0603644646924829,1
1413.0,338.0,1075.0,910,978.0,0.7607926397735315,68.0,0.0747252747252747,0
1159.0,737.0,422.0,1321,1360.0,0.364106988783434,39.0,0.0295230885692657,0
943.0,247.0,696.0,953,1006.0,0.7380699893955461,53.0,0.055613850996852,1
1391.0,880.0,511.0,958,1022.0,0.3673616103522645,64.0,0.0668058455114822,0
721.0,266.0,455.0,1010,1065.0,0.6310679611650486,55.0,0.0544554455445544,1
1162.0,835.0,327.0,1292,1330.0,0.2814113597246127,38.0,0.0294117647058823,0
687.0,386.0,301.0,1248,1399.0,0.438136826783115,151.0,0.1209935897435897,0
1712.0,1375.0,337.0,2958,3050.0,0.1968457943925233,92.0,0.0311020960108181,0
1634.0,997.0,637.0,1614,1626.0,0.3898408812729498,12.0,0.0074349442379182,0
980.0,805.0,175.0,947,1001.0,0.1785714285714285,54.0,0.0570221752903907,1
1242.0,591.0,651.0,1179,1339.0,0.5241545893719807,160.0,0.1357082273112807,0
520.0,493.0,27.0,2964,3237.0,0.0519230769230769,273.0,0.0921052631578947,0
1100.0,650.0,450.0,1232,1435.0,0.4090909090909091,203.0,0.1647727272727272,1
1039.0,355.0,684.0,1104,1152.0,0.65832531280077,48.0,0.0434782608695652,1
1787.0,751.0,1036.0,1601,1778.0,0.5797425853385563,177.0,0.1105559025608994,0
1070.0,17.0,1053.0,1062,1127.0,0.9841121495327104,65.0,0.0612052730696798,1
1557.0,347.0,1210.0,1013,1077.0,0.7771355170199101,64.0,0.0631786771964462,1
1483.0,1200.0,283.0,2100,2200.0,0.1908293998651382,100.0,0.0476190476190476,0
1625.0,1520.0,105.0,2457,2573.0,0.0646153846153846,116.0,0.0472120472120472,1
1351.0,1250.0,101.0,3746,4001.0,0.0747594374537379,255.0,0.0680726107848371,0
2951.0,776.0,2175.0,1730,1794.0,0.7370382921043714,64.0,0.0369942196531791,0
2038.0,835.0,1203.0,1689,1852.0,0.5902845927379784,163.0,0.0965068087625814,0
2372.0,1364.0,1008.0,1842,1888.0,0.4249578414839797,46.0,0.0249728555917481,1
1520.0,435.0,1085.0,947,995.0,0.7138157894736842,48.0,0.0506863780359028,1
1170.0,771.0,399.0,1756,1562.0,0.341025641025641,-194.0,-0.1104783599088838,0
760.0,657.0,103.0,1252,1313.0,0.1355263157894737,61.0,0.0487220447284345,1
1090.0,929.0,161.0,1739,1783.0,0.1477064220183486,44.0,0.0253018976423231,1
1341.0,941.0,400.0,1767,1679.0,0.2982848620432513,-88.0,-0.0498019241652518,1
176.0,3.0,173.0,1611,1689.0,0.9829545454545454,78.0,0.0484171322160148,1
1364.0,234.0,1130.0,1011,990.0,0.8284457478005866,-21.0,-0.0207715133531157,1
1693.0,136.0,1557.0,984,959.0,0.919669226225635,-25.0,-0.0254065040650406,1
1738.0,87.0,1651.0,758,781.0,0.9499424626006904,23.0,0.0303430079155672,0
1143.0,335.0,808.0,1468,1535.0,0.7069116360454943,67.0,0.0456403269754768,1
872.0,695.0,177.0,2125,2376.0,0.2029816513761468,251.0,0.1181176470588235,0
1543.0,770.0,773.0,1781,1836.0,0.5009721322099806,55.0,0.0308815272318921,0
1705.0,1083.0,622.0,1641,1717.0,0.3648093841642228,76.0,0.0463132236441194,0
1730.0,1469.0,261.0,2539,2364.0,0.1508670520231214,-175.0,-0.0689247735328869,1
1241.0,451.0,790.0,1225,1338.0,0.636583400483481,113.0,0.0922448979591836,0
904.0,832.0,72.0,2955,1904.0,0.079646017699115,-1051.0,-0.355668358714044,1
1786.0,1446.0,340.0,2399,2426.0,0.1903695408734602,27.0,0.0112546894539391,0
2396.0,1841.0,555.0,1969,2016.0,0.2316360601001669,47.0,0.0238699847638395,0
3830.0,1434.0,2396.0,1413,1464.0,0.6255874673629243,51.0,0.0360934182590233,0
2671.0,560.0,2111.0,1382,1433.0,0.7903406963684013,51.0,0.036903039073806,1
1831.0,388.0,1443.0,1491,1549.0,0.7880939377389404,58.0,0.0389000670690811,0
2275.0,620.0,1655.0,1551,1590.0,0.7274725274725274,39.0,0.0251450676982591,1
1268.0,1076.0,192.0,2317,2411.0,0.1514195583596214,94.0,0.0405697022011221,0
2029.0,676.0,1353.0,1432,1479.0,0.6668309512074914,47.0,0.0328212290502793,1
3109.0,1740.0,1369.0,1761,1804.0,0.4403345127050498,43.0,0.0244179443498012,1
1544.0,943.0,601.0,1670,1570.0,0.3892487046632124,-100.0,-0.059880239520958,0
1641.0,1144.0,497.0,631,654.0,0.3028641072516758,23.0,0.0364500792393026,0
1657.0,382.0,1275.0,978,1006.0,0.7694628847314424,28.0,0.0286298568507157,0
1100.0,763.0,337.0,1457,1550.0,0.3063636363636363,93.0,0.0638297872340425,0
1232.0,138.0,1094.0,911,942.0,0.887987012987013,31.0,0.0340285400658616,1
1626.0,588.0,1038.0,2491,2637.0,0.6383763837638377,146.0,0.0586109995985548,0
2306.0,539.0,1767.0,1169,1309.0,0.7662619254119688,140.0,0.1197604790419161,1
1941.0,514.0,1427.0,1189,1211.0,0.7351880473982483,22.0,0.0185029436501261,0
1553.0,565.0,988.0,1075,1179.0,0.6361880231809401,104.0,0.0967441860465116,1
1313.0,494.0,819.0,995,1141.0,0.6237623762376238,146.0,0.1467336683417085,1
1964.0,747.0,1217.0,990,1042.0,0.619653767820774,52.0,0.0525252525252525,1
710.0,0.0,710.0,1134,1286.0,1.0,152.0,0.1340388007054673,1
997.0,194.0,803.0,949,1019.0,0.8054162487462387,70.0,0.0737618545837724,0
2121.0,1846.0,275.0,2665,2647.0,0.1296558227251296,-18.0,-0.0067542213883677,0
2598.0,282.0,2316.0,1423,1425.0,0.8914549653579676,2.0,0.0014054813773717,1
2301.0,249.0,2052.0,1251,1279.0,0.8917861799217731,28.0,0.0223820943245403,0
2483.0,831.0,1652.0,1197,1252.0,0.6653242045912203,55.0,0.0459482038429406,1
1303.0,794.0,509.0,1787,1828.0,0.3906369915579432,41.0,0.0229434806939003,1
1006.0,296.0,710.0,1000,1041.0,0.705765407554672,41.0,0.041,1
1565.0,627.0,938.0,1665,1683.0,0.5993610223642173,18.0,0.0108108108108108,1
1438.0,597.0,841.0,2088,2149.0,0.5848400556328234,61.0,0.0292145593869731,0
742.0,372.0,370.0,899,986.0,0.4986522911051212,87.0,0.0967741935483871,1
1360.0,101.0,1259.0,868,943.0,0.9257352941176472,75.0,0.086405529953917,1
1157.0,479.0,678.0,1029,1082.0,0.5859982713915298,53.0,0.0515063168124392,1
805.0,149.0,656.0,721,805.0,0.8149068322981367,84.0,0.116504854368932,1
2078.0,1767.0,311.0,1442,1522.0,0.1496631376323388,80.0,0.0554785020804438,0
1435.0,803.0,632.0,1215,1325.0,0.4404181184668989,110.0,0.0905349794238683,0
1837.0,499.0,1338.0,1493,1552.0,0.7283614589003811,59.0,0.0395177494976557,1
2002.0,372.0,1630.0,1089,1122.0,0.8141858141858141,33.0,0.0303030303030303,0
2495.0,453.0,2042.0,835,927.0,0.818436873747495,92.0,0.1101796407185628,0
1148.0,182.0,966.0,980,977.0,0.8414634146341463,-3.0,-0.0030612244897959,1
2106.0,502.0,1604.0,947,997.0,0.761633428300095,50.0,0.0527983104540654,1
1487.0,787.0,700.0,1279,1280.0,0.4707464694014794,1.0,0.0007818608287724,0
727.0,29.0,698.0,972,1005.0,0.9601100412654744,33.0,0.0339506172839506,1
1039.0,404.0,635.0,1056,1105.0,0.6111645813282002,49.0,0.0464015151515151,0
795.0,86.0,709.0,1031,1178.0,0.8918238993710692,147.0,0.1425800193986421,0
834.0,310.0,524.0,837,985.0,0.6282973621103117,148.0,0.1768219832735962,1
1161.0,96.0,1065.0,1001,991.0,0.917312661498708,-10.0,-0.0099900099900099,0
1236.0,975.0,261.0,1671,1627.0,0.2111650485436893,-44.0,-0.0263315380011968,0
866.0,669.0,197.0,1403,1415.0,0.2274826789838337,12.0,0.0085531004989308,0
1762.0,1144.0,618.0,1648,1590.0,0.3507377979568672,-58.0,-0.0351941747572815,0
1564.0,1179.0,385.0,2061,2066.0,0.2461636828644501,5.0,0.002426006792819,0
1723.0,535.0,1188.0,1164,1209.0,0.689495066744051,45.0,0.0386597938144329,1
1726.0,322.0,1404.0,1262,1515.0,0.813441483198146,253.0,0.2004754358161648,0
1760.0,671.0,1089.0,1189,1251.0,0.61875,62.0,0.0521446593776282,0
1510.0,804.0,706.0,1586,1569.0,0.4675496688741722,-17.0,-0.0107187894073139,1
1842.0,784.0,1058.0,1349,1322.0,0.5743756786102063,-27.0,-0.0200148257968865,0
3258.0,982.0,2276.0,1363,1417.0,0.6985880908532842,54.0,0.0396184886280264,1
1544.0,462.0,1082.0,1075,1147.0,0.7007772020725389,72.0,0.0669767441860465,1
749.0,313.0,436.0,1147,1153.0,0.582109479305741,6.0,0.005231037489102,0
1581.0,459.0,1122.0,1162,1251.0,0.7096774193548387,89.0,0.076592082616179,0
955.0,190.0,765.0,995,1068.0,0.8010471204188482,73.0,0.0733668341708542,1
1403.0,1013.0,390.0,1479,1460.0,0.277975766215253,-19.0,-0.0128465179175118,0
1186.0,959.0,227.0,1658,1745.0,0.1913996627318718,87.0,0.0524728588661037,1
1215.0,1145.0,70.0,2134,2185.0,0.0576131687242798,51.0,0.0238987816307403,0
1583.0,1070.0,513.0,1572,1472.0,0.3240682248894504,-100.0,-0.0636132315521628,0
1628.0,1230.0,398.0,1662,1640.0,0.2444717444717444,-22.0,-0.01323706377858,1
1302.0,1147.0,155.0,2333,2397.0,0.119047619047619,64.0,0.0274324903557651,0
2155.0,2119.0,36.0,2639,2670.0,0.0167053364269141,31.0,0.0117468738158393,0
1174.0,718.0,456.0,1404,1487.0,0.3884156729131175,83.0,0.0591168091168091,0
1865.0,786.0,1079.0,1371,1348.0,0.5785522788203753,-23.0,-0.0167760758570386,0
1091.0,828.0,263.0,2036,2265.0,0.2410632447296058,229.0,0.112475442043222,0
2077.0,1679.0,398.0,1162,1102.0,0.1916225324987963,-60.0,-0.0516351118760757,0
1112.0,884.0,228.0,1560,1586.0,0.2050359712230215,26.0,0.0166666666666666,0
1147.0,377.0,770.0,1009,1108.0,0.6713164777680907,99.0,0.0981169474727453,0
654.0,196.0,458.0,918,950.0,0.7003058103975535,32.0,0.0348583877995642,0
1171.0,334.0,837.0,949,990.0,0.7147736976942783,41.0,0.0432033719704952,0
1065.0,457.0,608.0,1125,996.0,0.5708920187793427,-129.0,-0.1146666666666666,0
974.0,193.0,781.0,754,789.0,0.8018480492813141,35.0,0.046419098143236,1
1302.0,486.0,816.0,1125,1169.0,0.6267281105990783,44.0,0.0391111111111111,0
2571.0,1795.0,776.0,2366,2510.0,0.3018280824581875,144.0,0.0608622147083685,0
1911.0,1003.0,908.0,1795,1873.0,0.4751439037153322,78.0,0.0434540389972144,0
1517.0,1094.0,423.0,1692,1459.0,0.2788398154251812,-233.0,-0.1377068557919621,0
1022.0,543.0,479.0,1382,1440.0,0.4686888454011741,58.0,0.0419681620839363,0
1463.0,1076.0,387.0,1238,1360.0,0.264524948735475,122.0,0.098546042003231,0
957.0,561.0,396.0,1416,1413.0,0.4137931034482758,-3.0,-0.0021186440677966,1
1694.0,1038.0,656.0,1436,1455.0,0.3872491145218418,19.0,0.0132311977715877,0
1217.0,741.0,476.0,1237,1415.0,0.391125718981101,178.0,0.1438965238480194,0
853.0,681.0,172.0,1663,1658.0,0.2016412661195779,-5.0,-0.0030066145520144,0
1022.0,631.0,391.0,1588,1682.0,0.3825831702544031,94.0,0.0591939546599496,0
860.0,532.0,328.0,1375,1485.0,0.3813953488372093,110.0,0.08,0
1209.0,408.0,801.0,1139,1115.0,0.6625310173697271,-24.0,-0.0210711150131694,0
1718.0,529.0,1189.0,1061,1080.0,0.6920838183934808,19.0,0.0179076343072573,1
795.0,164.0,631.0,877,860.0,0.7937106918238994,-17.0,-0.0193842645381984,0
1787.0,1543.0,244.0,2591,2637.0,0.1365416899832121,46.0,0.0177537630258587,0
1931.0,1801.0,130.0,3853,3854.0,0.0673226307612635,1.0,0.0002595380223202,0
1128.0,885.0,243.0,2084,2186.0,0.2154255319148936,102.0,0.0489443378119001,0
1773.0,948.0,825.0,1519,1498.0,0.4653130287648054,-21.0,-0.0138248847926267,0
1265.0,1042.0,223.0,1888,2067.0,0.1762845849802371,179.0,0.0948093220338983,1
2299.0,682.0,1617.0,990,1048.0,0.7033492822966507,58.0,0.0585858585858585,1
1133.0,819.0,314.0,1815,1749.0,0.2771403353927625,-66.0,-0.0363636363636363,0
1491.0,959.0,532.0,1553,1526.0,0.3568075117370892,-27.0,-0.0173857050869285,1
1920.0,693.0,1227.0,1354,1481.0,0.6390625,127.0,0.0937961595273264,0
1223.0,885.0,338.0,1581,1786.0,0.276369582992641,205.0,0.1296647691334598,0
1137.0,501.0,636.0,1398,1242.0,0.5593667546174143,-156.0,-0.111587982832618,1
1504.0,1110.0,394.0,1246,1501.0,0.261968085106383,255.0,0.2046548956661316,0
1362.0,1142.0,220.0,1643,1571.0,0.1615271659324522,-72.0,-0.0438222763237979,1
833.0,404.0,429.0,1165,1190.0,0.5150060024009604,25.0,0.0214592274678111,0
2272.0,1345.0,927.0,1610,1616.0,0.4080105633802817,6.0,0.0037267080745341,0
1266.0,886.0,380.0,1575,1441.0,0.3001579778830964,-134.0,-0.085079365079365,0
1855.0,1406.0,449.0,1900,2123.0,0.2420485175202156,223.0,0.1173684210526315,0
1125.0,639.0,486.0,1545,1594.0,0.432,49.0,0.031715210355987,1
2069.0,1091.0,978.0,1320,1449.0,0.47269212179797,129.0,0.0977272727272727,1
1801.0,753.0,1048.0,1404,1412.0,0.5818989450305386,8.0,0.0056980056980056,0
1998.0,751.0,1247.0,1211,1210.0,0.6241241241241241,-1.0,-0.0008257638315441,1
694.0,517.0,177.0,1673,1615.0,0.255043227665706,-58.0,-0.0346682606096832,0
867.0,421.0,446.0,1284,1332.0,0.5144175317185697,48.0,0.0373831775700934,1
1343.0,417.0,926.0,1058,1115.0,0.6895011169024572,57.0,0.053875236294896,1
1249.0,794.0,455.0,1426,1435.0,0.3642914331465172,9.0,0.0063113604488078,1
1662.0,1227.0,435.0,1698,1625.0,0.2617328519855595,-73.0,-0.0429917550058892,1
330.0,283.0,47.0,4001,3558.0,0.1424242424242424,-443.0,-0.1107223194201449,0
1121.0,260.0,861.0,969,1154.0,0.768064228367529,185.0,0.1909184726522187,1
1319.0,217.0,1102.0,945,990.0,0.8354814253222138,45.0,0.0476190476190476,1
1726.0,888.0,838.0,1376,1477.0,0.4855156431054461,101.0,0.0734011627906976,0
1060.0,364.0,696.0,1099,1023.0,0.6566037735849056,-76.0,-0.0691537761601455,1
1063.0,404.0,659.0,1098,1064.0,0.6199435559736595,-34.0,-0.0309653916211293,1
1100.0,609.0,491.0,1319,1343.0,0.4463636363636363,24.0,0.0181956027293404,0
867.0,488.0,379.0,1356,1394.0,0.4371395617070358,38.0,0.0280235988200589,1
1177.0,682.0,495.0,1603,1635.0,0.4205607476635514,32.0,0.0199625701809107,0
1752.0,675.0,1077.0,1347,1357.0,0.6147260273972602,10.0,0.0074239049740163,0
1318.0,436.0,882.0,1015,1058.0,0.669195751138088,43.0,0.0423645320197044,0
2317.0,1188.0,1129.0,1356,1443.0,0.4872680189900734,87.0,0.0641592920353982,1
1599.0,586.0,1013.0,1156,1186.0,0.6335209505941213,30.0,0.0259515570934256,0
1439.0,850.0,589.0,1158,1162.0,0.409312022237665,4.0,0.003454231433506,1
1580.0,831.0,749.0,1873,1489.0,0.4740506329113924,-384.0,-0.2050186865990389,1
1525.0,520.0,1005.0,1599,1606.0,0.659016393442623,7.0,0.0043777360850531,0
786.0,185.0,601.0,2144,1944.0,0.7646310432569975,-200.0,-0.0932835820895522,1
1762.0,755.0,1007.0,1033,1130.0,0.5715096481271282,97.0,0.0939012584704743,0
2061.0,1226.0,835.0,1342,1410.0,0.4051431344007763,68.0,0.0506706408345752,0
2288.0,412.0,1876.0,1064,1076.0,0.8199300699300699,12.0,0.0112781954887218,0
1833.0,992.0,841.0,1176,1302.0,0.458810692853246,126.0,0.1071428571428571,0
786.0,132.0,654.0,881,1017.0,0.8320610687022901,136.0,0.1543700340522134,0
966.0,237.0,729.0,843,930.0,0.7546583850931677,87.0,0.1032028469750889,1
924.0,397.0,527.0,1055,1186.0,0.5703463203463204,131.0,0.124170616113744,0
1355.0,283.0,1072.0,858,902.0,0.7911439114391144,44.0,0.0512820512820512,1
765.0,202.0,563.0,772,930.0,0.7359477124183007,158.0,0.2046632124352331,1
907.0,100.0,807.0,851,915.0,0.8897464167585446,64.0,0.0752056404230317,0
991.0,360.0,631.0,979,1107.0,0.6367305751765893,128.0,0.1307456588355464,0
584.0,237.0,347.0,1320,1368.0,0.5941780821917808,48.0,0.0363636363636363,0
1853.0,12.0,1841.0,288,294.0,0.9935240151106314,6.0,0.0208333333333333,0
724.0,640.0,84.0,1288,1290.0,0.1160220994475138,2.0,0.0015527950310559,0
202.0,137.0,65.0,1084,1069.0,0.3217821782178218,-15.0,-0.0138376383763837,1
598.0,588.0,10.0,2200,2089.0,0.0167224080267558,-111.0,-0.0504545454545454,0
909.0,352.0,557.0,1949,1972.0,0.6127612761276128,23.0,0.0118009235505387,1
505.0,251.0,254.0,2418,2361.0,0.502970297029703,-57.0,-0.0235732009925558,0
1104.0,786.0,318.0,1867,1710.0,0.2880434782608695,-157.0,-0.0840921264059989,0
1877.0,1212.0,665.0,1515,1478.0,0.3542887586574321,-37.0,-0.0244224422442244,0
2470.0,2033.0,437.0,1890,1975.0,0.1769230769230769,85.0,0.0449735449735449,0
1648.0,1423.0,225.0,2675,2551.0,0.1365291262135922,-124.0,-0.0463551401869158,0
796.0,729.0,67.0,2682,2790.0,0.0841708542713567,108.0,0.0402684563758389,0
1136.0,829.0,307.0,2100,2129.0,0.2702464788732394,29.0,0.0138095238095238,0
1868.0,966.0,902.0,1225,1421.0,0.4828693790149893,196.0,0.16,1
2342.0,1674.0,668.0,2031,2116.0,0.2852263023057216,85.0,0.0418513047759724,0
177.0,146.0,31.0,1289,2025.0,0.1751412429378531,736.0,0.5709852598913887,0
1526.0,693.0,833.0,1222,1198.0,0.5458715596330275,-24.0,-0.0196399345335515,1
1462.0,759.0,703.0,1374,1258.0,0.4808481532147742,-116.0,-0.0844250363901018,0
1256.0,449.0,807.0,1031,985.0,0.642515923566879,-46.0,-0.0446168768186227,1
1206.0,740.0,466.0,1279,1333.0,0.3864013266998342,54.0,0.0422204847537138,1
937.0,548.0,389.0,1551,1502.0,0.4151547491995731,-49.0,-0.031592520954223,1
2504.0,1513.0,991.0,1236,1239.0,0.3957667731629393,3.0,0.0024271844660194,0
2079.0,918.0,1161.0,1434,1415.0,0.5584415584415584,-19.0,-0.0132496513249651,1
1162.0,506.0,656.0,1433,1433.0,0.5645438898450946,0.0,0.0,0
1093.0,618.0,475.0,1152,1140.0,0.434583714547118,-12.0,-0.0104166666666666,1
1566.0,390.0,1176.0,1100,1108.0,0.7509578544061303,8.0,0.0072727272727272,1
824.0,579.0,245.0,1676,1786.0,0.2973300970873786,110.0,0.0656324582338902,0
1270.0,440.0,830.0,1099,1140.0,0.6535433070866141,41.0,0.0373066424021838,1
880.0,273.0,607.0,974,1079.0,0.6897727272727273,105.0,0.1078028747433264,0
1284.0,522.0,762.0,1238,1354.0,0.5934579439252337,116.0,0.0936995153473344,0
965.0,503.0,462.0,995,1099.0,0.4787564766839378,104.0,0.1045226130653266,0
2245.0,1761.0,484.0,1215,1520.0,0.2155902004454343,305.0,0.2510288065843621,0
1207.0,993.0,214.0,1229,1346.0,0.1772990886495443,117.0,0.0951993490642799,1
1887.0,493.0,1394.0,1203,1240.0,0.7387387387387387,37.0,0.0307564422277639,0
851.0,538.0,313.0,1153,1325.0,0.3678025851938895,172.0,0.1491760624457936,1
1347.0,964.0,383.0,1431,1418.0,0.2843355605048255,-13.0,-0.0090845562543675,0
1628.0,607.0,1021.0,1214,1247.0,0.6271498771498771,33.0,0.0271828665568369,1
1270.0,504.0,766.0,1035,1033.0,0.6031496062992125,-2.0,-0.0019323671497584,1
1500.0,998.0,502.0,1388,1441.0,0.3346666666666666,53.0,0.0381844380403458,0
1253.0,408.0,845.0,1154,1182.0,0.6743814844373504,28.0,0.024263431542461,0
1430.0,290.0,1140.0,1158,1163.0,0.7972027972027972,5.0,0.0043177892918825,0
1926.0,1411.0,515.0,1426,1438.0,0.2673935617860851,12.0,0.0084151472650771,1
2702.0,839.0,1863.0,1309,1356.0,0.6894892672094745,47.0,0.0359052711993888,0
1272.0,715.0,557.0,1236,1314.0,0.4378930817610063,78.0,0.0631067961165048,0
1144.0,712.0,432.0,1250,1398.0,0.3776223776223776,148.0,0.1184,1
1491.0,299.0,1192.0,1024,1007.0,0.7994634473507712,-17.0,-0.0166015625,0
1177.0,619.0,558.0,1259,1232.0,0.4740866610025488,-27.0,-0.0214455917394757,0
1662.0,764.0,898.0,1080,1129.0,0.5403128760529483,49.0,0.0453703703703703,0
1116.0,530.0,586.0,1352,1442.0,0.525089605734767,90.0,0.0665680473372781,0
612.0,597.0,15.0,4001,4001.0,0.0245098039215686,0.0,0.0,0
1854.0,494.0,1360.0,1890,1873.0,0.7335490830636462,-17.0,-0.0089947089947089,0
3027.0,1469.0,1558.0,1414,1635.0,0.5147010241162867,221.0,0.1562942008486563,0
2959.0,2087.0,872.0,2280,2107.0,0.2946941534302129,-173.0,-0.0758771929824561,1
2128.0,1864.0,264.0,4001,4001.0,0.1240601503759398,0.0,0.0,0
1174.0,935.0,239.0,991,796.0,0.2035775127768313,-195.0,-0.1967709384460141,1
435.0,376.0,59.0,2081,1898.0,0.135632183908046,-183.0,-0.0879384911100432,1
1339.0,438.0,901.0,997,1050.0,0.672890216579537,53.0,0.0531594784353059,1
1772.0,1443.0,329.0,2071,2181.0,0.1856659142212189,110.0,0.0531144374698213,0
2280.0,2016.0,264.0,1873,2069.0,0.1157894736842105,196.0,0.1046449546182594,0
521.0,268.0,253.0,1033,1042.0,0.4856046065259117,9.0,0.0087124878993223,0
439.0,135.0,304.0,981,1020.0,0.6924829157175398,39.0,0.0397553516819571,0
987.0,192.0,795.0,982,956.0,0.8054711246200608,-26.0,-0.0264765784114052,0
978.0,390.0,588.0,988,1026.0,0.6012269938650306,38.0,0.0384615384615384,1
1473.0,267.0,1206.0,980,1082.0,0.8187372708757638,102.0,0.1040816326530612,1
1130.0,259.0,871.0,890,948.0,0.7707964601769911,58.0,0.0651685393258427,0
1433.0,551.0,882.0,987,1005.0,0.6154919748778785,18.0,0.0182370820668693,1
857.0,434.0,423.0,1064,1009.0,0.4935822637106184,-55.0,-0.0516917293233082,1
1390.0,434.0,956.0,927,984.0,0.6877697841726619,57.0,0.0614886731391585,1
1030.0,574.0,456.0,1140,1099.0,0.4427184466019417,-41.0,-0.0359649122807017,0
756.0,159.0,597.0,949,928.0,0.7896825396825397,-21.0,-0.0221285563751317,1
1233.0,127.0,1106.0,787,862.0,0.8969991889699919,75.0,0.0952986022871664,1
651.0,90.0,561.0,856,937.0,0.8617511520737328,81.0,0.094626168224299,1
787.0,187.0,600.0,1073,1068.0,0.7623888182973316,-5.0,-0.0046598322460391,0
808.0,195.0,613.0,1118,1152.0,0.7586633663366337,34.0,0.0304114490161001,0
875.0,376.0,499.0,1632,1546.0,0.5702857142857143,-86.0,-0.0526960784313725,0
1491.0,610.0,881.0,1143,1160.0,0.590878604963112,17.0,0.0148731408573928,0
1299.0,1088.0,211.0,3526,4001.0,0.1624326404926867,475.0,0.1347135564378899,0
2303.0,661.0,1642.0,2095,2077.0,0.7129830655666521,-18.0,-0.0085918854415274,1
1856.0,1346.0,510.0,2873,2861.0,0.2747844827586206,-12.0,-0.0041768186564566,1
1308.0,950.0,358.0,1839,2014.0,0.2737003058103975,175.0,0.0951604132680804,0
911.0,115.0,796.0,957,962.0,0.8737650933040615,5.0,0.0052246603970741,1
2030.0,685.0,1345.0,1239,1337.0,0.6625615763546798,98.0,0.0790960451977401,1
1176.0,483.0,693.0,1407,1520.0,0.5892857142857143,113.0,0.0803127221037668,0
1748.0,970.0,778.0,1234,1215.0,0.4450800915331808,-19.0,-0.0153970826580226,0
762.0,55.0,707.0,393,406.0,0.9278215223097112,13.0,0.0330788804071246,0
1417.0,517.0,900.0,1048,1002.0,0.6351446718419196,-46.0,-0.0438931297709923,1
802.0,228.0,574.0,1093,1120.0,0.71571072319202,27.0,0.0247026532479414,0
1146.0,94.0,1052.0,956,925.0,0.9179755671902268,-31.0,-0.0324267782426778,1
1422.0,306.0,1116.0,797,865.0,0.7848101265822784,68.0,0.0853199498117942,1
1327.0,200.0,1127.0,849,836.0,0.8492840994724944,-13.0,-0.0153121319199057,1
1390.0,995.0,395.0,1890,1722.0,0.2841726618705036,-168.0,-0.0888888888888888,0
1685.0,692.0,993.0,936,971.0,0.5893175074183976,35.0,0.0373931623931623,0
970.0,238.0,732.0,829,882.0,0.7546391752577319,53.0,0.0639324487334137,1
1016.0,193.0,823.0,1020,1051.0,0.8100393700787402,31.0,0.030392156862745,0
1096.0,273.0,823.0,851,943.0,0.7509124087591241,92.0,0.1081081081081081,1
2727.0,1590.0,1137.0,1678,1699.0,0.4169416941694169,21.0,0.0125148986889153,1
3414.0,585.0,2829.0,1299,1373.0,0.828646748681898,74.0,0.0569668976135488,0
2455.0,1392.0,1063.0,1469,1688.0,0.4329938900203666,219.0,0.1490810074880871,0
1610.0,822.0,788.0,1306,1291.0,0.4894409937888199,-15.0,-0.0114854517611026,1
1238.0,825.0,413.0,1413,1624.0,0.3336025848142164,211.0,0.1493276716206652,0
688.0,580.0,108.0,2166,2006.0,0.1569767441860465,-160.0,-0.0738688827331486,0
1900.0,1655.0,245.0,1950,1938.0,0.1289473684210526,-12.0,-0.0061538461538461,1
1210.0,847.0,363.0,1663,1530.0,0.3,-133.0,-0.0799759470835838,1
1528.0,465.0,1063.0,1177,1176.0,0.6956806282722513,-1.0,-0.0008496176720475,0
1026.0,683.0,343.0,1681,1715.0,0.334307992202729,34.0,0.0202260559190957,0
1135.0,906.0,229.0,1852,1837.0,0.2017621145374449,-15.0,-0.0080993520518358,1
899.0,716.0,183.0,1859,1745.0,0.203559510567297,-114.0,-0.0613232920925228,1
1061.0,617.0,444.0,1866,1681.0,0.4184731385485391,-185.0,-0.0991425509110396,1
788.0,621.0,167.0,2519,2678.0,0.2119289340101522,159.0,0.0631202858277094,0
1481.0,694.0,787.0,1405,1437.0,0.5313977042538826,32.0,0.0227758007117437,0
1251.0,525.0,726.0,1142,1177.0,0.580335731414868,35.0,0.0306479859894921,1
1482.0,683.0,799.0,1324,1408.0,0.5391363022941971,84.0,0.0634441087613293,0
945.0,360.0,585.0,1190,1241.0,0.6190476190476191,51.0,0.0428571428571428,0
1302.0,723.0,579.0,1386,1389.0,0.4447004608294931,3.0,0.0021645021645021,0
1158.0,537.0,621.0,1048,1056.0,0.5362694300518135,8.0,0.0076335877862595,1
1588.0,922.0,666.0,1157,1244.0,0.4193954659949622,87.0,0.0751944684528954,0
1940.0,1156.0,784.0,1309,1347.0,0.4041237113402062,38.0,0.029029793735676,1
2224.0,420.0,1804.0,1180,1199.0,0.8111510791366906,19.0,0.0161016949152542,0
881.0,774.0,107.0,1962,1873.0,0.1214528944381384,-89.0,-0.045361875637105,0
1239.0,1045.0,194.0,2272,2327.0,0.1565778853914447,55.0,0.0242077464788732,0
1481.0,1194.0,287.0,1967,1980.0,0.1937879810938555,13.0,0.0066090493136756,0
1457.0,723.0,734.0,1427,1352.0,0.5037748798901853,-75.0,-0.0525578135949544,0
1067.0,991.0,76.0,2557,2382.0,0.0712277413308341,-175.0,-0.0684395776300351,0
1072.0,989.0,83.0,3652,3609.0,0.0774253731343283,-43.0,-0.0117743702081051,0
1027.0,273.0,754.0,1066,1148.0,0.7341772151898734,82.0,0.0769230769230769,0
1209.0,534.0,675.0,1199,1248.0,0.5583126550868487,49.0,0.0408673894912427,0
1762.0,722.0,1040.0,1076,1154.0,0.5902383654937571,78.0,0.0724907063197026,1
1251.0,259.0,992.0,1092,1117.0,0.7929656274980016,25.0,0.0228937728937728,0
1008.0,939.0,69.0,843,868.0,0.0684523809523809,25.0,0.029655990510083,1
1126.0,724.0,402.0,1223,1311.0,0.3570159857904085,88.0,0.0719542109566639,0
1235.0,823.0,412.0,1365,1300.0,0.3336032388663967,-65.0,-0.0476190476190476,1
1524.0,1340.0,184.0,2164,2064.0,0.1207349081364829,-100.0,-0.0462107208872458,0
1434.0,751.0,683.0,1141,1180.0,0.4762900976290097,39.0,0.0341805433829973,0
2772.0,602.0,2170.0,1174,1243.0,0.7828282828282829,69.0,0.0587734241908006,1
962.0,867.0,95.0,2244,2262.0,0.0987525987525987,18.0,0.0080213903743315,0
2001.0,538.0,1463.0,1373,1481.0,0.7311344327836082,108.0,0.0786598689002185,0
2101.0,850.0,1251.0,1269,1314.0,0.595430747263208,45.0,0.0354609929078014,1
1157.0,804.0,353.0,1384,1459.0,0.3050993949870354,75.0,0.0541907514450867,0
975.0,428.0,547.0,1205,1205.0,0.561025641025641,0.0,0.0,0
1567.0,731.0,836.0,1014,1055.0,0.5335035098915124,41.0,0.0404339250493096,0
2474.0,2226.0,248.0,2106,2315.0,0.1002425222312045,209.0,0.0992402659069325,0
2507.0,1456.0,1051.0,1481,1515.0,0.4192261667331471,34.0,0.0229574611748818,0
1493.0,258.0,1235.0,902,970.0,0.8271935699933021,68.0,0.0753880266075388,0
963.0,178.0,785.0,1040,1025.0,0.8151609553478713,-15.0,-0.0144230769230769,1
578.0,526.0,52.0,1914,1875.0,0.0899653979238754,-39.0,-0.0203761755485893,1
1008.0,114.0,894.0,854,858.0,0.8869047619047619,4.0,0.0046838407494145,1
2556.0,488.0,2068.0,1328,1287.0,0.809076682316119,-41.0,-0.0308734939759036,0
1036.0,850.0,186.0,1784,1839.0,0.1795366795366795,55.0,0.030829596412556,0
1023.0,765.0,258.0,2013,1917.0,0.252199413489736,-96.0,-0.0476900149031296,0
1461.0,234.0,1227.0,1275,1347.0,0.839835728952772,72.0,0.0564705882352941,0
1242.0,776.0,466.0,1348,1389.0,0.3752012882447665,41.0,0.0304154302670623,0
802.0,368.0,434.0,1039,1146.0,0.5411471321695761,107.0,0.1029836381135707,0
876.0,262.0,614.0,715,756.0,0.7009132420091324,41.0,0.0573426573426573,1
1149.0,205.0,944.0,883,943.0,0.8215839860748477,60.0,0.0679501698754246,0
1204.0,326.0,878.0,870,1010.0,0.729235880398671,140.0,0.160919540229885,1
1179.0,486.0,693.0,973,989.0,0.5877862595419847,16.0,0.0164439876670092,1
1811.0,663.0,1148.0,1120,1147.0,0.6339039204859194,27.0,0.0241071428571428,0
1228.0,566.0,662.0,1004,990.0,0.5390879478827362,-14.0,-0.0139442231075697,0
621.0,156.0,465.0,1045,1008.0,0.748792270531401,-37.0,-0.0354066985645933,1
842.0,87.0,755.0,890,858.0,0.8966745843230404,-32.0,-0.0359550561797752,0
436.0,118.0,318.0,891,965.0,0.7293577981651376,74.0,0.0830527497194163,1
1391.0,315.0,1076.0,940,1026.0,0.7735442127965493,86.0,0.0914893617021276,0
677.0,355.0,322.0,1079,1181.0,0.4756277695716396,102.0,0.0945319740500463,0
986.0,576.0,410.0,981,1098.0,0.4158215010141988,117.0,0.1192660550458715,0
1453.0,856.0,597.0,1294,1307.0,0.4108740536820371,13.0,0.0100463678516228,1
1785.0,961.0,824.0,1281,1194.0,0.461624649859944,-87.0,-0.0679156908665105,1
1192.0,1036.0,156.0,1699,1805.0,0.1308724832214765,106.0,0.0623896409652736,0
1032.0,751.0,281.0,1684,1681.0,0.2722868217054263,-3.0,-0.0017814726840855,0
1337.0,1110.0,227.0,2047,2139.0,0.1697830964846671,92.0,0.0449438202247191,0
996.0,477.0,519.0,1161,1148.0,0.5210843373493976,-13.0,-0.0111972437553832,0
1275.0,901.0,374.0,1374,1417.0,0.2933333333333333,43.0,0.0312954876273653,0
1933.0,1256.0,677.0,2008,2164.0,0.3502327987584066,156.0,0.0776892430278884,0
2051.0,1559.0,492.0,1977,1692.0,0.2398829839102876,-285.0,-0.1441578148710167,0
1175.0,592.0,583.0,1231,1297.0,0.4961702127659574,66.0,0.0536149471974004,0
914.0,487.0,427.0,1131,1088.0,0.4671772428884026,-43.0,-0.0380194518125552,1
1000.0,549.0,451.0,1065,1130.0,0.451,65.0,0.0610328638497652,0
1753.0,1565.0,188.0,2536,2441.0,0.1072447233314318,-95.0,-0.0374605678233438,0
1331.0,1295.0,36.0,3294,3070.0,0.0270473328324567,-224.0,-0.0680024286581663,0
1709.0,1443.0,266.0,2325,2402.0,0.1556465769455822,77.0,0.0331182795698924,0
2037.0,813.0,1224.0,1228,1321.0,0.6008836524300442,93.0,0.0757328990228013,0
1372.0,819.0,553.0,1494,1733.0,0.4030612244897959,239.0,0.1599732262382864,0
1664.0,1533.0,131.0,2708,2827.0,0.0787259615384615,119.0,0.043943870014771,0
2676.0,1552.0,1124.0,1775,2030.0,0.4200298953662182,255.0,0.1436619718309859,0
1715.0,1312.0,403.0,1847,1868.0,0.2349854227405247,21.0,0.0113697888467785,1
2252.0,809.0,1443.0,1473,1592.0,0.6407637655417406,119.0,0.0807875084860828,0
1718.0,1421.0,297.0,1606,1742.0,0.1728754365541327,136.0,0.0846824408468244,0
1288.0,789.0,499.0,1240,1432.0,0.3874223602484472,192.0,0.1548387096774193,0
847.0,647.0,200.0,1721,1716.0,0.2361275088547816,-5.0,-0.0029052876234747,0
1661.0,803.0,858.0,1117,1163.0,0.5165562913907285,46.0,0.0411817367949865,1
376.0,138.0,238.0,933,996.0,0.6329787234042553,63.0,0.067524115755627,0
527.0,184.0,343.0,745,758.0,0.650853889943074,13.0,0.0174496644295302,0
2152.0,1602.0,550.0,1897,2004.0,0.2555762081784387,107.0,0.0564048497627833,0
1180.0,473.0,707.0,984,1094.0,0.5991525423728814,110.0,0.1117886178861788,1
2480.0,1599.0,881.0,1243,1570.0,0.3552419354838709,327.0,0.2630732099758648,0
1369.0,578.0,791.0,971,1105.0,0.5777940102264426,134.0,0.1380020597322348,0
1473.0,1168.0,305.0,3431,3703.0,0.207060420909708,272.0,0.0792771786651122,0
1210.0,0.0,1210.0,694,675.0,1.0,-19.0,-0.0273775216138328,0
875.0,69.0,806.0,795,833.0,0.9211428571428572,38.0,0.0477987421383647,1
2053.0,1462.0,591.0,1599,1697.0,0.2878714076960545,98.0,0.0612883051907442,0
1284.0,407.0,877.0,1064,1132.0,0.6830218068535826,68.0,0.0639097744360902,0
1770.0,417.0,1353.0,1103,1158.0,0.764406779661017,55.0,0.0498640072529465,0
1399.0,228.0,1171.0,1201,1177.0,0.8370264474624732,-24.0,-0.0199833472106577,0
1893.0,1342.0,551.0,1934,1679.0,0.2910723718964606,-255.0,-0.1318510858324715,0
1375.0,1159.0,216.0,2265,2222.0,0.1570909090909091,-43.0,-0.0189845474613686,0
770.0,592.0,178.0,1658,1702.0,0.2311688311688311,44.0,0.0265379975874547,0
1417.0,316.0,1101.0,996,1021.0,0.7769936485532816,25.0,0.0251004016064257,1
1573.0,792.0,781.0,1335,1395.0,0.4965034965034965,60.0,0.0449438202247191,0
1790.0,771.0,1019.0,1163,1167.0,0.5692737430167598,4.0,0.0034393809114359,1
2485.0,1431.0,1054.0,1523,1662.0,0.4241448692152917,139.0,0.0912672357189757,0
1633.0,1235.0,398.0,1671,1659.0,0.2437232088181261,-12.0,-0.0071813285457809,0
1379.0,1064.0,315.0,2127,2120.0,0.2284263959390862,-7.0,-0.003291020216267,0
333.0,270.0,63.0,1863,1153.0,0.1891891891891892,-710.0,-0.381105743424584,1
1150.0,816.0,334.0,1945,2006.0,0.2904347826086956,61.0,0.0313624678663239,0
1116.0,134.0,982.0,1184,1277.0,0.8799283154121864,93.0,0.0785472972972973,0
1435.0,846.0,589.0,1608,1536.0,0.4104529616724738,-72.0,-0.044776119402985,1
2412.0,1623.0,789.0,1596,1634.0,0.3271144278606965,38.0,0.0238095238095238,0
629.0,105.0,524.0,856,814.0,0.8330683624801272,-42.0,-0.0490654205607476,1
1777.0,1396.0,381.0,2189,2227.0,0.2144063027574564,38.0,0.0173595248972133,1
833.0,782.0,51.0,3150,3224.0,0.0612244897959183,74.0,0.0234920634920634,0
1865.0,380.0,1485.0,1113,1169.0,0.7962466487935657,56.0,0.050314465408805,1
926.0,849.0,77.0,1938,1899.0,0.0831533477321814,-39.0,-0.0201238390092879,0
1114.0,336.0,778.0,757,833.0,0.6983842010771992,76.0,0.1003963011889035,1
888.0,174.0,714.0,837,850.0,0.8040540540540541,13.0,0.015531660692951,1
604.0,153.0,451.0,885,948.0,0.7466887417218543,63.0,0.0711864406779661,1
391.0,230.0,161.0,1050,1169.0,0.4117647058823529,119.0,0.1133333333333333,0
547.0,117.0,430.0,1018,1149.0,0.7861060329067642,131.0,0.1286836935166994,0
924.0,765.0,159.0,1703,1701.0,0.172077922077922,-2.0,-0.001174398120963,1
2095.0,1331.0,764.0,1819,1791.0,0.3646778042959427,-28.0,-0.0153930731170973,1
1191.0,803.0,388.0,1400,1411.0,0.325776658270361,11.0,0.0078571428571428,0
1355.0,1049.0,306.0,1810,1786.0,0.225830258302583,-24.0,-0.0132596685082872,1
1962.0,1081.0,881.0,1455,1453.0,0.4490316004077472,-2.0,-0.0013745704467353,1
1370.0,664.0,706.0,1193,1281.0,0.5153284671532846,88.0,0.0737636211232187,0
2390.0,1685.0,705.0,1507,1630.0,0.2949790794979079,123.0,0.0816191108161911,0
1279.0,1039.0,240.0,1554,1722.0,0.1876465989053948,168.0,0.1081081081081081,0
1053.0,153.0,900.0,1062,1086.0,0.8547008547008547,24.0,0.0225988700564971,1
1529.0,1198.0,331.0,2151,2215.0,0.2164813603662524,64.0,0.0297536029753602,0
1280.0,1249.0,31.0,3846,4001.0,0.02421875,155.0,0.0403016120644825,0
1999.0,568.0,1431.0,1160,1220.0,0.7158579289644822,60.0,0.0517241379310344,1
1580.0,1111.0,469.0,2459,2461.0,0.2968354430379747,2.0,0.0008133387555917,0
1681.0,1211.0,470.0,1814,1765.0,0.279595478881618,-49.0,-0.0270121278941565,0
726.0,526.0,200.0,1633,1615.0,0.2754820936639118,-18.0,-0.0110226576852418,0
779.0,455.0,324.0,1367,1379.0,0.4159178433889602,12.0,0.0087783467446964,0
1136.0,660.0,476.0,1739,1715.0,0.4190140845070422,-24.0,-0.0138010350776308,0
1264.0,662.0,602.0,1184,1224.0,0.4762658227848101,40.0,0.0337837837837837,0
1467.0,1277.0,190.0,2981,3239.0,0.1295160190865712,258.0,0.0865481382086548,1
4362.0,376.0,3986.0,1236,1337.0,0.9138010087116002,101.0,0.081715210355987,1
730.0,501.0,229.0,1446,1654.0,0.3136986301369863,208.0,0.1438450899031811,1
693.0,189.0,504.0,991,1001.0,0.7272727272727273,10.0,0.0100908173562058,0
1458.0,924.0,534.0,2313,2316.0,0.3662551440329218,3.0,0.0012970168612191,0
1474.0,1446.0,28.0,2752,2785.0,0.0189959294436906,33.0,0.0119912790697674,0
1727.0,914.0,813.0,1145,1200.0,0.4707585408222351,55.0,0.0480349344978165,0
1193.0,314.0,879.0,1007,1039.0,0.7367979882648784,32.0,0.0317775571002979,0
2472.0,1103.0,1369.0,1134,1255.0,0.5538025889967637,121.0,0.1067019400352733,0
1462.0,743.0,719.0,1114,1189.0,0.4917920656634746,75.0,0.0673249551166965,0
1555.0,916.0,639.0,1194,1158.0,0.4109324758842443,-36.0,-0.0301507537688442,1
1256.0,957.0,299.0,1908,1950.0,0.2380573248407643,42.0,0.0220125786163522,0
1465.0,1227.0,238.0,2194,2324.0,0.162457337883959,130.0,0.0592525068368277,0
2075.0,1461.0,614.0,1598,1741.0,0.2959036144578313,143.0,0.0894868585732165,0
907.0,776.0,131.0,1801,1627.0,0.1444321940463065,-174.0,-0.0966129927817879,1
1455.0,262.0,1193.0,1058,1081.0,0.8199312714776632,23.0,0.0217391304347826,1
1412.0,169.0,1243.0,897,942.0,0.8803116147308782,45.0,0.0501672240802675,1
1500.0,588.0,912.0,1661,1707.0,0.608,46.0,0.0276941601444912,1
1856.0,113.0,1743.0,1721,1807.0,0.9391163793103448,86.0,0.0499709471237652,0
1426.0,241.0,1185.0,1116,1232.0,0.8309957924263675,116.0,0.1039426523297491,0
1215.0,422.0,793.0,1378,1477.0,0.6526748971193416,99.0,0.0718432510885341,1
1062.0,589.0,473.0,1221,1163.0,0.4453860640301318,-58.0,-0.0475020475020475,0
760.0,491.0,269.0,1398,1405.0,0.3539473684210526,7.0,0.0050071530758226,0
968.0,682.0,286.0,1515,1542.0,0.2954545454545454,27.0,0.0178217821782178,0
1092.0,913.0,179.0,1502,1634.0,0.1639194139194139,132.0,0.0878828229027962,0
824.0,631.0,193.0,1597,1622.0,0.2342233009708738,25.0,0.0156543519098309,0
1358.0,1152.0,206.0,1593,1823.0,0.1516936671575846,230.0,0.1443816698053986,0
745.0,426.0,319.0,1605,1637.0,0.4281879194630872,32.0,0.0199376947040498,0
1614.0,1282.0,332.0,2105,2115.0,0.2057001239157373,10.0,0.004750593824228,0
1081.0,441.0,640.0,1392,1526.0,0.5920444033302498,134.0,0.0962643678160919,0
1015.0,833.0,182.0,1601,1544.0,0.1793103448275862,-57.0,-0.0356027482823235,0
1307.0,641.0,666.0,1492,1463.0,0.5095638867635807,-29.0,-0.0194369973190348,0
1330.0,964.0,366.0,1156,1131.0,0.275187969924812,-25.0,-0.0216262975778546,0
687.0,591.0,96.0,1209,1319.0,0.1397379912663755,110.0,0.0909842845326716,0
761.0,582.0,179.0,1399,1567.0,0.2352168199737188,168.0,0.1200857755539671,0
1130.0,816.0,314.0,1351,1359.0,0.2778761061946903,8.0,0.005921539600296,1
1465.0,1006.0,459.0,1679,1706.0,0.3133105802047781,27.0,0.0160810005955926,0
809.0,701.0,108.0,2224,1787.0,0.1334981458590853,-437.0,-0.1964928057553956,0
547.0,404.0,143.0,1420,1608.0,0.2614259597806215,188.0,0.1323943661971831,1
1434.0,1216.0,218.0,1635,1774.0,0.1520223152022315,139.0,0.0850152905198776,0
148.0,143.0,5.0,2111,2170.0,0.0337837837837837,59.0,0.0279488394126006,0
1151.0,1042.0,109.0,3272,3045.0,0.0947002606429192,-227.0,-0.0693765281173594,0
1602.0,1258.0,344.0,1183,1041.0,0.2147315855181023,-142.0,-0.1200338123415046,0
45.0,36.0,9.0,1025,1263.0,0.2,238.0,0.2321951219512195,0
439.0,348.0,91.0,1483,1433.0,0.2072892938496583,-50.0,-0.0337154416722859,0
920.0,745.0,175.0,1884,1838.0,0.1902173913043478,-46.0,-0.024416135881104,1
1401.0,1343.0,58.0,2598,2752.0,0.0413990007137758,154.0,0.0592763664357197,0
2366.0,1113.0,1253.0,2032,2212.0,0.5295857988165681,180.0,0.0885826771653543,0
1856.0,958.0,898.0,1773,1802.0,0.4838362068965517,29.0,0.0163564579808234,0
1216.0,939.0,277.0,2451,2150.0,0.2277960526315789,-301.0,-0.1228070175438596,0
1584.0,1451.0,133.0,2552,2565.0,0.0839646464646464,13.0,0.0050940438871473,0
1820.0,1636.0,184.0,2660,2546.0,0.1010989010989011,-114.0,-0.0428571428571428,0
486.0,431.0,55.0,3121,3492.0,0.1131687242798353,371.0,0.1188721563601409,0
1563.0,530.0,1033.0,1221,1158.0,0.6609085092770314,-63.0,-0.0515970515970515,1
1883.0,463.0,1420.0,1500,1441.0,0.7541157727031333,-59.0,-0.0393333333333333,1
1735.0,1661.0,74.0,3608,3778.0,0.0426512968299711,170.0,0.0471175166297117,0
2151.0,1673.0,478.0,2793,2868.0,0.2222222222222222,75.0,0.0268528464017185,0
80.0,69.0,11.0,1463,1850.0,0.1375,387.0,0.264524948735475,0
275.0,222.0,53.0,970,1295.0,0.1927272727272727,325.0,0.3350515463917525,1
42.0,13.0,29.0,1164,1069.0,0.6904761904761905,-95.0,-0.081615120274914,0
46.0,46.0,0.0,2229,3321.0,0.0,1092.0,0.4899057873485868,0
59.0,17.0,42.0,1530,1145.0,0.711864406779661,-385.0,-0.2516339869281045,0
1417.0,867.0,550.0,1549,1527.0,0.3881439661256175,-22.0,-0.0142027114267269,0
1440.0,1268.0,172.0,1540,1403.0,0.1194444444444444,-137.0,-0.0889610389610389,0
1041.0,461.0,580.0,1268,1298.0,0.5571565802113353,30.0,0.0236593059936908,0
1017.0,219.0,798.0,940,980.0,0.7846607669616519,40.0,0.0425531914893617,1
835.0,338.0,497.0,965,1104.0,0.5952095808383233,139.0,0.144041450777202,0
1257.0,875.0,382.0,1283,1446.0,0.3038981702466189,163.0,0.1270459859703819,0
1617.0,1277.0,340.0,1792,1761.0,0.2102659245516388,-31.0,-0.0172991071428571,1
775.0,43.0,732.0,958,1044.0,0.944516129032258,86.0,0.0897703549060542,1
1031.0,831.0,200.0,1601,1612.0,0.1939864209505334,11.0,0.0068707058088694,0
619.0,294.0,325.0,1278,1381.0,0.5250403877221325,103.0,0.0805946791862284,0
1007.0,476.0,531.0,1556,1545.0,0.5273088381330685,-11.0,-0.0070694087403598,0
1110.0,632.0,478.0,1224,1588.0,0.4306306306306306,364.0,0.2973856209150327,1
753.0,268.0,485.0,876,1031.0,0.6440903054448871,155.0,0.1769406392694064,1
1066.0,353.0,713.0,951,1010.0,0.6688555347091932,59.0,0.0620399579390115,0
965.0,356.0,609.0,901,974.0,0.6310880829015544,73.0,0.0810210876803551,1
594.0,270.0,324.0,939,993.0,0.5454545454545454,54.0,0.0575079872204472,1
940.0,272.0,668.0,1008,1031.0,0.7106382978723405,23.0,0.0228174603174603,1
1034.0,298.0,736.0,981,1026.0,0.7117988394584139,45.0,0.0458715596330275,0
1541.0,1142.0,399.0,1768,1836.0,0.2589227774172615,68.0,0.0384615384615384,0
1848.0,1680.0,168.0,2071,2008.0,0.0909090909090909,-63.0,-0.030420086914534,0
848.0,708.0,140.0,1688,1650.0,0.1650943396226415,-38.0,-0.0225118483412322,0
738.0,457.0,281.0,1359,1442.0,0.3807588075880759,83.0,0.061074319352465,0
1310.0,1138.0,172.0,1874,2034.0,0.1312977099236641,160.0,0.0853788687299893,0
2219.0,631.0,1588.0,1181,1197.0,0.7156376746282109,16.0,0.0135478408128704,1
2066.0,1174.0,892.0,1529,1629.0,0.4317521781219748,100.0,0.0654022236756049,0
1495.0,1255.0,240.0,1794,1781.0,0.1605351170568562,-13.0,-0.0072463768115942,0
1940.0,1425.0,515.0,1389,1317.0,0.2654639175257732,-72.0,-0.0518358531317494,1
1519.0,1066.0,453.0,1699,1530.0,0.2982225148123765,-169.0,-0.0994702766333137,0
1223.0,203.0,1020.0,940,985.0,0.8340147179067866,45.0,0.0478723404255319,1
996.0,133.0,863.0,964,1004.0,0.8664658634538153,40.0,0.0414937759336099,1
730.0,107.0,623.0,989,1098.0,0.8534246575342466,109.0,0.1102123356926188,1
1375.0,165.0,1210.0,924,963.0,0.88,39.0,0.0422077922077922,1
922.0,158.0,764.0,784,914.0,0.8286334056399133,130.0,0.1658163265306122,1
1182.0,325.0,857.0,1050,1042.0,0.7250423011844331,-8.0,-0.0076190476190476,1
1552.0,792.0,760.0,1317,1295.0,0.4896907216494845,-22.0,-0.0167046317388003,0
699.0,0.0,699.0,559,577.0,1.0,18.0,0.0322003577817531,0
862.0,734.0,128.0,1866,1935.0,0.148491879350348,69.0,0.0369774919614147,0
2028.0,1406.0,622.0,2093,2147.0,0.3067061143984221,54.0,0.0258002866698518,0
2295.0,1055.0,1240.0,1699,1785.0,0.5403050108932462,86.0,0.0506180105944673,1
2760.0,2084.0,676.0,2852,2700.0,0.244927536231884,-152.0,-0.0532959326788218,0
1985.0,1180.0,805.0,1981,2025.0,0.4055415617128463,44.0,0.02221100454316,1
2583.0,1539.0,1044.0,1988,1948.0,0.4041811846689895,-40.0,-0.0201207243460764,0
1887.0,1121.0,766.0,1679,1746.0,0.4059353471118177,67.0,0.0399047051816557,0
2192.0,1000.0,1192.0,1285,1265.0,0.5437956204379562,-20.0,-0.0155642023346303,1
1527.0,1300.0,227.0,2360,2528.0,0.1486574983628028,168.0,0.0711864406779661,0
2183.0,1267.0,916.0,2181,2224.0,0.4196060467246908,43.0,0.0197157267308574,1
1949.0,1891.0,58.0,2815,2733.0,0.0297588506926629,-82.0,-0.0291296625222024,0
1720.0,1568.0,152.0,4001,4001.0,0.0883720930232558,0.0,0.0,0
2968.0,617.0,2351.0,1882,1920.0,0.7921159029649596,38.0,0.0201912858660998,0
1860.0,1064.0,796.0,2000,2185.0,0.4279569892473118,185.0,0.0925,0
1126.0,674.0,452.0,1242,1224.0,0.4014209591474245,-18.0,-0.0144927536231884,0
1849.0,1603.0,246.0,1569,1657.0,0.133044889129259,88.0,0.0560866794136392,0
1282.0,770.0,512.0,1217,1291.0,0.3993759750390016,74.0,0.0608052588331963,0
919.0,378.0,541.0,1133,1155.0,0.588683351468988,22.0,0.0194174757281553,1
1367.0,1212.0,155.0,1673,1909.0,0.113386978785662,236.0,0.1410639569635385,0
1697.0,927.0,770.0,1313,1214.0,0.4537418974661166,-99.0,-0.0753998476770754,1
1500.0,1246.0,254.0,1753,1815.0,0.1693333333333333,62.0,0.0353679406731317,0
1678.0,495.0,1183.0,1012,1109.0,0.7050059594755661,97.0,0.0958498023715415,0
1191.0,481.0,710.0,991,1001.0,0.5961376994122586,10.0,0.0100908173562058,0
2255.0,1402.0,853.0,1441,1549.0,0.3782705099778271,108.0,0.0749479528105482,0
2040.0,766.0,1274.0,975,997.0,0.6245098039215686,22.0,0.0225641025641025,0
2010.0,722.0,1288.0,1338,1403.0,0.6407960199004975,65.0,0.0485799701046337,1
1548.0,1344.0,204.0,1746,1907.0,0.1317829457364341,161.0,0.0922107674684994,0
1837.0,269.0,1568.0,1072,1072.0,0.8535655960805661,0.0,0.0,1
2075.0,380.0,1695.0,969,1011.0,0.8168674698795181,42.0,0.0433436532507739,0
1595.0,1387.0,208.0,2197,2220.0,0.1304075235109718,23.0,0.0104688211197086,0
1089.0,546.0,543.0,1361,1467.0,0.4986225895316804,106.0,0.0778839088905216,1
2471.0,773.0,1698.0,1332,1407.0,0.6871711857547551,75.0,0.0563063063063063,0
900.0,469.0,431.0,1193,1200.0,0.4788888888888888,7.0,0.0058675607711651,1
957.0,782.0,175.0,1478,1343.0,0.1828631138975966,-135.0,-0.091339648173207,1
2067.0,1597.0,470.0,1537,1629.0,0.2273826802128689,92.0,0.0598568640208197,0
1970.0,844.0,1126.0,1031,1080.0,0.5715736040609137,49.0,0.0475266731328807,0
1968.0,731.0,1237.0,1304,1384.0,0.6285569105691057,80.0,0.0613496932515337,0
1214.0,616.0,598.0,1186,1189.0,0.4925864909390445,3.0,0.0025295109612141,1
974.0,437.0,537.0,1418,1486.0,0.5513347022587269,68.0,0.0479548660084626,1
1573.0,726.0,847.0,2221,2316.0,0.5384615384615384,95.0,0.0427735254389914,0
828.0,620.0,208.0,1736,1706.0,0.251207729468599,-30.0,-0.0172811059907834,0
824.0,257.0,567.0,1231,1197.0,0.6881067961165048,-34.0,-0.0276198212835093,0
672.0,509.0,163.0,1453,1470.0,0.2425595238095238,17.0,0.0116999311768754,1
843.0,156.0,687.0,742,769.0,0.8149466192170819,27.0,0.036388140161725,1
1339.0,581.0,758.0,1019,1002.0,0.5660941000746826,-17.0,-0.0166830225711481,0
950.0,260.0,690.0,955,1016.0,0.7263157894736842,61.0,0.0638743455497382,1
604.0,70.0,534.0,1044,1270.0,0.8841059602649006,226.0,0.2164750957854406,0
1495.0,479.0,1016.0,1086,1173.0,0.6795986622073579,87.0,0.080110497237569,0
1158.0,239.0,919.0,838,942.0,0.7936096718480138,104.0,0.1241050119331742,1
1080.0,291.0,789.0,864,931.0,0.7305555555555555,67.0,0.0775462962962963,1
1926.0,773.0,1153.0,1054,1083.0,0.59865005192108,29.0,0.0275142314990512,1
698.0,266.0,432.0,989,966.0,0.6189111747851003,-23.0,-0.0232558139534883,1
1460.0,902.0,558.0,1240,1234.0,0.3821917808219178,-6.0,-0.0048387096774193,0
1191.0,1155.0,36.0,2814,2810.0,0.0302267002518891,-4.0,-0.0014214641080312,0
1553.0,680.0,873.0,1151,1125.0,0.562137797810689,-26.0,-0.0225890529973935,1
1107.0,961.0,146.0,2352,2547.0,0.1318879855465221,195.0,0.0829081632653061,0
1655.0,1158.0,497.0,1388,1352.0,0.3003021148036254,-36.0,-0.0259365994236311,1
1150.0,810.0,340.0,2523,2800.0,0.2956521739130435,277.0,0.1097899326198969,0
2994.0,723.0,2271.0,1170,1206.0,0.7585170340681363,36.0,0.0307692307692307,0
1967.0,1769.0,198.0,2340,2432.0,0.1006609049313675,92.0,0.0393162393162393,0
1328.0,795.0,533.0,1458,1233.0,0.401355421686747,-225.0,-0.1543209876543209,1
1864.0,943.0,921.0,1091,1196.0,0.4940987124463519,105.0,0.0962419798350137,0
1210.0,933.0,277.0,1121,1212.0,0.2289256198347107,91.0,0.0811775200713648,0
1561.0,1238.0,323.0,1229,1183.0,0.2069186418962203,-46.0,-0.0374288039056143,1
191.0,36.0,155.0,1167,1214.0,0.8115183246073299,47.0,0.040274207369323,1
1056.0,361.0,695.0,1117,1111.0,0.6581439393939394,-6.0,-0.0053715308863025,0
1555.0,1408.0,147.0,2451,2407.0,0.0945337620578778,-44.0,-0.0179518563851489,0
2364.0,1865.0,499.0,1873,1791.0,0.211082910321489,-82.0,-0.0437800320341697,0
1626.0,1349.0,277.0,2346,2284.0,0.1703567035670356,-62.0,-0.0264279624893435,0
746.0,701.0,45.0,2566,2674.0,0.0603217158176943,108.0,0.0420888542478565,0
799.0,523.0,276.0,1596,1699.0,0.3454317897371715,103.0,0.0645363408521303,0
1865.0,1224.0,641.0,1495,1663.0,0.3436997319034852,168.0,0.1123745819397993,0
1455.0,1026.0,429.0,1373,1417.0,0.2948453608247423,44.0,0.0320466132556445,1
1385.0,392.0,993.0,1128,1199.0,0.7169675090252707,71.0,0.0629432624113475,1
422.0,312.0,110.0,1306,1258.0,0.2606635071090047,-48.0,-0.0367534456355283,0
592.0,432.0,160.0,1450,1392.0,0.2702702702702703,-58.0,-0.04,0
1610.0,120.0,1490.0,869,907.0,0.9254658385093169,38.0,0.0437284234752589,1
1460.0,90.0,1370.0,899,922.0,0.9383561643835616,23.0,0.0255839822024471,0
1181.0,99.0,1082.0,872,921.0,0.916172734970364,49.0,0.0561926605504587,0
1400.0,245.0,1155.0,1036,1080.0,0.825,44.0,0.0424710424710424,1
1341.0,80.0,1261.0,930,966.0,0.9403430275913496,36.0,0.0387096774193548,1
1607.0,682.0,925.0,1192,1195.0,0.5756067205973865,3.0,0.0025167785234899,0
1289.0,919.0,370.0,1462,1456.0,0.287044220325834,-6.0,-0.0041039671682626,1
685.0,321.0,364.0,1226,1265.0,0.5313868613138686,39.0,0.031810766721044,0
1310.0,697.0,613.0,1166,1247.0,0.4679389312977099,81.0,0.0694682675814751,1
833.0,420.0,413.0,1442,1392.0,0.4957983193277311,-50.0,-0.0346740638002773,0
1188.0,1041.0,147.0,1945,2172.0,0.1237373737373737,227.0,0.1167095115681234,0
628.0,259.0,369.0,1372,1317.0,0.5875796178343949,-55.0,-0.0400874635568513,0
995.0,249.0,746.0,993,1043.0,0.749748743718593,50.0,0.0503524672708962,0
1435.0,1098.0,337.0,1479,1489.0,0.2348432055749129,10.0,0.006761325219743,0
983.0,765.0,218.0,1626,1656.0,0.2217700915564598,30.0,0.018450184501845,0
1925.0,393.0,1532.0,1418,1435.0,0.7958441558441558,17.0,0.0119887165021156,1
1750.0,839.0,911.0,1479,1468.0,0.5205714285714286,-11.0,-0.0074374577417173,1
568.0,227.0,341.0,1088,1159.0,0.6003521126760564,71.0,0.0652573529411764,0
1919.0,1380.0,539.0,2025,2051.0,0.2808754559666493,26.0,0.0128395061728395,0
1249.0,337.0,912.0,969,1077.0,0.7301841473178543,108.0,0.1114551083591331,1
741.0,476.0,265.0,971,1210.0,0.3576248313090418,239.0,0.2461380020597322,0
1285.0,380.0,905.0,962,1038.0,0.7042801556420234,76.0,0.079002079002079,1
671.0,148.0,523.0,792,805.0,0.7794336810730254,13.0,0.0164141414141414,1
942.0,695.0,247.0,1358,1432.0,0.262208067940552,74.0,0.0544918998527245,0
987.0,732.0,255.0,1200,1371.0,0.2583586626139817,171.0,0.1425,0
1380.0,1162.0,218.0,1615,1772.0,0.1579710144927536,157.0,0.0972136222910216,0
1375.0,662.0,713.0,1206,1221.0,0.5185454545454545,15.0,0.0124378109452736,0
3108.0,1118.0,1990.0,1434,1496.0,0.6402831402831403,62.0,0.0432357043235704,0
1809.0,1247.0,562.0,1518,1527.0,0.3106688778330569,9.0,0.0059288537549407,0
972.0,867.0,105.0,1988,2050.0,0.1080246913580246,62.0,0.0311871227364185,0
947.0,528.0,419.0,1261,1336.0,0.4424498416050686,75.0,0.0594766058683584,0
1251.0,786.0,465.0,1281,1282.0,0.3717026378896882,1.0,0.0007806401249024,1
693.0,396.0,297.0,910,966.0,0.4285714285714285,56.0,0.0615384615384615,1
610.0,26.0,584.0,624,686.0,0.9573770491803278,62.0,0.0993589743589743,1
1656.0,86.0,1570.0,1122,1135.0,0.9480676328502416,13.0,0.0115864527629233,1
1828.0,36.0,1792.0,800,803.0,0.9803063457330417,3.0,0.00375,0
829.0,572.0,257.0,1474,1540.0,0.3100120627261761,66.0,0.044776119402985,1
1028.0,932.0,96.0,2132,2198.0,0.0933852140077821,66.0,0.0309568480300187,0
1867.0,598.0,1269.0,1169,1251.0,0.6797000535618639,82.0,0.0701454234388366,0
2776.0,1540.0,1236.0,1903,2052.0,0.4452449567723343,149.0,0.0782974251182343,0
1235.0,685.0,550.0,2562,2469.0,0.4453441295546558,-93.0,-0.0362997658079625,1
3008.0,1540.0,1468.0,2032,1993.0,0.488031914893617,-39.0,-0.0191929133858267,1
1837.0,1364.0,473.0,1583,1644.0,0.2574850299401197,61.0,0.0385344283006948,0
2488.0,1199.0,1289.0,1546,1518.0,0.5180868167202572,-28.0,-0.0181112548512289,0
1214.0,689.0,525.0,1211,1334.0,0.4324546952224052,123.0,0.1015689512799339,0
2888.0,524.0,2364.0,1681,1686.0,0.8185595567867036,5.0,0.0029744199881023,1
2014.0,566.0,1448.0,1382,1564.0,0.7189672293942403,182.0,0.1316931982633864,1
1897.0,254.0,1643.0,1340,1384.0,0.8661043753294676,44.0,0.0328358208955223,1
1727.0,931.0,796.0,2218,2285.0,0.4609148812970469,67.0,0.0302073940486925,0
1426.0,1262.0,164.0,2227,2012.0,0.1150070126227209,-215.0,-0.0965424337674,0
1274.0,763.0,511.0,1336,1231.0,0.4010989010989011,-105.0,-0.0785928143712574,0
1439.0,913.0,526.0,1553,1652.0,0.3655316191799861,99.0,0.0637475853187379,0
1013.0,647.0,366.0,1347,1564.0,0.3613030602171767,217.0,0.1610987379361544,1
1308.0,948.0,360.0,1526,1627.0,0.2752293577981651,101.0,0.0661861074705111,0
1073.0,96.0,977.0,960,984.0,0.9105312208760484,24.0,0.025,0
719.0,266.0,453.0,1412,1415.0,0.6300417246175244,3.0,0.0021246458923512,0
1661.0,468.0,1193.0,1629,1627.0,0.7182420228777845,-2.0,-0.0012277470841006,0
674.0,92.0,582.0,935,925.0,0.8635014836795252,-10.0,-0.0106951871657754,0
1627.0,580.0,1047.0,1296,1316.0,0.6435156730178242,20.0,0.015432098765432,1
121.0,0.0,121.0,932,549.0,1.0,-383.0,-0.4109442060085836,1
2494.0,433.0,2061.0,1000,1076.0,0.826383319967923,76.0,0.076,0
2151.0,128.0,2023.0,978,1012.0,0.9404927940492794,34.0,0.0347648261758691,1
965.0,762.0,203.0,1643,1326.0,0.2103626943005181,-317.0,-0.1929397443700548,1
2050.0,431.0,1619.0,1025,1081.0,0.7897560975609756,56.0,0.0546341463414634,0
2511.0,1130.0,1381.0,1243,1268.0,0.5499800876144962,25.0,0.0201126307320997,0
649.0,330.0,319.0,1121,1405.0,0.4915254237288136,284.0,0.2533452274754683,0
1426.0,126.0,1300.0,975,1052.0,0.91164095371669,77.0,0.0789743589743589,0
2294.0,1827.0,467.0,2110,1994.0,0.2035745422842197,-116.0,-0.0549763033175355,0
2788.0,1051.0,1737.0,1626,1813.0,0.6230272596843616,187.0,0.1150061500615006,0
1526.0,314.0,1212.0,1051,992.0,0.7942332896461337,-59.0,-0.0561370123691722,1
1247.0,183.0,1064.0,917,961.0,0.8532477947072975,44.0,0.0479825517993456,1
1334.0,126.0,1208.0,1020,1093.0,0.9055472263868066,73.0,0.0715686274509803,0
1259.0,220.0,1039.0,1008,978.0,0.8252581413820492,-30.0,-0.0297619047619047,1
800.0,332.0,468.0,1684,1799.0,0.585,115.0,0.0682897862232779,0
686.0,606.0,80.0,2073,2135.0,0.1166180758017492,62.0,0.02990834539315,0
795.0,689.0,106.0,1803,1763.0,0.1333333333333333,-40.0,-0.0221852468108707,0
1441.0,29.0,1412.0,1176,1225.0,0.9798750867453158,49.0,0.0416666666666666,0
1529.0,1462.0,67.0,2163,2045.0,0.0438194898626553,-118.0,-0.0545538603791031,0
1581.0,496.0,1085.0,1385,1462.0,0.6862745098039216,77.0,0.0555956678700361,0
1657.0,733.0,924.0,1428,1455.0,0.5576342788171395,27.0,0.01890756302521,1
1466.0,832.0,634.0,1140,1243.0,0.4324693042291951,103.0,0.0903508771929824,0
1471.0,1072.0,399.0,1793,1850.0,0.2712440516655336,57.0,0.0317902955939765,0
1183.0,310.0,873.0,1043,1129.0,0.7379543533389687,86.0,0.0824544582933844,0
1334.0,369.0,965.0,1074,1044.0,0.7233883058470765,-30.0,-0.0279329608938547,1
1110.0,336.0,774.0,1134,1100.0,0.6972972972972973,-34.0,-0.0299823633156966,1
609.0,374.0,235.0,788,834.0,0.3858784893267651,46.0,0.0583756345177665,1
725.0,268.0,457.0,1338,1304.0,0.6303448275862069,-34.0,-0.0254110612855007,0
742.0,421.0,321.0,1377,1350.0,0.4326145552560647,-27.0,-0.0196078431372549,1
651.0,252.0,399.0,1259,1299.0,0.6129032258064516,40.0,0.0317712470214455,0
1044.0,221.0,823.0,1061,1113.0,0.7883141762452107,52.0,0.0490103675777568,1
1000.0,332.0,668.0,1207,1108.0,0.668,-99.0,-0.0820215410107705,0
1359.0,165.0,1194.0,928,1426.0,0.8785871964679912,498.0,0.5366379310344828,1
1887.0,213.0,1674.0,1116,1171.0,0.8871224165341812,55.0,0.0492831541218638,0
1345.0,41.0,1304.0,878,912.0,0.9695167286245352,34.0,0.0387243735763098,1
1453.0,123.0,1330.0,822,808.0,0.9153475567790778,-14.0,-0.0170316301703163,1
1179.0,512.0,667.0,971,1003.0,0.5657336726039016,32.0,0.0329557157569515,0
3399.0,2669.0,730.0,2136,2161.0,0.214769049720506,25.0,0.0117041198501872,0
1294.0,1026.0,268.0,1773,1747.0,0.2071097372488408,-26.0,-0.0146644106034968,0
673.0,253.0,420.0,1101,1178.0,0.6240713224368499,77.0,0.069936421435059,0
2218.0,1380.0,838.0,1675,1679.0,0.3778178539224526,4.0,0.0023880597014925,1
660.0,576.0,84.0,1956,2038.0,0.1272727272727272,82.0,0.041922290388548,0
1387.0,986.0,401.0,1661,1698.0,0.2891131939437635,37.0,0.0222757375075255,0
895.0,651.0,244.0,1405,1572.0,0.2726256983240223,167.0,0.1188612099644128,0
756.0,622.0,134.0,1458,1578.0,0.1772486772486772,120.0,0.0823045267489712,1
1390.0,1098.0,292.0,1301,1126.0,0.2100719424460431,-175.0,-0.1345119139123751,1
1538.0,1260.0,278.0,1829,1892.0,0.1807542262678803,63.0,0.0344450519409513,0
1318.0,1143.0,175.0,1662,1908.0,0.1327769347496206,246.0,0.148014440433213,0
930.0,232.0,698.0,963,956.0,0.7505376344086021,-7.0,-0.0072689511941848,1
1217.0,154.0,1063.0,856,944.0,0.8734593262119967,88.0,0.102803738317757,0
1698.0,143.0,1555.0,968,992.0,0.9157832744405182,24.0,0.024793388429752,0
1563.0,48.0,1515.0,945,935.0,0.9692898272552783,-10.0,-0.0105820105820105,0
1620.0,128.0,1492.0,996,1041.0,0.9209876543209876,45.0,0.0451807228915662,0
1554.0,257.0,1297.0,909,953.0,0.8346203346203346,44.0,0.0484048404840484,0
2373.0,373.0,2000.0,949,991.0,0.8428150021070375,42.0,0.0442571127502634,1
1077.0,261.0,816.0,1218,1274.0,0.7576601671309192,56.0,0.0459770114942528,0
993.0,845.0,148.0,1507,1710.0,0.1490433031218529,203.0,0.1347047113470471,1
1788.0,1679.0,109.0,2408,2462.0,0.0609619686800894,54.0,0.0224252491694352,0
1646.0,651.0,995.0,1279,1443.0,0.6044957472660997,164.0,0.1282251759186864,0
1594.0,309.0,1285.0,1242,1233.0,0.8061480552070264,-9.0,-0.0072463768115942,0
941.0,12.0,929.0,1284,1613.0,0.9872476089266736,329.0,0.2562305295950156,0
1253.0,377.0,876.0,1208,1317.0,0.699122106943336,109.0,0.0902317880794702,0
1072.0,199.0,873.0,931,936.0,0.8143656716417911,5.0,0.0053705692803437,1
1835.0,206.0,1629.0,977,1029.0,0.8877384196185286,52.0,0.0532241555783009,1
1481.0,189.0,1292.0,1786,1775.0,0.8723835246455098,-11.0,-0.0061590145576707,1
1860.0,378.0,1482.0,1291,1373.0,0.7967741935483871,82.0,0.0635166537567776,0
1423.0,301.0,1122.0,1527,1658.0,0.7884750527055516,131.0,0.0857891290111329,1
3496.0,781.0,2715.0,1533,1703.0,0.7766018306636155,170.0,0.1108936725375081,0
3038.0,517.0,2521.0,1606,1556.0,0.8298222514812377,-50.0,-0.0311332503113325,1
1450.0,257.0,1193.0,1266,1338.0,0.8227586206896552,72.0,0.0568720379146919,0
1047.0,513.0,534.0,1272,1427.0,0.5100286532951289,155.0,0.1218553459119496,0
1544.0,449.0,1095.0,1279,1213.0,0.7091968911917098,-66.0,-0.0516028146989835,0
1018.0,872.0,146.0,1138,730.0,0.143418467583497,-408.0,-0.3585237258347979,1
1246.0,821.0,425.0,1645,1672.0,0.341091492776886,27.0,0.0164133738601823,0
699.0,545.0,154.0,1200,1439.0,0.2203147353361945,239.0,0.1991666666666666,0
1496.0,183.0,1313.0,975,1043.0,0.8776737967914439,68.0,0.0697435897435897,0
731.0,207.0,524.0,1030,1014.0,0.7168262653898769,-16.0,-0.0155339805825242,1
1627.0,236.0,1391.0,1071,1186.0,0.8549477566072526,115.0,0.107376283846872,0
1441.0,1155.0,286.0,1779,1762.0,0.1984732824427481,-17.0,-0.0095559302979201,0
785.0,346.0,439.0,1187,1310.0,0.5592356687898089,123.0,0.1036225779275484,0
908.0,560.0,348.0,1453,1516.0,0.3832599118942731,63.0,0.0433585684790089,0
2031.0,1646.0,385.0,1938,2170.0,0.189561792220581,232.0,0.1197110423116615,0
1171.0,1067.0,104.0,1610,1834.0,0.0888129803586678,224.0,0.1391304347826087,0
1115.0,762.0,353.0,1415,1428.0,0.3165919282511211,13.0,0.0091872791519434,0
1470.0,246.0,1224.0,930,932.0,0.8326530612244898,2.0,0.0021505376344086,1
1449.0,227.0,1222.0,1104,1186.0,0.8433402346445825,82.0,0.0742753623188405,0
1287.0,434.0,853.0,1095,1195.0,0.6627816627816627,100.0,0.091324200913242,0
1407.0,502.0,905.0,1135,1155.0,0.6432125088841507,20.0,0.0176211453744493,1
1864.0,762.0,1102.0,1608,1677.0,0.5912017167381974,69.0,0.042910447761194,0
1217.0,226.0,991.0,1551,1577.0,0.8142974527526705,26.0,0.0167633784655061,0
1660.0,611.0,1049.0,1395,1473.0,0.6319277108433735,78.0,0.0559139784946236,1
2138.0,1866.0,272.0,2485,2537.0,0.1272217025257249,52.0,0.0209255533199195,0
735.0,594.0,141.0,2469,1922.0,0.1918367346938775,-547.0,-0.2215471850951802,1
1687.0,414.0,1273.0,1189,1179.0,0.7545939537640782,-10.0,-0.0084104289318755,1
1265.0,361.0,904.0,1224,1293.0,0.7146245059288537,69.0,0.0563725490196078,1
1351.0,228.0,1123.0,1356,1381.0,0.8312361213915618,25.0,0.0184365781710914,0
1633.0,136.0,1497.0,1173,1187.0,0.9167176974892836,14.0,0.0119352088661551,1
2208.0,244.0,1964.0,959,1007.0,0.8894927536231884,48.0,0.0500521376433785,1
1465.0,137.0,1328.0,1163,1234.0,0.9064846416382252,71.0,0.0610490111779879,0
1474.0,204.0,1270.0,1113,1122.0,0.8616010854816825,9.0,0.0080862533692722,1
2043.0,1003.0,1040.0,1627,1675.0,0.5090553108174254,48.0,0.0295021511985248,0
1853.0,736.0,1117.0,1331,1370.0,0.6028062601187264,39.0,0.0293012772351615,1
2112.0,1606.0,506.0,1669,1796.0,0.2395833333333333,127.0,0.0760934691431995,0
2876.0,2344.0,532.0,2869,2858.0,0.1849791376912378,-11.0,-0.0038340885325897,0
1066.0,554.0,512.0,1108,1033.0,0.4803001876172608,-75.0,-0.0676895306859205,1
1658.0,1248.0,410.0,1654,1657.0,0.2472858866103739,3.0,0.0018137847642079,1
1028.0,257.0,771.0,1049,1013.0,0.75,-36.0,-0.0343183984747378,1
1709.0,852.0,857.0,1286,1186.0,0.5014628437682855,-100.0,-0.077760497667185,0
1273.0,612.0,661.0,1265,1154.0,0.5192458758837392,-111.0,-0.0877470355731225,1
704.0,331.0,373.0,1342,1462.0,0.5298295454545454,120.0,0.0894187779433681,0
1931.0,1425.0,506.0,2030,2119.0,0.2620403935784567,89.0,0.0438423645320197,0
1478.0,1323.0,155.0,2331,2284.0,0.104871447902571,-47.0,-0.0201630201630201,0
649.0,584.0,65.0,3409,3473.0,0.1001540832049306,64.0,0.0187738339689058,0
502.0,149.0,353.0,862,955.0,0.703187250996016,93.0,0.1078886310904872,0
1260.0,209.0,1051.0,1086,1072.0,0.8341269841269842,-14.0,-0.012891344383057,1
1534.0,529.0,1005.0,1062,1096.0,0.6551499348109517,34.0,0.032015065913371,0
920.0,412.0,508.0,1041,1064.0,0.5521739130434783,23.0,0.0220941402497598,1
1516.0,566.0,950.0,1292,1329.0,0.6266490765171504,37.0,0.0286377708978328,0
1353.0,1239.0,114.0,2482,2484.0,0.0842572062084257,2.0,0.0008058017727639,0
1923.0,455.0,1468.0,1259,1326.0,0.7633905356214249,67.0,0.0532168387609213,0
1215.0,1064.0,151.0,2133,2138.0,0.1242798353909465,5.0,0.0023441162681669,1
1303.0,1025.0,278.0,2064,1912.0,0.2133537989255564,-152.0,-0.0736434108527131,0
1219.0,881.0,338.0,1872,1771.0,0.2772764561115668,-101.0,-0.0539529914529914,0
766.0,685.0,81.0,2102,2131.0,0.1057441253263707,29.0,0.0137963843958135,0
1915.0,686.0,1229.0,1069,1051.0,0.64177545691906,-18.0,-0.0168381665107577,0
1014.0,114.0,900.0,1024,984.0,0.8875739644970414,-40.0,-0.0390625,0
1090.0,166.0,924.0,939,922.0,0.8477064220183487,-17.0,-0.0181043663471778,1
960.0,220.0,740.0,914,999.0,0.7708333333333334,85.0,0.0929978118161925,0
1416.0,529.0,887.0,1035,1027.0,0.626412429378531,-8.0,-0.0077294685990338,1
1658.0,1375.0,283.0,3097,3641.0,0.1706875753920386,544.0,0.1756538585728124,0
1745.0,1033.0,712.0,1860,1967.0,0.4080229226361031,107.0,0.0575268817204301,0
873.0,156.0,717.0,1070,1182.0,0.8213058419243986,112.0,0.1046728971962616,0
1283.0,1269.0,14.0,3481,3553.0,0.0109119251753702,72.0,0.020683711577133,1
735.0,668.0,67.0,1279,1248.0,0.091156462585034,-31.0,-0.0242376856919468,1
1073.0,640.0,433.0,1274,1429.0,0.4035414725069897,155.0,0.1216640502354788,0
1757.0,1160.0,597.0,1754,1940.0,0.3397837222538418,186.0,0.1060433295324971,0
2679.0,915.0,1764.0,1395,1460.0,0.658454647256439,65.0,0.046594982078853,1
1691.0,1615.0,76.0,2919,2835.0,0.0449438202247191,-84.0,-0.0287769784172661,0
961.0,20.0,941.0,1093,1120.0,0.9791883454734652,27.0,0.0247026532479414,0
1929.0,511.0,1418.0,1186,1224.0,0.7350959046137895,38.0,0.0320404721753794,0
1015.0,180.0,835.0,920,945.0,0.8226600985221675,25.0,0.0271739130434782,1
1327.0,595.0,732.0,1154,1188.0,0.5516201959306707,34.0,0.0294627383015597,1
1611.0,825.0,786.0,1257,1450.0,0.4878957169459962,193.0,0.1535401750198886,0
1752.0,381.0,1371.0,1123,1162.0,0.7825342465753424,39.0,0.0347284060552092,0
1838.0,724.0,1114.0,1323,1385.0,0.6060935799782372,62.0,0.0468631897203325,1
1327.0,204.0,1123.0,742,797.0,0.8462697814619442,55.0,0.0741239892183288,0
765.0,75.0,690.0,765,773.0,0.9019607843137256,8.0,0.0104575163398692,1
939.0,147.0,792.0,952,1008.0,0.8434504792332268,56.0,0.0588235294117647,0
927.0,230.0,697.0,896,955.0,0.7518878101402373,59.0,0.0658482142857142,0
860.0,494.0,366.0,1219,1380.0,0.4255813953488372,161.0,0.1320754716981132,1
900.0,384.0,516.0,1143,1193.0,0.5733333333333334,50.0,0.0437445319335083,1
1065.0,300.0,765.0,1015,1028.0,0.7183098591549296,13.0,0.012807881773399,0
1242.0,443.0,799.0,997,1075.0,0.643317230273752,78.0,0.078234704112337,1
512.0,171.0,341.0,1116,1073.0,0.666015625,-43.0,-0.0385304659498207,0
741.0,95.0,646.0,511,659.0,0.8717948717948718,148.0,0.2896281800391389,1
1119.0,83.0,1036.0,877,899.0,0.9258266309204648,22.0,0.0250855188141391,0
1495.0,239.0,1256.0,855,930.0,0.8401337792642141,75.0,0.087719298245614,0
1457.0,0.0,1457.0,917,1008.0,1.0,91.0,0.099236641221374,1
1333.0,0.0,1333.0,939,988.0,1.0,49.0,0.0521831735889243,0
1134.0,368.0,766.0,981,1122.0,0.6754850088183422,141.0,0.1437308868501529,0
919.0,256.0,663.0,892,944.0,0.721436343852013,52.0,0.0582959641255605,0
941.0,452.0,489.0,1442,1392.0,0.5196599362380446,-50.0,-0.0346740638002773,0
1306.0,597.0,709.0,1166,1274.0,0.5428790199081164,108.0,0.0926243567753001,1
953.0,591.0,362.0,1213,1292.0,0.3798530954879328,79.0,0.0651277823577906,0
1045.0,544.0,501.0,1053,753.0,0.4794258373205741,-300.0,-0.2849002849002849,1
868.0,227.0,641.0,1075,1177.0,0.738479262672811,102.0,0.0948837209302325,0
1025.0,364.0,661.0,1072,1161.0,0.6448780487804878,89.0,0.0830223880597015,0
838.0,297.0,541.0,960,1015.0,0.6455847255369929,55.0,0.0572916666666666,1
830.0,259.0,571.0,1119,1020.0,0.6879518072289157,-99.0,-0.0884718498659517,1
830.0,238.0,592.0,1153,1137.0,0.7132530120481928,-16.0,-0.0138768430182133,1
821.0,184.0,637.0,857,887.0,0.7758830694275274,30.0,0.0350058343057176,1
1045.0,357.0,688.0,1054,1000.0,0.6583732057416268,-54.0,-0.0512333965844402,1
857.0,346.0,511.0,1066,1131.0,0.5962660443407235,65.0,0.0609756097560975,0
1272.0,411.0,861.0,1023,1074.0,0.6768867924528302,51.0,0.0498533724340175,0
1027.0,390.0,637.0,1078,1164.0,0.620253164556962,86.0,0.0797773654916512,1
1116.0,428.0,688.0,972,1057.0,0.6164874551971327,85.0,0.0874485596707819,1
1328.0,883.0,445.0,1804,1826.0,0.3350903614457831,22.0,0.0121951219512195,1
2481.0,1248.0,1233.0,1450,1452.0,0.4969770253929867,2.0,0.0013793103448275,1
1083.0,788.0,295.0,1477,1555.0,0.2723915050784857,78.0,0.0528097494922139,0
1803.0,1141.0,662.0,1849,1903.0,0.3671658347199112,54.0,0.0292049756625202,0
2171.0,168.0,2003.0,1498,1528.0,0.9226163058498388,30.0,0.0200267022696929,0
2899.0,1709.0,1190.0,1844,1774.0,0.4104863746119351,-70.0,-0.0379609544468546,0
1025.0,949.0,76.0,3943,4001.0,0.0741463414634146,58.0,0.0147096119705807,0
742.0,303.0,439.0,2385,2060.0,0.5916442048517521,-325.0,-0.1362683438155136,0
946.0,558.0,388.0,1158,1167.0,0.4101479915433403,9.0,0.0077720207253886,0
1115.0,566.0,549.0,1315,1359.0,0.4923766816143498,44.0,0.0334600760456273,0
1345.0,45.0,1300.0,796,826.0,0.966542750929368,30.0,0.0376884422110552,1
1019.0,0.0,1019.0,747,753.0,1.0,6.0,0.0080321285140562,0
812.0,0.0,812.0,714,721.0,1.0,7.0,0.0098039215686274,1
891.0,28.0,863.0,1177,1168.0,0.968574635241302,-9.0,-0.0076465590484282,1
1196.0,8.0,1188.0,1097,1064.0,0.9933110367892976,-33.0,-0.0300820419325433,1
947.0,76.0,871.0,1066,1088.0,0.9197465681098204,22.0,0.0206378986866791,0
951.0,66.0,885.0,771,838.0,0.9305993690851736,67.0,0.0869001297016861,1
2063.0,172.0,1891.0,1005,1033.0,0.9166262724188076,28.0,0.0278606965174129,1
1726.0,139.0,1587.0,1081,1122.0,0.9194669756662804,41.0,0.0379278445883441,0
1701.0,231.0,1470.0,1133,1193.0,0.8641975308641975,60.0,0.0529567519858782,0
1351.0,16.0,1335.0,1039,1086.0,0.988156920799408,47.0,0.0452358036573628,1
977.0,0.0,977.0,952,1008.0,1.0,56.0,0.0588235294117647,0
1337.0,35.0,1302.0,1091,1121.0,0.9738219895287958,30.0,0.0274977085242896,0
1198.0,155.0,1043.0,1088,1247.0,0.8706176961602671,159.0,0.1461397058823529,0
1263.0,12.0,1251.0,871,949.0,0.990498812351544,78.0,0.0895522388059701,1
2093.0,454.0,1639.0,1041,1080.0,0.7830864787386527,39.0,0.0374639769452449,0
1774.0,256.0,1518.0,935,952.0,0.8556933483652762,17.0,0.0181818181818181,1
1718.0,229.0,1489.0,1007,1017.0,0.8667054714784633,10.0,0.009930486593843,0
3042.0,778.0,2264.0,1189,1254.0,0.7442472057856673,65.0,0.0546677880571909,1
1928.0,395.0,1533.0,1023,1081.0,0.7951244813278008,58.0,0.0566959921798631,0
1066.0,663.0,403.0,1317,1278.0,0.3780487804878049,-39.0,-0.0296127562642369,1
907.0,883.0,24.0,1890,1857.0,0.0264608599779492,-33.0,-0.0174603174603174,0
1196.0,627.0,569.0,1177,1411.0,0.475752508361204,234.0,0.1988105352591334,0
907.0,253.0,654.0,1049,1144.0,0.721058434399118,95.0,0.0905624404194471,1
1013.0,237.0,776.0,960,997.0,0.7660414610069102,37.0,0.0385416666666666,1
1030.0,688.0,342.0,1254,1320.0,0.3320388349514563,66.0,0.0526315789473684,1
1886.0,1227.0,659.0,1347,1341.0,0.3494167550371156,-6.0,-0.0044543429844097,1
439.0,219.0,220.0,1259,1458.0,0.5011389521640092,199.0,0.1580619539316918,0
721.0,539.0,182.0,1420,1468.0,0.2524271844660194,48.0,0.0338028169014084,0
817.0,773.0,44.0,2669,2597.0,0.0538555691554467,-72.0,-0.0269763956538029,1
883.0,739.0,144.0,1912,1971.0,0.1630804077010192,59.0,0.030857740585774,1
1020.0,769.0,251.0,1804,1925.0,0.246078431372549,121.0,0.0670731707317073,0
1379.0,1109.0,270.0,1814,1921.0,0.1957940536620739,107.0,0.0589856670341786,1
1902.0,1793.0,109.0,2897,2948.0,0.0573080967402733,51.0,0.0176044183638246,0
1634.0,1184.0,450.0,1908,1898.0,0.2753977968176254,-10.0,-0.0052410901467505,0
1623.0,999.0,624.0,1755,1594.0,0.3844731977818854,-161.0,-0.0917378917378917,1
757.0,46.0,711.0,957,984.0,0.9392338177014532,27.0,0.0282131661442006,1
1017.0,257.0,760.0,1380,1399.0,0.7472959685349065,19.0,0.0137681159420289,1
664.0,40.0,624.0,919,986.0,0.9397590361445785,67.0,0.0729053318824809,0
922.0,459.0,463.0,1252,1302.0,0.5021691973969631,50.0,0.0399361022364217,1
1470.0,1031.0,439.0,1652,1585.0,0.2986394557823129,-67.0,-0.0405569007263922,0
740.0,462.0,278.0,1640,1439.0,0.3756756756756756,-201.0,-0.1225609756097561,1
2311.0,855.0,1456.0,1337,1366.0,0.6300302899177845,29.0,0.0216903515332834,0
1992.0,1164.0,828.0,1453,1548.0,0.4156626506024096,95.0,0.0653819683413627,0
1276.0,427.0,849.0,1155,1156.0,0.6653605015673981,1.0,0.0008658008658008,0
1217.0,578.0,639.0,1451,1492.0,0.5250616269515201,41.0,0.0282563749138525,1
2744.0,841.0,1903.0,1252,1374.0,0.6935131195335277,122.0,0.097444089456869,0
1617.0,476.0,1141.0,969,1000.0,0.7056277056277056,31.0,0.0319917440660474,1
1606.0,1293.0,313.0,2065,2030.0,0.1948941469489414,-35.0,-0.0169491525423728,0
586.0,426.0,160.0,1427,1423.0,0.273037542662116,-4.0,-0.0028030833917309,1
1130.0,783.0,347.0,1471,1470.0,0.3070796460176991,-1.0,-0.000679809653297,0
1734.0,1286.0,448.0,1627,1741.0,0.2583621683967704,114.0,0.0700676090964966,0
972.0,818.0,154.0,1426,1475.0,0.1584362139917695,49.0,0.0343618513323983,0
1504.0,750.0,754.0,1394,1615.0,0.5013297872340425,221.0,0.1585365853658536,0
779.0,565.0,214.0,1856,1541.0,0.2747111681643132,-315.0,-0.1697198275862069,1
1162.0,578.0,584.0,1306,1336.0,0.5025817555938038,30.0,0.0229709035222052,1
1192.0,1016.0,176.0,2414,2077.0,0.1476510067114094,-337.0,-0.1396023198011599,1
2518.0,2228.0,290.0,2247,2278.0,0.1151707704527402,31.0,0.0137961726746773,0
1591.0,1333.0,258.0,2733,2817.0,0.1621621621621621,84.0,0.0307354555433589,0
1925.0,1015.0,910.0,2185,2152.0,0.4727272727272727,-33.0,-0.0151029748283752,0
1129.0,1062.0,67.0,3728,3880.0,0.0593445527015057,152.0,0.0407725321888412,0
1571.0,294.0,1277.0,994,1005.0,0.8128580521960534,11.0,0.011066398390342,1
1924.0,482.0,1442.0,1055,1101.0,0.7494802494802495,46.0,0.0436018957345971,0
2129.0,1371.0,758.0,1437,1525.0,0.3560356975105683,88.0,0.0612386917188587,1
1942.0,1439.0,503.0,1878,1890.0,0.2590113285272915,12.0,0.0063897763578274,1
2192.0,385.0,1807.0,1694,1732.0,0.8243613138686131,38.0,0.0224321133412042,1
1309.0,1003.0,306.0,2698,2593.0,0.2337662337662337,-105.0,-0.0389177168272794,0
1216.0,855.0,361.0,1690,1860.0,0.296875,170.0,0.1005917159763313,1
1256.0,1106.0,150.0,2060,2290.0,0.1194267515923566,230.0,0.1116504854368932,0
577.0,413.0,164.0,1383,1490.0,0.2842287694974003,107.0,0.0773680404916847,0
659.0,541.0,118.0,2358,2047.0,0.1790591805766312,-311.0,-0.131891433418151,1
1135.0,933.0,202.0,1694,1787.0,0.1779735682819383,93.0,0.0548996458087367,0
1248.0,469.0,779.0,1291,1363.0,0.624198717948718,72.0,0.0557707203718048,0
1039.0,447.0,592.0,1250,1362.0,0.5697786333012512,112.0,0.0896,1
678.0,445.0,233.0,1133,1153.0,0.3436578171091445,20.0,0.0176522506619594,1
614.0,331.0,283.0,1217,1354.0,0.4609120521172638,137.0,0.1125718981101068,0
590.0,221.0,369.0,994,1078.0,0.6254237288135593,84.0,0.0845070422535211,1
504.0,200.0,304.0,1206,1283.0,0.6031746031746031,77.0,0.0638474295190713,1
1069.0,721.0,348.0,1446,1632.0,0.3255378858746492,186.0,0.1286307053941908,0
713.0,262.0,451.0,1344,1298.0,0.6325385694249649,-46.0,-0.0342261904761904,1
513.0,160.0,353.0,1281,1376.0,0.6881091617933723,95.0,0.0741608118657299,0
928.0,581.0,347.0,1464,1729.0,0.3739224137931034,265.0,0.1810109289617486,0
1465.0,1314.0,151.0,2063,1867.0,0.1030716723549488,-196.0,-0.0950072709646146,0
235.0,209.0,26.0,2816,2686.0,0.1106382978723404,-130.0,-0.0461647727272727,0
2177.0,2050.0,127.0,3159,2894.0,0.0583371612310519,-265.0,-0.0838873061095283,0
825.0,619.0,206.0,3383,3296.0,0.2496969696969697,-87.0,-0.025716819391073,0
2807.0,2284.0,523.0,3079,2563.0,0.1863199144994656,-516.0,-0.1675868788567716,0
637.0,455.0,182.0,3217,3329.0,0.2857142857142857,112.0,0.0348150450730494,0
1106.0,599.0,507.0,1185,1209.0,0.4584086799276672,24.0,0.020253164556962,0
1082.0,485.0,597.0,1283,1234.0,0.5517560073937153,-49.0,-0.0381917381137957,0
940.0,432.0,508.0,1134,1310.0,0.5404255319148936,176.0,0.1552028218694885,0
830.0,397.0,433.0,948,1000.0,0.5216867469879518,52.0,0.0548523206751054,0
1452.0,652.0,800.0,1006,1102.0,0.5509641873278237,96.0,0.0954274353876739,0
962.0,438.0,524.0,936,993.0,0.5446985446985447,57.0,0.0608974358974358,0
755.0,273.0,482.0,1052,1100.0,0.6384105960264901,48.0,0.0456273764258555,1
1469.0,937.0,532.0,1254,1404.0,0.3621511232130701,150.0,0.1196172248803827,1
956.0,418.0,538.0,1123,1137.0,0.5627615062761506,14.0,0.0124666073018699,0
794.0,395.0,399.0,1137,1169.0,0.5025188916876574,32.0,0.0281442392260334,0
685.0,401.0,284.0,1396,1470.0,0.4145985401459854,74.0,0.0530085959885386,0
1040.0,439.0,601.0,1164,1126.0,0.5778846153846153,-38.0,-0.0326460481099656,1
624.0,376.0,248.0,1220,1254.0,0.3974358974358974,34.0,0.0278688524590163,0
1944.0,1305.0,639.0,1701,1718.0,0.3287037037037037,17.0,0.0099941211052322,0
739.0,314.0,425.0,1174,1274.0,0.5751014884979703,100.0,0.0851788756388415,0
1452.0,1281.0,171.0,1543,1628.0,0.1177685950413223,85.0,0.0550874918988982,0
954.0,560.0,394.0,1459,1436.0,0.4129979035639413,-23.0,-0.0157642220699108,0
1234.0,799.0,435.0,1183,1248.0,0.3525121555915721,65.0,0.0549450549450549,0
799.0,653.0,146.0,1613,1689.0,0.1827284105131414,76.0,0.0471171729696218,0
1668.0,892.0,776.0,1223,1426.0,0.4652278177458033,203.0,0.1659852820932134,0
1262.0,1143.0,119.0,2581,2132.0,0.0942947702060221,-449.0,-0.1739635800077489,1
1296.0,347.0,949.0,1203,1230.0,0.7322530864197531,27.0,0.0224438902743142,0
1805.0,435.0,1370.0,1150,1235.0,0.7590027700831025,85.0,0.0739130434782608,0
1195.0,376.0,819.0,1221,1217.0,0.6853556485355649,-4.0,-0.0032760032760032,0
1675.0,159.0,1516.0,1165,1182.0,0.9050746268656716,17.0,0.0145922746781115,0
1462.0,432.0,1030.0,1057,1164.0,0.7045143638850889,107.0,0.1012298959318826,0
1196.0,861.0,335.0,1531,1382.0,0.2801003344481605,-149.0,-0.0973220117570215,1
1413.0,785.0,628.0,1244,1329.0,0.4444444444444444,85.0,0.0683279742765273,1
1268.0,750.0,518.0,1129,1226.0,0.4085173501577287,97.0,0.0859167404782993,1
1008.0,806.0,202.0,1661,1489.0,0.2003968253968254,-172.0,-0.1035520770620108,1
984.0,418.0,566.0,1412,1437.0,0.5752032520325203,25.0,0.0177053824362606,1
1283.0,866.0,417.0,1629,1650.0,0.3250194855806703,21.0,0.012891344383057,0
1158.0,556.0,602.0,1249,1172.0,0.5198618307426598,-77.0,-0.0616493194555644,1
1525.0,945.0,580.0,1936,1756.0,0.380327868852459,-180.0,-0.0929752066115702,0
2000.0,1799.0,201.0,2903,2800.0,0.1005,-103.0,-0.0354805373751291,0
1131.0,183.0,948.0,948,978.0,0.8381962864721485,30.0,0.0316455696202531,1
1590.0,1441.0,149.0,1773,1805.0,0.0937106918238993,32.0,0.01804850535815,0
1259.0,720.0,539.0,1523,1771.0,0.4281175536139793,248.0,0.1628365068942875,1
2507.0,883.0,1624.0,1343,1460.0,0.6477861986437974,117.0,0.0871183916604616,1
1957.0,772.0,1185.0,1417,1445.0,0.6055186509964231,28.0,0.0197600564573041,0
1623.0,647.0,976.0,1228,1233.0,0.6013555144793592,5.0,0.004071661237785,1
1326.0,336.0,990.0,1400,1446.0,0.746606334841629,46.0,0.0328571428571428,1
1136.0,674.0,462.0,1580,1649.0,0.4066901408450704,69.0,0.0436708860759493,0
881.0,606.0,275.0,1360,1400.0,0.3121452894438138,40.0,0.0294117647058823,1
1979.0,960.0,1019.0,1041,1184.0,0.5149065184436584,143.0,0.1373679154658982,1
2758.0,2045.0,713.0,1787,1818.0,0.2585206671501088,31.0,0.017347509792949,1
1122.0,512.0,610.0,1164,1255.0,0.5436720142602496,91.0,0.0781786941580756,1
1569.0,1001.0,568.0,1408,1347.0,0.3620140216698534,-61.0,-0.0433238636363636,0
725.0,523.0,202.0,1531,1324.0,0.2786206896551724,-207.0,-0.1352057478772044,0
1263.0,709.0,554.0,1163,1211.0,0.4386381631037213,48.0,0.0412725709372313,1
989.0,938.0,51.0,1211,1258.0,0.0515672396359959,47.0,0.0388109000825763,0
2056.0,1084.0,972.0,1186,1268.0,0.4727626459143969,82.0,0.0691399662731871,1
940.0,779.0,161.0,1780,1645.0,0.1712765957446808,-135.0,-0.0758426966292134,0
175.0,154.0,21.0,1278,1382.0,0.12,104.0,0.081377151799687,1
2582.0,1037.0,1545.0,1365,1477.0,0.5983733539891557,112.0,0.082051282051282,1
1930.0,264.0,1666.0,1093,1118.0,0.8632124352331606,25.0,0.0228728270814272,1
1179.0,478.0,701.0,1243,1384.0,0.5945716709075488,141.0,0.1134352373290426,1
1616.0,116.0,1500.0,714,697.0,0.9282178217821784,-17.0,-0.0238095238095238,1
1359.0,724.0,635.0,1722,1766.0,0.4672553348050037,44.0,0.0255516840882694,0
1139.0,161.0,978.0,1286,1344.0,0.858647936786655,58.0,0.0451010886469673,1
1400.0,726.0,674.0,1119,1161.0,0.4814285714285714,42.0,0.0375335120643431,0
1228.0,99.0,1129.0,842,840.0,0.9193811074918566,-2.0,-0.002375296912114,0
2212.0,1500.0,712.0,1489,1540.0,0.321880650994575,51.0,0.0342511752854264,0
699.0,575.0,124.0,1359,1465.0,0.1773962804005722,106.0,0.0779985283296541,1
1389.0,1132.0,257.0,1381,1413.0,0.1850251979841612,32.0,0.0231716147719044,1
581.0,374.0,207.0,1559,1531.0,0.3562822719449225,-28.0,-0.0179602309172546,1
1080.0,298.0,782.0,965,973.0,0.7240740740740741,8.0,0.0082901554404145,1
1697.0,1105.0,592.0,1443,1559.0,0.3488509133765468,116.0,0.0803880803880803,0
1723.0,1274.0,449.0,1613,1719.0,0.2605919907138712,106.0,0.0657160570365778,0
1788.0,612.0,1176.0,1000,975.0,0.6577181208053692,-25.0,-0.025,1
993.0,671.0,322.0,1368,1561.0,0.324269889224572,193.0,0.1410818713450292,0
880.0,237.0,643.0,909,949.0,0.7306818181818182,40.0,0.044004400440044,1
1063.0,11.0,1052.0,817,813.0,0.9896519285042332,-4.0,-0.0048959608323133,0
986.0,59.0,927.0,837,813.0,0.9401622718052738,-24.0,-0.028673835125448,1
1170.0,114.0,1056.0,620,705.0,0.9025641025641026,85.0,0.1370967741935483,1
1222.0,240.0,982.0,909,1000.0,0.8036006546644845,91.0,0.1001100110011001,1
1099.0,6.0,1093.0,641,740.0,0.994540491355778,99.0,0.1544461778471139,0
1702.0,264.0,1438.0,938,988.0,0.8448883666274971,50.0,0.0533049040511727,1
1623.0,20.0,1603.0,1649,1701.0,0.9876771410967344,52.0,0.031534263189812,0
1318.0,331.0,987.0,1624,1668.0,0.7488619119878603,44.0,0.0270935960591133,1
1392.0,279.0,1113.0,1011,1056.0,0.7995689655172413,45.0,0.0445103857566765,1
1011.0,349.0,662.0,1102,1191.0,0.6547972304648862,89.0,0.0807622504537205,1
876.0,260.0,616.0,971,994.0,0.7031963470319634,23.0,0.0236869207003089,0
1287.0,201.0,1086.0,859,1063.0,0.8438228438228438,204.0,0.2374854481955762,0
706.0,103.0,603.0,652,727.0,0.8541076487252125,75.0,0.1150306748466257,1
2487.0,755.0,1732.0,1483,1518.0,0.6964213912344189,35.0,0.0236008091706001,1
1935.0,1153.0,782.0,1337,1379.0,0.4041343669250646,42.0,0.031413612565445,1
1563.0,893.0,670.0,1483,1517.0,0.4286628278950736,34.0,0.0229265003371544,0
2223.0,1070.0,1153.0,1344,1311.0,0.5186684660368871,-33.0,-0.0245535714285714,1
1879.0,758.0,1121.0,1572,1504.0,0.5965939329430548,-68.0,-0.0432569974554707,1
2120.0,243.0,1877.0,1328,1355.0,0.8853773584905661,27.0,0.0203313253012048,0
1433.0,784.0,649.0,1175,1192.0,0.4528960223307746,17.0,0.0144680851063829,1
1179.0,351.0,828.0,1148,1199.0,0.7022900763358778,51.0,0.0444250871080139,0
1263.0,54.0,1209.0,1049,987.0,0.9572446555819476,-62.0,-0.0591039084842707,0
1384.0,1066.0,318.0,1367,1335.0,0.2297687861271676,-32.0,-0.0234089246525237,0
1163.0,1005.0,158.0,1919,2038.0,0.1358555460017197,119.0,0.0620114643043251,0
987.0,795.0,192.0,2626,2645.0,0.1945288753799392,19.0,0.0072353389185072,0
1384.0,1227.0,157.0,1811,1819.0,0.1134393063583815,8.0,0.0044174489232468,0
1086.0,405.0,681.0,1010,1030.0,0.6270718232044199,20.0,0.0198019801980198,0
1382.0,869.0,513.0,1200,1163.0,0.3712011577424023,-37.0,-0.0308333333333333,0
1397.0,1171.0,226.0,2148,2014.0,0.1617752326413743,-134.0,-0.0623836126629422,0
673.0,534.0,139.0,1704,1787.0,0.2065378900445765,83.0,0.0487089201877934,0
1735.0,1215.0,520.0,1458,1437.0,0.2997118155619596,-21.0,-0.0144032921810699,0
1472.0,1216.0,256.0,1174,1113.0,0.1739130434782608,-61.0,-0.0519591141396933,1
1777.0,486.0,1291.0,1112,1168.0,0.7265053460889139,56.0,0.0503597122302158,0
999.0,63.0,936.0,958,1046.0,0.9369369369369368,88.0,0.0918580375782881,0
1174.0,485.0,689.0,1365,1396.0,0.5868824531516184,31.0,0.0227106227106227,0
923.0,344.0,579.0,1169,1228.0,0.6273022751895991,59.0,0.0504704875962361,0
804.0,525.0,279.0,1576,1576.0,0.3470149253731343,0.0,0.0,0
532.0,390.0,142.0,1558,1560.0,0.2669172932330827,2.0,0.0012836970474967,0
1240.0,411.0,829.0,1245,1252.0,0.6685483870967742,7.0,0.0056224899598393,0
1101.0,291.0,810.0,1156,1182.0,0.7356948228882834,26.0,0.0224913494809688,1
679.0,493.0,186.0,1588,1539.0,0.2739322533136966,-49.0,-0.0308564231738035,1
731.0,229.0,502.0,1315,1372.0,0.6867305061559508,57.0,0.0433460076045627,0
645.0,169.0,476.0,863,1010.0,0.737984496124031,147.0,0.1703360370799536,1
1525.0,433.0,1092.0,1198,1196.0,0.7160655737704918,-2.0,-0.001669449081803,1
1033.0,360.0,673.0,1344,1585.0,0.6515004840271055,241.0,0.1793154761904762,0
584.0,280.0,304.0,996,1261.0,0.5205479452054794,265.0,0.2660642570281124,0
1042.0,129.0,913.0,930,1004.0,0.8761996161228407,74.0,0.0795698924731182,1
1168.0,836.0,332.0,1432,1539.0,0.2842465753424658,107.0,0.0747206703910614,0
1643.0,1284.0,359.0,1434,1458.0,0.2185027388922702,24.0,0.0167364016736401,0
1185.0,813.0,372.0,1730,1690.0,0.3139240506329114,-40.0,-0.0231213872832369,0
1519.0,1115.0,404.0,1578,1674.0,0.2659644502962475,96.0,0.0608365019011406,0
506.0,429.0,77.0,1932,2226.0,0.1521739130434782,294.0,0.1521739130434782,0
828.0,669.0,159.0,2059,2071.0,0.1920289855072463,12.0,0.0058280718795531,0
520.0,452.0,68.0,1872,1753.0,0.1307692307692307,-119.0,-0.063568376068376,0
1067.0,880.0,187.0,1724,1877.0,0.1752577319587628,153.0,0.0887470997679814,0
1997.0,1817.0,180.0,1975,1899.0,0.0901352028042063,-76.0,-0.0384810126582278,0
1008.0,905.0,103.0,1790,1726.0,0.1021825396825396,-64.0,-0.035754189944134,0
1745.0,955.0,790.0,1168,1220.0,0.4527220630372492,52.0,0.0445205479452054,1
2224.0,1480.0,744.0,1668,1707.0,0.3345323741007194,39.0,0.0233812949640287,1
890.0,744.0,146.0,1968,2253.0,0.1640449438202247,285.0,0.1448170731707317,0
2110.0,1199.0,911.0,1674,1919.0,0.4317535545023697,245.0,0.1463560334528076,1
1425.0,292.0,1133.0,1222,1233.0,0.7950877192982456,11.0,0.0090016366612111,1
1835.0,866.0,969.0,1186,1305.0,0.5280653950953679,119.0,0.1003372681281618,0
1180.0,606.0,574.0,1395,1178.0,0.4864406779661017,-217.0,-0.1555555555555555,1
1390.0,29.0,1361.0,805,854.0,0.979136690647482,49.0,0.0608695652173913,0
865.0,85.0,780.0,962,983.0,0.9017341040462428,21.0,0.0218295218295218,1
852.0,52.0,800.0,1022,1158.0,0.9389671361502347,136.0,0.1330724070450097,0
1241.0,70.0,1171.0,833,922.0,0.943593875906527,89.0,0.1068427370948379,1
1122.0,0.0,1122.0,745,812.0,1.0,67.0,0.0899328859060402,1
1225.0,277.0,948.0,1091,1308.0,0.7738775510204081,217.0,0.1989000916590284,0
1108.0,536.0,572.0,1501,1602.0,0.516245487364621,101.0,0.067288474350433,1
921.0,457.0,464.0,1259,1286.0,0.503800217155266,27.0,0.0214455917394757,0
655.0,559.0,96.0,2075,1793.0,0.1465648854961832,-282.0,-0.1359036144578313,0
1105.0,281.0,824.0,1033,1173.0,0.7457013574660634,140.0,0.1355275895450145,1
626.0,307.0,319.0,1147,1265.0,0.5095846645367412,118.0,0.1028770706190061,0
1120.0,840.0,280.0,1961,2000.0,0.25,39.0,0.0198878123406425,0
904.0,259.0,645.0,1155,1043.0,0.713495575221239,-112.0,-0.0969696969696969,1
1749.0,1165.0,584.0,1647,1521.0,0.3339050886220697,-126.0,-0.0765027322404371,1
839.0,284.0,555.0,1237,1180.0,0.6615017878426699,-57.0,-0.0460792239288601,1
634.0,201.0,433.0,952,1080.0,0.6829652996845426,128.0,0.134453781512605,1
1303.0,642.0,661.0,1167,1197.0,0.5072908672294705,30.0,0.0257069408740359,1
1122.0,393.0,729.0,1308,1301.0,0.6497326203208557,-7.0,-0.0053516819571865,1
1926.0,311.0,1615.0,1450,1458.0,0.8385254413291796,8.0,0.0055172413793103,1
1229.0,763.0,466.0,1700,1650.0,0.3791700569568755,-50.0,-0.0294117647058823,0
1521.0,265.0,1256.0,1505,1573.0,0.8257725180802103,68.0,0.0451827242524916,0
1628.0,424.0,1204.0,1437,1504.0,0.7395577395577395,67.0,0.0466249130132219,0
1877.0,95.0,1782.0,1036,1089.0,0.9493873201917954,53.0,0.0511583011583011,1
1238.0,613.0,625.0,1871,2004.0,0.5048465266558966,133.0,0.0710849812934259,0
1381.0,367.0,1014.0,1508,1595.0,0.7342505430847213,87.0,0.0576923076923076,0
1496.0,0.0,1496.0,1190,1248.0,1.0,58.0,0.0487394957983193,1
1467.0,283.0,1184.0,1409,1463.0,0.8070892978868439,54.0,0.0383250532292406,0
1506.0,0.0,1506.0,950,925.0,1.0,-25.0,-0.0263157894736842,1
2014.0,61.0,1953.0,1013,1054.0,0.9697120158887784,41.0,0.0404738400789733,1
1655.0,0.0,1655.0,923,977.0,1.0,54.0,0.0585048754062838,1
1352.0,0.0,1352.0,930,1011.0,1.0,81.0,0.0870967741935483,0
1358.0,41.0,1317.0,827,703.0,0.9698085419734904,-124.0,-0.1499395405078597,1
3755.0,2544.0,1211.0,1976,1962.0,0.3225033288948069,-14.0,-0.0070850202429149,0
2152.0,542.0,1610.0,1057,1036.0,0.7481412639405205,-21.0,-0.0198675496688741,1
1489.0,541.0,948.0,1071,1148.0,0.6366689053055742,77.0,0.0718954248366013,0
970.0,588.0,382.0,1279,1411.0,0.3938144329896907,132.0,0.1032056293979671,0
1889.0,1416.0,473.0,1577,1656.0,0.2503970354685018,79.0,0.0500951173113506,0
1788.0,353.0,1435.0,1099,1042.0,0.8025727069351231,-57.0,-0.0518653321201091,1
2456.0,840.0,1616.0,886,1007.0,0.6579804560260586,121.0,0.136568848758465,0
2236.0,1525.0,711.0,1568,1641.0,0.3179785330948121,73.0,0.0465561224489795,1
1668.0,480.0,1188.0,1157,1197.0,0.7122302158273381,40.0,0.03457216940363,0
372.0,256.0,116.0,1177,1207.0,0.3118279569892473,30.0,0.0254885301614273,1
2059.0,231.0,1828.0,1552,1558.0,0.8878096163186012,6.0,0.0038659793814432,0
3591.0,1015.0,2576.0,1540,1637.0,0.7173489278752436,97.0,0.0629870129870129,1
831.0,338.0,493.0,1386,1368.0,0.5932611311672683,-18.0,-0.0129870129870129,0
1334.0,726.0,608.0,1453,1389.0,0.4557721139430284,-64.0,-0.0440467997247075,0
445.0,269.0,176.0,1199,1729.0,0.3955056179775281,530.0,0.4420350291909924,0
791.0,182.0,609.0,1295,1193.0,0.7699115044247787,-102.0,-0.0787644787644787,0
1671.0,111.0,1560.0,1074,1156.0,0.933572710951526,82.0,0.0763500931098696,1
1108.0,344.0,764.0,1185,1189.0,0.6895306859205776,4.0,0.0033755274261603,0
1593.0,112.0,1481.0,986,973.0,0.9296924042686756,-13.0,-0.0131845841784989,0
996.0,424.0,572.0,1239,1322.0,0.5742971887550201,83.0,0.0669895076674737,0
647.0,435.0,212.0,2570,2561.0,0.3276661514683153,-9.0,-0.0035019455252918,0
1094.0,537.0,557.0,1359,1380.0,0.5091407678244972,21.0,0.0154525386313465,1
977.0,424.0,553.0,1046,1301.0,0.5660184237461617,255.0,0.2437858508604206,0
1219.0,256.0,963.0,971,1026.0,0.7899917965545529,55.0,0.0566426364572605,0
1070.0,493.0,577.0,1191,1208.0,0.5392523364485982,17.0,0.0142737195633921,0
1413.0,1063.0,350.0,1836,1764.0,0.2476999292285916,-72.0,-0.0392156862745098,0
498.0,166.0,332.0,2182,2151.0,0.6666666666666666,-31.0,-0.0142071494042163,1
3109.0,601.0,2508.0,1496,1578.0,0.8066902541009972,82.0,0.0548128342245989,1
2048.0,1015.0,1033.0,1507,1711.0,0.50439453125,204.0,0.1353682813536828,0
2139.0,768.0,1371.0,1018,1045.0,0.6409537166900421,27.0,0.0265225933202357,0
1154.0,907.0,247.0,1858,1994.0,0.2140381282495667,136.0,0.0731969860064585,1
2085.0,1186.0,899.0,1343,1379.0,0.4311750599520383,36.0,0.0268056589724497,1
1140.0,434.0,706.0,1040,979.0,0.6192982456140351,-61.0,-0.0586538461538461,1
1135.0,221.0,914.0,1082,1096.0,0.8052863436123348,14.0,0.0129390018484288,0
1107.0,666.0,441.0,1504,1444.0,0.3983739837398374,-60.0,-0.0398936170212766,0
2058.0,1743.0,315.0,2749,2734.0,0.1530612244897959,-15.0,-0.0054565296471444,0
970.0,788.0,182.0,1437,1522.0,0.1876288659793814,85.0,0.0591510090466249,0
1016.0,432.0,584.0,1053,1017.0,0.5748031496062992,-36.0,-0.0341880341880341,1
1699.0,769.0,930.0,1387,1447.0,0.5473808122424956,60.0,0.0432588320115356,0
951.0,133.0,818.0,845,828.0,0.8601472134595163,-17.0,-0.0201183431952662,0
1280.0,790.0,490.0,1544,1532.0,0.3828125,-12.0,-0.0077720207253886,0
892.0,676.0,216.0,1757,1707.0,0.242152466367713,-50.0,-0.0284575981787137,0
812.0,386.0,426.0,916,953.0,0.5246305418719212,37.0,0.0403930131004366,1
1182.0,829.0,353.0,2750,2761.0,0.2986463620981388,11.0,0.004,0
1666.0,1100.0,566.0,1900,1959.0,0.3397358943577431,59.0,0.0310526315789473,1
2225.0,1219.0,1006.0,2173,2167.0,0.4521348314606742,-6.0,-0.0027611596870685,0
1512.0,1324.0,188.0,1918,2223.0,0.1243386243386243,305.0,0.1590198123044838,0
1306.0,1116.0,190.0,2269,2390.0,0.1454823889739663,121.0,0.0533274570295284,1
610.0,414.0,196.0,1139,1337.0,0.321311475409836,198.0,0.1738366988586479,1
644.0,337.0,307.0,1294,1288.0,0.4767080745341615,-6.0,-0.0046367851622874,0
1231.0,991.0,240.0,1745,2023.0,0.1949634443541835,278.0,0.1593123209169054,0
1800.0,699.0,1101.0,1565,1559.0,0.6116666666666667,-6.0,-0.0038338658146964,1
1053.0,192.0,861.0,1233,1280.0,0.8176638176638177,47.0,0.0381184103811841,0
1298.0,102.0,1196.0,1137,1149.0,0.921417565485362,12.0,0.0105540897097625,0
1375.0,518.0,857.0,1352,1494.0,0.6232727272727273,142.0,0.1050295857988165,0
2276.0,648.0,1628.0,1413,1446.0,0.7152899824253075,33.0,0.0233545647558386,0
1096.0,363.0,733.0,1522,1572.0,0.6687956204379562,50.0,0.0328515111695138,0
1090.0,294.0,796.0,1104,1071.0,0.7302752293577982,-33.0,-0.029891304347826,1
718.0,703.0,15.0,2583,2783.0,0.0208913649025069,200.0,0.0774293457220286,0
1237.0,742.0,495.0,1719,1773.0,0.4001616814874696,54.0,0.031413612565445,0
1031.0,589.0,442.0,1305,1342.0,0.4287099903006789,37.0,0.0283524904214559,0
1504.0,157.0,1347.0,894,908.0,0.8956117021276596,14.0,0.0156599552572706,1
2301.0,1495.0,806.0,1393,1437.0,0.3502824858757062,44.0,0.0315865039483129,0
1076.0,279.0,797.0,1037,1025.0,0.7407063197026023,-12.0,-0.0115718418514946,1
1177.0,478.0,699.0,575,574.0,0.5938827527612575,-1.0,-0.0017391304347826,0
1252.0,390.0,862.0,868,929.0,0.6884984025559105,61.0,0.0702764976958525,1
1141.0,272.0,869.0,939,992.0,0.761612620508326,53.0,0.0564430244941427,0
1232.0,1031.0,201.0,3151,2694.0,0.1631493506493506,-457.0,-0.145033322754681,1
1007.0,6.0,1001.0,1486,1469.0,0.9940417080436942,-17.0,-0.0114401076716016,1
618.0,316.0,302.0,1899,1917.0,0.4886731391585761,18.0,0.0094786729857819,1
1999.0,837.0,1162.0,1705,1821.0,0.5812906453226613,116.0,0.0680351906158357,0
1677.0,754.0,923.0,1538,1592.0,0.5503875968992248,54.0,0.0351105331599479,0
931.0,573.0,358.0,1447,1402.0,0.3845327604726101,-45.0,-0.0310988251554941,0
1805.0,377.0,1428.0,1396,1426.0,0.7911357340720222,30.0,0.0214899713467048,1
1195.0,698.0,497.0,1953,2027.0,0.4158995815899581,74.0,0.0378904249871991,1
2520.0,1653.0,867.0,2149,2193.0,0.344047619047619,44.0,0.0204746393671475,0
1651.0,507.0,1144.0,990,1013.0,0.6929133858267716,23.0,0.0232323232323232,1
1544.0,732.0,812.0,1030,1052.0,0.5259067357512953,22.0,0.0213592233009708,1
1667.0,1365.0,302.0,1845,1883.0,0.1811637672465507,38.0,0.0205962059620596,0
1713.0,413.0,1300.0,1504,1603.0,0.7589025102159953,99.0,0.0658244680851063,1
1719.0,802.0,917.0,1755,1731.0,0.5334496800465387,-24.0,-0.0136752136752136,1
2029.0,1496.0,533.0,2122,2305.0,0.2626909807787087,183.0,0.0862393967954759,0
914.0,776.0,138.0,2197,2123.0,0.1509846827133479,-74.0,-0.0336822940373236,0
2400.0,1911.0,489.0,2007,2055.0,0.20375,48.0,0.0239162929745889,1
816.0,412.0,404.0,1004,1071.0,0.4950980392156863,67.0,0.0667330677290836,0
1727.0,420.0,1307.0,1076,1129.0,0.7568037058482918,53.0,0.0492565055762081,1
663.0,150.0,513.0,979,1051.0,0.7737556561085973,72.0,0.0735444330949949,0
1187.0,470.0,717.0,1020,1033.0,0.6040438079191238,13.0,0.0127450980392156,0
1449.0,278.0,1171.0,1072,1098.0,0.8081435472739821,26.0,0.0242537313432835,1
1305.0,406.0,899.0,1051,1086.0,0.6888888888888889,35.0,0.033301617507136,0
735.0,171.0,564.0,1043,1112.0,0.7673469387755102,69.0,0.0661553211888782,0
1014.0,51.0,963.0,1122,1150.0,0.9497041420118344,28.0,0.0249554367201426,0
1000.0,509.0,491.0,1166,1240.0,0.491,74.0,0.0634648370497427,0
1693.0,723.0,970.0,1079,1153.0,0.5729474305965742,74.0,0.0685820203892493,0
586.0,78.0,508.0,909,964.0,0.8668941979522184,55.0,0.0605060506050605,0
1038.0,493.0,545.0,985,1017.0,0.5250481695568401,32.0,0.03248730964467,1
1960.0,1099.0,861.0,1893,1823.0,0.4392857142857143,-70.0,-0.0369783412572636,0
1867.0,1160.0,707.0,1497,1431.0,0.3786823781467595,-66.0,-0.0440881763527054,0
1978.0,1112.0,866.0,1397,1299.0,0.4378159757330637,-98.0,-0.070150322118826,0
502.0,408.0,94.0,1211,1366.0,0.1872509960159362,155.0,0.1279933938893476,0
546.0,508.0,38.0,1744,1711.0,0.0695970695970696,-33.0,-0.0189220183486238,0
1151.0,222.0,929.0,899,944.0,0.8071242397914856,45.0,0.050055617352614,1
1177.0,808.0,369.0,1419,1304.0,0.3135089209855565,-115.0,-0.0810429880197322,0
1809.0,631.0,1178.0,1059,1121.0,0.6511885019347706,62.0,0.0585457979225684,1
967.0,355.0,612.0,842,794.0,0.6328852119958635,-48.0,-0.0570071258907363,1
1376.0,286.0,1090.0,1197,1222.0,0.7921511627906976,25.0,0.0208855472013366,1
1182.0,310.0,872.0,1451,1332.0,0.7377326565143824,-119.0,-0.082012405237767,0
1327.0,328.0,999.0,1453,1442.0,0.7528259231348907,-11.0,-0.0075705437026841,0
1549.0,346.0,1203.0,1507,1491.0,0.776630083925113,-16.0,-0.0106171201061712,0
2733.0,1448.0,1285.0,2576,2594.0,0.4701792901573363,18.0,0.0069875776397515,0
2414.0,251.0,2163.0,1271,1349.0,0.896023198011599,78.0,0.061369000786782,1
2138.0,1697.0,441.0,2168,2287.0,0.206267539756782,119.0,0.0548892988929889,0
1428.0,602.0,826.0,1153,1139.0,0.5784313725490197,-14.0,-0.0121422376409366,1
1795.0,343.0,1452.0,976,981.0,0.8089136490250697,5.0,0.0051229508196721,1
1354.0,258.0,1096.0,977,1056.0,0.8094534711964549,79.0,0.0808597748208802,0
2198.0,1012.0,1186.0,1324,1359.0,0.5395814376706096,35.0,0.0264350453172205,0
1757.0,734.0,1023.0,1101,1055.0,0.5822424587364826,-46.0,-0.0417801998183469,1
355.0,291.0,64.0,3705,3644.0,0.180281690140845,-61.0,-0.016464237516869,0
1498.0,1265.0,233.0,2560,2475.0,0.1555407209612817,-85.0,-0.033203125,1
1335.0,1181.0,154.0,1721,1934.0,0.1153558052434456,213.0,0.1237652527600232,0
1595.0,355.0,1240.0,945,969.0,0.7774294670846394,24.0,0.0253968253968253,1
978.0,316.0,662.0,1190,1213.0,0.6768916155419223,23.0,0.0193277310924369,0
863.0,203.0,660.0,1102,1118.0,0.764774044032445,16.0,0.014519056261343,0
1359.0,1188.0,171.0,3971,4001.0,0.1258278145695364,30.0,0.0075547720977083,0
2390.0,2103.0,287.0,2694,2947.0,0.1200836820083682,253.0,0.0939123979213066,1
1516.0,983.0,533.0,2288,2568.0,0.3515831134564643,280.0,0.1223776223776223,0
1296.0,1022.0,274.0,3302,3240.0,0.2114197530864197,-62.0,-0.0187764990914597,0
1572.0,1280.0,292.0,3407,3581.0,0.1857506361323155,174.0,0.0510713237452304,1
1255.0,1035.0,220.0,1752,1867.0,0.1752988047808765,115.0,0.0656392694063927,0
1000.0,623.0,377.0,1038,1134.0,0.377,96.0,0.0924855491329479,1
1071.0,513.0,558.0,1228,1445.0,0.5210084033613446,217.0,0.1767100977198697,0
1230.0,779.0,451.0,1264,1428.0,0.3666666666666666,164.0,0.1297468354430379,1
900.0,290.0,610.0,1249,1236.0,0.6777777777777778,-13.0,-0.010408326661329,1
623.0,66.0,557.0,1097,1155.0,0.8940609951845907,58.0,0.0528714676390155,1
1695.0,0.0,1695.0,1196,1286.0,1.0,90.0,0.0752508361204013,1
996.0,507.0,489.0,1375,1542.0,0.4909638554216867,167.0,0.1214545454545454,0
1233.0,915.0,318.0,2218,2269.0,0.2579075425790754,51.0,0.0229936880072137,1
951.0,951.0,0.0,3195,3333.0,0.0,138.0,0.0431924882629108,0
1296.0,307.0,989.0,1101,1110.0,0.7631172839506173,9.0,0.0081743869209809,0
1054.0,187.0,867.0,1818,1886.0,0.8225806451612904,68.0,0.0374037403740374,0
1208.0,181.0,1027.0,2106,2035.0,0.8501655629139073,-71.0,-0.033713200379867,0
2317.0,408.0,1909.0,1381,1386.0,0.8239102287440656,5.0,0.00362056480811,1
1895.0,1172.0,723.0,2229,2125.0,0.3815303430079155,-104.0,-0.0466576940331987,0
1945.0,910.0,1035.0,1738,1781.0,0.532133676092545,43.0,0.024741081703107,0
1484.0,712.0,772.0,1616,1536.0,0.5202156334231806,-80.0,-0.0495049504950495,1
1053.0,926.0,127.0,2597,2744.0,0.1206077872744539,147.0,0.0566037735849056,1
1211.0,330.0,881.0,1390,1620.0,0.7274979355904211,230.0,0.1654676258992805,0
749.0,710.0,39.0,3025,3084.0,0.0520694259012016,59.0,0.0195041322314049,0
1902.0,552.0,1350.0,1203,1206.0,0.7097791798107256,3.0,0.0024937655860349,1
1600.0,1273.0,327.0,2610,2631.0,0.204375,21.0,0.0080459770114942,1
1929.0,1467.0,462.0,2464,2372.0,0.23950233281493,-92.0,-0.0373376623376623,0
2250.0,910.0,1340.0,1573,1702.0,0.5955555555555555,129.0,0.0820089001907183,0
987.0,892.0,95.0,3617,3817.0,0.0962512664640324,200.0,0.0552944429084876,0
1159.0,1060.0,99.0,3429,3733.0,0.08541846419327,304.0,0.0886555847185768,0
849.0,0.0,849.0,1004,997.0,1.0,-7.0,-0.0069721115537848,1
833.0,331.0,502.0,1280,1334.0,0.602641056422569,54.0,0.0421875,1
1160.0,108.0,1052.0,1073,1005.0,0.906896551724138,-68.0,-0.0633737185461323,1
1517.0,780.0,737.0,1883,1935.0,0.4858272907053395,52.0,0.0276155071694105,0
1477.0,51.0,1426.0,2197,2176.0,0.965470548408937,-21.0,-0.0095584888484296,1
2502.0,0.0,2502.0,1911,1957.0,1.0,46.0,0.0240711669283097,1
1613.0,0.0,1613.0,1898,1889.0,1.0,-9.0,-0.0047418335089567,0
2007.0,466.0,1541.0,1860,1948.0,0.7678126557050324,88.0,0.0473118279569892,0
1511.0,241.0,1270.0,1612,1642.0,0.8405029781601588,30.0,0.0186104218362282,1
1573.0,0.0,1573.0,1271,1331.0,1.0,60.0,0.04720692368214,1
2050.0,0.0,2050.0,1396,1459.0,1.0,63.0,0.0451289398280802,1
2193.0,298.0,1895.0,1341,1463.0,0.8641130870953032,122.0,0.0909768829231916,0
1330.0,265.0,1065.0,1510,1587.0,0.8007518796992481,77.0,0.0509933774834437,1
1086.0,395.0,691.0,1680,1703.0,0.6362799263351749,23.0,0.0136904761904761,1
2204.0,676.0,1528.0,1477,1580.0,0.6932849364791288,103.0,0.0697359512525389,1
832.0,378.0,454.0,972,995.0,0.5456730769230769,23.0,0.0236625514403292,1
863.0,377.0,486.0,1066,1110.0,0.5631517960602549,44.0,0.0412757973733583,0
1164.0,496.0,668.0,1141,1345.0,0.5738831615120275,204.0,0.1787905346187554,1
2798.0,1010.0,1788.0,1689,1825.0,0.6390278770550393,136.0,0.0805210183540556,1
1239.0,503.0,736.0,1440,1470.0,0.5940274414850686,30.0,0.0208333333333333,1
1294.0,720.0,574.0,1365,1308.0,0.4435857805255023,-57.0,-0.0417582417582417,0
985.0,786.0,199.0,1109,1139.0,0.2020304568527919,30.0,0.0270513976555455,0
1265.0,1086.0,179.0,2167,2277.0,0.1415019762845849,110.0,0.0507614213197969,0
1692.0,1247.0,445.0,1818,1911.0,0.2630023640661938,93.0,0.0511551155115511,0
1377.0,1280.0,97.0,2988,3040.0,0.0704429920116194,52.0,0.0174029451137884,0
1684.0,334.0,1350.0,1089,1152.0,0.8016627078384798,63.0,0.0578512396694214,0
1119.0,603.0,516.0,1727,1682.0,0.4611260053619302,-45.0,-0.0260567458019687,1
1161.0,470.0,691.0,1078,1092.0,0.595176571920758,14.0,0.0129870129870129,1
1506.0,259.0,1247.0,1062,1055.0,0.8280212483399735,-7.0,-0.0065913370998116,1
811.0,732.0,79.0,1798,2003.0,0.0974106041923551,205.0,0.1140155728587319,0
2727.0,409.0,2318.0,942,996.0,0.85001833516685,54.0,0.0573248407643312,0
3197.0,939.0,2258.0,1196,1207.0,0.7062871441976853,11.0,0.0091973244147157,1
3223.0,658.0,2565.0,1223,1209.0,0.7958423828730996,-14.0,-0.0114472608340147,1
920.0,552.0,368.0,1613,1610.0,0.4,-3.0,-0.0018598884066955,0
662.0,400.0,262.0,1409,1408.0,0.3957703927492447,-1.0,-0.0007097232079489,0
1305.0,887.0,418.0,1598,1718.0,0.3203065134099617,120.0,0.0750938673341677,0
1230.0,1119.0,111.0,2299,2388.0,0.0902439024390243,89.0,0.0387124836885602,0
1366.0,1213.0,153.0,1395,1364.0,0.1120058565153733,-31.0,-0.0222222222222222,0
2033.0,1457.0,576.0,1338,1371.0,0.2833251352680767,33.0,0.0246636771300448,0
390.0,186.0,204.0,882,944.0,0.5230769230769231,62.0,0.0702947845804988,0
1600.0,1349.0,251.0,2128,2031.0,0.156875,-97.0,-0.0455827067669172,0
1788.0,1264.0,524.0,1835,1819.0,0.2930648769574944,-16.0,-0.0087193460490463,0
1310.0,1193.0,117.0,2091,2027.0,0.0893129770992366,-64.0,-0.0306073648971783,0
1131.0,715.0,416.0,1217,1224.0,0.367816091954023,7.0,0.0057518488085456,0
713.0,404.0,309.0,1643,1630.0,0.4333800841514726,-13.0,-0.0079123554473524,0
2071.0,1824.0,247.0,2253,2434.0,0.1192660550458715,181.0,0.0803373280071016,0
1113.0,789.0,324.0,1186,1256.0,0.2911051212938005,70.0,0.0590219224283305,0
674.0,576.0,98.0,1376,1553.0,0.14540059347181,177.0,0.1286337209302325,0
2136.0,1405.0,731.0,1287,1164.0,0.3422284644194756,-123.0,-0.0955710955710955,1
650.0,579.0,71.0,2006,1967.0,0.1092307692307692,-39.0,-0.0194416749750747,0
1994.0,1083.0,911.0,1304,1377.0,0.4568706118355065,73.0,0.0559815950920245,0
1741.0,826.0,915.0,1344,1433.0,0.5255600229753016,89.0,0.0662202380952381,0
1193.0,651.0,542.0,949,914.0,0.4543168482816429,-35.0,-0.0368809272918862,0
1196.0,997.0,199.0,1526,1536.0,0.1663879598662207,10.0,0.0065530799475753,0
1049.0,643.0,406.0,1821,1780.0,0.3870352716873212,-41.0,-0.0225151015925315,0
757.0,611.0,146.0,2502,2339.0,0.1928665785997358,-163.0,-0.0651478816946442,0
1766.0,824.0,942.0,1619,1794.0,0.5334088335220838,175.0,0.1080914144533662,0
1120.0,186.0,934.0,989,974.0,0.8339285714285715,-15.0,-0.0151668351870576,0
931.0,537.0,394.0,1431,1438.0,0.4232008592910848,7.0,0.0048916841369671,0
797.0,506.0,291.0,1486,1472.0,0.3651191969887076,-14.0,-0.0094212651413189,0
1043.0,539.0,504.0,1299,1227.0,0.4832214765100671,-72.0,-0.0554272517321016,0
2221.0,1784.0,437.0,1685,1665.0,0.1967582170193606,-20.0,-0.0118694362017804,1
3344.0,2887.0,457.0,2792,2746.0,0.1366626794258373,-46.0,-0.0164756446991404,0
2540.0,1941.0,599.0,1823,1948.0,0.2358267716535433,125.0,0.0685682940208447,0
682.0,518.0,164.0,1539,1544.0,0.2404692082111437,5.0,0.0032488628979857,1
1191.0,969.0,222.0,1879,1753.0,0.1863979848866498,-126.0,-0.0670569451836083,0
893.0,792.0,101.0,835,772.0,0.1131019036954087,-63.0,-0.0754491017964071,1
1289.0,1066.0,223.0,1902,1737.0,0.1730023273855702,-165.0,-0.0867507886435331,1
1144.0,922.0,222.0,1591,1100.0,0.194055944055944,-491.0,-0.3086109365179132,1
1828.0,1656.0,172.0,1404,1521.0,0.0940919037199124,117.0,0.0833333333333333,0
1821.0,1451.0,370.0,2170,2221.0,0.2031850631521142,51.0,0.0235023041474654,0
2913.0,2323.0,590.0,1928,1999.0,0.2025403364229316,71.0,0.0368257261410788,0
831.0,780.0,51.0,1493,1387.0,0.0613718411552346,-106.0,-0.0709979906229069,0
1628.0,1176.0,452.0,1560,1398.0,0.2776412776412776,-162.0,-0.1038461538461538,0
681.0,648.0,33.0,439,463.0,0.0484581497797356,24.0,0.0546697038724373,1
1639.0,1401.0,238.0,2022,2008.0,0.1452104942037828,-14.0,-0.0069238377843719,0
1384.0,1200.0,184.0,2228,1835.0,0.1329479768786127,-393.0,-0.176391382405745,0
985.0,605.0,380.0,1863,2005.0,0.3857868020304568,142.0,0.0762211486849168,0
1755.0,779.0,976.0,1281,1381.0,0.5561253561253561,100.0,0.078064012490242,0
2143.0,1741.0,402.0,2517,2435.0,0.1875874941670555,-82.0,-0.0325784664282876,0
740.0,284.0,456.0,859,856.0,0.6162162162162163,-3.0,-0.0034924330616996,0
893.0,753.0,140.0,2347,2113.0,0.1567749160134378,-234.0,-0.0997017469109501,0
1387.0,1283.0,104.0,2566,2674.0,0.0749819754866618,108.0,0.0420888542478565,0
1653.0,1033.0,620.0,654,684.0,0.3750756200846944,30.0,0.0458715596330275,0
1432.0,1071.0,361.0,1113,1124.0,0.2520949720670391,11.0,0.0098831985624438,0
1427.0,31.0,1396.0,981,997.0,0.9782761037140856,16.0,0.0163098878695209,0
194.0,127.0,67.0,1833,1850.0,0.345360824742268,17.0,0.0092744135297326,0
1112.0,963.0,149.0,2218,2215.0,0.1339928057553956,-3.0,-0.0013525698827772,0
1163.0,251.0,912.0,1261,1303.0,0.7841788478073947,42.0,0.0333068992862807,0
1075.0,809.0,266.0,1364,1394.0,0.2474418604651163,30.0,0.0219941348973607,0
1704.0,1128.0,576.0,1245,1240.0,0.3380281690140845,-5.0,-0.0040160642570281,0
1635.0,584.0,1051.0,897,916.0,0.6428134556574924,19.0,0.0211817168338907,0
1277.0,961.0,316.0,1214,1205.0,0.2474549725920125,-9.0,-0.0074135090609555,0
1205.0,1103.0,102.0,2729,2704.0,0.0846473029045643,-25.0,-0.0091608647856357,0
1161.0,1065.0,96.0,2755,2735.0,0.082687338501292,-20.0,-0.0072595281306715,0
1356.0,1249.0,107.0,3106,2980.0,0.0789085545722713,-126.0,-0.0405666452028332,0
898.0,345.0,553.0,1135,1176.0,0.6158129175946548,41.0,0.0361233480176211,0
1113.0,835.0,278.0,1763,1773.0,0.2497753818508535,10.0,0.0056721497447532,0
710.0,610.0,100.0,1170,1275.0,0.1408450704225352,105.0,0.0897435897435897,0
788.0,605.0,183.0,1595,1479.0,0.232233502538071,-116.0,-0.0727272727272727,0
1230.0,466.0,764.0,1189,1153.0,0.6211382113821138,-36.0,-0.0302775441547518,0
1122.0,849.0,273.0,1478,1458.0,0.2433155080213903,-20.0,-0.013531799729364,0
1257.0,1050.0,207.0,2293,2304.0,0.1646778042959427,11.0,0.0047972088966419,0
1338.0,853.0,485.0,1255,1202.0,0.3624813153961136,-53.0,-0.0422310756972111,1
2665.0,984.0,1681.0,1031,1035.0,0.6307692307692307,4.0,0.0038797284190106,0
1637.0,1408.0,229.0,1957,1958.0,0.1398900427611484,1.0,0.0005109862033725,0
1698.0,1430.0,268.0,2155,2097.0,0.1578327444051825,-58.0,-0.0269141531322505,0
1561.0,441.0,1120.0,1293,1275.0,0.7174887892376681,-18.0,-0.0139211136890951,0
2162.0,994.0,1168.0,739,783.0,0.5402405180388529,44.0,0.0595399188092016,0
1373.0,1242.0,131.0,862,869.0,0.0954115076474872,7.0,0.0081206496519721,1
1007.0,580.0,427.0,1009,938.0,0.4240317775571003,-71.0,-0.0703666997026759,0
2321.0,1852.0,469.0,1074,1136.0,0.2020680741059888,62.0,0.0577281191806331,0
1348.0,451.0,897.0,818,745.0,0.6654302670623146,-73.0,-0.089242053789731,0
1743.0,892.0,851.0,1029,886.0,0.4882386689615605,-143.0,-0.1389698736637512,0
1322.0,1141.0,181.0,1902,1858.0,0.1369137670196671,-44.0,-0.0231335436382754,0
1520.0,884.0,636.0,1332,1343.0,0.4184210526315789,11.0,0.0082582582582582,0
712.0,599.0,113.0,2085,1884.0,0.1587078651685393,-201.0,-0.0964028776978417,0
1439.0,1277.0,162.0,2328,2220.0,0.1125781792911744,-108.0,-0.0463917525773195,0
817.0,579.0,238.0,1106,1192.0,0.2913096695226438,86.0,0.077757685352622,0
2790.0,1841.0,949.0,1346,1398.0,0.3401433691756272,52.0,0.038632986627043,0
1895.0,1448.0,447.0,1570,1561.0,0.2358839050131926,-9.0,-0.0057324840764331,0
2406.0,1885.0,521.0,2122,1969.0,0.2165419783873649,-153.0,-0.0721017907634307,0
2191.0,1732.0,459.0,1861,1881.0,0.2094933820173437,20.0,0.0107469102632993,0
1635.0,1048.0,587.0,1664,1621.0,0.3590214067278287,-43.0,-0.0258413461538461,0
1055.0,668.0,387.0,1806,1815.0,0.366824644549763,9.0,0.0049833887043189,0
1162.0,779.0,383.0,2109,1942.0,0.32960413080895,-167.0,-0.0791844476055002,0
1016.0,921.0,95.0,2366,2461.0,0.093503937007874,95.0,0.0401521555367709,0
807.0,700.0,107.0,2504,2194.0,0.1325898389095415,-310.0,-0.1238019169329073,0
658.0,581.0,77.0,1818,1590.0,0.1170212765957446,-228.0,-0.1254125412541254,0
3674.0,2793.0,881.0,1168,1141.0,0.2397931409907457,-27.0,-0.0231164383561643,1
1277.0,1015.0,262.0,1276,1582.0,0.2051683633516053,306.0,0.2398119122257053,0
1444.0,1192.0,252.0,1710,1982.0,0.1745152354570637,272.0,0.1590643274853801,0
955.0,455.0,500.0,1136,1055.0,0.5235602094240838,-81.0,-0.0713028169014084,1
1014.0,942.0,72.0,1979,1924.0,0.0710059171597633,-55.0,-0.0277918140474987,0
2064.0,1912.0,152.0,2434,2545.0,0.0736434108527131,111.0,0.0456039441248972,0
2095.0,691.0,1404.0,1345,1364.0,0.6701670644391408,19.0,0.0141263940520446,0
1844.0,1311.0,533.0,1120,1102.0,0.2890455531453362,-18.0,-0.0160714285714285,1
1362.0,740.0,622.0,837,843.0,0.4566813509544787,6.0,0.007168458781362,0
2620.0,1006.0,1614.0,1385,1374.0,0.6160305343511451,-11.0,-0.007942238267148,0
1190.0,843.0,347.0,1208,1263.0,0.2915966386554622,55.0,0.0455298013245033,0
806.0,601.0,205.0,1078,1169.0,0.2543424317617866,91.0,0.0844155844155844,0
1305.0,996.0,309.0,1739,1657.0,0.2367816091954023,-82.0,-0.0471535365152386,0
1177.0,806.0,371.0,1316,1321.0,0.3152081563296516,5.0,0.0037993920972644,0
929.0,728.0,201.0,839,1046.0,0.2163616792249731,207.0,0.2467222884386174,0
1618.0,1397.0,221.0,2867,2929.0,0.1365883807169345,62.0,0.0216253923962329,0
1740.0,243.0,1497.0,1067,1063.0,0.8603448275862069,-4.0,-0.0037488284910965,1
2530.0,2254.0,276.0,1129,1193.0,0.109090909090909,64.0,0.0566873339238264,0
1572.0,1474.0,98.0,2071,2173.0,0.0623409669211195,102.0,0.0492515692901979,0
2717.0,2096.0,621.0,758,836.0,0.228560912771439,78.0,0.1029023746701846,0
1759.0,1406.0,353.0,978,914.0,0.2006822057987493,-64.0,-0.065439672801636,0
2528.0,1733.0,795.0,1198,1280.0,0.3144778481012658,82.0,0.0684474123539232,0
1524.0,1270.0,254.0,1590,1521.0,0.1666666666666666,-69.0,-0.0433962264150943,0
945.0,855.0,90.0,2077,1919.0,0.0952380952380952,-158.0,-0.0760712566201251,1
1268.0,1045.0,223.0,1599,1536.0,0.1758675078864353,-63.0,-0.0393996247654784,0
835.0,590.0,245.0,1593,1507.0,0.2934131736526946,-86.0,-0.0539861895794099,0
2674.0,1068.0,1606.0,1451,1421.0,0.600598354525056,-30.0,-0.0206753962784286,0
996.0,167.0,829.0,951,952.0,0.8323293172690763,1.0,0.0010515247108307,0
1398.0,1162.0,236.0,1747,1663.0,0.1688125894134478,-84.0,-0.0480824270177447,0
2174.0,1275.0,899.0,979,1041.0,0.4135234590616375,62.0,0.0633299284984678,0
1877.0,805.0,1072.0,1177,1145.0,0.5711241342567928,-32.0,-0.0271877655055225,0
953.0,340.0,613.0,921,914.0,0.6432318992654774,-7.0,-0.007600434310532,0
1260.0,911.0,349.0,1215,1176.0,0.276984126984127,-39.0,-0.0320987654320987,0
1790.0,1043.0,747.0,561,579.0,0.4173184357541899,18.0,0.0320855614973262,0
2250.0,1899.0,351.0,1135,1141.0,0.156,6.0,0.0052863436123348,0
1379.0,1084.0,295.0,711,735.0,0.2139231327048586,24.0,0.0337552742616033,0
578.0,502.0,76.0,1974,1933.0,0.1314878892733564,-41.0,-0.0207700101317122,0
751.0,568.0,183.0,1707,1747.0,0.2436750998668442,40.0,0.0234329232571763,0
2405.0,1328.0,1077.0,1504,1464.0,0.4478170478170478,-40.0,-0.026595744680851,1
2565.0,1417.0,1148.0,724,792.0,0.4475633528265107,68.0,0.0939226519337016,0
945.0,318.0,627.0,962,908.0,0.6634920634920635,-54.0,-0.0561330561330561,0
667.0,454.0,213.0,1291,1312.0,0.3193403298350825,21.0,0.016266460108443,0
1381.0,875.0,506.0,457,575.0,0.3664011585807386,118.0,0.2582056892778993,0
2309.0,1456.0,853.0,1244,1284.0,0.3694239930705933,40.0,0.0321543408360128,0
605.0,441.0,164.0,999,1048.0,0.2710743801652892,49.0,0.049049049049049,0
1433.0,1213.0,220.0,1589,1648.0,0.1535240753663642,59.0,0.0371302706104468,0
740.0,489.0,251.0,577,556.0,0.3391891891891891,-21.0,-0.0363951473136915,0
650.0,377.0,273.0,696,786.0,0.42,90.0,0.1293103448275862,0
1350.0,1204.0,146.0,373,381.0,0.1081481481481481,8.0,0.0214477211796246,1
747.0,547.0,200.0,617,590.0,0.2677376171352075,-27.0,-0.0437601296596434,1
3065.0,2812.0,253.0,2776,2778.0,0.0825448613376835,2.0,0.0007204610951008,0
1806.0,1688.0,118.0,3100,3038.0,0.0653377630121816,-62.0,-0.02,0
1172.0,1034.0,138.0,2310,2251.0,0.1177474402730375,-59.0,-0.0255411255411255,0
1744.0,1502.0,242.0,2453,2368.0,0.1387614678899082,-85.0,-0.034651447207501,0
1823.0,1375.0,448.0,2042,2124.0,0.2457487657707076,82.0,0.0401567091087169,0
2074.0,1264.0,810.0,1622,1708.0,0.390549662487946,86.0,0.0530209617755857,0
2747.0,2294.0,453.0,2583,2549.0,0.1649071714597743,-34.0,-0.0131629887727448,0
2235.0,1934.0,301.0,2327,2343.0,0.1346756152125279,16.0,0.0068758057584873,0
2007.0,1572.0,435.0,1873,1904.0,0.2167414050822122,31.0,0.0165509877202349,0
1092.0,759.0,333.0,1357,1389.0,0.3049450549450549,32.0,0.0235814296241709,0
1859.0,1433.0,426.0,1374,1277.0,0.2291554599246907,-97.0,-0.0705967976710334,1
818.0,371.0,447.0,1426,1409.0,0.5464547677261614,-17.0,-0.0119214586255259,0
551.0,391.0,160.0,1246,1174.0,0.2903811252268602,-72.0,-0.0577849117174959,0
816.0,326.0,490.0,1002,978.0,0.6004901960784313,-24.0,-0.0239520958083832,0
1133.0,812.0,321.0,1482,1451.0,0.2833186231244484,-31.0,-0.0209176788124156,0
897.0,541.0,356.0,1259,1334.0,0.3968784838350055,75.0,0.0595710881652104,0
513.0,144.0,369.0,1009,1023.0,0.7192982456140351,14.0,0.0138751238850346,1
1265.0,842.0,423.0,1072,1086.0,0.3343873517786561,14.0,0.0130597014925373,0
1280.0,629.0,651.0,1197,1123.0,0.50859375,-74.0,-0.0618212197159565,0
1617.0,1137.0,480.0,2084,2032.0,0.2968460111317254,-52.0,-0.0249520153550863,0
1103.0,946.0,157.0,2346,2346.0,0.14233907524932,0.0,0.0,0
1045.0,665.0,380.0,1586,1584.0,0.3636363636363636,-2.0,-0.0012610340479192,0
1585.0,1375.0,210.0,2080,1707.0,0.1324921135646687,-373.0,-0.179326923076923,1
1660.0,1433.0,227.0,2112,2043.0,0.1367469879518072,-69.0,-0.0326704545454545,0
847.0,452.0,395.0,1311,1563.0,0.4663518299881936,252.0,0.1922196796338672,0
1374.0,1053.0,321.0,1495,1677.0,0.2336244541484716,182.0,0.1217391304347826,1
1371.0,1266.0,105.0,1887,1743.0,0.0765864332603938,-144.0,-0.0763116057233704,0
1641.0,1193.0,448.0,1765,1585.0,0.2730042656916514,-180.0,-0.1019830028328611,0
1877.0,1192.0,685.0,1564,1492.0,0.3649440596696857,-72.0,-0.0460358056265984,0
824.0,651.0,173.0,1431,1406.0,0.2099514563106796,-25.0,-0.0174703004891684,0
3451.0,2620.0,831.0,2370,2295.0,0.2407997681831353,-75.0,-0.0316455696202531,0
1352.0,1000.0,352.0,1379,1261.0,0.2603550295857988,-118.0,-0.0855692530819434,0
1024.0,462.0,562.0,968,955.0,0.548828125,-13.0,-0.0134297520661157,0
1740.0,872.0,868.0,786,781.0,0.4988505747126436,-5.0,-0.0063613231552162,1
2528.0,902.0,1626.0,738,753.0,0.6431962025316456,15.0,0.0203252032520325,0
2577.0,1840.0,737.0,868,889.0,0.2859914629414047,21.0,0.0241935483870967,1
1036.0,912.0,124.0,1133,1253.0,0.1196911196911196,120.0,0.1059135039717564,0
1794.0,1094.0,700.0,923,899.0,0.3901895206243032,-24.0,-0.0260021668472372,0
1713.0,1370.0,343.0,1474,1416.0,0.2002335084646818,-58.0,-0.039348710990502,0
1502.0,925.0,577.0,1153,1304.0,0.3841544607190413,151.0,0.1309627059843885,0
1738.0,1536.0,202.0,2839,2872.0,0.1162255466052934,33.0,0.0116238112011271,0
1779.0,1488.0,291.0,1927,1926.0,0.163575042158516,-1.0,-0.0005189413596263,0
1111.0,981.0,130.0,1871,1785.0,0.117011701170117,-86.0,-0.045964724746125,0
908.0,645.0,263.0,1651,1527.0,0.289647577092511,-124.0,-0.0751059963658388,0
900.0,595.0,305.0,1424,1387.0,0.3388888888888889,-37.0,-0.0259831460674157,0
1168.0,934.0,234.0,1885,2102.0,0.2003424657534246,217.0,0.1151193633952254,0
654.0,573.0,81.0,2187,2553.0,0.1238532110091743,366.0,0.1673525377229081,0
1733.0,1035.0,698.0,1885,1611.0,0.4027697634160415,-274.0,-0.1453580901856764,0
1840.0,1593.0,247.0,2819,2944.0,0.1342391304347826,125.0,0.0443419652358992,0
1200.0,1068.0,132.0,666,702.0,0.11,36.0,0.054054054054054,1
1484.0,1118.0,366.0,602,674.0,0.2466307277628032,72.0,0.1196013289036544,1
1149.0,985.0,164.0,1958,1939.0,0.1427328111401218,-19.0,-0.0097037793667007,0
786.0,652.0,134.0,1653,1653.0,0.1704834605597964,0.0,0.0,0
1548.0,1086.0,462.0,1812,1794.0,0.2984496124031007,-18.0,-0.009933774834437,0
456.0,428.0,28.0,2126,1927.0,0.0614035087719298,-199.0,-0.0936030103480715,1
1846.0,1614.0,232.0,1171,1176.0,0.1256771397616468,5.0,0.0042698548249359,0
2097.0,1941.0,156.0,2514,2455.0,0.0743919885550786,-59.0,-0.0234685759745425,0
1317.0,1153.0,164.0,2162,2228.0,0.1245254365983295,66.0,0.030527289546716,0
1604.0,1362.0,242.0,2047,2169.0,0.1508728179551122,122.0,0.0595994137762579,0
1830.0,1153.0,677.0,2311,2205.0,0.3699453551912568,-106.0,-0.0458675897879705,0
1304.0,543.0,761.0,1711,1748.0,0.5835889570552147,37.0,0.021624780829924,0
1159.0,963.0,196.0,2509,2745.0,0.1691113028472821,236.0,0.0940613790354723,0
2256.0,1893.0,363.0,926,1148.0,0.1609042553191489,222.0,0.2397408207343412,1
2050.0,1862.0,188.0,2204,2246.0,0.0917073170731707,42.0,0.0190562613430127,0
2527.0,1805.0,722.0,2416,2251.0,0.2857142857142857,-165.0,-0.0682947019867549,0
2302.0,2174.0,128.0,2548,2540.0,0.0556038227628149,-8.0,-0.0031397174254317,0
929.0,489.0,440.0,1159,1221.0,0.4736275565123789,62.0,0.0534943917169974,0
1861.0,1268.0,593.0,1380,1401.0,0.3186458893068243,21.0,0.0152173913043478,0
2074.0,1669.0,405.0,1135,1060.0,0.195274831243973,-75.0,-0.066079295154185,1
1424.0,1072.0,352.0,1796,1713.0,0.247191011235955,-83.0,-0.0462138084632516,0
1083.0,855.0,228.0,1655,1540.0,0.2105263157894736,-115.0,-0.0694864048338368,0
602.0,510.0,92.0,1239,1237.0,0.1528239202657807,-2.0,-0.0016142050040355,1
1961.0,1545.0,416.0,1266,1354.0,0.2121366649668536,88.0,0.0695102685624012,0
1065.0,402.0,663.0,764,681.0,0.6225352112676056,-83.0,-0.1086387434554973,1
1685.0,834.0,851.0,926,913.0,0.5050445103857567,-13.0,-0.0140388768898488,0
1214.0,571.0,643.0,965,900.0,0.5296540362438221,-65.0,-0.0673575129533678,0
812.0,271.0,541.0,1067,1000.0,0.666256157635468,-67.0,-0.0627928772258669,0
1306.0,529.0,777.0,1142,1133.0,0.5949464012251149,-9.0,-0.0078809106830122,0
1582.0,767.0,815.0,800,856.0,0.5151706700379267,56.0,0.07,0
1600.0,622.0,978.0,1016,1006.0,0.61125,-10.0,-0.0098425196850393,0
1141.0,333.0,808.0,874,848.0,0.708150744960561,-26.0,-0.0297482837528604,0
679.0,431.0,248.0,886,900.0,0.3652430044182621,14.0,0.0158013544018058,0
1536.0,419.0,1117.0,879,921.0,0.7272135416666666,42.0,0.0477815699658703,0
1115.0,915.0,200.0,1550,1498.0,0.179372197309417,-52.0,-0.0335483870967741,0
990.0,739.0,251.0,1377,1312.0,0.2535353535353535,-65.0,-0.0472040668119099,0
1955.0,805.0,1150.0,1423,1425.0,0.5882352941176471,2.0,0.0014054813773717,0
2004.0,966.0,1038.0,1475,1436.0,0.5179640718562875,-39.0,-0.0264406779661016,0
1875.0,1187.0,688.0,1354,1362.0,0.3669333333333333,8.0,0.0059084194977843,0
1315.0,191.0,1124.0,796,869.0,0.8547528517110267,73.0,0.0917085427135678,0
2424.0,1682.0,742.0,1179,1243.0,0.3061056105610561,64.0,0.0542832909245123,1
1601.0,1036.0,565.0,1303,1396.0,0.3529044347282948,93.0,0.0713737528779739,0
2276.0,1379.0,897.0,968,1000.0,0.3941124780316344,32.0,0.0330578512396694,0
737.0,385.0,352.0,1237,1308.0,0.4776119402985074,71.0,0.057396928051738,0
2041.0,860.0,1181.0,1463,1491.0,0.5786379225869672,28.0,0.0191387559808612,0
966.0,830.0,136.0,1861,1790.0,0.1407867494824016,-71.0,-0.0381515314347125,0
1184.0,1051.0,133.0,1422,1370.0,0.112331081081081,-52.0,-0.0365682137834036,0
1794.0,816.0,978.0,1003,1047.0,0.5451505016722408,44.0,0.0438683948155533,1
1693.0,1602.0,91.0,2860,2940.0,0.0537507383343177,80.0,0.0279720279720279,0
1515.0,1170.0,345.0,885,1017.0,0.2277227722772277,132.0,0.1491525423728813,0
1814.0,487.0,1327.0,1107,1135.0,0.7315325248070562,28.0,0.025293586269196,0
2046.0,1433.0,613.0,1074,1176.0,0.2996089931573802,102.0,0.0949720670391061,0
1633.0,512.0,1121.0,929,930.0,0.6864666258420086,1.0,0.0010764262648008,0
1396.0,840.0,556.0,908,885.0,0.3982808022922636,-23.0,-0.0253303964757709,0
1457.0,852.0,605.0,1108,998.0,0.4152367879203844,-110.0,-0.0992779783393501,0
2256.0,1009.0,1247.0,1104,1216.0,0.5527482269503546,112.0,0.1014492753623188,0
2462.0,1779.0,683.0,585,600.0,0.277416734362307,15.0,0.0256410256410256,0
963.0,818.0,145.0,1093,1238.0,0.1505711318795431,145.0,0.1326623970722781,0
1546.0,1182.0,364.0,1625,1633.0,0.2354463130659767,8.0,0.0049230769230769,0
2181.0,1869.0,312.0,1803,1756.0,0.1430536451169188,-47.0,-0.0260676650027731,0
735.0,686.0,49.0,2380,2398.0,0.0666666666666666,18.0,0.007563025210084,0
850.0,802.0,48.0,2176,2295.0,0.0564705882352941,119.0,0.0546875,0
988.0,764.0,224.0,1325,1234.0,0.2267206477732793,-91.0,-0.0686792452830188,0
660.0,257.0,403.0,962,1054.0,0.6106060606060606,92.0,0.0956340956340956,0
1538.0,504.0,1034.0,1115,1115.0,0.6723016905071522,0.0,0.0,0
1610.0,285.0,1325.0,958,966.0,0.8229813664596274,8.0,0.0083507306889352,1
1786.0,505.0,1281.0,981,996.0,0.7172452407614781,15.0,0.0152905198776758,1
949.0,735.0,214.0,1710,1943.0,0.2255005268703898,233.0,0.1362573099415204,0
2104.0,1076.0,1028.0,1208,1398.0,0.4885931558935361,190.0,0.1572847682119205,0
950.0,809.0,141.0,2051,1962.0,0.1484210526315789,-89.0,-0.0433934666016577,0
1356.0,445.0,911.0,1177,1219.0,0.6718289085545722,42.0,0.0356839422259983,1
465.0,237.0,228.0,1087,1066.0,0.4903225806451612,-21.0,-0.0193192272309107,1
1670.0,561.0,1109.0,900,929.0,0.6640718562874252,29.0,0.0322222222222222,0
672.0,434.0,238.0,1129,1203.0,0.3541666666666667,74.0,0.0655447298494242,0
1677.0,1194.0,483.0,1657,1700.0,0.2880143112701252,43.0,0.0259505129752564,0
1541.0,673.0,868.0,1017,984.0,0.5632706035042181,-33.0,-0.0324483775811209,0
1069.0,771.0,298.0,983,1026.0,0.2787652011225444,43.0,0.0437436419125127,1
1114.0,626.0,488.0,772,782.0,0.4380610412926391,10.0,0.0129533678756476,0
1352.0,788.0,564.0,936,851.0,0.4171597633136095,-85.0,-0.0908119658119658,1
1167.0,484.0,683.0,615,694.0,0.585261353898886,79.0,0.1284552845528455,1
708.0,174.0,534.0,745,743.0,0.7542372881355932,-2.0,-0.0026845637583892,1
892.0,648.0,244.0,1652,1761.0,0.273542600896861,109.0,0.0659806295399515,0
779.0,633.0,146.0,1653,1283.0,0.1874197689345314,-370.0,-0.2238354506957048,0
868.0,639.0,229.0,1679,1862.0,0.2638248847926267,183.0,0.1089934484812388,0
1669.0,702.0,967.0,1108,1129.0,0.579388855602157,21.0,0.0189530685920577,0
2377.0,2050.0,327.0,1954,1983.0,0.1375683634833824,29.0,0.0148413510747185,0
1550.0,1201.0,349.0,2780,2538.0,0.2251612903225806,-242.0,-0.0870503597122302,0
2020.0,1614.0,406.0,2892,2549.0,0.200990099009901,-343.0,-0.1186030428769017,0
1299.0,1189.0,110.0,2381,2582.0,0.0846805234795996,201.0,0.0844183116337673,0
1716.0,1564.0,152.0,2802,2684.0,0.0885780885780885,-118.0,-0.0421127765881513,0
2390.0,1713.0,677.0,2217,2218.0,0.2832635983263598,1.0,0.0004510599909788,0
1497.0,1192.0,305.0,1717,1545.0,0.2037408149632598,-172.0,-0.1001747233546884,0
1003.0,728.0,275.0,2223,2029.0,0.2741774675972084,-194.0,-0.0872694556905083,0
2076.0,1812.0,264.0,2658,2908.0,0.1271676300578034,250.0,0.0940556809631301,0
1667.0,1380.0,287.0,2014,2080.0,0.1721655668866226,66.0,0.0327706057596822,0
2208.0,1755.0,453.0,1967,1998.0,0.2051630434782608,31.0,0.0157600406710727,0
1765.0,1368.0,397.0,2366,2407.0,0.2249291784702549,41.0,0.0173288250211327,0
827.0,669.0,158.0,1441,1603.0,0.1910519951632406,162.0,0.1124219292158223,0
1064.0,674.0,390.0,1453,1393.0,0.3665413533834586,-60.0,-0.0412938747419132,0
4040.0,3665.0,375.0,2687,2708.0,0.0928217821782178,21.0,0.0078154075176777,0
889.0,394.0,495.0,1014,1012.0,0.5568053993250843,-2.0,-0.0019723865877712,1
1822.0,961.0,861.0,1734,1678.0,0.4725576289791438,-56.0,-0.0322952710495963,0
1053.0,984.0,69.0,1958,1967.0,0.0655270655270655,9.0,0.0045965270684371,0
1285.0,1090.0,195.0,1710,1832.0,0.1517509727626459,122.0,0.071345029239766,0
1784.0,1446.0,338.0,1936,1825.0,0.1894618834080717,-111.0,-0.0573347107438016,0
1855.0,1323.0,532.0,700,685.0,0.2867924528301886,-15.0,-0.0214285714285714,0
1561.0,771.0,790.0,863,991.0,0.5060858424087123,128.0,0.1483198146002317,0
1382.0,888.0,494.0,1253,1309.0,0.3574529667149059,56.0,0.0446927374301676,0
1048.0,697.0,351.0,1877,1839.0,0.3349236641221374,-38.0,-0.0202450719232818,0
1304.0,1219.0,85.0,2201,2553.0,0.0651840490797546,352.0,0.1599273057701045,0
1738.0,1281.0,457.0,1146,1151.0,0.262945914844649,5.0,0.0043630017452006,0
1068.0,432.0,636.0,798,903.0,0.5955056179775281,105.0,0.131578947368421,0
2534.0,1896.0,638.0,770,688.0,0.2517758484609313,-82.0,-0.1064935064935064,1
1671.0,1177.0,494.0,1024,1052.0,0.2956313584679832,28.0,0.02734375,0
464.0,206.0,258.0,890,992.0,0.5560344827586207,102.0,0.1146067415730337,0
739.0,626.0,113.0,1654,1752.0,0.1529093369418132,98.0,0.0592503022974607,0
2052.0,1632.0,420.0,1698,1510.0,0.2046783625730994,-188.0,-0.110718492343934,0
1805.0,1314.0,491.0,1583,1509.0,0.2720221606648199,-74.0,-0.0467466835123183,0
1346.0,952.0,394.0,1177,1055.0,0.2927191679049034,-122.0,-0.1036533559898045,1
676.0,480.0,196.0,1825,1796.0,0.2899408284023668,-29.0,-0.0158904109589041,0
952.0,634.0,318.0,1627,1784.0,0.3340336134453781,157.0,0.0964966195451751,0
920.0,589.0,331.0,1204,1557.0,0.3597826086956521,353.0,0.2931893687707641,0
759.0,646.0,113.0,2075,2049.0,0.1488801054018445,-26.0,-0.0125301204819277,0
2008.0,1866.0,142.0,2565,2597.0,0.0707171314741035,32.0,0.0124756335282651,0
504.0,387.0,117.0,822,831.0,0.2321428571428571,9.0,0.010948905109489,1
555.0,406.0,149.0,1407,1417.0,0.2684684684684684,10.0,0.0071073205401563,0
1109.0,876.0,233.0,665,802.0,0.2100991884580703,137.0,0.2060150375939849,0
2070.0,1201.0,869.0,868,916.0,0.4198067632850241,48.0,0.0552995391705069,1
965.0,775.0,190.0,992,1009.0,0.1968911917098445,17.0,0.0171370967741935,1
1925.0,1243.0,682.0,1202,1247.0,0.3542857142857142,45.0,0.0374376039933444,0
633.0,543.0,90.0,782,1258.0,0.1421800947867298,476.0,0.6086956521739131,0
274.0,198.0,76.0,801,854.0,0.2773722627737226,53.0,0.066167290886392,1
1964.0,1643.0,321.0,559,576.0,0.1634419551934827,17.0,0.0304114490161001,0
2042.0,882.0,1160.0,831,831.0,0.5680705190989226,0.0,0.0,1
1121.0,608.0,513.0,1065,1123.0,0.4576271186440678,58.0,0.0544600938967136,0
2267.0,2075.0,192.0,2115,1967.0,0.0846934274371416,-148.0,-0.0699763593380614,0
1512.0,1195.0,317.0,2150,1733.0,0.2096560846560846,-417.0,-0.193953488372093,0
2576.0,2266.0,310.0,975,930.0,0.1203416149068323,-45.0,-0.0461538461538461,0
784.0,674.0,110.0,2273,2041.0,0.1403061224489795,-232.0,-0.1020677518697756,0
1693.0,1182.0,511.0,1884,1767.0,0.3018310691080921,-117.0,-0.0621019108280254,0
1214.0,717.0,497.0,1562,1510.0,0.4093904448105436,-52.0,-0.0332906530089628,0
1291.0,954.0,337.0,2133,1850.0,0.2610379550735863,-283.0,-0.1326769807782466,0
1055.0,792.0,263.0,1579,1614.0,0.2492890995260663,35.0,0.0221659278024065,0
1148.0,823.0,325.0,1459,1388.0,0.2831010452961672,-71.0,-0.0486634681288553,0
1868.0,1393.0,475.0,1390,1405.0,0.2542826552462526,15.0,0.0107913669064748,1
1862.0,1444.0,418.0,1760,1785.0,0.2244897959183673,25.0,0.0142045454545454,0
1963.0,1347.0,616.0,1182,1263.0,0.3138053998981151,81.0,0.0685279187817258,0
312.0,201.0,111.0,1380,1411.0,0.3557692307692308,31.0,0.022463768115942,0
547.0,228.0,319.0,1086,1111.0,0.583180987202925,25.0,0.0230202578268876,1
1823.0,1058.0,765.0,1546,1414.0,0.4196379594075699,-132.0,-0.0853816300129366,0
1204.0,568.0,636.0,1275,1271.0,0.5282392026578073,-4.0,-0.0031372549019607,1
929.0,544.0,385.0,1382,1174.0,0.4144241119483315,-208.0,-0.150506512301013,0
1109.0,813.0,296.0,1318,1358.0,0.2669071235347159,40.0,0.0303490136570561,1
1677.0,793.0,884.0,1022,1093.0,0.5271317829457365,71.0,0.0694716242661448,0
806.0,669.0,137.0,1579,1578.0,0.1699751861042183,-1.0,-0.0006333122229259,0
1621.0,1248.0,373.0,2039,1751.0,0.230104873534855,-288.0,-0.1412457086807258,0
1783.0,1510.0,273.0,3331,3319.0,0.1531127313516545,-12.0,-0.0036025217652356,0
1793.0,1575.0,218.0,3252,3219.0,0.1215839375348577,-33.0,-0.0101476014760147,0
3197.0,2910.0,287.0,2921,2914.0,0.0897716609321238,-7.0,-0.0023964395754878,0
2366.0,1585.0,781.0,1968,2093.0,0.3300929839391378,125.0,0.0635162601626016,1
2303.0,2093.0,210.0,3063,3110.0,0.0911854103343465,47.0,0.0153444335618674,0
1834.0,1554.0,280.0,3306,3230.0,0.1526717557251908,-76.0,-0.0229885057471264,0
1553.0,1422.0,131.0,2848,2671.0,0.0843528654217643,-177.0,-0.0621488764044943,0
1446.0,1253.0,193.0,1709,1722.0,0.1334716459197787,13.0,0.0076067875950848,0
1480.0,1146.0,334.0,1146,1034.0,0.2256756756756756,-112.0,-0.0977312390924956,0
1132.0,791.0,341.0,1835,1724.0,0.3012367491166077,-111.0,-0.0604904632152588,0
1266.0,429.0,837.0,1038,963.0,0.6611374407582938,-75.0,-0.0722543352601156,0
1445.0,155.0,1290.0,1115,1156.0,0.8927335640138409,41.0,0.0367713004484304,0
2082.0,1204.0,878.0,1076,1245.0,0.4217098943323727,169.0,0.1570631970260223,0
989.0,579.0,410.0,901,935.0,0.4145601617795753,34.0,0.0377358490566037,0
1022.0,511.0,511.0,1237,1239.0,0.5,2.0,0.0016168148746968,0
2779.0,1655.0,1124.0,755,790.0,0.4044620367038503,35.0,0.0463576158940397,0
765.0,458.0,307.0,597,653.0,0.4013071895424837,56.0,0.0938023450586264,0
598.0,173.0,425.0,725,526.0,0.7107023411371237,-199.0,-0.2744827586206896,0
1174.0,737.0,437.0,1330,1364.0,0.3722316865417376,34.0,0.025563909774436,0
1426.0,712.0,714.0,1089,1112.0,0.5007012622720898,23.0,0.0211202938475665,0
1415.0,1239.0,176.0,1488,1666.0,0.1243816254416961,178.0,0.1196236559139785,0
657.0,611.0,46.0,2236,2213.0,0.0700152207001522,-23.0,-0.0102862254025044,0
1929.0,954.0,975.0,1289,1259.0,0.505443234836703,-30.0,-0.0232738557020946,0
2026.0,1688.0,338.0,2337,2253.0,0.1668311944718657,-84.0,-0.0359435173299101,0
1806.0,1216.0,590.0,1300,1401.0,0.3266888150609081,101.0,0.0776923076923076,0
1250.0,922.0,328.0,1427,1581.0,0.2624,154.0,0.1079187105816398,0
877.0,666.0,211.0,1829,1690.0,0.2405929304446978,-139.0,-0.0759978130125751,1
1561.0,1122.0,439.0,1260,1369.0,0.2812299807815503,109.0,0.0865079365079365,0
2162.0,1006.0,1156.0,733,715.0,0.5346901017576319,-18.0,-0.024556616643929,1
2096.0,1077.0,1019.0,1850,1943.0,0.4861641221374045,93.0,0.0502702702702702,0
2611.0,2400.0,211.0,2699,2782.0,0.0808119494446572,83.0,0.0307521304186735,0
1267.0,654.0,613.0,1334,1361.0,0.4838200473559589,27.0,0.02023988005997,0
2324.0,1772.0,552.0,2558,2424.0,0.2375215146299483,-134.0,-0.052384675527756,0
2957.0,2161.0,796.0,1808,1744.0,0.2691917483936422,-64.0,-0.0353982300884955,0
1657.0,652.0,1005.0,1504,1498.0,0.6065178032589016,-6.0,-0.0039893617021276,0
2186.0,1928.0,258.0,2231,2184.0,0.1180237877401646,-47.0,-0.0210667861945316,0
1528.0,1178.0,350.0,2334,2091.0,0.2290575916230366,-243.0,-0.1041131105398457,0
1054.0,770.0,284.0,1821,1902.0,0.269449715370019,81.0,0.0444810543657331,0
1542.0,1427.0,115.0,2583,2668.0,0.0745784695201037,85.0,0.0329074719318621,0
983.0,811.0,172.0,2606,2368.0,0.1749745676500508,-238.0,-0.0913277052954719,0
1522.0,1321.0,201.0,2874,2734.0,0.1320630749014454,-140.0,-0.0487125956854558,0
1659.0,1443.0,216.0,1564,1685.0,0.1301989150090416,121.0,0.0773657289002557,0
3081.0,2185.0,896.0,1374,1414.0,0.290814670561506,40.0,0.0291120815138282,1
1600.0,1287.0,313.0,585,630.0,0.195625,45.0,0.0769230769230769,1
2057.0,1652.0,405.0,1514,1532.0,0.1968886728245017,18.0,0.011889035667107,0
1938.0,1433.0,505.0,1580,1581.0,0.2605779153766769,1.0,0.000632911392405,0
901.0,764.0,137.0,1368,1322.0,0.1520532741398446,-46.0,-0.033625730994152,0
1505.0,1051.0,454.0,1925,1875.0,0.3016611295681063,-50.0,-0.0259740259740259,0
2485.0,1396.0,1089.0,1250,1211.0,0.4382293762575452,-39.0,-0.0312,0
1329.0,910.0,419.0,1508,1552.0,0.3152746425884123,44.0,0.0291777188328912,0
1432.0,513.0,919.0,1004,979.0,0.6417597765363129,-25.0,-0.0249003984063745,0
1127.0,889.0,238.0,1045,1193.0,0.2111801242236025,148.0,0.1416267942583732,0
67.0,63.0,4.0,588,1075.0,0.0597014925373134,487.0,0.8282312925170068,0
1402.0,564.0,838.0,1177,1191.0,0.5977175463623395,14.0,0.0118946474086661,1
3657.0,2449.0,1208.0,2172,2200.0,0.3303254033360678,28.0,0.012891344383057,0
2005.0,1504.0,501.0,2476,2518.0,0.2498753117206982,42.0,0.0169628432956381,0
2607.0,1885.0,722.0,2472,2396.0,0.2769466820099731,-76.0,-0.0307443365695792,0
1527.0,689.0,838.0,1481,1559.0,0.5487884741322855,78.0,0.0526671168129642,0
1490.0,864.0,626.0,1798,1780.0,0.4201342281879194,-18.0,-0.0100111234705228,0
1228.0,593.0,635.0,998,1094.0,0.5171009771986971,96.0,0.096192384769539,0
2464.0,1980.0,484.0,1092,1237.0,0.1964285714285714,145.0,0.1327838827838827,0
3886.0,3597.0,289.0,1082,1142.0,0.0743695316520844,60.0,0.055452865064695,0
1497.0,1172.0,325.0,1162,1246.0,0.2171008684034736,84.0,0.072289156626506,0
1261.0,944.0,317.0,1345,1453.0,0.2513877874702617,108.0,0.0802973977695167,0
1693.0,1539.0,154.0,1289,1694.0,0.0909627879503839,405.0,0.3141970519782777,0
1517.0,983.0,534.0,1187,1210.0,0.3520105471324983,23.0,0.0193765796124684,0
1802.0,1371.0,431.0,1035,1040.0,0.2391786903440621,5.0,0.0048309178743961,0
1097.0,958.0,139.0,1123,1146.0,0.1267092069279854,23.0,0.0204808548530721,0
2414.0,1777.0,637.0,950,924.0,0.263877381938691,-26.0,-0.0273684210526315,0
1301.0,1154.0,147.0,834,879.0,0.112990007686395,45.0,0.0539568345323741,0
1180.0,805.0,375.0,1732,1620.0,0.3177966101694915,-112.0,-0.0646651270207852,0
1245.0,779.0,466.0,1399,1503.0,0.3742971887550201,104.0,0.0743388134381701,1
1430.0,813.0,617.0,1282,1331.0,0.4314685314685315,49.0,0.0382215288611544,0
1491.0,1355.0,136.0,1960,1981.0,0.0912139503688799,21.0,0.0107142857142857,0
846.0,738.0,108.0,1181,1532.0,0.1276595744680851,351.0,0.2972057578323455,0
935.0,147.0,788.0,860,875.0,0.8427807486631016,15.0,0.0174418604651162,1
2224.0,1018.0,1206.0,1279,1364.0,0.5422661870503597,85.0,0.0664581704456606,0
1875.0,979.0,896.0,1298,1387.0,0.4778666666666666,89.0,0.0685670261941448,0
805.0,609.0,196.0,993,1174.0,0.2434782608695652,181.0,0.1822759315206445,1
591.0,380.0,211.0,1299,1400.0,0.3570219966159052,101.0,0.0777521170130869,0
743.0,509.0,234.0,1127,1088.0,0.3149394347240915,-39.0,-0.0346051464063886,0
693.0,596.0,97.0,1622,1826.0,0.1399711399711399,204.0,0.12577065351418,0
1341.0,747.0,594.0,1095,1073.0,0.4429530201342282,-22.0,-0.0200913242009132,0
1320.0,1196.0,124.0,1796,1851.0,0.0939393939393939,55.0,0.0306236080178173,0
1053.0,1000.0,53.0,2013,1979.0,0.050332383665717,-34.0,-0.016890213611525,0
1778.0,849.0,929.0,1218,1270.0,0.5224971878515186,52.0,0.0426929392446633,0
909.0,696.0,213.0,1262,1305.0,0.2343234323432343,43.0,0.0340729001584786,1
963.0,402.0,561.0,875,896.0,0.5825545171339563,21.0,0.024,0
848.0,436.0,412.0,779,822.0,0.4858490566037736,43.0,0.055198973042362,1
1034.0,594.0,440.0,1090,1001.0,0.425531914893617,-89.0,-0.081651376146789,0
1916.0,901.0,1015.0,802,795.0,0.5297494780793319,-7.0,-0.0087281795511221,1
2620.0,2039.0,581.0,1105,1058.0,0.2217557251908397,-47.0,-0.0425339366515837,0
2244.0,1864.0,380.0,1079,1114.0,0.1693404634581105,35.0,0.0324374420759962,0
1934.0,1094.0,840.0,1106,1129.0,0.4343329886246122,23.0,0.0207956600361663,0
2312.0,1754.0,558.0,905,991.0,0.2413494809688581,86.0,0.0950276243093922,0
1800.0,1107.0,693.0,1494,1518.0,0.385,24.0,0.0160642570281124,0
2190.0,1066.0,1124.0,1131,1146.0,0.5132420091324201,15.0,0.013262599469496,0
2136.0,1559.0,577.0,1305,1301.0,0.2701310861423221,-4.0,-0.0030651340996168,1
677.0,469.0,208.0,2369,2041.0,0.3072378138847858,-328.0,-0.1384550443224989,1
2038.0,1728.0,310.0,1715,1611.0,0.1521099116781158,-104.0,-0.0606413994169096,0
1501.0,1201.0,300.0,1233,1324.0,0.1998667554963357,91.0,0.0738037307380373,0
3699.0,3396.0,303.0,651,622.0,0.0819140308191403,-29.0,-0.0445468509984639,0
431.0,431.0,0.0,735,773.0,0.0,38.0,0.0517006802721088,1
1253.0,541.0,712.0,770,872.0,0.5682362330407024,102.0,0.1324675324675324,0
1250.0,522.0,728.0,638,640.0,0.5824,2.0,0.0031347962382445,1
1286.0,868.0,418.0,941,844.0,0.3250388802488336,-97.0,-0.1030818278427205,0
1178.0,1121.0,57.0,2348,2432.0,0.0483870967741935,84.0,0.0357751277683134,0
1201.0,1071.0,130.0,2151,2113.0,0.1082431307243963,-38.0,-0.0176662017666201,0
2100.0,984.0,1116.0,1219,1391.0,0.5314285714285715,172.0,0.1410992616899097,0
988.0,791.0,197.0,2369,2259.0,0.1993927125506072,-110.0,-0.0464330941325453,0
797.0,384.0,413.0,1076,1030.0,0.5181932245922208,-46.0,-0.0427509293680297,1
1002.0,903.0,99.0,1357,1592.0,0.0988023952095808,235.0,0.1731761238025055,0
1140.0,1070.0,70.0,1367,1393.0,0.0614035087719298,26.0,0.0190197512801755,0
676.0,447.0,229.0,1282,1139.0,0.3387573964497041,-143.0,-0.1115444617784711,0
1088.0,773.0,315.0,1513,1433.0,0.2895220588235294,-80.0,-0.0528750826173165,1
1803.0,1597.0,206.0,3123,3153.0,0.1142540210759844,30.0,0.0096061479346781,0
1579.0,875.0,704.0,1627,1746.0,0.4458518049398353,119.0,0.0731407498463429,0
1532.0,1365.0,167.0,2585,2560.0,0.1090078328981723,-25.0,-0.0096711798839458,0
3053.0,2926.0,127.0,3759,3826.0,0.041598427775958,67.0,0.0178238893322692,0
2256.0,751.0,1505.0,1278,1342.0,0.6671099290780141,64.0,0.0500782472613458,0
1841.0,1572.0,269.0,1424,1430.0,0.1461162411732754,6.0,0.0042134831460674,1
2057.0,1510.0,547.0,1555,1643.0,0.2659212445308702,88.0,0.0565916398713826,0
1520.0,1071.0,449.0,1469,1634.0,0.2953947368421052,165.0,0.1123213070115725,0
1818.0,1601.0,217.0,2094,1983.0,0.1193619361936193,-111.0,-0.0530085959885386,1
1827.0,1644.0,183.0,2529,2620.0,0.1001642036124794,91.0,0.0359826018189007,0
2444.0,2073.0,371.0,2344,2310.0,0.1518003273322422,-34.0,-0.0145051194539249,0
4417.0,2815.0,1602.0,2111,2266.0,0.3626896083314467,155.0,0.0734249171009,0
2460.0,1883.0,577.0,1961,1954.0,0.2345528455284553,-7.0,-0.0035696073431922,0
4290.0,1178.0,3112.0,1656,1665.0,0.7254079254079254,9.0,0.0054347826086956,1
1243.0,759.0,484.0,1560,1600.0,0.3893805309734513,40.0,0.0256410256410256,0
2017.0,1713.0,304.0,2425,2355.0,0.150718889439762,-70.0,-0.0288659793814433,0
3995.0,3318.0,677.0,1889,1869.0,0.1694618272841051,-20.0,-0.0105876124933827,0
1667.0,1402.0,265.0,1383,1358.0,0.1589682063587282,-25.0,-0.0180766449746926,0
1485.0,1020.0,465.0,646,626.0,0.3131313131313131,-20.0,-0.0309597523219814,1
715.0,603.0,112.0,1294,1509.0,0.1566433566433566,215.0,0.1661514683153014,0
1568.0,1103.0,465.0,2097,1993.0,0.2965561224489796,-104.0,-0.0495946590367191,0
1578.0,1200.0,378.0,1396,1387.0,0.2395437262357414,-9.0,-0.0064469914040114,0
1332.0,512.0,820.0,930,1040.0,0.6156156156156156,110.0,0.1182795698924731,0
2605.0,1727.0,878.0,1360,1368.0,0.3370441458733205,8.0,0.0058823529411764,0
1072.0,697.0,375.0,991,1078.0,0.3498134328358209,87.0,0.0877901109989909,0
1087.0,523.0,564.0,958,956.0,0.5188592456301748,-2.0,-0.0020876826722338,0
1013.0,100.0,913.0,931,956.0,0.9012833168805529,25.0,0.0268528464017185,0
1138.0,409.0,729.0,928,917.0,0.640597539543058,-11.0,-0.011853448275862,0
883.0,701.0,182.0,2544,2726.0,0.2061155152887882,182.0,0.0715408805031446,0
1803.0,1166.0,637.0,1087,1120.0,0.353300055463117,33.0,0.030358785648574,0
2062.0,1347.0,715.0,796,732.0,0.3467507274490786,-64.0,-0.0804020100502512,1
1282.0,996.0,286.0,1218,1216.0,0.2230889235569422,-2.0,-0.0016420361247947,1
1272.0,1010.0,262.0,1437,1373.0,0.2059748427672956,-64.0,-0.0445372303409881,0
1432.0,1153.0,279.0,1445,1416.0,0.1948324022346368,-29.0,-0.0200692041522491,0
1549.0,1189.0,360.0,1364,1227.0,0.2324080051646223,-137.0,-0.1004398826979472,1
1741.0,1296.0,445.0,1662,1654.0,0.2556002297530155,-8.0,-0.0048134777376654,0
1833.0,993.0,840.0,822,814.0,0.4582651391162029,-8.0,-0.0097323600973236,0
1676.0,740.0,936.0,837,836.0,0.5584725536992841,-1.0,-0.001194743130227,1
2220.0,1215.0,1005.0,1052,1065.0,0.4527027027027027,13.0,0.0123574144486692,0
3232.0,1768.0,1464.0,1338,1311.0,0.452970297029703,-27.0,-0.0201793721973094,0
1577.0,1109.0,468.0,915,857.0,0.2967660114140774,-58.0,-0.0633879781420765,0
2185.0,1612.0,573.0,819,880.0,0.2622425629290618,61.0,0.0744810744810744,1
1821.0,1204.0,617.0,632,578.0,0.3388248215266337,-54.0,-0.0854430379746835,1
2387.0,596.0,1791.0,713,775.0,0.7503142019271052,62.0,0.0869565217391304,0
527.0,306.0,221.0,563,841.0,0.4193548387096774,278.0,0.4937833037300178,1
1782.0,1534.0,248.0,711,705.0,0.1391694725028058,-6.0,-0.0084388185654008,0
815.0,640.0,175.0,479,567.0,0.2147239263803681,88.0,0.1837160751565762,1
931.0,751.0,180.0,1272,1258.0,0.1933404940923738,-14.0,-0.0110062893081761,0
1197.0,882.0,315.0,1071,1156.0,0.2631578947368421,85.0,0.0793650793650793,0
1529.0,1362.0,167.0,1686,1807.0,0.1092217135382603,121.0,0.0717674970344009,0
1019.0,867.0,152.0,1606,1675.0,0.1491658488714426,69.0,0.0429638854296388,1
855.0,585.0,270.0,1264,1306.0,0.3157894736842105,42.0,0.0332278481012658,0
526.0,348.0,178.0,1202,1198.0,0.338403041825095,-4.0,-0.0033277870216306,1
1132.0,657.0,475.0,1353,1328.0,0.4196113074204947,-25.0,-0.0184774575018477,1
1196.0,832.0,364.0,838,858.0,0.3043478260869565,20.0,0.0238663484486873,1
1417.0,1034.0,383.0,1051,1129.0,0.2702893436838391,78.0,0.0742150333016175,0
1571.0,1005.0,566.0,690,779.0,0.3602800763844685,89.0,0.1289855072463768,0
1598.0,934.0,664.0,940,936.0,0.4155193992490613,-4.0,-0.0042553191489361,0
1552.0,670.0,882.0,1077,1149.0,0.5682989690721649,72.0,0.0668523676880222,0
1540.0,1083.0,457.0,1561,1561.0,0.2967532467532467,0.0,0.0,0
1354.0,602.0,752.0,1434,1447.0,0.5553914327917282,13.0,0.009065550906555,0
2295.0,1270.0,1025.0,1192,1139.0,0.4466230936819172,-53.0,-0.0444630872483221,0
1591.0,1024.0,567.0,1208,1237.0,0.3563796354494029,29.0,0.0240066225165562,0
942.0,57.0,885.0,394,474.0,0.9394904458598726,80.0,0.2030456852791878,0
1518.0,565.0,953.0,859,860.0,0.6277997364953887,1.0,0.0011641443538998,1
1453.0,243.0,1210.0,791,818.0,0.8327598072952512,27.0,0.034134007585335,1
1221.0,739.0,482.0,957,976.0,0.3947583947583947,19.0,0.0198537095088819,1
1268.0,1010.0,258.0,1294,1179.0,0.2034700315457413,-115.0,-0.08887171561051,1
1179.0,744.0,435.0,827,832.0,0.3689567430025445,5.0,0.0060459492140266,1
2381.0,639.0,1742.0,1215,1134.0,0.7316253674926502,-81.0,-0.0666666666666666,1
1525.0,1202.0,323.0,1882,1736.0,0.2118032786885245,-146.0,-0.077577045696068,0
2035.0,207.0,1828.0,789,850.0,0.8982800982800982,61.0,0.0773130544993662,1
1216.0,271.0,945.0,1087,1087.0,0.7771381578947368,0.0,0.0,0
2170.0,758.0,1412.0,1248,1271.0,0.6506912442396313,23.0,0.0184294871794871,0
1540.0,1038.0,502.0,1255,1234.0,0.3259740259740259,-21.0,-0.0167330677290836,0
2085.0,886.0,1199.0,948,937.0,0.5750599520383693,-11.0,-0.0116033755274261,0
1461.0,747.0,714.0,938,796.0,0.4887063655030801,-142.0,-0.1513859275053305,1
1116.0,812.0,304.0,1306,1226.0,0.2724014336917563,-80.0,-0.0612557427258805,0
1275.0,1122.0,153.0,2001,1955.0,0.12,-46.0,-0.0229885057471264,0
2032.0,1798.0,234.0,2342,2261.0,0.1151574803149606,-81.0,-0.0345858240819812,0
1951.0,1100.0,851.0,1175,1214.0,0.4361865709892363,39.0,0.0331914893617021,0
1328.0,923.0,405.0,952,950.0,0.3049698795180723,-2.0,-0.0021008403361344,0
1497.0,941.0,556.0,694,727.0,0.3714094856379425,33.0,0.047550432276657,1
1582.0,1125.0,457.0,553,622.0,0.2888748419721871,69.0,0.1247739602169981,0
1308.0,1075.0,233.0,2170,2072.0,0.1781345565749235,-98.0,-0.0451612903225806,0
2125.0,1882.0,243.0,3010,2968.0,0.1143529411764705,-42.0,-0.013953488372093,0
1973.0,1306.0,667.0,1132,968.0,0.3380638621388748,-164.0,-0.1448763250883392,1
1910.0,1365.0,545.0,1211,1171.0,0.2853403141361256,-40.0,-0.0330305532617671,0
4058.0,2986.0,1072.0,1598,1526.0,0.2641695416461311,-72.0,-0.0450563204005006,0
2058.0,1615.0,443.0,1424,1326.0,0.2152575315840622,-98.0,-0.0688202247191011,0
2286.0,1575.0,711.0,1676,1586.0,0.3110236220472441,-90.0,-0.0536992840095465,0
1851.0,582.0,1269.0,733,701.0,0.6855753646677472,-32.0,-0.0436562073669849,1
1482.0,1034.0,448.0,932,950.0,0.3022941970310391,18.0,0.01931330472103,0
5536.0,4266.0,1270.0,1823,1662.0,0.229407514450867,-161.0,-0.088315962698848,0
1669.0,1497.0,172.0,1802,1782.0,0.1030557219892151,-20.0,-0.0110987791342952,1
1900.0,1585.0,315.0,1286,1451.0,0.1657894736842105,165.0,0.1283048211508553,0
725.0,638.0,87.0,1720,1806.0,0.12,86.0,0.05,0
1431.0,1246.0,185.0,2303,2281.0,0.1292802236198462,-22.0,-0.009552757273122,0
1659.0,503.0,1156.0,1249,1429.0,0.6968053044002411,180.0,0.144115292233787,0
1694.0,1367.0,327.0,1451,1323.0,0.1930342384887839,-128.0,-0.0882150241212956,1
1970.0,887.0,1083.0,991,1087.0,0.549746192893401,96.0,0.0968718466195761,1
1942.0,235.0,1707.0,1370,1401.0,0.8789907312049433,31.0,0.0226277372262773,1
2997.0,184.0,2813.0,1343,1390.0,0.9386052719386052,47.0,0.0349962769918093,0
2054.0,1628.0,426.0,1904,1859.0,0.2074001947419669,-45.0,-0.0236344537815126,0
451.0,48.0,403.0,1520,1454.0,0.893569844789357,-66.0,-0.0434210526315789,0
4522.0,3988.0,534.0,2691,2653.0,0.1180893409995577,-38.0,-0.0141211445559271,0
2669.0,2206.0,463.0,2082,1966.0,0.1734732109404271,-116.0,-0.0557156580211335,0
996.0,842.0,154.0,1835,1940.0,0.1546184738955823,105.0,0.0572207084468664,0
1110.0,886.0,224.0,1604,1573.0,0.2018018018018018,-31.0,-0.0193266832917705,0
1290.0,1085.0,205.0,1705,1654.0,0.1589147286821705,-51.0,-0.0299120234604105,0
1716.0,1210.0,506.0,1861,1662.0,0.2948717948717949,-199.0,-0.106931757119828,0
1901.0,1733.0,168.0,2247,2137.0,0.0883745397159389,-110.0,-0.0489541611036938,0
1581.0,1362.0,219.0,2126,2156.0,0.1385199240986717,30.0,0.0141110065851364,0
2738.0,2436.0,302.0,2730,2665.0,0.110299488677867,-65.0,-0.0238095238095238,0
1437.0,1248.0,189.0,1684,1650.0,0.1315240083507307,-34.0,-0.0201900237529691,0
1434.0,1119.0,315.0,1719,1499.0,0.2196652719665272,-220.0,-0.1279813845258871,1
1202.0,848.0,354.0,867,936.0,0.2945091514143095,69.0,0.0795847750865051,0
1804.0,1389.0,415.0,2268,2262.0,0.2300443458980044,-6.0,-0.0026455026455026,0
1798.0,1497.0,301.0,1879,1867.0,0.1674082313681868,-12.0,-0.0063863757317722,0
1771.0,1443.0,328.0,1617,1548.0,0.1852060982495765,-69.0,-0.0426716141001855,0
2093.0,1772.0,321.0,1741,1717.0,0.1533683707596751,-24.0,-0.0137851809304997,0
1354.0,1002.0,352.0,1351,1441.0,0.259970457902511,90.0,0.0666173205033308,0
1699.0,1201.0,498.0,1390,1316.0,0.2931135962330782,-74.0,-0.0532374100719424,0
1199.0,620.0,579.0,1335,1328.0,0.4829024186822352,-7.0,-0.0052434456928838,0
1345.0,577.0,768.0,1076,1133.0,0.571003717472119,57.0,0.0529739776951672,0
840.0,381.0,459.0,1138,984.0,0.5464285714285714,-154.0,-0.1353251318101933,0
1446.0,1124.0,322.0,1232,1210.0,0.2226832641770401,-22.0,-0.0178571428571428,0
796.0,562.0,234.0,1240,1317.0,0.2939698492462311,77.0,0.0620967741935483,0
634.0,411.0,223.0,1515,1236.0,0.3517350157728706,-279.0,-0.1841584158415841,0
642.0,439.0,203.0,1380,1305.0,0.3161993769470405,-75.0,-0.0543478260869565,0
568.0,136.0,432.0,824,779.0,0.7605633802816901,-45.0,-0.0546116504854368,1
340.0,151.0,189.0,902,881.0,0.5558823529411765,-21.0,-0.0232815964523281,1
1320.0,758.0,562.0,1072,1147.0,0.4257575757575758,75.0,0.0699626865671641,0
1217.0,736.0,481.0,893,827.0,0.3952341824157765,-66.0,-0.0739081746920492,1
1114.0,826.0,288.0,1629,1532.0,0.2585278276481149,-97.0,-0.0595457335788827,0
1764.0,778.0,986.0,880,863.0,0.5589569160997733,-17.0,-0.0193181818181818,0
1142.0,210.0,932.0,779,815.0,0.8161120840630472,36.0,0.0462130937098844,0
1889.0,872.0,1017.0,978,1009.0,0.5383800952885125,31.0,0.0316973415132924,0
1324.0,710.0,614.0,1094,1047.0,0.4637462235649547,-47.0,-0.0429616087751371,0
1502.0,615.0,887.0,949,955.0,0.5905459387483355,6.0,0.006322444678609,0
879.0,389.0,490.0,584,643.0,0.5574516496018203,59.0,0.1010273972602739,0
1907.0,1317.0,590.0,1301,1221.0,0.3093864708966964,-80.0,-0.0614911606456571,0
1014.0,153.0,861.0,965,1043.0,0.849112426035503,78.0,0.0808290155440414,0
1037.0,763.0,274.0,530,558.0,0.2642237222757955,28.0,0.0528301886792452,0
453.0,268.0,185.0,785,821.0,0.4083885209713024,36.0,0.0458598726114649,0
1804.0,1500.0,304.0,1299,1320.0,0.1685144124168514,21.0,0.0161662817551963,0
540.0,346.0,194.0,619,613.0,0.3592592592592593,-6.0,-0.0096930533117932,1
1523.0,1230.0,293.0,1513,1592.0,0.1923834537097833,79.0,0.0522141440846001,0
1181.0,694.0,487.0,1300,1308.0,0.4123624047417443,8.0,0.0061538461538461,0
1904.0,1439.0,465.0,1437,1328.0,0.2442226890756302,-109.0,-0.0758524704244954,1
978.0,246.0,732.0,858,894.0,0.7484662576687117,36.0,0.0419580419580419,1
1566.0,1222.0,344.0,1315,1216.0,0.2196679438058748,-99.0,-0.0752851711026616,0
2037.0,1250.0,787.0,1006,992.0,0.3863524791359843,-14.0,-0.0139165009940357,0
2018.0,1256.0,762.0,897,982.0,0.377601585728444,85.0,0.0947603121516165,0
1909.0,1314.0,595.0,1352,1276.0,0.3116815086432687,-76.0,-0.0562130177514792,0
1499.0,1328.0,171.0,866,851.0,0.1140760507004669,-15.0,-0.0173210161662817,0
1837.0,1430.0,407.0,812,713.0,0.2215568862275449,-99.0,-0.1219211822660098,1
361.0,285.0,76.0,2484,2543.0,0.2105263157894736,59.0,0.0237520128824476,0
2996.0,1373.0,1623.0,951,959.0,0.5417222963951935,8.0,0.0084121976866456,0
1989.0,1161.0,828.0,1451,1421.0,0.416289592760181,-30.0,-0.0206753962784286,0
1542.0,912.0,630.0,1381,1389.0,0.4085603112840467,8.0,0.0057929036929761,0
1617.0,1101.0,516.0,1601,1382.0,0.3191094619666048,-219.0,-0.136789506558401,0
3037.0,2512.0,525.0,2371,2445.0,0.1728679618044122,74.0,0.0312104597216364,0
1951.0,672.0,1279.0,990,942.0,0.655561250640697,-48.0,-0.0484848484848484,0
2050.0,1715.0,335.0,1920,1989.0,0.1634146341463414,69.0,0.0359375,0
3931.0,3314.0,617.0,1868,1920.0,0.1569575171712032,52.0,0.0278372591006423,0
1897.0,1331.0,566.0,1157,1139.0,0.2983658408012651,-18.0,-0.0155574762316335,0
1404.0,766.0,638.0,1070,1080.0,0.4544159544159544,10.0,0.0093457943925233,0
1389.0,1163.0,226.0,1613,1683.0,0.1627069834413247,70.0,0.0433973961562306,0
2322.0,1622.0,700.0,885,1021.0,0.301464254952627,136.0,0.1536723163841808,1
1353.0,702.0,651.0,971,971.0,0.4811529933481153,0.0,0.0,1
586.0,459.0,127.0,1110,1220.0,0.2167235494880546,110.0,0.0990990990990991,0
959.0,725.0,234.0,1166,1208.0,0.2440041710114703,42.0,0.0360205831903945,0
1796.0,1330.0,466.0,1812,1793.0,0.2594654788418708,-19.0,-0.010485651214128,0
1018.0,525.0,493.0,1150,1107.0,0.4842829076620825,-43.0,-0.037391304347826,0
1718.0,952.0,766.0,975,949.0,0.4458672875436554,-26.0,-0.0266666666666666,0
1975.0,1395.0,580.0,1521,1431.0,0.2936708860759494,-90.0,-0.059171597633136,0
2619.0,1258.0,1361.0,768,759.0,0.519663993890798,-9.0,-0.01171875,0
2232.0,1748.0,484.0,1349,1430.0,0.2168458781362007,81.0,0.0600444773906597,0
2340.0,971.0,1369.0,860,867.0,0.5850427350427351,7.0,0.0081395348837209,0
1631.0,52.0,1579.0,1044,1090.0,0.9681177191906806,46.0,0.0440613026819923,0
1198.0,805.0,393.0,873,885.0,0.3280467445742905,12.0,0.0137457044673539,0
2760.0,1693.0,1067.0,716,764.0,0.3865942028985507,48.0,0.0670391061452514,1
1597.0,815.0,782.0,767,755.0,0.4896681277395115,-12.0,-0.0156453715775749,0
1378.0,794.0,584.0,1057,1084.0,0.4238026124818577,27.0,0.0255439924314096,0
1374.0,1134.0,240.0,1333,1337.0,0.1746724890829694,4.0,0.0030007501875468,0
1600.0,1416.0,184.0,1623,1667.0,0.115,44.0,0.0271102895871842,0
2505.0,1363.0,1142.0,982,989.0,0.4558882235528942,7.0,0.0071283095723014,0
2749.0,2153.0,596.0,1569,1607.0,0.2168061113132048,38.0,0.0242192479286169,0
1381.0,1053.0,328.0,1269,1260.0,0.2375090514120202,-9.0,-0.0070921985815602,0
1573.0,1075.0,498.0,1267,1219.0,0.3165924984106802,-48.0,-0.0378847671665351,0
2091.0,1880.0,211.0,2158,2191.0,0.1009086561453849,33.0,0.0152919369786839,0
937.0,891.0,46.0,2442,2379.0,0.0490928495197438,-63.0,-0.0257985257985257,0
1313.0,993.0,320.0,1102,1084.0,0.2437166793602437,-18.0,-0.0163339382940108,0
1734.0,470.0,1264.0,834,824.0,0.7289504036908881,-10.0,-0.0119904076738609,0
1308.0,1110.0,198.0,1853,2103.0,0.1513761467889908,250.0,0.1349163518618456,0
1587.0,993.0,594.0,1486,1603.0,0.3742911153119093,117.0,0.0787348586810228,0
1231.0,1130.0,101.0,2439,2410.0,0.0820471161657189,-29.0,-0.011890118901189,0
1153.0,785.0,368.0,1516,1355.0,0.3191673894189072,-161.0,-0.1062005277044854,0
1396.0,1250.0,146.0,1327,1551.0,0.1045845272206303,224.0,0.1688018085908063,0
1329.0,835.0,494.0,1369,1305.0,0.3717080511662904,-64.0,-0.0467494521548575,1
1116.0,805.0,311.0,1450,1384.0,0.278673835125448,-66.0,-0.0455172413793103,0
1876.0,1256.0,620.0,1267,1308.0,0.3304904051172708,41.0,0.032359905288082,0
1826.0,996.0,830.0,1194,1221.0,0.4545454545454545,27.0,0.0226130653266331,0
1225.0,267.0,958.0,884,887.0,0.7820408163265307,3.0,0.003393665158371,1
2401.0,1138.0,1263.0,1252,1252.0,0.5260308204914619,0.0,0.0,0
1442.0,733.0,709.0,900,906.0,0.4916782246879334,6.0,0.0066666666666666,0
954.0,753.0,201.0,1296,1378.0,0.210691823899371,82.0,0.0632716049382716,1
1639.0,548.0,1091.0,1320,1234.0,0.6656497864551556,-86.0,-0.0651515151515151,1
1878.0,1441.0,437.0,1838,1879.0,0.2326943556975506,41.0,0.0223068552774755,0
1519.0,780.0,739.0,1458,1453.0,0.4865042791310072,-5.0,-0.0034293552812071,0
1456.0,1356.0,100.0,2101,2293.0,0.0686813186813186,192.0,0.09138505473584,0
1434.0,790.0,644.0,1244,1262.0,0.4490934449093445,18.0,0.0144694533762057,1
1720.0,1040.0,680.0,1292,1306.0,0.3953488372093023,14.0,0.0108359133126934,0
1094.0,610.0,484.0,972,983.0,0.4424131627056673,11.0,0.0113168724279835,1
1161.0,808.0,353.0,1376,1486.0,0.3040482342807924,110.0,0.0799418604651162,0
1271.0,1229.0,42.0,2406,2594.0,0.033044846577498,188.0,0.0781379883624272,0
1260.0,1185.0,75.0,2288,2513.0,0.0595238095238095,225.0,0.0983391608391608,0
1298.0,1249.0,49.0,1640,1585.0,0.0377503852080123,-55.0,-0.0335365853658536,1
1279.0,923.0,356.0,1210,1205.0,0.2783424550430023,-5.0,-0.0041322314049586,1
1288.0,1278.0,10.0,2583,2348.0,0.0077639751552795,-235.0,-0.0909794812233836,0
1840.0,1517.0,323.0,1708,1906.0,0.1755434782608695,198.0,0.1159250585480093,0
1796.0,1417.0,379.0,1961,2019.0,0.2110244988864142,58.0,0.0295767465578786,1
1264.0,1232.0,32.0,2789,2408.0,0.0253164556962025,-381.0,-0.1366081032628182,0
1125.0,81.0,1044.0,1240,1369.0,0.928,129.0,0.1040322580645161,1
2305.0,598.0,1707.0,1198,1180.0,0.7405639913232104,-18.0,-0.015025041736227,1
1716.0,393.0,1323.0,1010,1078.0,0.7709790209790209,68.0,0.0673267326732673,0
2526.0,1849.0,677.0,1755,1768.0,0.2680126682501979,13.0,0.0074074074074074,0
2845.0,2217.0,628.0,1555,1477.0,0.220738137082601,-78.0,-0.05016077170418,1
2771.0,2549.0,222.0,2166,2225.0,0.0801154817755323,59.0,0.0272391505078485,0
2537.0,1731.0,806.0,1197,1122.0,0.3176980685849428,-75.0,-0.06265664160401,0
1725.0,601.0,1124.0,920,921.0,0.6515942028985507,1.0,0.0010869565217391,0
1480.0,953.0,527.0,1342,1431.0,0.3560810810810811,89.0,0.0663189269746646,0
1849.0,1031.0,818.0,993,989.0,0.4424012979989183,-4.0,-0.0040281973816717,0
1798.0,734.0,1064.0,908,921.0,0.5917686318131257,13.0,0.01431718061674,0
1846.0,440.0,1406.0,1147,1155.0,0.761646803900325,8.0,0.006974716652136,1
1444.0,238.0,1206.0,927,939.0,0.8351800554016621,12.0,0.0129449838187702,0
2032.0,1254.0,778.0,1436,1392.0,0.3828740157480315,-44.0,-0.0306406685236768,0
1426.0,517.0,909.0,770,840.0,0.6374474053295933,70.0,0.0909090909090909,0
1063.0,864.0,199.0,1320,1312.0,0.187206020696143,-8.0,-0.006060606060606,0
1767.0,1139.0,628.0,1357,1347.0,0.3554046406338427,-10.0,-0.0073691967575534,0
2253.0,1717.0,536.0,1259,1274.0,0.2379050155348424,15.0,0.011914217633042,0
2261.0,1061.0,1200.0,900,896.0,0.5307386112339673,-4.0,-0.0044444444444444,1
2445.0,1406.0,1039.0,799,795.0,0.4249488752556237,-4.0,-0.0050062578222778,1
1636.0,849.0,787.0,1092,993.0,0.4810513447432762,-99.0,-0.0906593406593406,0
1857.0,633.0,1224.0,919,956.0,0.6591276252019386,37.0,0.0402611534276387,0
2353.0,441.0,1912.0,799,811.0,0.8125796855078623,12.0,0.0150187734668335,0
1473.0,952.0,521.0,794,862.0,0.3536999321113374,68.0,0.0856423173803526,0
1565.0,1175.0,390.0,1008,1094.0,0.2492012779552715,86.0,0.0853174603174603,0
2429.0,1958.0,471.0,1028,1222.0,0.1939069575957184,194.0,0.188715953307393,0
721.0,599.0,122.0,377,346.0,0.1692094313453536,-31.0,-0.0822281167108753,1
1646.0,1094.0,552.0,2226,2200.0,0.3353584447144593,-26.0,-0.0116801437556154,0
795.0,426.0,369.0,837,892.0,0.4641509433962264,55.0,0.065710872162485,1
2818.0,1695.0,1123.0,1234,1318.0,0.3985095812633073,84.0,0.0680713128038897,0
1109.0,455.0,654.0,969,947.0,0.5897204688908927,-22.0,-0.022703818369453,0
2247.0,1939.0,308.0,1497,1479.0,0.1370716510903426,-18.0,-0.0120240480961923,0
1171.0,283.0,888.0,593,599.0,0.7583262169086251,6.0,0.0101180438448566,0
2789.0,2218.0,571.0,967,964.0,0.2047328791681606,-3.0,-0.0031023784901758,0
1627.0,1383.0,244.0,1236,1258.0,0.1499692685925015,22.0,0.017799352750809,0
2937.0,2548.0,389.0,1806,1859.0,0.132448076268301,53.0,0.0293466223698781,0
1061.0,836.0,225.0,1271,1224.0,0.2120640904806786,-47.0,-0.036978756884343,0
1962.0,1354.0,608.0,1182,1209.0,0.309887869520897,27.0,0.0228426395939086,0
1354.0,619.0,735.0,1068,1119.0,0.5428360413589365,51.0,0.047752808988764,0
1563.0,893.0,670.0,1223,1342.0,0.4286628278950736,119.0,0.0973017170891251,1
1095.0,361.0,734.0,1220,1214.0,0.6703196347031963,-6.0,-0.0049180327868852,0
1301.0,913.0,388.0,1215,1537.0,0.2982321291314374,322.0,0.2650205761316872,1
1281.0,772.0,509.0,1101,1153.0,0.3973458235753317,52.0,0.0472297910990009,0
891.0,758.0,133.0,1615,1592.0,0.1492704826038159,-23.0,-0.0142414860681114,0
1202.0,580.0,622.0,1313,1287.0,0.5174708818635607,-26.0,-0.0198019801980198,0
1208.0,597.0,611.0,1426,1432.0,0.5057947019867549,6.0,0.0042075736325385,0
1568.0,1216.0,352.0,1463,1557.0,0.2244897959183673,94.0,0.0642515379357484,0
919.0,820.0,99.0,2575,2465.0,0.1077257889009793,-110.0,-0.0427184466019417,0
1342.0,1070.0,272.0,1661,1544.0,0.202682563338301,-117.0,-0.0704394942805538,0
872.0,457.0,415.0,1106,1128.0,0.4759174311926605,22.0,0.0198915009041591,0
774.0,200.0,574.0,1051,1077.0,0.7416020671834626,26.0,0.0247383444338725,0
1562.0,433.0,1129.0,1395,1401.0,0.7227912932138284,6.0,0.0043010752688172,0
1432.0,918.0,514.0,1663,1471.0,0.3589385474860335,-192.0,-0.1154539987973541,0
1795.0,860.0,935.0,1356,1415.0,0.520891364902507,59.0,0.0435103244837758,0
1496.0,1130.0,366.0,1444,1448.0,0.2446524064171123,4.0,0.002770083102493,0
1476.0,1053.0,423.0,2147,1818.0,0.2865853658536585,-329.0,-0.1532370749883558,0
1299.0,1102.0,197.0,2018,1996.0,0.1516551193225558,-22.0,-0.0109018830525272,0
1262.0,925.0,337.0,1816,2029.0,0.2670364500792393,213.0,0.1172907488986784,0
1208.0,839.0,369.0,1302,1353.0,0.3054635761589404,51.0,0.0391705069124423,1
1180.0,961.0,219.0,1420,1415.0,0.185593220338983,-5.0,-0.0035211267605633,0
1024.0,204.0,820.0,1101,963.0,0.80078125,-138.0,-0.1253405994550408,1
1675.0,1374.0,301.0,2413,2481.0,0.1797014925373134,68.0,0.0281806879403232,0
1589.0,1283.0,306.0,3070,3035.0,0.1925739458779106,-35.0,-0.011400651465798,0
1940.0,1530.0,410.0,2250,2343.0,0.211340206185567,93.0,0.0413333333333333,0
927.0,422.0,505.0,1209,1158.0,0.5447680690399137,-51.0,-0.0421836228287841,0
2087.0,1325.0,762.0,1601,1748.0,0.3651173933876377,147.0,0.0918176139912554,0
1242.0,1171.0,71.0,2623,2477.0,0.0571658615136876,-146.0,-0.0556614563476934,0
1643.0,1147.0,496.0,1558,1422.0,0.3018867924528302,-136.0,-0.0872913992297817,0
1513.0,1479.0,34.0,2480,2307.0,0.0224719101123595,-173.0,-0.069758064516129,0
1565.0,1103.0,462.0,1676,1749.0,0.2952076677316294,73.0,0.0435560859188544,0
1297.0,1045.0,252.0,1837,1874.0,0.1942945258288357,37.0,0.0201415351115949,0
1793.0,1683.0,110.0,2878,2491.0,0.0613496932515337,-387.0,-0.1344683808200139,1
1461.0,259.0,1202.0,1175,1214.0,0.8227241615331964,39.0,0.0331914893617021,0
1291.0,644.0,647.0,1144,1197.0,0.5011618900077459,53.0,0.0463286713286713,1
1579.0,754.0,825.0,1117,1179.0,0.5224825839138696,62.0,0.0555058191584601,0
1551.0,343.0,1208.0,1203,1191.0,0.7788523533204385,-12.0,-0.0099750623441396,0
1119.0,498.0,621.0,1101,1166.0,0.5549597855227882,65.0,0.0590372388737511,0
1409.0,809.0,600.0,1307,1211.0,0.4258339247693399,-96.0,-0.0734506503442999,0
899.0,488.0,411.0,930,983.0,0.457174638487208,53.0,0.0569892473118279,0
1040.0,543.0,497.0,893,962.0,0.4778846153846154,69.0,0.0772676371780515,0
1449.0,960.0,489.0,1742,1559.0,0.3374741200828157,-183.0,-0.1050516647531572,1
2303.0,20.0,2283.0,1205,1238.0,0.9913156752062529,33.0,0.0273858921161825,0
509.0,334.0,175.0,540,488.0,0.343811394891945,-52.0,-0.0962962962962963,0
1235.0,109.0,1126.0,978,1000.0,0.9117408906882593,22.0,0.0224948875255623,0
1147.0,519.0,628.0,1135,1133.0,0.5475152571926766,-2.0,-0.0017621145374449,0
1326.0,347.0,979.0,947,968.0,0.7383107088989442,21.0,0.0221752903907074,1
1784.0,937.0,847.0,907,917.0,0.4747757847533632,10.0,0.0110253583241455,0
1195.0,351.0,844.0,1127,1142.0,0.7062761506276151,15.0,0.0133096716947648,0
1335.0,384.0,951.0,1014,1050.0,0.7123595505617978,36.0,0.0355029585798816,0
1310.0,1030.0,280.0,1763,1772.0,0.2137404580152671,9.0,0.0051049347702779,0
1477.0,532.0,945.0,1194,1190.0,0.6398104265402843,-4.0,-0.0033500837520938,0
1234.0,773.0,461.0,1331,1398.0,0.373581847649919,67.0,0.0503380916604057,0
1104.0,875.0,229.0,1391,1417.0,0.207427536231884,26.0,0.0186915887850467,0
1201.0,724.0,477.0,1021,1098.0,0.3971690258118235,77.0,0.0754162585700293,1
1023.0,332.0,691.0,1019,1039.0,0.6754643206256109,20.0,0.0196270853778213,0
844.0,779.0,65.0,1598,1541.0,0.0770142180094786,-57.0,-0.0356695869837296,0
2194.0,708.0,1486.0,1058,1116.0,0.6773017319963537,58.0,0.054820415879017,0
1587.0,1200.0,387.0,1491,1576.0,0.2438563327032136,85.0,0.0570087189805499,0
1688.0,945.0,743.0,1059,1046.0,0.4401658767772511,-13.0,-0.012275731822474,0
1082.0,783.0,299.0,1135,1203.0,0.2763401109057301,68.0,0.0599118942731277,0
811.0,192.0,619.0,964,949.0,0.7632552404438965,-15.0,-0.0155601659751037,0
1760.0,943.0,817.0,900,941.0,0.4642045454545455,41.0,0.0455555555555555,0
1228.0,823.0,405.0,704,633.0,0.3298045602605863,-71.0,-0.1008522727272727,1
3431.0,2303.0,1128.0,1659,1709.0,0.3287671232876712,50.0,0.0301386377335744,0
2549.0,1168.0,1381.0,1146,1161.0,0.541781090623774,15.0,0.013089005235602,1
2171.0,1177.0,994.0,1084,1101.0,0.4578535237217871,17.0,0.0156826568265682,0
2738.0,1911.0,827.0,1217,1237.0,0.302045288531775,20.0,0.0164338537387017,0
1052.0,1013.0,39.0,1892,1834.0,0.0370722433460076,-58.0,-0.0306553911205074,0
1384.0,1106.0,278.0,900,978.0,0.2008670520231213,78.0,0.0866666666666666,0
1338.0,818.0,520.0,1238,1121.0,0.3886397608370702,-117.0,-0.0945072697899838,0
1274.0,776.0,498.0,1282,1171.0,0.390894819466248,-111.0,-0.0865834633385335,1
1315.0,888.0,427.0,1446,1306.0,0.3247148288973384,-140.0,-0.0968188105117565,0
933.0,676.0,257.0,1170,1084.0,0.2754555198285102,-86.0,-0.0735042735042735,1
1110.0,795.0,315.0,1264,1372.0,0.2837837837837837,108.0,0.0854430379746835,0
1106.0,556.0,550.0,1258,1354.0,0.4972875226039783,96.0,0.0763116057233704,0
1131.0,831.0,300.0,1749,1793.0,0.2652519893899204,44.0,0.0251572327044025,0
1034.0,769.0,265.0,1334,1320.0,0.2562862669245648,-14.0,-0.0104947526236881,0
1441.0,1065.0,376.0,1343,1408.0,0.2609299097848716,65.0,0.0483991064780342,0
1437.0,1158.0,279.0,987,1169.0,0.1941544885177453,182.0,0.1843971631205673,1
1372.0,1026.0,346.0,1292,1313.0,0.2521865889212828,21.0,0.0162538699690402,0
1187.0,670.0,517.0,896,991.0,0.4355518112889637,95.0,0.1060267857142857,1
1197.0,863.0,334.0,1043,1123.0,0.2790309106098579,80.0,0.0767018216682646,0
1486.0,756.0,730.0,871,904.0,0.4912516823687752,33.0,0.0378874856486796,0
1074.0,865.0,209.0,1450,1333.0,0.1945996275605214,-117.0,-0.0806896551724137,0
2256.0,1077.0,1179.0,1074,1073.0,0.5226063829787234,-1.0,-0.0009310986964618,0
1650.0,1413.0,237.0,1317,1414.0,0.1436363636363636,97.0,0.0736522399392558,0
2518.0,2330.0,188.0,2409,2396.0,0.0746624305003971,-13.0,-0.0053964300539643,0
2563.0,1545.0,1018.0,1272,1307.0,0.3971907920405774,35.0,0.0275157232704402,0
1199.0,1073.0,126.0,2056,2089.0,0.1050875729774812,33.0,0.0160505836575875,0
1857.0,1590.0,267.0,2594,2641.0,0.1437802907915993,47.0,0.018118735543562,0
869.0,726.0,143.0,1846,2225.0,0.1645569620253164,379.0,0.2053087757313109,0
1182.0,641.0,541.0,1171,1252.0,0.4576988155668359,81.0,0.0691716481639624,0
2285.0,1798.0,487.0,2210,2168.0,0.2131291028446389,-42.0,-0.0190045248868778,0
1050.0,280.0,770.0,879,868.0,0.7333333333333333,-11.0,-0.0125142207053469,0
2709.0,2077.0,632.0,1153,1218.0,0.2332964193429309,65.0,0.0563746747614917,0
2088.0,1851.0,237.0,2644,2722.0,0.1135057471264367,78.0,0.029500756429652,0
3174.0,2801.0,373.0,2566,2606.0,0.1175173282923755,40.0,0.0155884645362431,0
3160.0,2198.0,962.0,1648,1639.0,0.3044303797468354,-9.0,-0.0054611650485436,0
2049.0,1835.0,214.0,2538,2708.0,0.1044411908247925,170.0,0.0669818754925137,0
3010.0,2445.0,565.0,1530,1616.0,0.1877076411960133,86.0,0.0562091503267973,0
1174.0,507.0,667.0,922,956.0,0.5681431005110733,34.0,0.0368763557483731,0
1458.0,761.0,697.0,1195,1173.0,0.4780521262002744,-22.0,-0.0184100418410041,0
1670.0,1413.0,257.0,2227,2312.0,0.1538922155688622,85.0,0.0381679389312977,0
1688.0,943.0,745.0,1947,1995.0,0.4413507109004739,48.0,0.024653312788906,0
1521.0,1020.0,501.0,1755,1835.0,0.3293885601577909,80.0,0.0455840455840455,0
1718.0,549.0,1169.0,1886,2009.0,0.680442374854482,123.0,0.0652173913043478,1
2417.0,920.0,1497.0,1200,1238.0,0.6193628465039305,38.0,0.0316666666666666,1
1667.0,1085.0,582.0,1903,2002.0,0.3491301739652069,99.0,0.0520231213872832,0
1613.0,1455.0,158.0,3988,4001.0,0.0979541227526348,13.0,0.003259779338014,0
25.0,0.0,25.0,856,-666666666.0,1.0,-666667522.0,-778817.1985981308,0
1782.0,158.0,1624.0,2081,2220.0,0.9113355780022446,139.0,0.0667948101874099,1
331.0,273.0,58.0,3679,3608.0,0.175226586102719,-71.0,-0.0192987224789344,0
1144.0,1044.0,100.0,1954,1907.0,0.0874125874125874,-47.0,-0.0240532241555783,1
1246.0,361.0,885.0,1170,1195.0,0.7102728731942215,25.0,0.0213675213675213,1
1633.0,1185.0,448.0,2275,2269.0,0.2743417023882425,-6.0,-0.0026373626373626,0
1632.0,559.0,1073.0,2018,2045.0,0.6574754901960784,27.0,0.0133795837462834,1
931.0,871.0,60.0,2673,2260.0,0.0644468313641246,-413.0,-0.1545080433969322,0
1277.0,996.0,281.0,2443,2253.0,0.2200469851213782,-190.0,-0.0777732296356938,0
1027.0,552.0,475.0,1726,1812.0,0.4625121713729309,86.0,0.0498261877172653,0
808.0,496.0,312.0,1883,1866.0,0.3861386138613861,-17.0,-0.0090281465746149,0
1620.0,571.0,1049.0,1211,1322.0,0.6475308641975308,111.0,0.0916597853014038,1
1800.0,1628.0,172.0,2425,2342.0,0.0955555555555555,-83.0,-0.0342268041237113,0
1673.0,1335.0,338.0,2530,2461.0,0.2020322773460848,-69.0,-0.0272727272727272,0
1001.0,765.0,236.0,2211,2290.0,0.2357642357642357,79.0,0.0357304387155133,0
1052.0,679.0,373.0,1850,1829.0,0.3545627376425855,-21.0,-0.0113513513513513,0
594.0,24.0,570.0,954,995.0,0.9595959595959596,41.0,0.0429769392033543,1
2277.0,753.0,1524.0,1116,1105.0,0.6693017127799736,-11.0,-0.0098566308243727,1
2612.0,707.0,1905.0,1186,1251.0,0.7293261868300153,65.0,0.0548060708263069,1
1355.0,754.0,601.0,1945,1919.0,0.4435424354243542,-26.0,-0.0133676092544987,0
2764.0,2305.0,459.0,2468,2571.0,0.1660636758321273,103.0,0.0417341977309562,0
2382.0,1885.0,497.0,2301,2239.0,0.2086481947942905,-62.0,-0.0269448066058235,1
1473.0,712.0,761.0,1451,1440.0,0.5166327223353699,-11.0,-0.0075809786354238,1
829.0,603.0,226.0,1208,1668.0,0.2726176115802171,460.0,0.3807947019867549,0
1134.0,739.0,395.0,1855,1898.0,0.3483245149911816,43.0,0.0231805929919137,0
1995.0,1545.0,450.0,1869,1934.0,0.225563909774436,65.0,0.0347779561262707,0
1949.0,1322.0,627.0,2122,2202.0,0.3217034376603386,80.0,0.0377002827521206,0
2492.0,1713.0,779.0,1987,2018.0,0.3126003210272873,31.0,0.0156014091595369,0
2325.0,614.0,1711.0,1337,1362.0,0.7359139784946237,25.0,0.0186985789080029,1
2373.0,1585.0,788.0,2126,2138.0,0.3320691108301727,12.0,0.0056444026340545,0
1950.0,401.0,1549.0,1378,1418.0,0.7943589743589744,40.0,0.0290275761973875,1
1691.0,885.0,806.0,1501,1564.0,0.4766410408042578,63.0,0.0419720186542305,0
1579.0,941.0,638.0,1773,2058.0,0.4040531982267257,285.0,0.1607445008460236,0
1574.0,1227.0,347.0,2368,2379.0,0.2204574332909784,11.0,0.0046452702702702,1
2802.0,1069.0,1733.0,1630,1728.0,0.6184867951463241,98.0,0.060122699386503,0
1064.0,906.0,158.0,2334,2731.0,0.1484962406015037,397.0,0.1700942587832048,0
1098.0,376.0,722.0,1148,1267.0,0.6575591985428051,119.0,0.1036585365853658,0
1235.0,783.0,452.0,1586,1621.0,0.3659919028340081,35.0,0.0220680958385876,1
1192.0,849.0,343.0,1808,1913.0,0.287751677852349,105.0,0.058075221238938,0
1219.0,1003.0,216.0,2291,2456.0,0.1771944216570959,165.0,0.0720209515495416,0
870.0,681.0,189.0,2394,2603.0,0.2172413793103448,209.0,0.0873015873015873,0
1102.0,761.0,341.0,2270,2209.0,0.3094373865698729,-61.0,-0.0268722466960352,1
1506.0,857.0,649.0,1665,1703.0,0.4309428950863214,38.0,0.0228228228228228,0
1852.0,1499.0,353.0,2010,2087.0,0.1906047516198704,77.0,0.0383084577114427,1
1472.0,1281.0,191.0,1128,1129.0,0.1297554347826087,1.0,0.000886524822695,1
1537.0,1138.0,399.0,2160,2188.0,0.2595966167859466,28.0,0.0129629629629629,0
1217.0,595.0,622.0,1655,1794.0,0.5110928512736237,139.0,0.0839879154078549,0
775.0,623.0,152.0,2478,2536.0,0.1961290322580645,58.0,0.0234059725585149,0
1912.0,647.0,1265.0,1402,1576.0,0.6616108786610879,174.0,0.1241084165477888,1
2410.0,585.0,1825.0,1241,1254.0,0.7572614107883817,13.0,0.0104754230459307,1
1066.0,955.0,111.0,3046,2551.0,0.1041275797373358,-495.0,-0.1625082074852265,0
1238.0,959.0,279.0,2513,2274.0,0.2253634894991922,-239.0,-0.0951054516514126,0
1349.0,743.0,606.0,1582,1696.0,0.4492216456634544,114.0,0.0720606826801517,0
1394.0,546.0,848.0,1357,1367.0,0.6083213773314203,10.0,0.0073691967575534,1
1208.0,363.0,845.0,1176,1245.0,0.6995033112582781,69.0,0.0586734693877551,1
2753.0,548.0,2205.0,1350,1380.0,0.8009444242644388,30.0,0.0222222222222222,1
1524.0,1213.0,311.0,2407,2561.0,0.2040682414698162,154.0,0.0639800581636892,0
1576.0,1328.0,248.0,2328,2420.0,0.1573604060913705,92.0,0.0395189003436426,0
2266.0,1053.0,1213.0,1816,1901.0,0.5353045013239188,85.0,0.046806167400881,1
2585.0,1671.0,914.0,2327,2395.0,0.3535783365570599,68.0,0.0292221744735711,1
1937.0,955.0,982.0,1666,1771.0,0.5069695405265875,105.0,0.0630252100840336,1
1492.0,590.0,902.0,1319,1338.0,0.6045576407506702,19.0,0.0144048521607278,1
1626.0,775.0,851.0,1479,1595.0,0.523370233702337,116.0,0.0784313725490196,1
1048.0,758.0,290.0,2140,2380.0,0.2767175572519084,240.0,0.1121495327102803,1
1119.0,976.0,143.0,2832,3098.0,0.1277926720285969,266.0,0.0939265536723163,0
3107.0,383.0,2724.0,1455,1501.0,0.8767299645960733,46.0,0.031615120274914,1
1885.0,1046.0,839.0,1741,1782.0,0.4450928381962865,41.0,0.0235496840896036,1
2294.0,443.0,1851.0,1631,1751.0,0.8068875326939843,120.0,0.0735744941753525,1
1406.0,1235.0,171.0,3307,2991.0,0.1216216216216216,-316.0,-0.0955548835802842,1
2176.0,1801.0,375.0,2474,2506.0,0.1723345588235294,32.0,0.0129345189975747,0
507.0,367.0,140.0,2036,1796.0,0.2761341222879684,-240.0,-0.1178781925343811,0
791.0,362.0,429.0,1367,1290.0,0.5423514538558787,-77.0,-0.0563277249451353,0
1207.0,742.0,465.0,1894,1887.0,0.3852526926263463,-7.0,-0.0036958817317845,1
1659.0,389.0,1270.0,1520,1540.0,0.7655213984327909,20.0,0.0131578947368421,0
1358.0,822.0,536.0,1693,1529.0,0.3946980854197349,-164.0,-0.0968694624926166,1
961.0,261.0,700.0,1054,1153.0,0.72840790842872,99.0,0.0939278937381404,1
1207.0,501.0,706.0,1199,1263.0,0.5849212924606463,64.0,0.0533778148457047,1
2141.0,621.0,1520.0,1439,1471.0,0.7099486221391873,32.0,0.0222376650451702,1
738.0,241.0,497.0,1422,1440.0,0.6734417344173442,18.0,0.0126582278481012,0
1594.0,573.0,1021.0,1366,1444.0,0.6405269761606023,78.0,0.0571010248901903,1
1502.0,620.0,882.0,1208,1160.0,0.5872170439414115,-48.0,-0.0397350993377483,1
1040.0,552.0,488.0,600,608.0,0.4692307692307692,8.0,0.0133333333333333,1
1003.0,733.0,270.0,2037,1970.0,0.2691924227318046,-67.0,-0.0328915071183112,1
1582.0,288.0,1294.0,1099,1241.0,0.8179519595448799,142.0,0.1292083712465878,1
1608.0,672.0,936.0,1808,1883.0,0.582089552238806,75.0,0.0414823008849557,1
1567.0,1015.0,552.0,2002,2052.0,0.3522654754307594,50.0,0.0249750249750249,0
955.0,817.0,138.0,2069,2008.0,0.1445026178010471,-61.0,-0.0294828419526341,0
815.0,690.0,125.0,2950,2954.0,0.1533742331288343,4.0,0.0013559322033898,0
1280.0,652.0,628.0,1383,1402.0,0.490625,19.0,0.0137382501807664,1
1994.0,1003.0,991.0,1517,1518.0,0.4969909729187562,1.0,0.000659195781147,0
1129.0,537.0,592.0,1651,1814.0,0.5243578387953941,163.0,0.0987280436099333,0
1203.0,993.0,210.0,2665,2763.0,0.1745635910224439,98.0,0.0367729831144465,0
2039.0,1366.0,673.0,2049,2150.0,0.3300637567435017,101.0,0.0492923377257198,0
957.0,199.0,758.0,909,1059.0,0.7920585161964472,150.0,0.165016501650165,1
1112.0,429.0,683.0,1070,1229.0,0.6142086330935251,159.0,0.1485981308411215,1
2211.0,20.0,2191.0,1251,1251.0,0.9909543193125284,0.0,0.0,1
305.0,202.0,103.0,1586,1952.0,0.3377049180327869,366.0,0.2307692307692307,1
2031.0,238.0,1793.0,1294,1410.0,0.8828163466272771,116.0,0.0896445131375579,1
1135.0,663.0,472.0,2006,1475.0,0.4158590308370044,-531.0,-0.2647058823529412,1
1479.0,1430.0,49.0,3250,3170.0,0.033130493576741,-80.0,-0.0246153846153846,1
2388.0,1401.0,987.0,1740,1791.0,0.4133165829145728,51.0,0.0293103448275862,1
1720.0,1388.0,332.0,2768,2727.0,0.1930232558139535,-41.0,-0.0148121387283236,0
1351.0,1150.0,201.0,2795,3041.0,0.1487786824574389,246.0,0.0880143112701252,0
2661.0,2486.0,175.0,3454,3423.0,0.0657647500939496,-31.0,-0.0089751013317892,1
2017.0,1746.0,271.0,2167,2147.0,0.1343579573624194,-20.0,-0.0092293493308721,0
1378.0,1104.0,274.0,2017,1964.0,0.1988388969521045,-53.0,-0.0262766484878532,0
2285.0,1455.0,830.0,1542,1528.0,0.3632385120350109,-14.0,-0.0090791180285343,1
1297.0,996.0,301.0,2041,2169.0,0.2320740169622205,128.0,0.0627143557079862,0
1525.0,1056.0,469.0,1585,1613.0,0.3075409836065573,28.0,0.0176656151419558,1
1737.0,1410.0,327.0,2348,2382.0,0.1882556131260794,34.0,0.014480408858603,0
2372.0,1541.0,831.0,2262,2181.0,0.3503372681281619,-81.0,-0.0358090185676392,1
699.0,405.0,294.0,2011,2231.0,0.4206008583690987,220.0,0.1093983092988562,0
1355.0,978.0,377.0,2217,2364.0,0.2782287822878229,147.0,0.0663058186738836,0
1015.0,740.0,275.0,1556,1754.0,0.270935960591133,198.0,0.1272493573264781,1
1026.0,642.0,384.0,1650,1745.0,0.3742690058479532,95.0,0.0575757575757575,1
2117.0,1312.0,805.0,1759,1869.0,0.3802550779404818,110.0,0.0625355315520181,0
2518.0,593.0,1925.0,1197,1209.0,0.7644956314535345,12.0,0.0100250626566416,1
2275.0,639.0,1636.0,1248,1327.0,0.7191208791208791,79.0,0.063301282051282,1
1312.0,664.0,648.0,2027,1879.0,0.4939024390243902,-148.0,-0.0730143068574247,1
2751.0,1808.0,943.0,1563,1637.0,0.3427844420210832,74.0,0.0473448496481126,1
1683.0,634.0,1049.0,1405,1493.0,0.6232917409387998,88.0,0.0626334519572953,1
1747.0,966.0,781.0,2385,2369.0,0.4470520892959359,-16.0,-0.0067085953878406,0
2713.0,957.0,1756.0,1718,1785.0,0.6472539624032436,67.0,0.0389988358556461,1
2237.0,560.0,1677.0,1531,1562.0,0.7496647295485025,31.0,0.0202482037883736,1
696.0,598.0,98.0,2005,2385.0,0.1408045977011494,380.0,0.1895261845386533,1
1587.0,1181.0,406.0,2634,2684.0,0.2558286074354127,50.0,0.0189825360668185,1
1986.0,991.0,995.0,1412,1518.0,0.501007049345418,106.0,0.075070821529745,1
1897.0,1042.0,855.0,1865,1855.0,0.4507116499736426,-10.0,-0.0053619302949061,0
1447.0,1308.0,139.0,3116,2893.0,0.096060815480304,-223.0,-0.071566110397946,0
1344.0,1100.0,244.0,1855,1896.0,0.181547619047619,41.0,0.0221024258760107,0
829.0,270.0,559.0,1016,974.0,0.6743063932448733,-42.0,-0.0413385826771653,1
3215.0,1643.0,1572.0,1998,2032.0,0.4889580093312597,34.0,0.017017017017017,1
1345.0,658.0,687.0,1560,1569.0,0.5107806691449814,9.0,0.0057692307692307,1
2047.0,502.0,1545.0,1488,1566.0,0.7547630679042501,78.0,0.0524193548387096,1
1752.0,165.0,1587.0,1292,1259.0,0.9058219178082192,-33.0,-0.0255417956656346,1
1169.0,360.0,809.0,1125,1188.0,0.6920444824636441,63.0,0.056,1
2032.0,1308.0,724.0,1501,1755.0,0.3562992125984252,254.0,0.1692205196535643,0
1887.0,1092.0,795.0,1768,1762.0,0.4213036565977742,-6.0,-0.003393665158371,1
1767.0,1630.0,137.0,2289,2340.0,0.0775325410299943,51.0,0.0222804718217562,1
1327.0,919.0,408.0,2025,2031.0,0.3074604370761115,6.0,0.0029629629629629,1
1106.0,344.0,762.0,1146,1194.0,0.6889692585895117,48.0,0.0418848167539267,1
1068.0,755.0,313.0,2046,2010.0,0.2930711610486891,-36.0,-0.0175953079178885,1
1279.0,412.0,867.0,1273,1244.0,0.6778733385457388,-29.0,-0.0227808326787117,1
1170.0,832.0,338.0,1375,1433.0,0.2888888888888888,58.0,0.0421818181818181,0
1794.0,1078.0,716.0,1233,1103.0,0.399108138238573,-130.0,-0.105433901054339,1
795.0,644.0,151.0,2168,2157.0,0.189937106918239,-11.0,-0.0050738007380073,0
1165.0,508.0,657.0,932,1242.0,0.5639484978540773,310.0,0.3326180257510729,1
1088.0,726.0,362.0,2000,1887.0,0.3327205882352941,-113.0,-0.0565,1
1566.0,1180.0,386.0,1929,1729.0,0.2464878671775223,-200.0,-0.1036806635562467,1
2046.0,727.0,1319.0,1589,1540.0,0.644672531769306,-49.0,-0.0308370044052863,1
982.0,349.0,633.0,1164,1203.0,0.6446028513238289,39.0,0.0335051546391752,1
1898.0,1380.0,518.0,2313,2007.0,0.2729188619599578,-306.0,-0.1322957198443579,0
2251.0,448.0,1803.0,1063,1059.0,0.800977343402932,-4.0,-0.0037629350893697,1
1679.0,878.0,801.0,1834,1868.0,0.4770696843359142,34.0,0.0185387131952017,1
2047.0,572.0,1475.0,1296,1328.0,0.7205666829506595,32.0,0.0246913580246913,1
1616.0,492.0,1124.0,1166,1189.0,0.6955445544554455,23.0,0.0197255574614065,1
3185.0,2245.0,940.0,1874,1903.0,0.2951334379905808,29.0,0.0154749199573105,1
2178.0,1436.0,742.0,1799,1495.0,0.3406795224977043,-304.0,-0.1689827682045581,1
2512.0,2066.0,446.0,2274,2342.0,0.1775477707006369,68.0,0.0299032541776605,1
1628.0,1213.0,415.0,2082,2149.0,0.2549140049140049,67.0,0.0321805955811719,0
353.0,281.0,72.0,1172,1045.0,0.2039660056657223,-127.0,-0.1083617747440273,1
1730.0,1113.0,617.0,1494,1516.0,0.3566473988439306,22.0,0.0147255689424364,1
3555.0,1301.0,2254.0,2061,2187.0,0.6340365682137834,126.0,0.0611353711790393,1
1020.0,835.0,185.0,2163,2221.0,0.1813725490196078,58.0,0.0268146093388811,0
2015.0,1182.0,833.0,1563,1799.0,0.4133995037220844,236.0,0.1509916826615483,1
2572.0,826.0,1746.0,1430,1449.0,0.6788491446345256,19.0,0.0132867132867132,1
1310.0,1076.0,234.0,1944,1874.0,0.1786259541984732,-70.0,-0.0360082304526749,1
1185.0,993.0,192.0,2113,2216.0,0.1620253164556962,103.0,0.0487458589682915,0
1216.0,749.0,467.0,1854,1862.0,0.3840460526315789,8.0,0.0043149946062567,0
1254.0,766.0,488.0,1641,1636.0,0.3891547049441786,-5.0,-0.0030469226081657,0
1237.0,885.0,352.0,2380,2736.0,0.2845594179466451,356.0,0.1495798319327731,0
1805.0,1357.0,448.0,2322,2525.0,0.2481994459833795,203.0,0.0874246339362618,0
1881.0,789.0,1092.0,1575,1760.0,0.580542264752791,185.0,0.1174603174603174,1
1087.0,954.0,133.0,2788,2607.0,0.1223551057957681,-181.0,-0.0649210903873744,1
1745.0,1012.0,733.0,1250,1299.0,0.4200573065902578,49.0,0.0392,1
1498.0,432.0,1066.0,1688,1648.0,0.7116154873164219,-40.0,-0.0236966824644549,1
1060.0,879.0,181.0,2514,2502.0,0.170754716981132,-12.0,-0.0047732696897374,1
1250.0,1054.0,196.0,2884,3274.0,0.1568,390.0,0.1352288488210818,0
1319.0,1043.0,276.0,2031,2237.0,0.2092494313874147,206.0,0.1014278680452978,0
2020.0,1031.0,989.0,1672,1621.0,0.4896039603960396,-51.0,-0.0305023923444976,1
113.0,0.0,113.0,1899,1961.0,1.0,62.0,0.0326487625065824,1
2271.0,1912.0,359.0,1375,1547.0,0.1580801409070893,172.0,0.125090909090909,0
1255.0,260.0,995.0,1252,1319.0,0.7928286852589641,67.0,0.0535143769968051,1
1715.0,1128.0,587.0,1742,1788.0,0.3422740524781341,46.0,0.026406429391504,1
2303.0,531.0,1772.0,1420,1472.0,0.7694311767260096,52.0,0.0366197183098591,1
1850.0,1343.0,507.0,1650,1768.0,0.274054054054054,118.0,0.0715151515151515,1
2588.0,2145.0,443.0,3056,2959.0,0.1711746522411128,-97.0,-0.031740837696335,0
930.0,853.0,77.0,3107,3346.0,0.0827956989247311,239.0,0.0769230769230769,0
2009.0,1900.0,109.0,3768,3782.0,0.0542558486809357,14.0,0.0037154989384288,0
1413.0,975.0,438.0,2180,1858.0,0.3099787685774947,-322.0,-0.1477064220183486,0
2481.0,2348.0,133.0,1821,1831.0,0.0536074163643692,10.0,0.0054914881933003,1
951.0,737.0,214.0,2137,2443.0,0.2250262881177707,306.0,0.1431913897987833,0
1570.0,1328.0,242.0,3227,3106.0,0.154140127388535,-121.0,-0.0374961264332197,1
1668.0,820.0,848.0,1371,1381.0,0.5083932853717026,10.0,0.0072939460247994,1
1337.0,1094.0,243.0,2524,2354.0,0.181750186985789,-170.0,-0.0673534072900158,1
2075.0,1239.0,836.0,2020,2132.0,0.4028915662650602,112.0,0.0554455445544554,0
2363.0,1812.0,551.0,2159,2323.0,0.2331781633516716,164.0,0.0759610930986567,0
1916.0,1799.0,117.0,3007,2846.0,0.0610647181628392,-161.0,-0.0535417359494512,1
913.0,248.0,665.0,1108,1091.0,0.7283680175246441,-17.0,-0.0153429602888086,1
1270.0,819.0,451.0,1824,1595.0,0.3551181102362205,-229.0,-0.125548245614035,1
1374.0,229.0,1145.0,930,818.0,0.8333333333333334,-112.0,-0.1204301075268817,1
1377.0,885.0,492.0,2128,1981.0,0.3572984749455338,-147.0,-0.069078947368421,0
1485.0,1199.0,286.0,2265,2361.0,0.1925925925925926,96.0,0.0423841059602649,0
1420.0,1081.0,339.0,2176,2160.0,0.2387323943661971,-16.0,-0.0073529411764705,1
2830.0,1688.0,1142.0,2224,2277.0,0.4035335689045936,53.0,0.0238309352517985,1
2140.0,2068.0,72.0,2906,3035.0,0.0336448598130841,129.0,0.0443909153475567,1
1868.0,960.0,908.0,1695,1824.0,0.4860813704496788,129.0,0.0761061946902654,1
1137.0,988.0,149.0,2761,3071.0,0.1310466138962181,310.0,0.112278160086925,1
908.0,797.0,111.0,1842,1851.0,0.1222466960352423,9.0,0.004885993485342,1
1034.0,879.0,155.0,2613,2444.0,0.1499032882011605,-169.0,-0.0646766169154228,0
2280.0,1983.0,297.0,2959,3152.0,0.1302631578947368,193.0,0.0652247380871916,0
1097.0,835.0,262.0,2060,2185.0,0.2388331814038286,125.0,0.0606796116504854,0
1643.0,1554.0,89.0,3482,3770.0,0.0541692026780279,288.0,0.0827110855829982,0
3109.0,2015.0,1094.0,2579,2649.0,0.3518816339659054,70.0,0.0271423032183016,0
958.0,813.0,145.0,3189,3180.0,0.151356993736952,-9.0,-0.0028222013170272,1
2072.0,1924.0,148.0,3379,3160.0,0.0714285714285714,-219.0,-0.0648120745782776,1
1802.0,789.0,1013.0,1676,1739.0,0.5621531631520533,63.0,0.0375894988066825,1
1924.0,674.0,1250.0,1906,1955.0,0.6496881496881497,49.0,0.0257082896117523,1
2336.0,1281.0,1055.0,2286,2430.0,0.4516267123287671,144.0,0.0629921259842519,0
1753.0,913.0,840.0,1480,1466.0,0.4791785510553337,-14.0,-0.0094594594594594,1
1200.0,530.0,670.0,1636,1706.0,0.5583333333333333,70.0,0.0427872860635696,1
1520.0,366.0,1154.0,1315,1440.0,0.7592105263157894,125.0,0.0950570342205323,1
2120.0,1169.0,951.0,1864,1837.0,0.4485849056603773,-27.0,-0.0144849785407725,1
2154.0,1803.0,351.0,2004,2261.0,0.1629526462395543,257.0,0.1282435129740519,0
2080.0,1375.0,705.0,1889,1809.0,0.3389423076923077,-80.0,-0.0423504499735309,1
888.0,589.0,299.0,2025,2243.0,0.3367117117117117,218.0,0.1076543209876543,0
874.0,571.0,303.0,1930,2034.0,0.3466819221967963,104.0,0.0538860103626943,0
304.0,220.0,84.0,1918,1867.0,0.2763157894736842,-51.0,-0.0265901981230448,1
1565.0,1018.0,547.0,2067,2074.0,0.3495207667731629,7.0,0.0033865505563618,1
2672.0,333.0,2339.0,1406,1458.0,0.875374251497006,52.0,0.0369843527738264,1
1637.0,1052.0,585.0,1792,1856.0,0.3573610262675626,64.0,0.0357142857142857,0
1624.0,1490.0,134.0,3159,3287.0,0.0825123152709359,128.0,0.0405191516302627,0
1724.0,616.0,1108.0,1463,1724.0,0.642691415313225,261.0,0.1784005468215994,1
2953.0,1346.0,1607.0,1701,1773.0,0.5441923467660007,72.0,0.0423280423280423,1
1376.0,411.0,965.0,1523,1524.0,0.7013081395348837,1.0,0.0006565988181221,1
1773.0,828.0,945.0,1646,1800.0,0.5329949238578681,154.0,0.0935601458080194,0
2522.0,1220.0,1302.0,1357,1399.0,0.5162569389373514,42.0,0.0309506263817243,1
1974.0,38.0,1936.0,1337,1330.0,0.9807497467071936,-7.0,-0.0052356020942408,1
1765.0,357.0,1408.0,1300,1314.0,0.7977337110481586,14.0,0.0107692307692307,1
1106.0,1068.0,38.0,3343,3313.0,0.0343580470162748,-30.0,-0.0089739754711337,0
1023.0,966.0,57.0,3448,3257.0,0.0557184750733137,-191.0,-0.0553944315545243,0
1806.0,1466.0,340.0,2282,2427.0,0.1882613510520487,145.0,0.0635407537248028,0
2055.0,1130.0,925.0,1704,1809.0,0.4501216545012165,105.0,0.0616197183098591,0
792.0,366.0,426.0,1617,1789.0,0.5378787878787878,172.0,0.1063698206555349,1
1300.0,1058.0,242.0,2281,2581.0,0.1861538461538461,300.0,0.131521262604121,1
2443.0,1782.0,661.0,3216,3350.0,0.2705689725747032,134.0,0.0416666666666666,0
1649.0,1468.0,181.0,2719,2736.0,0.1097634930260764,17.0,0.0062522986392055,0
1463.0,1202.0,261.0,2500,2391.0,0.1784005468215994,-109.0,-0.0436,1
1200.0,551.0,649.0,2059,2158.0,0.5408333333333334,99.0,0.0480815930063137,1
2466.0,1530.0,936.0,1807,1947.0,0.3795620437956204,140.0,0.0774764803541782,1
947.0,869.0,78.0,2566,2820.0,0.0823653643083421,254.0,0.0989867498051442,0
2729.0,802.0,1927.0,1434,1497.0,0.7061194576768047,63.0,0.0439330543933054,1
1363.0,839.0,524.0,1623,1803.0,0.384446074834923,180.0,0.11090573012939,0
2301.0,853.0,1448.0,1645,1765.0,0.6292916123424598,120.0,0.0729483282674772,1
3123.0,989.0,2134.0,1623,1657.0,0.6833173230867755,34.0,0.0209488601355514,1
2053.0,960.0,1093.0,1607,1628.0,0.5323916220165611,21.0,0.0130678282514001,1
1291.0,1070.0,221.0,2943,2894.0,0.1711851278079008,-49.0,-0.0166496772001359,0
1854.0,1334.0,520.0,3165,2890.0,0.2804746494066882,-275.0,-0.0868878357030015,0
2019.0,1198.0,821.0,1846,1884.0,0.4066369489846458,38.0,0.0205850487540628,1
1032.0,889.0,143.0,2416,2254.0,0.1385658914728682,-162.0,-0.0670529801324503,1
1034.0,617.0,417.0,1722,1427.0,0.4032882011605416,-295.0,-0.1713124274099884,1
517.0,264.0,253.0,1228,1294.0,0.4893617021276595,66.0,0.0537459283387622,1
1410.0,609.0,801.0,1621,1608.0,0.5680851063829787,-13.0,-0.0080197409006785,1
2183.0,543.0,1640.0,1220,1313.0,0.7512597343105818,93.0,0.0762295081967213,1
76.0,60.0,16.0,3275,3667.0,0.2105263157894736,392.0,0.1196946564885496,0
2358.0,2078.0,280.0,1937,1988.0,0.1187446988973706,51.0,0.0263293753226639,0
860.0,599.0,261.0,2138,2107.0,0.3034883720930232,-31.0,-0.0144995322731524,0
828.0,629.0,199.0,2381,2427.0,0.2403381642512077,46.0,0.0193196136077278,0
1544.0,855.0,689.0,1342,1358.0,0.4462435233160621,16.0,0.0119225037257824,1
2155.0,1065.0,1090.0,1489,1859.0,0.505800464037123,370.0,0.2484889187374076,1
2348.0,1417.0,931.0,2260,2281.0,0.3965076660988075,21.0,0.00929203539823,1
1854.0,1293.0,561.0,1841,1921.0,0.302588996763754,80.0,0.0434546442151004,1
1451.0,1061.0,390.0,2126,2028.0,0.2687801516195727,-98.0,-0.0460959548447789,1
1533.0,1281.0,252.0,2500,2612.0,0.1643835616438356,112.0,0.0448,1
1184.0,687.0,497.0,2259,2039.0,0.4197635135135135,-220.0,-0.0973882248782647,0
1434.0,610.0,824.0,1568,1646.0,0.5746164574616457,78.0,0.0497448979591836,1
1766.0,962.0,804.0,1250,1503.0,0.4552661381653454,253.0,0.2024,0
2129.0,717.0,1412.0,1228,1301.0,0.6632221700328793,73.0,0.0594462540716612,1
2459.0,709.0,1750.0,1629,1677.0,0.7116714111427409,48.0,0.0294659300184162,1
3019.0,1057.0,1962.0,1394,1393.0,0.6498840675720438,-1.0,-0.0007173601147776,1
2617.0,1899.0,718.0,2378,2553.0,0.2743599541459686,175.0,0.0735912531539108,0
1261.0,488.0,773.0,1517,1612.0,0.6130055511498811,95.0,0.062623599208965,1
962.0,523.0,439.0,2179,2078.0,0.4563409563409563,-101.0,-0.0463515374024782,1
1871.0,1588.0,283.0,3093,3082.0,0.151256012827365,-11.0,-0.0035564177174264,0
922.0,814.0,108.0,3923,4000.0,0.1171366594360086,77.0,0.0196278358399184,0
1417.0,1178.0,239.0,2642,2823.0,0.1686661961891319,181.0,0.0685087055261165,1
2815.0,843.0,1972.0,1484,1505.0,0.7005328596802842,21.0,0.0141509433962264,1
2335.0,1443.0,892.0,2394,2353.0,0.3820128479657387,-41.0,-0.017126148705096,0
1639.0,550.0,1089.0,1437,1492.0,0.6644295302013423,55.0,0.0382741823242867,1
1256.0,464.0,792.0,1939,1998.0,0.6305732484076433,59.0,0.0304280556988138,1
747.0,599.0,148.0,1681,2054.0,0.1981258366800535,373.0,0.221891731112433,1
1873.0,1665.0,208.0,2642,3026.0,0.1110517885744794,384.0,0.1453444360333081,0
1775.0,1527.0,248.0,2879,3050.0,0.1397183098591549,171.0,0.0593956234803751,1
2007.0,1703.0,304.0,3091,2968.0,0.1514698555057299,-123.0,-0.0397929472662568,0
1875.0,338.0,1537.0,1101,1125.0,0.8197333333333333,24.0,0.0217983651226158,1
1054.0,525.0,529.0,1320,1327.0,0.5018975332068312,7.0,0.0053030303030303,1
1464.0,1196.0,268.0,2192,2178.0,0.1830601092896175,-14.0,-0.0063868613138686,1
2303.0,1806.0,497.0,2040,1969.0,0.21580547112462,-71.0,-0.0348039215686274,1
1797.0,1533.0,264.0,2369,2297.0,0.1469115191986644,-72.0,-0.0303925707049387,1
964.0,728.0,236.0,2267,2321.0,0.2448132780082987,54.0,0.023820026466696,0
1131.0,401.0,730.0,1310,1284.0,0.6454465075154731,-26.0,-0.0198473282442748,0
1263.0,1192.0,71.0,2744,2708.0,0.056215360253365,-36.0,-0.0131195335276967,0
1894.0,1440.0,454.0,2549,2486.0,0.2397043294614572,-63.0,-0.0247155747351902,0
1357.0,1118.0,239.0,2438,2745.0,0.1761238025055269,307.0,0.1259228876127973,0
1313.0,1125.0,188.0,3181,2830.0,0.1431835491241432,-351.0,-0.1103426595410248,0
2672.0,2550.0,122.0,4001,4001.0,0.0456586826347305,0.0,0.0,0
839.0,596.0,243.0,2129,2269.0,0.2896305125148987,140.0,0.0657585720995772,0
968.0,720.0,248.0,1894,1950.0,0.256198347107438,56.0,0.0295670538542766,0
967.0,321.0,646.0,1226,1136.0,0.6680455015511892,-90.0,-0.0734094616639478,1
1015.0,459.0,556.0,1473,1543.0,0.547783251231527,70.0,0.0475220638153428,0
1278.0,472.0,806.0,1249,1177.0,0.6306729264475743,-72.0,-0.0576461168935148,0
1118.0,335.0,783.0,1052,1117.0,0.7003577817531306,65.0,0.061787072243346,1
1440.0,733.0,707.0,1845,1708.0,0.4909722222222222,-137.0,-0.0742547425474254,0
944.0,339.0,605.0,1308,1382.0,0.6408898305084746,74.0,0.0565749235474006,1
1989.0,724.0,1265.0,1861,1911.0,0.6359979889391654,50.0,0.0268672756582482,1
1778.0,889.0,889.0,1781,1796.0,0.5,15.0,0.0084222346996069,1
2289.0,1309.0,980.0,1546,1538.0,0.4281345565749235,-8.0,-0.0051746442432082,1
757.0,280.0,477.0,1852,1920.0,0.6301188903566711,68.0,0.0367170626349892,1
2077.0,1330.0,747.0,2033,2252.0,0.359653346172364,219.0,0.1077225774717166,1
1381.0,410.0,971.0,1399,1466.0,0.7031136857349747,67.0,0.0478913509649749,1
1863.0,672.0,1191.0,1515,1466.0,0.6392914653784219,-49.0,-0.0323432343234323,1
612.0,477.0,135.0,2296,2648.0,0.2205882352941176,352.0,0.1533101045296167,0
2368.0,32.0,2336.0,1901,1987.0,0.9864864864864864,86.0,0.0452393477117306,1
2168.0,1593.0,575.0,2283,2386.0,0.2652214022140221,103.0,0.0451160753394656,1
1043.0,943.0,100.0,3731,3762.0,0.0958772770853307,31.0,0.0083087644063253,0
1973.0,1792.0,181.0,3089,3223.0,0.0917384693360365,134.0,0.0433797345419229,0
1743.0,1499.0,244.0,2322,2610.0,0.1399885255306942,288.0,0.1240310077519379,0
1042.0,591.0,451.0,1399,1522.0,0.4328214971209213,123.0,0.0879199428162973,1
2914.0,1645.0,1269.0,1785,1965.0,0.4354838709677419,180.0,0.1008403361344537,1
859.0,369.0,490.0,1249,1217.0,0.570430733410943,-32.0,-0.0256204963971176,1
735.0,450.0,285.0,1914,1959.0,0.3877551020408163,45.0,0.0235109717868338,0
1282.0,520.0,762.0,1590,1514.0,0.594383775351014,-76.0,-0.0477987421383647,0
1195.0,860.0,335.0,2147,2253.0,0.2803347280334728,106.0,0.0493712156497438,0
1329.0,1091.0,238.0,1974,2179.0,0.1790820165537998,205.0,0.1038500506585613,1
808.0,560.0,248.0,2237,2236.0,0.3069306930693069,-1.0,-0.0004470272686633,0
1959.0,1299.0,660.0,1837,1809.0,0.336906584992343,-28.0,-0.0152422427871529,1
1737.0,859.0,878.0,1866,1936.0,0.5054691997697179,70.0,0.037513397642015,1
1080.0,885.0,195.0,2378,2264.0,0.1805555555555555,-114.0,-0.0479394449116905,0
1712.0,1448.0,264.0,2882,2771.0,0.1542056074766355,-111.0,-0.0385149201943095,1
1420.0,1399.0,21.0,2693,3006.0,0.0147887323943661,313.0,0.1162272558484961,0
1971.0,1791.0,180.0,2958,3079.0,0.091324200913242,121.0,0.0409060175794455,0
2323.0,1957.0,366.0,2195,2248.0,0.1575548859233749,53.0,0.0241457858769931,0
910.0,849.0,61.0,2514,2607.0,0.067032967032967,93.0,0.0369928400954653,0
1044.0,911.0,133.0,2674,2604.0,0.1273946360153256,-70.0,-0.0261780104712041,0
2396.0,2213.0,183.0,3575,3164.0,0.0763772954924874,-411.0,-0.1149650349650349,0
2668.0,1484.0,1184.0,1775,1658.0,0.4437781109445277,-117.0,-0.0659154929577464,0
1215.0,511.0,704.0,1731,1884.0,0.5794238683127572,153.0,0.0883882149046793,1
1138.0,395.0,743.0,1394,1436.0,0.6528998242530756,42.0,0.0301291248206599,1
1093.0,602.0,491.0,1441,1696.0,0.4492223238792315,255.0,0.1769604441360166,0
1468.0,749.0,719.0,1558,1637.0,0.4897820163487738,79.0,0.0507060333761232,0
1325.0,532.0,793.0,1439,1452.0,0.5984905660377359,13.0,0.0090340514246004,1
2212.0,1311.0,901.0,1719,1803.0,0.4073236889692586,84.0,0.0488656195462478,1
2071.0,1119.0,952.0,1886,1844.0,0.4596813133751811,-42.0,-0.0222693531283138,1
1378.0,1197.0,181.0,2463,2660.0,0.1313497822931785,197.0,0.0799837596427121,0
1711.0,1465.0,246.0,2627,2623.0,0.1437755698421975,-4.0,-0.0015226494099733,0
2044.0,877.0,1167.0,1382,1413.0,0.5709393346379648,31.0,0.0224312590448625,1
1427.0,1176.0,251.0,2094,2213.0,0.1758934828311142,119.0,0.0568290353390639,0
1589.0,1032.0,557.0,2227,2354.0,0.3505349276274386,127.0,0.0570273911091154,0
1150.0,809.0,341.0,2124,2142.0,0.2965217391304348,18.0,0.0084745762711864,1
2549.0,1132.0,1417.0,1640,1737.0,0.5559042761867399,97.0,0.0591463414634146,1
1251.0,642.0,609.0,2099,2111.0,0.486810551558753,12.0,0.0057170080990948,1
2537.0,695.0,1842.0,1602,1658.0,0.7260543949546708,56.0,0.0349563046192259,1
1593.0,1137.0,456.0,1903,1961.0,0.2862523540489642,58.0,0.0304781923279033,1
2055.0,1745.0,310.0,4001,4001.0,0.1508515815085158,0.0,0.0,0
1404.0,1102.0,302.0,2887,3038.0,0.2150997150997151,151.0,0.0523034291652234,0
1817.0,1477.0,340.0,2464,2725.0,0.1871216290588882,261.0,0.1059253246753246,1
2268.0,719.0,1549.0,1599,1721.0,0.6829805996472663,122.0,0.0762976860537836,1
2259.0,1723.0,536.0,2073,2234.0,0.2372731297034085,161.0,0.0776652194886637,0
1946.0,761.0,1185.0,1349,1382.0,0.6089414182939363,33.0,0.0244625648628613,1
1792.0,732.0,1060.0,1482,1575.0,0.5915178571428571,93.0,0.0627530364372469,1
1849.0,989.0,860.0,1605,1660.0,0.4651162790697674,55.0,0.0342679127725856,1
1958.0,164.0,1794.0,1436,1435.0,0.916241062308478,-1.0,-0.0006963788300835,1
1325.0,674.0,651.0,1388,1390.0,0.4913207547169811,2.0,0.0014409221902017,1
1878.0,523.0,1355.0,1682,1796.0,0.7215122470713525,114.0,0.0677764565992865,0
1278.0,1103.0,175.0,2595,2669.0,0.1369327073552425,74.0,0.0285163776493256,1
1955.0,960.0,995.0,2285,2505.0,0.5089514066496164,220.0,0.0962800875273523,1
2445.0,1167.0,1278.0,2097,2101.0,0.5226993865030675,4.0,0.0019074868860276,0
408.0,232.0,176.0,2065,2289.0,0.4313725490196078,224.0,0.1084745762711864,0
3107.0,2437.0,670.0,2200,2301.0,0.2156420984872867,101.0,0.0459090909090909,0
2131.0,1350.0,781.0,2380,2304.0,0.3664946034725481,-76.0,-0.0319327731092436,1
2050.0,1035.0,1015.0,1696,1636.0,0.4951219512195122,-60.0,-0.035377358490566,1
2482.0,1656.0,826.0,1902,1998.0,0.3327961321514907,96.0,0.0504731861198738,0
2112.0,1462.0,650.0,1981,2050.0,0.3077651515151515,69.0,0.0348308934881373,0
703.0,630.0,73.0,3635,3354.0,0.1038406827880512,-281.0,-0.0773039889958734,0
2304.0,1327.0,977.0,2140,2016.0,0.4240451388888889,-124.0,-0.0579439252336448,1
730.0,470.0,260.0,1304,1433.0,0.3561643835616438,129.0,0.0989263803680981,1
984.0,890.0,94.0,3043,3181.0,0.0955284552845528,138.0,0.0453499835688465,0
1027.0,782.0,245.0,1856,1617.0,0.2385589094449854,-239.0,-0.1287715517241379,1
1525.0,1117.0,408.0,2266,2263.0,0.2675409836065573,-3.0,-0.0013239187996469,0
2394.0,1791.0,603.0,2558,2370.0,0.2518796992481203,-188.0,-0.0734949179046129,1
2415.0,1655.0,760.0,1874,1749.0,0.3146997929606625,-125.0,-0.0667022411953041,0
2390.0,1277.0,1113.0,1400,1480.0,0.4656903765690376,80.0,0.0571428571428571,1
2501.0,1724.0,777.0,2000,2055.0,0.3106757297081167,55.0,0.0275,1
1042.0,250.0,792.0,1565,1500.0,0.7600767754318618,-65.0,-0.0415335463258785,0
819.0,537.0,282.0,1129,1490.0,0.3443223443223443,361.0,0.3197519929140832,0
904.0,636.0,268.0,2733,2913.0,0.2964601769911504,180.0,0.0658616904500548,1
2399.0,2061.0,338.0,2504,2676.0,0.1408920383493122,172.0,0.0686900958466453,0
2736.0,894.0,1842.0,1412,1499.0,0.6732456140350878,87.0,0.0616147308781869,1
1274.0,814.0,460.0,2051,1955.0,0.3610675039246467,-96.0,-0.0468064358849341,1
2500.0,1628.0,872.0,2717,2814.0,0.3488,97.0,0.0357011409642988,0
1877.0,784.0,1093.0,1738,1820.0,0.582312200319659,82.0,0.0471806674338319,0
1881.0,1434.0,447.0,2431,2897.0,0.2376395534290271,466.0,0.1916906622788975,1
917.0,772.0,145.0,2422,2454.0,0.1581243184296619,32.0,0.0132122213047068,0
2180.0,1058.0,1122.0,1624,1647.0,0.5146788990825688,23.0,0.0141625615763546,1
2682.0,2356.0,326.0,2389,2393.0,0.1215510812826249,4.0,0.0016743407283382,0
2995.0,1542.0,1453.0,1565,1526.0,0.4851419031719532,-39.0,-0.0249201277955271,1
2303.0,2092.0,211.0,3126,3262.0,0.0916196265740338,136.0,0.0435060780550223,0
2560.0,2044.0,516.0,3161,3150.0,0.2015625,-11.0,-0.0034799114204365,0
2603.0,2177.0,426.0,2350,2124.0,0.1636573184786784,-226.0,-0.0961702127659574,0
591.0,536.0,55.0,3113,3241.0,0.093062605752961,128.0,0.0411178927079987,0
2255.0,1465.0,790.0,2039,2052.0,0.3503325942350332,13.0,0.0063756743501716,1
1823.0,1262.0,561.0,2491,2565.0,0.3077345035655512,74.0,0.0297069450020072,1
1890.0,991.0,899.0,1446,1453.0,0.4756613756613757,7.0,0.0048409405255878,1
1263.0,730.0,533.0,1793,1695.0,0.4220110847189232,-98.0,-0.0546569994422755,1
1877.0,1107.0,770.0,1717,1823.0,0.4102290889717634,106.0,0.0617355853232382,1
2846.0,1772.0,1074.0,1913,1934.0,0.3773717498243148,21.0,0.010977522216414,1
2212.0,1051.0,1161.0,1935,2023.0,0.5248643761301989,88.0,0.0454780361757105,0
1872.0,1480.0,392.0,3113,3050.0,0.2094017094017094,-63.0,-0.0202377128172181,0
1244.0,747.0,497.0,1647,1393.0,0.3995176848874598,-254.0,-0.1542197935640558,0
2538.0,1546.0,992.0,1857,1868.0,0.3908589440504334,11.0,0.0059235325794291,0
2801.0,2389.0,412.0,2781,3092.0,0.14709032488397,311.0,0.1118302768788205,0
2508.0,1880.0,628.0,1681,1678.0,0.2503987240829346,-3.0,-0.0017846519928613,0
449.0,361.0,88.0,1606,1471.0,0.1959910913140311,-135.0,-0.0840597758405977,0
1138.0,317.0,821.0,913,892.0,0.7214411247803163,-21.0,-0.0230010952902519,1
2564.0,2173.0,391.0,1911,2022.0,0.1524960998439937,111.0,0.0580847723704866,0
2043.0,1746.0,297.0,2315,2418.0,0.145374449339207,103.0,0.0444924406047516,0
2247.0,734.0,1513.0,975,1038.0,0.6733422340898977,63.0,0.0646153846153846,0
1446.0,1018.0,428.0,1496,1524.0,0.2959889349930844,28.0,0.0187165775401069,0
1664.0,1361.0,303.0,1497,1565.0,0.1820913461538461,68.0,0.0454241816967267,1
1980.0,1648.0,332.0,1773,1822.0,0.1676767676767676,49.0,0.0276367738296672,0
602.0,391.0,211.0,1656,1575.0,0.3504983388704319,-81.0,-0.0489130434782608,0
920.0,324.0,596.0,1016,1013.0,0.6478260869565218,-3.0,-0.0029527559055118,0
1112.0,685.0,427.0,1364,1394.0,0.3839928057553957,30.0,0.0219941348973607,1
1046.0,717.0,329.0,1744,1613.0,0.3145315487571701,-131.0,-0.0751146788990825,0
1469.0,614.0,855.0,1282,1328.0,0.5820285908781484,46.0,0.0358814352574103,0
1236.0,219.0,1017.0,1084,1135.0,0.8228155339805825,51.0,0.0470479704797048,1
2052.0,1051.0,1001.0,1720,1614.0,0.4878167641325536,-106.0,-0.0616279069767441,0
2246.0,1746.0,500.0,1740,1740.0,0.2226179875333927,0.0,0.0,0
921.0,847.0,74.0,2274,2428.0,0.0803474484256243,154.0,0.0677220756376429,0
2687.0,2254.0,433.0,2525,2426.0,0.1611462597692594,-99.0,-0.0392079207920792,0
2507.0,2159.0,348.0,2152,2251.0,0.1388113282808137,99.0,0.0460037174721189,0
2217.0,1126.0,1091.0,1006,979.0,0.492106450157871,-27.0,-0.0268389662027833,1
1903.0,799.0,1104.0,962,973.0,0.580136626379401,11.0,0.0114345114345114,0
1310.0,1167.0,143.0,1591,1185.0,0.1091603053435114,-406.0,-0.2551854179761156,1
2369.0,1429.0,940.0,1354,1423.0,0.3967918953144786,69.0,0.0509601181683899,0
881.0,762.0,119.0,1895,1919.0,0.1350737797956867,24.0,0.012664907651715,0
1150.0,734.0,416.0,1038,984.0,0.3617391304347826,-54.0,-0.0520231213872832,0
1436.0,1357.0,79.0,3349,3401.0,0.0550139275766016,52.0,0.0155270229919378,0
2141.0,1588.0,553.0,1224,1247.0,0.2582905184493227,23.0,0.0187908496732026,0
1736.0,1581.0,155.0,2011,2028.0,0.0892857142857142,17.0,0.0084535057185479,0
1112.0,917.0,195.0,1436,1421.0,0.1753597122302158,-15.0,-0.0104456824512534,0
776.0,562.0,214.0,1313,1339.0,0.2757731958762887,26.0,0.0198019801980198,0
1515.0,1111.0,404.0,1645,1449.0,0.2666666666666666,-196.0,-0.1191489361702127,0
2410.0,1811.0,599.0,1099,1131.0,0.2485477178423236,32.0,0.0291173794358507,1
596.0,478.0,118.0,1805,2108.0,0.197986577181208,303.0,0.1678670360110803,0
2443.0,2014.0,429.0,1285,1370.0,0.1756037658616455,85.0,0.0661478599221789,0
2642.0,2494.0,148.0,2809,2575.0,0.0560181680545041,-234.0,-0.0833036667853328,0
1983.0,1836.0,147.0,3064,3144.0,0.0741301059001512,80.0,0.0261096605744125,0
1773.0,1348.0,425.0,2239,2189.0,0.23970671178793,-50.0,-0.0223313979455113,0
2180.0,959.0,1221.0,1148,1123.0,0.560091743119266,-25.0,-0.0217770034843205,1
1286.0,1210.0,76.0,2090,2072.0,0.0590979782270606,-18.0,-0.0086124401913875,0
2878.0,2504.0,374.0,2126,2175.0,0.1299513551077137,49.0,0.0230479774223894,0
1162.0,654.0,508.0,1872,1871.0,0.4371772805507745,-1.0,-0.000534188034188,0
1023.0,332.0,691.0,993,930.0,0.6754643206256109,-63.0,-0.0634441087613293,1
1382.0,1074.0,308.0,1447,1366.0,0.2228654124457308,-81.0,-0.0559778852798894,1
1161.0,1001.0,160.0,1619,1682.0,0.1378122308354866,63.0,0.0389129092032118,0
1770.0,1570.0,200.0,1712,1690.0,0.1129943502824858,-22.0,-0.0128504672897196,0
1648.0,1450.0,198.0,1780,1800.0,0.1201456310679611,20.0,0.0112359550561797,0
1916.0,749.0,1167.0,1247,1276.0,0.6090814196242171,29.0,0.0232558139534883,1
1338.0,796.0,542.0,1135,1189.0,0.4050822122571001,54.0,0.0475770925110132,0
1312.0,634.0,678.0,1091,1036.0,0.5167682926829268,-55.0,-0.0504124656278643,1
1457.0,1043.0,414.0,1580,1615.0,0.2841455044612216,35.0,0.0221518987341772,0
1133.0,736.0,397.0,1652,1741.0,0.3503971756398941,89.0,0.0538740920096852,0
1347.0,729.0,618.0,1484,1545.0,0.4587973273942093,61.0,0.0411051212938005,1
1650.0,1175.0,475.0,1224,1204.0,0.2878787878787879,-20.0,-0.0163398692810457,1
1569.0,933.0,636.0,1150,1210.0,0.4053537284894837,60.0,0.0521739130434782,0
2357.0,1297.0,1060.0,1285,1332.0,0.4497242257106491,47.0,0.0365758754863813,0
1373.0,1050.0,323.0,2167,2165.0,0.235251274581209,-2.0,-0.0009229349330872,0
2492.0,1772.0,720.0,2119,2092.0,0.2889245585874799,-27.0,-0.0127418593676262,0
938.0,513.0,425.0,1427,1476.0,0.453091684434968,49.0,0.0343377715487035,0
2488.0,1831.0,657.0,1884,1880.0,0.2640675241157556,-4.0,-0.0021231422505307,0
1147.0,1068.0,79.0,595,622.0,0.068875326939843,27.0,0.0453781512605042,1
2229.0,2033.0,196.0,584,588.0,0.0879318079856437,4.0,0.0068493150684931,1
1702.0,1358.0,344.0,2352,2329.0,0.2021151586368977,-23.0,-0.0097789115646258,0
553.0,535.0,18.0,2561,3102.0,0.0325497287522604,541.0,0.2112456071846934,0
1071.0,910.0,161.0,1262,1250.0,0.1503267973856209,-12.0,-0.0095087163232963,1
511.0,285.0,226.0,1364,1200.0,0.4422700587084148,-164.0,-0.1202346041055718,0
399.0,277.0,122.0,2227,2160.0,0.3057644110275689,-67.0,-0.0300853165693758,0
391.0,203.0,188.0,1846,2018.0,0.4808184143222506,172.0,0.0931744312026002,0
373.0,262.0,111.0,987,948.0,0.2975871313672922,-39.0,-0.0395136778115501,1
1644.0,1131.0,513.0,2721,2673.0,0.3120437956204379,-48.0,-0.0176405733186328,0
1209.0,993.0,216.0,3080,3072.0,0.1786600496277915,-8.0,-0.0025974025974025,0
1949.0,1028.0,921.0,1660,1718.0,0.4725500256541816,58.0,0.0349397590361445,0
1426.0,962.0,464.0,2004,2174.0,0.3253856942496493,170.0,0.0848303393213572,0
1804.0,1012.0,792.0,2277,2002.0,0.4390243902439024,-275.0,-0.1207729468599033,0
937.0,885.0,52.0,2711,2611.0,0.055496264674493,-100.0,-0.0368867576540022,0
1681.0,1398.0,283.0,2613,2781.0,0.1683521713265913,168.0,0.0642939150401837,0
1422.0,1134.0,288.0,2821,2819.0,0.2025316455696202,-2.0,-0.0007089684509039,0
1256.0,1073.0,183.0,2708,2872.0,0.1457006369426751,164.0,0.0605612998522895,0
1284.0,1122.0,162.0,2078,2294.0,0.1261682242990654,216.0,0.1039461020211742,0
1482.0,1237.0,245.0,3077,2849.0,0.1653171390013495,-228.0,-0.0740981475463113,0
2500.0,2228.0,272.0,1262,1420.0,0.1088,158.0,0.1251980982567353,0
1932.0,1709.0,223.0,971,979.0,0.1154244306418219,8.0,0.0082389289392378,0
1803.0,1567.0,236.0,1143,972.0,0.1308929561841375,-171.0,-0.1496062992125984,0
941.0,758.0,183.0,2272,2288.0,0.1944739638682253,16.0,0.0070422535211267,0
793.0,467.0,326.0,625,775.0,0.4110970996216898,150.0,0.24,0
787.0,593.0,194.0,640,658.0,0.2465057179161372,18.0,0.028125,1
1832.0,862.0,970.0,686,658.0,0.5294759825327511,-28.0,-0.0408163265306122,0
1524.0,1169.0,355.0,688,692.0,0.2329396325459317,4.0,0.005813953488372,1
1165.0,710.0,455.0,839,939.0,0.3905579399141631,100.0,0.1191895113230035,0
2912.0,1825.0,1087.0,938,1010.0,0.373282967032967,72.0,0.0767590618336887,0
1575.0,1172.0,403.0,925,1007.0,0.2558730158730158,82.0,0.0886486486486486,0
706.0,493.0,213.0,519,520.0,0.301699716713881,1.0,0.001926782273603,0
381.0,272.0,109.0,585,558.0,0.2860892388451443,-27.0,-0.0461538461538461,1
955.0,617.0,338.0,466,475.0,0.3539267015706806,9.0,0.01931330472103,0
1792.0,1310.0,482.0,672,698.0,0.2689732142857143,26.0,0.0386904761904761,1
3323.0,2130.0,1193.0,938,974.0,0.3590129401143545,36.0,0.0383795309168443,0
542.0,334.0,208.0,582,628.0,0.3837638376383764,46.0,0.0790378006872852,0
1495.0,869.0,626.0,730,845.0,0.4187290969899666,115.0,0.1575342465753424,1
1261.0,972.0,289.0,854,840.0,0.2291831879460745,-14.0,-0.0163934426229508,0
1912.0,703.0,1209.0,799,854.0,0.6323221757322176,55.0,0.0688360450563204,0
1474.0,1021.0,453.0,730,778.0,0.3073270013568521,48.0,0.0657534246575342,1
1781.0,1597.0,184.0,1466,1436.0,0.103312745648512,-30.0,-0.0204638472032742,1
993.0,735.0,258.0,694,680.0,0.2598187311178248,-14.0,-0.0201729106628242,0
2026.0,1531.0,495.0,1037,1113.0,0.2443237907206318,76.0,0.073288331726133,0
1518.0,614.0,904.0,875,872.0,0.5955204216073782,-3.0,-0.0034285714285714,0
1350.0,1010.0,340.0,1142,1219.0,0.2518518518518518,77.0,0.0674255691768826,0
1437.0,1267.0,170.0,1192,1224.0,0.1183020180932498,32.0,0.0268456375838926,0
2114.0,1059.0,1055.0,858,895.0,0.4990539262062441,37.0,0.0431235431235431,1
622.0,568.0,54.0,1261,1188.0,0.0868167202572347,-73.0,-0.0578905630452022,0
1857.0,729.0,1128.0,853,838.0,0.6074313408723748,-15.0,-0.0175849941383352,0
1691.0,1139.0,552.0,688,724.0,0.3264340626848019,36.0,0.0523255813953488,1
1500.0,1041.0,459.0,1086,1064.0,0.306,-22.0,-0.0202578268876611,0
1117.0,426.0,691.0,771,773.0,0.6186213070725156,2.0,0.0025940337224383,0
2306.0,1950.0,356.0,1138,1134.0,0.1543798785776235,-4.0,-0.0035149384885764,0
1028.0,823.0,205.0,1512,1577.0,0.1994163424124513,65.0,0.0429894179894179,0
695.0,124.0,571.0,619,628.0,0.8215827338129497,9.0,0.0145395799676898,1
1519.0,713.0,806.0,1083,1050.0,0.5306122448979592,-33.0,-0.0304709141274238,0
1601.0,965.0,636.0,939,888.0,0.3972517176764522,-51.0,-0.0543130990415335,1
2008.0,1439.0,569.0,1099,1307.0,0.2833665338645418,208.0,0.18926296633303,1
612.0,514.0,98.0,1307,1416.0,0.1601307189542483,109.0,0.0833970925784238,0
1557.0,434.0,1123.0,944,951.0,0.7212588310854207,7.0,0.0074152542372881,1
1962.0,1105.0,857.0,708,740.0,0.4367991845056065,32.0,0.0451977401129943,0
2071.0,746.0,1325.0,958,983.0,0.6397875422501207,25.0,0.0260960334029227,0
849.0,698.0,151.0,1031,1313.0,0.1778563015312131,282.0,0.2735208535402522,0
1820.0,1075.0,745.0,823,810.0,0.4093406593406593,-13.0,-0.0157958687727825,1
922.0,438.0,484.0,632,598.0,0.5249457700650759,-34.0,-0.0537974683544303,1
1784.0,1449.0,335.0,1172,1181.0,0.1877802690582959,9.0,0.007679180887372,0
900.0,712.0,188.0,1318,1188.0,0.2088888888888889,-130.0,-0.0986342943854324,1
1741.0,1050.0,691.0,1165,1185.0,0.3968983342906376,20.0,0.0171673819742489,0
1705.0,1347.0,358.0,1213,1234.0,0.2099706744868035,21.0,0.0173124484748557,1
1094.0,765.0,329.0,1374,1392.0,0.3007312614259598,18.0,0.0131004366812227,0
1832.0,1474.0,358.0,1039,1072.0,0.195414847161572,33.0,0.0317613089509143,0
2090.0,1658.0,432.0,973,939.0,0.2066985645933014,-34.0,-0.0349434737923946,0
1379.0,789.0,590.0,842,832.0,0.4278462654097172,-10.0,-0.01187648456057,1
582.0,509.0,73.0,1311,1283.0,0.1254295532646048,-28.0,-0.0213577421815408,0
2320.0,1468.0,852.0,955,975.0,0.3672413793103448,20.0,0.0209424083769633,0
2199.0,724.0,1475.0,837,835.0,0.6707594361073215,-2.0,-0.002389486260454,0
1458.0,1046.0,412.0,1189,1174.0,0.2825788751714678,-15.0,-0.0126156433978132,0
1232.0,1043.0,189.0,1613,1599.0,0.1534090909090909,-14.0,-0.0086794792312461,0
875.0,631.0,244.0,1463,1523.0,0.2788571428571428,60.0,0.0410116199589883,0
1277.0,943.0,334.0,1169,1150.0,0.2615505090054816,-19.0,-0.0162532078699743,0
883.0,618.0,265.0,1266,1394.0,0.3001132502831257,128.0,0.1011058451816745,0
1185.0,873.0,312.0,1097,991.0,0.2632911392405063,-106.0,-0.0966271649954421,0
831.0,749.0,82.0,1027,1119.0,0.098676293622142,92.0,0.0895813047711781,0
1013.0,949.0,64.0,1235,1118.0,0.0631786771964462,-117.0,-0.0947368421052631,0
1164.0,918.0,246.0,949,1057.0,0.211340206185567,108.0,0.1138040042149631,0
1193.0,619.0,574.0,1459,1411.0,0.4811399832355406,-48.0,-0.0328992460589444,1
1962.0,1187.0,775.0,1196,1222.0,0.3950050968399592,26.0,0.0217391304347826,0
1153.0,971.0,182.0,1361,1507.0,0.1578490893321769,146.0,0.1072740631888317,1
1806.0,1090.0,716.0,1277,1322.0,0.3964562569213732,45.0,0.0352388410336726,0
2229.0,794.0,1435.0,1276,1293.0,0.6437864513234635,17.0,0.0133228840125391,0
1375.0,991.0,384.0,1923,1884.0,0.2792727272727273,-39.0,-0.0202808112324493,0
1809.0,624.0,1185.0,1092,1081.0,0.6550580431177446,-11.0,-0.01007326007326,0
1692.0,1346.0,346.0,2449,2444.0,0.2044917257683215,-5.0,-0.0020416496529195,0
1233.0,517.0,716.0,1088,1088.0,0.5806974858069749,0.0,0.0,0
1929.0,1024.0,905.0,1078,1214.0,0.4691550025920166,136.0,0.1261595547309833,0
1195.0,931.0,264.0,1976,1948.0,0.2209205020920502,-28.0,-0.0141700404858299,0
1646.0,577.0,1069.0,1031,1047.0,0.649453219927096,16.0,0.0155189136760426,0
1204.0,672.0,532.0,1801,1711.0,0.4418604651162791,-90.0,-0.0499722376457523,0
1489.0,1072.0,417.0,1139,1169.0,0.2800537273337811,30.0,0.0263388937664618,1
1771.0,1530.0,241.0,1651,1654.0,0.1360813099943534,3.0,0.001817080557238,0
1032.0,698.0,334.0,906,958.0,0.3236434108527132,52.0,0.0573951434878587,1
1263.0,137.0,1126.0,679,586.0,0.8915281076801267,-93.0,-0.1369661266568483,1
869.0,523.0,346.0,1919,1667.0,0.3981588032220943,-252.0,-0.1313183949973944,0
1604.0,1129.0,475.0,1654,1626.0,0.2961346633416459,-28.0,-0.0169286577992744,0
1480.0,1200.0,280.0,1949,1962.0,0.1891891891891892,13.0,0.0066700872242175,0
1848.0,1726.0,122.0,2890,2917.0,0.066017316017316,27.0,0.0093425605536332,0
1067.0,934.0,133.0,1864,1844.0,0.1246485473289597,-20.0,-0.0107296137339055,0
1844.0,1278.0,566.0,1933,1948.0,0.306941431670282,15.0,0.007759958613554,0
1031.0,566.0,465.0,1522,1280.0,0.4510184287099903,-242.0,-0.1590013140604468,1
1255.0,765.0,490.0,1125,1142.0,0.3904382470119522,17.0,0.0151111111111111,0
1087.0,404.0,683.0,1127,1142.0,0.6283348666053358,15.0,0.0133096716947648,1
969.0,642.0,327.0,1713,1709.0,0.3374613003095975,-4.0,-0.0023350846468184,0
1682.0,1099.0,583.0,1519,1607.0,0.3466111771700356,88.0,0.0579328505595786,1
1070.0,622.0,448.0,1522,1344.0,0.4186915887850467,-178.0,-0.1169513797634691,1
1129.0,872.0,257.0,1571,1666.0,0.2276350752878653,95.0,0.060471037555697,0
1938.0,915.0,1023.0,1479,1448.0,0.5278637770897833,-31.0,-0.0209601081812035,0
1510.0,882.0,628.0,1278,1172.0,0.4158940397350993,-106.0,-0.082942097026604,1
582.0,116.0,466.0,819,855.0,0.8006872852233677,36.0,0.0439560439560439,1
778.0,527.0,251.0,1316,1167.0,0.3226221079691517,-149.0,-0.1132218844984802,1
1438.0,970.0,468.0,1797,1532.0,0.325452016689847,-265.0,-0.1474680022259321,0
1204.0,453.0,751.0,707,722.0,0.6237541528239202,15.0,0.0212164073550212,0
1944.0,1555.0,389.0,1805,1813.0,0.2001028806584362,8.0,0.0044321329639889,0
1255.0,1001.0,254.0,1834,1902.0,0.2023904382470119,68.0,0.0370774263904034,0
1227.0,599.0,628.0,1386,1386.0,0.5118174409127955,0.0,0.0,0
2107.0,1114.0,993.0,1206,1236.0,0.4712861888941623,30.0,0.0248756218905472,1
1838.0,1307.0,531.0,1614,1711.0,0.2889009793253536,97.0,0.0600991325898389,1
2339.0,1289.0,1050.0,1276,1227.0,0.4489097905087644,-49.0,-0.0384012539184953,0
1526.0,894.0,632.0,1376,1439.0,0.4141546526867627,63.0,0.0457848837209302,1
2866.0,2709.0,157.0,2703,2669.0,0.0547801814375436,-34.0,-0.0125786163522012,0
1118.0,843.0,275.0,1802,1775.0,0.2459749552772808,-27.0,-0.0149833518312985,0
1210.0,777.0,433.0,1518,1369.0,0.3578512396694215,-149.0,-0.0981554677206851,0
1149.0,894.0,255.0,1240,1351.0,0.2219321148825065,111.0,0.089516129032258,0
1085.0,539.0,546.0,1125,1173.0,0.5032258064516129,48.0,0.0426666666666666,0
1379.0,482.0,897.0,1047,1080.0,0.6504713560551124,33.0,0.0315186246418338,1
1148.0,225.0,923.0,948,975.0,0.804006968641115,27.0,0.0284810126582278,0
1781.0,853.0,928.0,1586,1515.0,0.5210555867490174,-71.0,-0.0447667087011349,0
2774.0,2301.0,473.0,2437,2406.0,0.1705118961788031,-31.0,-0.0127205580631924,0
1015.0,415.0,600.0,1157,1112.0,0.5911330049261084,-45.0,-0.0388936905790838,0
2279.0,1628.0,651.0,1835,1875.0,0.2856516015796402,40.0,0.0217983651226158,0
1440.0,1017.0,423.0,1516,1627.0,0.29375,111.0,0.0732189973614775,0
1023.0,640.0,383.0,1162,1151.0,0.3743890518084066,-11.0,-0.0094664371772805,0
1149.0,1023.0,126.0,2146,2189.0,0.1096605744125326,43.0,0.0200372786579683,0
1095.0,423.0,672.0,1166,1198.0,0.6136986301369863,32.0,0.0274442538593482,0
1545.0,1024.0,521.0,1933,1913.0,0.3372168284789644,-20.0,-0.0103466114847387,0
3764.0,2858.0,906.0,1238,1266.0,0.2407013815090329,28.0,0.0226171243941841,0
2138.0,1493.0,645.0,1346,1306.0,0.3016838166510758,-40.0,-0.0297176820208023,0
915.0,360.0,555.0,1270,1223.0,0.6065573770491803,-47.0,-0.037007874015748,0
1392.0,887.0,505.0,1708,1678.0,0.362787356321839,-30.0,-0.0175644028103044,0
1570.0,992.0,578.0,1541,1554.0,0.3681528662420382,13.0,0.008436080467229,0
1176.0,477.0,699.0,1095,1126.0,0.5943877551020408,31.0,0.028310502283105,0
1522.0,1260.0,262.0,2070,2230.0,0.1721419185282523,160.0,0.0772946859903381,0
1592.0,935.0,657.0,1438,1526.0,0.4126884422110553,88.0,0.0611961057023643,0
809.0,564.0,245.0,2004,1949.0,0.3028430160692212,-55.0,-0.0274451097804391,0
2146.0,1413.0,733.0,2360,2141.0,0.3415657036346691,-219.0,-0.0927966101694915,0
1310.0,1158.0,152.0,2857,3087.0,0.116030534351145,230.0,0.08050402520126,0
1442.0,1290.0,152.0,2206,2190.0,0.1054091539528432,-16.0,-0.0072529465095194,0
1440.0,607.0,833.0,1221,1278.0,0.5784722222222223,57.0,0.0466830466830466,1
1147.0,938.0,209.0,3087,2975.0,0.1822144725370532,-112.0,-0.0362811791383219,0
1526.0,1225.0,301.0,2575,2690.0,0.1972477064220183,115.0,0.0446601941747572,0
1223.0,802.0,421.0,1570,1557.0,0.3442354865085854,-13.0,-0.00828025477707,0
1882.0,977.0,905.0,1637,1603.0,0.4808714133900106,-34.0,-0.0207697006719609,1
1278.0,969.0,309.0,1635,1679.0,0.2417840375586854,44.0,0.0269113149847094,0
1278.0,1137.0,141.0,2528,2290.0,0.1103286384976525,-238.0,-0.0941455696202531,0
1070.0,825.0,245.0,1901,1933.0,0.2289719626168224,32.0,0.0168332456601788,0
1839.0,1477.0,362.0,2381,2385.0,0.1968461120174007,4.0,0.0016799664006719,0
1049.0,840.0,209.0,1625,1576.0,0.1992373689227836,-49.0,-0.0301538461538461,0
1042.0,474.0,568.0,1244,1425.0,0.54510556621881,181.0,0.1454983922829582,0
833.0,18.0,815.0,1596,1720.0,0.978391356542617,124.0,0.0776942355889724,0
118.0,0.0,118.0,1516,1682.0,1.0,166.0,0.1094986807387862,1
2667.0,1739.0,928.0,1149,1134.0,0.3479565054368204,-15.0,-0.0130548302872062,0
1905.0,1577.0,328.0,2250,2090.0,0.1721784776902887,-160.0,-0.0711111111111111,0
1733.0,1324.0,409.0,1863,1964.0,0.2360069244085401,101.0,0.0542136339237788,0
1798.0,1184.0,614.0,1708,1662.0,0.3414905450500556,-46.0,-0.0269320843091334,0
980.0,925.0,55.0,2920,2468.0,0.0561224489795918,-452.0,-0.1547945205479452,0
2252.0,1517.0,735.0,1812,1875.0,0.3263765541740674,63.0,0.0347682119205298,0
1096.0,641.0,455.0,1567,1698.0,0.4151459854014598,131.0,0.0835992342054881,0
992.0,818.0,174.0,2446,2323.0,0.1754032258064516,-123.0,-0.0502861815208503,0
1624.0,1431.0,193.0,2114,2256.0,0.1188423645320197,142.0,0.0671712393566698,0
2106.0,1278.0,828.0,1499,1535.0,0.3931623931623931,36.0,0.0240160106737825,0
1358.0,978.0,380.0,722,805.0,0.2798232695139911,83.0,0.1149584487534626,0
1364.0,1022.0,342.0,880,1004.0,0.250733137829912,124.0,0.1409090909090909,0
1658.0,379.0,1279.0,772,819.0,0.7714113389626055,47.0,0.060880829015544,0
1361.0,1241.0,120.0,1000,988.0,0.0881704628949302,-12.0,-0.012,1
525.0,308.0,217.0,755,768.0,0.4133333333333333,13.0,0.0172185430463576,0
790.0,461.0,329.0,474,531.0,0.4164556962025316,57.0,0.120253164556962,0
2762.0,1645.0,1117.0,1016,1052.0,0.4044170890658943,36.0,0.0354330708661417,0
604.0,368.0,236.0,708,738.0,0.390728476821192,30.0,0.0423728813559322,0
2722.0,1808.0,914.0,957,953.0,0.3357825128581925,-4.0,-0.0041797283176593,0
1597.0,1270.0,327.0,883,805.0,0.2047589229805886,-78.0,-0.088335220838052,1
2880.0,1684.0,1196.0,915,785.0,0.4152777777777778,-130.0,-0.1420765027322404,0
671.0,539.0,132.0,785,769.0,0.1967213114754098,-16.0,-0.0203821656050955,0
1009.0,612.0,397.0,762,858.0,0.3934588701684836,96.0,0.1259842519685039,0
2236.0,1447.0,789.0,835,880.0,0.3528622540250447,45.0,0.0538922155688622,0
997.0,499.0,498.0,787,812.0,0.4994984954864593,25.0,0.0317662007623888,0
1349.0,867.0,482.0,1317,1458.0,0.3573017049666419,141.0,0.1070615034168565,0
1382.0,185.0,1197.0,790,782.0,0.8661360347322721,-8.0,-0.010126582278481,1
1428.0,1189.0,239.0,813,902.0,0.1673669467787114,89.0,0.1094710947109471,0
1323.0,488.0,835.0,847,883.0,0.6311413454270597,36.0,0.0425029515938606,0
1686.0,874.0,812.0,933,869.0,0.4816132858837485,-64.0,-0.0685959271168274,1
1979.0,1773.0,206.0,1564,1631.0,0.1040929762506316,67.0,0.0428388746803069,0
2258.0,1489.0,769.0,948,1078.0,0.3405668733392382,130.0,0.1371308016877637,1
1418.0,1095.0,323.0,753,682.0,0.2277856135401974,-71.0,-0.0942895086321381,1
1551.0,1219.0,332.0,773,1002.0,0.2140554480980012,229.0,0.296248382923674,0
1153.0,714.0,439.0,1075,1031.0,0.3807458803122289,-44.0,-0.0409302325581395,0
2077.0,1306.0,771.0,771,760.0,0.3712084737602311,-11.0,-0.0142671854734111,1
1500.0,1013.0,487.0,1382,1154.0,0.3246666666666666,-228.0,-0.1649782923299566,0
1990.0,1677.0,313.0,1238,1298.0,0.157286432160804,60.0,0.048465266558966,1
2091.0,1664.0,427.0,835,824.0,0.204208512673362,-11.0,-0.0131736526946107,0
2207.0,381.0,1826.0,985,970.0,0.8273674671499773,-15.0,-0.015228426395939,0
1131.0,778.0,353.0,1554,1636.0,0.3121131741821397,82.0,0.0527670527670527,0
2407.0,1265.0,1142.0,1236,1152.0,0.4744495222268384,-84.0,-0.0679611650485436,0
542.0,294.0,248.0,939,1042.0,0.4575645756457565,103.0,0.1096911608093716,0
2996.0,2208.0,788.0,1072,1255.0,0.2630173564753004,183.0,0.1707089552238806,0
917.0,622.0,295.0,1669,1767.0,0.321701199563795,98.0,0.0587177950868783,0
1074.0,230.0,844.0,941,1029.0,0.7858472998137802,88.0,0.0935175345377258,1
1631.0,879.0,752.0,737,753.0,0.4610668301655426,16.0,0.0217096336499321,1
1705.0,545.0,1160.0,835,889.0,0.6803519061583577,54.0,0.0646706586826347,0
1618.0,337.0,1281.0,816,854.0,0.7917181705809642,38.0,0.0465686274509803,1
1783.0,451.0,1332.0,616,630.0,0.7470555243970836,14.0,0.0227272727272727,1
838.0,534.0,304.0,945,904.0,0.3627684964200477,-41.0,-0.0433862433862433,0
1586.0,1292.0,294.0,957,919.0,0.1853720050441362,-38.0,-0.0397074190177638,0
1467.0,1046.0,421.0,933,978.0,0.2869802317655078,45.0,0.0482315112540192,0
1538.0,562.0,976.0,977,982.0,0.6345903771131339,5.0,0.0051177072671443,0
1959.0,1380.0,579.0,1064,1073.0,0.2955589586523736,9.0,0.0084586466165413,1
2174.0,1485.0,689.0,967,985.0,0.3169273229070837,18.0,0.0186142709410548,0
2540.0,1933.0,607.0,687,744.0,0.2389763779527559,57.0,0.0829694323144104,1
2349.0,1915.0,434.0,696,821.0,0.1847594721157939,125.0,0.1795977011494252,0
2321.0,853.0,1468.0,880,915.0,0.6324859974149074,35.0,0.0397727272727272,1
2273.0,1471.0,802.0,1214,1204.0,0.3528376594808623,-10.0,-0.0082372322899505,0
1501.0,469.0,1032.0,1027,983.0,0.6875416389073951,-44.0,-0.0428432327166504,0
2309.0,1736.0,573.0,885,973.0,0.2481593763533997,88.0,0.0994350282485875,0
1613.0,583.0,1030.0,728,790.0,0.638561686298822,62.0,0.0851648351648351,0
2413.0,889.0,1524.0,957,963.0,0.631578947368421,6.0,0.006269592476489,1
2684.0,1598.0,1086.0,1359,1377.0,0.4046199701937407,18.0,0.0132450331125827,0
1217.0,958.0,259.0,843,883.0,0.2128184059161873,40.0,0.0474495848161328,0
1255.0,1037.0,218.0,860,977.0,0.1737051792828685,117.0,0.1360465116279069,0
1127.0,1010.0,117.0,740,774.0,0.1038154392191659,34.0,0.0459459459459459,0
1604.0,1316.0,288.0,915,914.0,0.1795511221945137,-1.0,-0.0010928961748633,0
945.0,538.0,407.0,783,810.0,0.4306878306878307,27.0,0.0344827586206896,0
1110.0,556.0,554.0,936,840.0,0.4990990990990991,-96.0,-0.1025641025641025,0
1057.0,710.0,347.0,917,937.0,0.3282876064333018,20.0,0.0218102508178844,0
1326.0,874.0,452.0,900,852.0,0.3408748114630467,-48.0,-0.0533333333333333,0
1584.0,1172.0,412.0,740,802.0,0.2601010101010101,62.0,0.0837837837837837,0
2440.0,1580.0,860.0,751,910.0,0.3524590163934426,159.0,0.2117177097203728,1
1310.0,846.0,464.0,459,518.0,0.3541984732824427,59.0,0.1285403050108932,1
752.0,722.0,30.0,1390,1526.0,0.0398936170212766,136.0,0.097841726618705,1
578.0,431.0,147.0,674,766.0,0.2543252595155709,92.0,0.1364985163204747,0
2206.0,1502.0,704.0,893,894.0,0.3191296464188576,1.0,0.0011198208286674,0
824.0,520.0,304.0,763,668.0,0.3689320388349514,-95.0,-0.1245085190039318,0
1324.0,991.0,333.0,1018,1361.0,0.2515105740181269,343.0,0.3369351669941061,0
2382.0,1688.0,694.0,1716,1575.0,0.2913518052057094,-141.0,-0.0821678321678321,0
2865.0,2193.0,672.0,1830,1786.0,0.2345549738219895,-44.0,-0.0240437158469945,0
1573.0,1310.0,263.0,1214,1275.0,0.1671964399237126,61.0,0.0502471169686985,1
1203.0,853.0,350.0,1107,993.0,0.2909393183707398,-114.0,-0.1029810298102981,0
2558.0,1917.0,641.0,1078,1121.0,0.2505863956215793,43.0,0.0398886827458256,0
1898.0,1095.0,803.0,846,823.0,0.4230769230769231,-23.0,-0.0271867612293144,1
966.0,404.0,562.0,698,710.0,0.5817805383022774,12.0,0.0171919770773638,0
908.0,334.0,574.0,673,696.0,0.6321585903083701,23.0,0.0341753343239227,0
1885.0,1059.0,826.0,868,909.0,0.4381962864721485,41.0,0.0472350230414746,0
2180.0,1794.0,386.0,661,618.0,0.1770642201834862,-43.0,-0.0650529500756429,1
2883.0,2074.0,809.0,573,570.0,0.280610475199445,-3.0,-0.0052356020942408,1
2840.0,1649.0,1191.0,1115,1098.0,0.4193661971830986,-17.0,-0.0152466367713004,0
1665.0,1152.0,513.0,968,923.0,0.3081081081081081,-45.0,-0.0464876033057851,1
1867.0,1428.0,439.0,1482,1584.0,0.2351365827530798,102.0,0.068825910931174,0
2352.0,1085.0,1267.0,851,861.0,0.5386904761904762,10.0,0.0117508813160987,1
1445.0,1336.0,109.0,2221,2170.0,0.0754325259515571,-51.0,-0.0229626294461954,0
1939.0,1464.0,475.0,812,931.0,0.2449716348633316,119.0,0.146551724137931,0
603.0,55.0,548.0,639,1274.0,0.9087893864013268,635.0,0.9937402190923318,0
1429.0,1015.0,414.0,845,911.0,0.2897130860741777,66.0,0.0781065088757396,0
1388.0,1202.0,186.0,1621,1708.0,0.1340057636887608,87.0,0.0536705737199259,0
2223.0,483.0,1740.0,669,703.0,0.7827260458839406,34.0,0.0508221225710014,0
1717.0,1001.0,716.0,902,940.0,0.4170064065230052,38.0,0.0421286031042128,0
1648.0,1392.0,256.0,1440,1517.0,0.1553398058252427,77.0,0.0534722222222222,0
1751.0,1011.0,740.0,963,934.0,0.422615648201028,-29.0,-0.0301142263759086,0
2007.0,1308.0,699.0,897,846.0,0.3482810164424514,-51.0,-0.0568561872909698,1
3046.0,1987.0,1059.0,873,868.0,0.3476690741956664,-5.0,-0.0057273768613974,0
2649.0,1638.0,1011.0,843,914.0,0.3816534541336353,71.0,0.0842230130486358,0
1076.0,648.0,428.0,874,887.0,0.3977695167286245,13.0,0.0148741418764302,1
757.0,460.0,297.0,843,887.0,0.392338177014531,44.0,0.0521945432977461,0
1478.0,863.0,615.0,1104,1138.0,0.4161028416779431,34.0,0.0307971014492753,0
4121.0,3242.0,879.0,1988,1942.0,0.2132977432661975,-46.0,-0.0231388329979879,0
1530.0,1079.0,451.0,1392,1433.0,0.2947712418300653,41.0,0.0294540229885057,0
1542.0,995.0,547.0,1144,1111.0,0.3547341115434501,-33.0,-0.0288461538461538,0
1487.0,961.0,526.0,791,861.0,0.3537323470073974,70.0,0.0884955752212389,0
904.0,475.0,429.0,664,608.0,0.4745575221238938,-56.0,-0.0843373493975903,1
1417.0,670.0,747.0,656,651.0,0.5271700776287932,-5.0,-0.0076219512195121,0
2493.0,1897.0,596.0,551,629.0,0.2390693943040513,78.0,0.1415607985480943,0
1536.0,638.0,898.0,683,686.0,0.5846354166666666,3.0,0.0043923865300146,1
1352.0,727.0,625.0,593,690.0,0.4622781065088757,97.0,0.163575042158516,0
1176.0,883.0,293.0,1426,1570.0,0.2491496598639455,144.0,0.1009817671809256,0
1729.0,1109.0,620.0,1030,1075.0,0.3585887796414112,45.0,0.0436893203883495,0
1749.0,798.0,951.0,1067,1030.0,0.5437392795883362,-37.0,-0.0346766635426429,1
1998.0,1035.0,963.0,792,821.0,0.481981981981982,29.0,0.0366161616161616,0
1827.0,860.0,967.0,934,1015.0,0.5292829775588396,81.0,0.0867237687366167,0
780.0,558.0,222.0,845,828.0,0.2846153846153846,-17.0,-0.0201183431952662,0
2263.0,686.0,1577.0,613,689.0,0.6968625718073354,76.0,0.1239804241435562,1
2638.0,1622.0,1016.0,820,820.0,0.3851402577710386,0.0,0.0,1
790.0,328.0,462.0,818,689.0,0.5848101265822785,-129.0,-0.1577017114914425,1
1365.0,727.0,638.0,830,923.0,0.4673992673992674,93.0,0.1120481927710843,0
862.0,205.0,657.0,1168,1159.0,0.7621809744779582,-9.0,-0.0077054794520547,1
1352.0,823.0,529.0,1095,1061.0,0.3912721893491124,-34.0,-0.0310502283105022,1
1163.0,428.0,735.0,824,809.0,0.6319862424763543,-15.0,-0.0182038834951456,0
2007.0,510.0,1497.0,744,788.0,0.7458893871449925,44.0,0.0591397849462365,0
1433.0,699.0,734.0,949,985.0,0.5122121423586881,36.0,0.0379346680716543,0
1393.0,660.0,733.0,870,842.0,0.5262024407753051,-28.0,-0.032183908045977,1
3686.0,2859.0,827.0,1723,1777.0,0.2243624525230602,54.0,0.0313406848520023,0
3199.0,1858.0,1341.0,920,942.0,0.419193497968115,22.0,0.0239130434782608,1
1352.0,1170.0,182.0,1597,1726.0,0.1346153846153846,129.0,0.0807764558547276,0
1650.0,892.0,758.0,821,856.0,0.4593939393939394,35.0,0.0426309378806333,0
2557.0,537.0,2020.0,725,729.0,0.7899882675009777,4.0,0.0055172413793103,0
1472.0,834.0,638.0,959,976.0,0.4334239130434782,17.0,0.0177267987486965,0
829.0,489.0,340.0,923,930.0,0.4101326899879373,7.0,0.0075839653304442,1
1911.0,253.0,1658.0,704,770.0,0.8676085818942961,66.0,0.09375,0
928.0,465.0,463.0,1061,1105.0,0.4989224137931034,44.0,0.0414703110273327,0
1710.0,668.0,1042.0,1009,1005.0,0.6093567251461989,-4.0,-0.0039643211100099,1
1820.0,555.0,1265.0,821,814.0,0.695054945054945,-7.0,-0.0085261875761266,0
1790.0,1135.0,655.0,1113,1151.0,0.3659217877094972,38.0,0.0341419586702605,1
2392.0,1711.0,681.0,1242,1279.0,0.2846989966555184,37.0,0.0297906602254428,0
956.0,690.0,266.0,938,985.0,0.2782426778242677,47.0,0.0501066098081023,1
2525.0,2128.0,397.0,811,733.0,0.1572277227722772,-78.0,-0.096177558569667,1
1862.0,1344.0,518.0,1148,1176.0,0.2781954887218045,28.0,0.024390243902439,0
1505.0,602.0,903.0,748,809.0,0.6,61.0,0.0815508021390374,1
1584.0,464.0,1120.0,772,794.0,0.7070707070707071,22.0,0.0284974093264248,0
1408.0,952.0,456.0,1238,1390.0,0.3238636363636363,152.0,0.122778675282714,0
1027.0,568.0,459.0,916,924.0,0.4469328140214216,8.0,0.0087336244541484,0
2258.0,1606.0,652.0,1274,1227.0,0.2887511071744907,-47.0,-0.0368916797488226,0
2678.0,966.0,1712.0,737,763.0,0.6392830470500374,26.0,0.0352781546811397,0
1934.0,1811.0,123.0,1966,1866.0,0.0635987590486039,-100.0,-0.0508646998982706,0
1135.0,728.0,407.0,890,921.0,0.3585903083700441,31.0,0.0348314606741573,0
1515.0,360.0,1155.0,686,678.0,0.7623762376237624,-8.0,-0.0116618075801749,0
2111.0,986.0,1125.0,1196,1134.0,0.5329227854097585,-62.0,-0.0518394648829431,0
1792.0,643.0,1149.0,561,584.0,0.6411830357142857,23.0,0.0409982174688057,0
1271.0,1104.0,167.0,1806,1803.0,0.1313926042486231,-3.0,-0.0016611295681063,0
2460.0,1626.0,834.0,982,994.0,0.3390243902439024,12.0,0.0122199592668024,0
790.0,446.0,344.0,709,720.0,0.4354430379746835,11.0,0.0155148095909732,1
2000.0,1077.0,923.0,1171,1174.0,0.4615,3.0,0.0025619128949615,0
1929.0,1657.0,272.0,1825,1873.0,0.1410057024364956,48.0,0.0263013698630137,0
2232.0,1310.0,922.0,1110,1093.0,0.4130824372759856,-17.0,-0.0153153153153153,1
1532.0,1296.0,236.0,1917,2006.0,0.1540469973890339,89.0,0.0464267083985393,0
1442.0,882.0,560.0,1405,1415.0,0.3883495145631068,10.0,0.0071174377224199,0
857.0,768.0,89.0,2168,2299.0,0.1038506417736289,131.0,0.0604243542435424,0
4441.0,2463.0,1978.0,1059,1128.0,0.4453951812654807,69.0,0.065155807365439,0
1365.0,1125.0,240.0,1105,894.0,0.1758241758241758,-211.0,-0.1909502262443438,1
2205.0,1934.0,271.0,1243,1176.0,0.1229024943310657,-67.0,-0.0539018503620273,1
2462.0,2114.0,348.0,1744,1769.0,0.1413484971567831,25.0,0.0143348623853211,0
1774.0,630.0,1144.0,693,761.0,0.644870349492672,68.0,0.0981240981240981,0
845.0,353.0,492.0,823,724.0,0.5822485207100592,-99.0,-0.1202916160388821,0
1293.0,624.0,669.0,813,926.0,0.5174013921113689,113.0,0.1389913899138991,0
791.0,317.0,474.0,554,612.0,0.5992414664981036,58.0,0.1046931407942238,0
1075.0,659.0,416.0,723,731.0,0.3869767441860465,8.0,0.0110650069156293,0
2055.0,716.0,1339.0,745,775.0,0.6515815085158151,30.0,0.0402684563758389,0
566.0,126.0,440.0,550,584.0,0.7773851590106007,34.0,0.0618181818181818,1
881.0,400.0,481.0,885,835.0,0.5459704880817253,-50.0,-0.0564971751412429,0
1651.0,553.0,1098.0,730,735.0,0.6650514839491217,5.0,0.0068493150684931,0
2871.0,1548.0,1323.0,1580,1477.0,0.4608150470219436,-103.0,-0.0651898734177215,1
2227.0,927.0,1300.0,883,861.0,0.5837449483610238,-22.0,-0.0249150622876557,0
2283.0,1052.0,1231.0,892,868.0,0.5392028033289531,-24.0,-0.0269058295964125,1
755.0,658.0,97.0,1712,1727.0,0.1284768211920529,15.0,0.0087616822429906,1
2707.0,2107.0,600.0,2170,2072.0,0.2216475803472478,-98.0,-0.0451612903225806,0
1350.0,1258.0,92.0,1998,2084.0,0.0681481481481481,86.0,0.043043043043043,1
1276.0,837.0,439.0,1058,1043.0,0.3440438871473354,-15.0,-0.0141776937618147,1
634.0,465.0,169.0,1140,1109.0,0.2665615141955836,-31.0,-0.0271929824561403,0
3742.0,2148.0,1594.0,978,981.0,0.4259754142169962,3.0,0.0030674846625766,0
773.0,234.0,539.0,545,586.0,0.6972833117723156,41.0,0.0752293577981651,1
1325.0,1123.0,202.0,1967,1855.0,0.1524528301886792,-112.0,-0.0569395017793594,0
561.0,384.0,177.0,463,523.0,0.3155080213903743,60.0,0.1295896328293736,1
1418.0,656.0,762.0,717,789.0,0.53737658674189,72.0,0.100418410041841,1
1025.0,631.0,394.0,794,830.0,0.384390243902439,36.0,0.0453400503778337,1
2640.0,2121.0,519.0,1824,1838.0,0.1965909090909091,14.0,0.0076754385964912,0
1286.0,490.0,796.0,566,538.0,0.6189735614307932,-28.0,-0.0494699646643109,1
1954.0,1433.0,521.0,1068,1083.0,0.266632548618219,15.0,0.0140449438202247,0
3860.0,2709.0,1151.0,1194,1213.0,0.2981865284974093,19.0,0.0159128978224455,0
2217.0,1291.0,926.0,773,817.0,0.4176815516463689,44.0,0.056921086675291,0
354.0,175.0,179.0,656,670.0,0.5056497175141242,14.0,0.0213414634146341,1
1842.0,1431.0,411.0,915,1020.0,0.2231270358306188,105.0,0.1147540983606557,0
572.0,55.0,517.0,714,741.0,0.903846153846154,27.0,0.0378151260504201,0
3274.0,2873.0,401.0,2182,2205.0,0.1224801466096518,23.0,0.0105407882676443,0
2459.0,2085.0,374.0,2269,2339.0,0.1520943472956486,70.0,0.0308505949757602,0
708.0,188.0,520.0,816,835.0,0.7344632768361582,19.0,0.0232843137254901,0
1801.0,974.0,827.0,886,838.0,0.4591893392559689,-48.0,-0.0541760722347629,1
2112.0,1039.0,1073.0,1063,973.0,0.5080492424242424,-90.0,-0.0846660395108184,0
1601.0,742.0,859.0,1381,1453.0,0.5365396627108058,72.0,0.0521361332367849,0
185.0,79.0,106.0,1075,1148.0,0.572972972972973,73.0,0.067906976744186,1
1963.0,1152.0,811.0,865,858.0,0.413143148242486,-7.0,-0.0080924855491329,0
1342.0,511.0,831.0,746,778.0,0.6192250372578242,32.0,0.0428954423592493,1
1173.0,990.0,183.0,751,796.0,0.1560102301790281,45.0,0.0599201065246338,0
1099.0,711.0,388.0,967,1009.0,0.3530482256596906,42.0,0.0434332988624612,0
1967.0,1061.0,906.0,752,774.0,0.4605998983223182,22.0,0.0292553191489361,0
1237.0,631.0,606.0,516,568.0,0.4898949070331447,52.0,0.1007751937984496,1
1959.0,1065.0,894.0,1047,977.0,0.4563552833078101,-70.0,-0.0668576886341929,0
730.0,603.0,127.0,924,768.0,0.173972602739726,-156.0,-0.1688311688311688,0
1241.0,658.0,583.0,903,840.0,0.4697824335213537,-63.0,-0.0697674418604651,1
1195.0,818.0,377.0,940,930.0,0.3154811715481171,-10.0,-0.0106382978723404,0
815.0,736.0,79.0,1603,1583.0,0.0969325153374233,-20.0,-0.0124766063630692,0
1822.0,1114.0,708.0,825,889.0,0.3885839736553238,64.0,0.0775757575757575,0
2186.0,896.0,1290.0,690,802.0,0.5901189387008234,112.0,0.1623188405797101,0
867.0,241.0,626.0,1080,1119.0,0.7220299884659747,39.0,0.0361111111111111,0
1771.0,1307.0,464.0,1875,2022.0,0.2619988706945229,147.0,0.0784,0
1430.0,974.0,456.0,2099,1874.0,0.3188811188811188,-225.0,-0.1071939018580276,0
839.0,715.0,124.0,1805,1866.0,0.1477949940405244,61.0,0.0337950138504155,0
1149.0,753.0,396.0,1740,1679.0,0.3446475195822454,-61.0,-0.0350574712643678,0
1726.0,945.0,781.0,1277,1312.0,0.4524913093858633,35.0,0.0274079874706343,0
1326.0,568.0,758.0,1854,1719.0,0.5716440422322775,-135.0,-0.0728155339805825,0
654.0,483.0,171.0,625,644.0,0.2614678899082568,19.0,0.0304,1
2182.0,1363.0,819.0,1579,1657.0,0.3753437213565536,78.0,0.0493983533882203,0
1848.0,746.0,1102.0,1424,1505.0,0.5963203463203464,81.0,0.0568820224719101,0
1753.0,1271.0,482.0,1982,2155.0,0.2749572162007986,173.0,0.0872855701311806,0
2672.0,1253.0,1419.0,1794,1847.0,0.531062874251497,53.0,0.0295429208472686,0
807.0,541.0,266.0,2175,2231.0,0.3296158612143742,56.0,0.0257471264367816,0
641.0,514.0,127.0,3495,2959.0,0.1981279251170047,-536.0,-0.1533619456366237,1
2531.0,2333.0,198.0,2767,2749.0,0.0782299486369024,-18.0,-0.00650524033249,0
2286.0,2164.0,122.0,3445,3455.0,0.0533683289588801,10.0,0.0029027576197387,0
1962.0,1414.0,548.0,1713,1704.0,0.2793068297655454,-9.0,-0.0052539404553415,0
1306.0,1032.0,274.0,1620,1602.0,0.2098009188361408,-18.0,-0.0111111111111111,1
517.0,3.0,514.0,2115,1941.0,0.9941972920696324,-174.0,-0.0822695035460992,0
1632.0,1384.0,248.0,1894,1975.0,0.1519607843137254,81.0,0.042766631467793,0
361.0,293.0,68.0,1357,1804.0,0.1883656509695291,447.0,0.3294030950626381,0
609.0,351.0,258.0,1067,1220.0,0.4236453201970443,153.0,0.1433926897844423,0
996.0,682.0,314.0,2025,1978.0,0.3152610441767068,-47.0,-0.0232098765432098,0
782.0,469.0,313.0,1447,1660.0,0.4002557544757033,213.0,0.1472011057360055,0
963.0,220.0,743.0,1187,1170.0,0.7715472481827622,-17.0,-0.0143218197135636,0
1557.0,1433.0,124.0,2352,2406.0,0.079640333975594,54.0,0.0229591836734693,0
1760.0,1243.0,517.0,1515,1556.0,0.29375,41.0,0.027062706270627,0
1311.0,933.0,378.0,1704,1748.0,0.2883295194508009,44.0,0.0258215962441314,0
1416.0,1140.0,276.0,2290,2201.0,0.1949152542372881,-89.0,-0.0388646288209607,0
1741.0,966.0,775.0,1249,1144.0,0.4451464675473865,-105.0,-0.0840672538030424,0
2371.0,1640.0,731.0,1368,1406.0,0.3083087304934627,38.0,0.0277777777777777,0
1452.0,1033.0,419.0,1382,1586.0,0.2885674931129476,204.0,0.1476121562952243,0
1053.0,464.0,589.0,1235,1346.0,0.5593542260208927,111.0,0.0898785425101214,0
966.0,742.0,224.0,2198,2239.0,0.2318840579710145,41.0,0.0186533212010919,0
1021.0,776.0,245.0,1717,1590.0,0.2399608227228207,-127.0,-0.0739662201514269,0
3142.0,2519.0,623.0,2553,2553.0,0.1982813494589433,0.0,0.0,0
1058.0,671.0,387.0,1700,1834.0,0.3657844990548204,134.0,0.0788235294117647,0
1102.0,797.0,305.0,1817,1869.0,0.2767695099818512,52.0,0.0286186020913593,1
1619.0,644.0,975.0,1472,1429.0,0.6022235948116121,-43.0,-0.0292119565217391,1
1612.0,1542.0,70.0,2902,2871.0,0.043424317617866,-31.0,-0.0106822880771881,0
1051.0,929.0,122.0,2123,2220.0,0.1160799238820171,97.0,0.0456900612341026,0
871.0,718.0,153.0,2201,2414.0,0.1756601607347876,213.0,0.0967741935483871,0
1337.0,1013.0,324.0,2089,2091.0,0.2423335826477188,2.0,0.0009573958831977,1
3460.0,1629.0,1831.0,1570,1546.0,0.5291907514450868,-24.0,-0.0152866242038216,0
1436.0,865.0,571.0,1835,1880.0,0.3976323119777158,45.0,0.0245231607629427,0
1586.0,911.0,675.0,1509,1476.0,0.4255989911727617,-33.0,-0.0218687872763419,0
1422.0,139.0,1283.0,978,958.0,0.9022503516174404,-20.0,-0.0204498977505112,0
1275.0,624.0,651.0,1370,1409.0,0.5105882352941177,39.0,0.0284671532846715,1
920.0,305.0,615.0,1013,1137.0,0.6684782608695652,124.0,0.1224086870681145,1
622.0,543.0,79.0,2937,3016.0,0.1270096463022508,79.0,0.0268981954375212,0
1508.0,1290.0,218.0,2532,2491.0,0.1445623342175066,-41.0,-0.0161927330173775,0
1423.0,1114.0,309.0,1835,1972.0,0.2171468728039353,137.0,0.0746594005449591,0
1913.0,1528.0,385.0,1760,1830.0,0.2012545739675901,70.0,0.0397727272727272,0
1676.0,1040.0,636.0,1835,1916.0,0.3794749403341289,81.0,0.044141689373297,0
1517.0,1277.0,240.0,2525,2822.0,0.1582069874752801,297.0,0.1176237623762376,0
1088.0,796.0,292.0,2017,2207.0,0.2683823529411764,190.0,0.0941993058998512,0
1254.0,413.0,841.0,1333,1369.0,0.6706539074960127,36.0,0.0270067516879219,1
803.0,228.0,575.0,1082,1051.0,0.7160647571606475,-31.0,-0.0286506469500924,1
2229.0,1249.0,980.0,1420,1470.0,0.4396590399282189,50.0,0.0352112676056338,0
1265.0,989.0,276.0,1556,1400.0,0.2181818181818181,-156.0,-0.1002570694087403,1
1592.0,785.0,807.0,1345,1430.0,0.5069095477386935,85.0,0.0631970260223048,1
1339.0,1161.0,178.0,1918,1924.0,0.1329350261389096,6.0,0.0031282586027111,0
1559.0,1111.0,448.0,2296,2407.0,0.2873636946760744,111.0,0.0483449477351916,0
1219.0,1195.0,24.0,2861,2713.0,0.0196882690730106,-148.0,-0.0517301642782244,0
2213.0,1744.0,469.0,2380,2485.0,0.2119295074559421,105.0,0.0441176470588235,0
1627.0,1498.0,129.0,2945,3095.0,0.0792870313460356,150.0,0.0509337860780984,0
3075.0,2844.0,231.0,2719,2867.0,0.0751219512195121,148.0,0.054431776388378,0
2432.0,1965.0,467.0,2666,2749.0,0.1920230263157894,83.0,0.0311327831957989,0
769.0,587.0,182.0,3615,3125.0,0.2366710013003901,-490.0,-0.1355463347164592,0
1618.0,968.0,650.0,2202,2284.0,0.4017305315203955,82.0,0.0372388737511353,1
2080.0,1965.0,115.0,3684,3667.0,0.0552884615384615,-17.0,-0.004614549402823,0
769.0,750.0,19.0,3872,3259.0,0.0247074122236671,-613.0,-0.1583161157024793,1
1655.0,1242.0,413.0,2363,2558.0,0.2495468277945619,195.0,0.0825222175201015,0
519.0,519.0,0.0,3039,3064.0,0.0,25.0,0.0082263902599539,0
2922.0,1210.0,1712.0,1675,1681.0,0.5859000684462696,6.0,0.0035820895522388,1
786.0,655.0,131.0,2525,2660.0,0.1666666666666666,135.0,0.0534653465346534,0
1643.0,1477.0,166.0,2578,2416.0,0.101034692635423,-162.0,-0.0628394103956555,0
949.0,526.0,423.0,1653,1758.0,0.4457323498419389,105.0,0.0635208711433756,0
1537.0,575.0,962.0,1631,1634.0,0.6258945998698764,3.0,0.0018393623543838,1
1141.0,1084.0,57.0,3566,3570.0,0.0499561787905346,4.0,0.0011217049915872,0
2232.0,1975.0,257.0,2320,2315.0,0.1151433691756272,-5.0,-0.0021551724137931,0
2285.0,557.0,1728.0,1168,1207.0,0.7562363238512035,39.0,0.0333904109589041,1
1825.0,738.0,1087.0,1171,1155.0,0.5956164383561644,-16.0,-0.013663535439795,1
1354.0,1116.0,238.0,1838,1890.0,0.1757754800590842,52.0,0.0282916213275299,1
2202.0,684.0,1518.0,1080,1060.0,0.6893732970027248,-20.0,-0.0185185185185185,1
2793.0,1668.0,1125.0,1751,1920.0,0.4027926960257787,169.0,0.096516276413478,0
1393.0,760.0,633.0,1458,1522.0,0.4544149318018665,64.0,0.0438957475994513,0
433.0,328.0,105.0,839,913.0,0.2424942263279445,74.0,0.0882002383790226,1
1700.0,373.0,1327.0,967,967.0,0.7805882352941177,0.0,0.0,1
945.0,674.0,271.0,1601,1642.0,0.2867724867724868,41.0,0.0256089943785134,1
2721.0,1963.0,758.0,1346,1429.0,0.2785740536567438,83.0,0.0616641901931649,0
2636.0,1551.0,1085.0,2061,2064.0,0.4116084977238239,3.0,0.0014556040756914,0
2075.0,968.0,1107.0,1399,1509.0,0.5334939759036145,110.0,0.078627591136526,0
2430.0,1253.0,1177.0,1346,1439.0,0.4843621399176955,93.0,0.0690936106983655,1
1820.0,1471.0,349.0,2570,2579.0,0.1917582417582417,9.0,0.0035019455252918,0
625.0,204.0,421.0,1792,1841.0,0.6736,49.0,0.02734375,0
2456.0,1873.0,583.0,2124,2294.0,0.2373778501628664,170.0,0.0800376647834275,0
1587.0,401.0,1186.0,1652,1740.0,0.7473219911783239,88.0,0.0532687651331719,0
1705.0,1479.0,226.0,2155,2086.0,0.1325513196480938,-69.0,-0.0320185614849187,0
2004.0,1532.0,472.0,1784,1863.0,0.2355289421157684,79.0,0.0442825112107623,1
1702.0,1302.0,400.0,1708,1689.0,0.2350176263219741,-19.0,-0.0111241217798594,0
1646.0,737.0,909.0,1418,1437.0,0.5522478736330498,19.0,0.0133991537376586,1
2544.0,1223.0,1321.0,1380,1372.0,0.5192610062893082,-8.0,-0.0057971014492753,1
3709.0,2644.0,1065.0,2299,2194.0,0.28713939067134,-105.0,-0.0456720313179643,0
1796.0,1471.0,325.0,1735,1772.0,0.1809576837416481,37.0,0.0213256484149855,1
1267.0,1000.0,267.0,2024,2249.0,0.2107340173638516,225.0,0.1111660079051383,0
2021.0,596.0,1425.0,1404,1401.0,0.7050964868876793,-3.0,-0.0021367521367521,1
1509.0,1024.0,485.0,1659,1768.0,0.3214049039098741,109.0,0.0657022302591922,0
1354.0,1036.0,318.0,2183,2240.0,0.2348596750369276,57.0,0.0261108566193311,0
1429.0,756.0,673.0,1721,1645.0,0.4709587123862841,-76.0,-0.0441603718768158,0
866.0,689.0,177.0,2287,2284.0,0.2043879907621247,-3.0,-0.0013117621337997,0
1225.0,868.0,357.0,2061,2116.0,0.2914285714285714,55.0,0.0266860747210092,0
1226.0,1188.0,38.0,3258,3328.0,0.030995106035889,70.0,0.0214855739717618,0
1889.0,1217.0,672.0,2039,2099.0,0.3557437797776601,60.0,0.0294261893084845,0
1335.0,1210.0,125.0,2087,2178.0,0.0936329588014981,91.0,0.0436032582654528,0
2392.0,2106.0,286.0,1918,1861.0,0.1195652173913043,-57.0,-0.0297184567257559,1
778.0,571.0,207.0,1559,1585.0,0.2660668380462725,26.0,0.0166773572803078,0
459.0,89.0,370.0,1176,1210.0,0.8061002178649237,34.0,0.0289115646258503,1
1070.0,998.0,72.0,2966,2899.0,0.0672897196261682,-67.0,-0.0225893459204315,0
2276.0,2073.0,203.0,2611,2509.0,0.0891915641476274,-102.0,-0.039065492148602,1
767.0,691.0,76.0,1864,2071.0,0.0990873533246414,207.0,0.1110515021459227,0
635.0,246.0,389.0,1121,1126.0,0.6125984251968504,5.0,0.0044603033006244,0
378.0,368.0,10.0,4001,4001.0,0.0264550264550264,0.0,0.0,0
1101.0,690.0,411.0,1762,1761.0,0.3732970027247956,-1.0,-0.0005675368898978,0
687.0,203.0,484.0,954,1015.0,0.7045123726346434,61.0,0.0639412997903564,0
1799.0,1653.0,146.0,3402,3562.0,0.0811561978877154,160.0,0.0470311581422692,0
2171.0,1478.0,693.0,1279,1365.0,0.319207738369415,86.0,0.0672400312744331,0
883.0,689.0,194.0,1633,1631.0,0.2197055492638731,-2.0,-0.0012247397428046,0
2087.0,1801.0,286.0,2731,2720.0,0.1370388116914231,-11.0,-0.0040278286341999,0
1995.0,1885.0,110.0,2880,3085.0,0.0551378446115288,205.0,0.0711805555555555,0
1326.0,952.0,374.0,1898,1944.0,0.282051282051282,46.0,0.024236037934668,0
2799.0,1017.0,1782.0,1436,1495.0,0.6366559485530546,59.0,0.0410863509749303,0
1340.0,374.0,966.0,1420,1451.0,0.7208955223880597,31.0,0.0218309859154929,1
1446.0,967.0,479.0,1736,1905.0,0.3312586445366528,169.0,0.0973502304147465,0
1063.0,779.0,284.0,1960,1970.0,0.2671683913452493,10.0,0.0051020408163265,0
2249.0,1962.0,287.0,2196,2356.0,0.1276122721209426,160.0,0.0728597449908925,0
1001.0,635.0,366.0,2031,2238.0,0.3656343656343656,207.0,0.1019202363367799,0
3449.0,2464.0,985.0,1726,1802.0,0.2855900260945201,76.0,0.0440324449594438,0
2467.0,1579.0,888.0,2505,2277.0,0.3599513579246048,-228.0,-0.0910179640718562,1
2322.0,2007.0,315.0,2259,2256.0,0.1356589147286821,-3.0,-0.0013280212483399,0
1306.0,1125.0,181.0,2101,2194.0,0.1385911179173047,93.0,0.0442646358876725,0
784.0,712.0,72.0,1597,1680.0,0.0918367346938775,83.0,0.0519724483406386,0
1199.0,311.0,888.0,613,647.0,0.7406171809841534,34.0,0.0554649265905383,1
2789.0,2079.0,710.0,1253,1235.0,0.2545715310147006,-18.0,-0.014365522745411,1
1656.0,1324.0,332.0,2249,2314.0,0.2004830917874396,65.0,0.0289017341040462,0
1216.0,1143.0,73.0,2086,1940.0,0.0600328947368421,-146.0,-0.0699904122722914,0
2482.0,1101.0,1381.0,1405,1371.0,0.556406124093473,-34.0,-0.0241992882562277,0
1176.0,1096.0,80.0,2813,2967.0,0.0680272108843537,154.0,0.0547458229648062,0
1473.0,731.0,742.0,1581,1604.0,0.5037338764426341,23.0,0.0145477545857052,0
2936.0,2351.0,585.0,2155,2254.0,0.19925068119891,99.0,0.0459396751740139,0
2117.0,1249.0,868.0,1602,1682.0,0.4100141709966934,80.0,0.0499375780274656,0
1665.0,962.0,703.0,1174,1264.0,0.4222222222222222,90.0,0.0766609880749574,1
361.0,294.0,67.0,2178,2174.0,0.185595567867036,-4.0,-0.0018365472910927,0
79.0,61.0,18.0,484,475.0,0.2278481012658227,-9.0,-0.018595041322314,1
2932.0,1879.0,1053.0,1977,2100.0,0.3591405184174625,123.0,0.0622154779969651,0
969.0,528.0,441.0,1623,1540.0,0.4551083591331269,-83.0,-0.051139864448552,0
1929.0,749.0,1180.0,1719,1769.0,0.6117159149818558,50.0,0.0290866783013379,1
1603.0,715.0,888.0,1214,1202.0,0.5539613225202745,-12.0,-0.0098846787479406,0
1694.0,805.0,889.0,1454,1392.0,0.5247933884297521,-62.0,-0.0426409903713892,1
1102.0,472.0,630.0,1078,1062.0,0.5716878402903811,-16.0,-0.0148423005565862,1
622.0,263.0,359.0,1202,1225.0,0.5771704180064309,23.0,0.019134775374376,1
2713.0,1392.0,1321.0,1350,1374.0,0.486914854404718,24.0,0.0177777777777777,1
634.0,23.0,611.0,1791,1801.0,0.9637223974763408,10.0,0.0055834729201563,0
506.0,287.0,219.0,1397,1383.0,0.4328063241106719,-14.0,-0.0100214745884037,0
1508.0,212.0,1296.0,1095,1123.0,0.8594164456233422,28.0,0.0255707762557077,0
1395.0,821.0,574.0,1332,1289.0,0.4114695340501792,-43.0,-0.0322822822822822,0
826.0,481.0,345.0,1369,1304.0,0.4176755447941888,-65.0,-0.0474799123447772,1
1242.0,774.0,468.0,1442,1518.0,0.3768115942028985,76.0,0.0527045769764216,0
944.0,669.0,275.0,1600,1469.0,0.2913135593220339,-131.0,-0.081875,0
777.0,526.0,251.0,1589,1621.0,0.323037323037323,32.0,0.0201384518565135,0
1836.0,961.0,875.0,2050,2027.0,0.4765795206971677,-23.0,-0.0112195121951219,0
1087.0,501.0,586.0,1074,980.0,0.5390984360625575,-94.0,-0.0875232774674115,1
1721.0,1125.0,596.0,1064,1104.0,0.3463102847181871,40.0,0.037593984962406,1
2855.0,2079.0,776.0,914,901.0,0.2718038528896672,-13.0,-0.0142231947483588,0
1889.0,1501.0,388.0,1426,1603.0,0.2053996823716252,177.0,0.1241234221598878,0
3844.0,3253.0,591.0,1752,1827.0,0.1537460978147762,75.0,0.0428082191780821,0
2144.0,1782.0,362.0,1579,1489.0,0.1688432835820895,-90.0,-0.0569981000633312,0
1813.0,1449.0,364.0,804,910.0,0.2007722007722007,106.0,0.1318407960199005,0
1925.0,1399.0,526.0,888,1013.0,0.2732467532467532,125.0,0.1407657657657657,0
1812.0,1319.0,493.0,1019,1177.0,0.2720750551876379,158.0,0.155053974484789,0
1374.0,1077.0,297.0,1124,1057.0,0.2161572052401746,-67.0,-0.0596085409252669,1
824.0,661.0,163.0,892,1061.0,0.1978155339805825,169.0,0.1894618834080717,1
385.0,319.0,66.0,606,635.0,0.1714285714285714,29.0,0.0478547854785478,1
1872.0,1374.0,498.0,2085,1966.0,0.266025641025641,-119.0,-0.0570743405275779,0
1567.0,933.0,634.0,1695,1889.0,0.4045947670708359,194.0,0.1144542772861356,1
1829.0,691.0,1138.0,1359,1475.0,0.6221979223619464,116.0,0.0853568800588668,1
2276.0,1524.0,752.0,2394,2452.0,0.3304042179261863,58.0,0.0242272347535505,0
1635.0,1099.0,536.0,2638,2637.0,0.32782874617737,-1.0,-0.0003790750568612,0
1128.0,839.0,289.0,2182,2209.0,0.2562056737588652,27.0,0.0123739688359303,0
828.0,723.0,105.0,2102,2123.0,0.1268115942028985,21.0,0.0099904852521408,1
1616.0,627.0,989.0,1368,1442.0,0.6120049504950495,74.0,0.0540935672514619,1
1004.0,832.0,172.0,1929,2190.0,0.1713147410358565,261.0,0.135303265940902,1
1958.0,823.0,1135.0,1624,1721.0,0.5796731358529111,97.0,0.0597290640394088,1
2733.0,1096.0,1637.0,1511,1568.0,0.5989754848152213,57.0,0.0377233620119126,1
2558.0,716.0,1842.0,1521,1454.0,0.7200938232994527,-67.0,-0.0440499671268902,1
1302.0,843.0,459.0,1761,1844.0,0.3525345622119815,83.0,0.0471323111868256,0
1065.0,958.0,107.0,2798,3260.0,0.1004694835680751,462.0,0.1651179413867048,0
1700.0,1478.0,222.0,3001,2932.0,0.1305882352941176,-69.0,-0.0229923358880373,1
1542.0,1481.0,61.0,3633,3621.0,0.0395590142671854,-12.0,-0.0033030553261767,0
2291.0,1943.0,348.0,2647,2758.0,0.1518987341772152,111.0,0.0419342652058934,1
1352.0,702.0,650.0,1694,1615.0,0.4807692307692308,-79.0,-0.0466351829988193,0
1526.0,944.0,582.0,2906,2992.0,0.381389252948886,86.0,0.0295939435650378,0
2203.0,1362.0,841.0,1834,1878.0,0.3817521561507035,44.0,0.0239912758996728,1
1179.0,933.0,246.0,1894,1978.0,0.2086513994910941,84.0,0.0443505807814149,0
1829.0,1183.0,646.0,1717,1728.0,0.3531984691088026,11.0,0.0064065230052417,0
1512.0,1120.0,392.0,2198,2178.0,0.2592592592592592,-20.0,-0.0090991810737033,0
929.0,78.0,851.0,1206,1229.0,0.9160387513455328,23.0,0.0190713101160862,1
2044.0,1616.0,428.0,2127,2304.0,0.2093933463796477,177.0,0.083215796897038,0
1718.0,1650.0,68.0,4001,4001.0,0.039580908032596,0.0,0.0,0
1802.0,841.0,961.0,1444,1493.0,0.5332963374028857,49.0,0.0339335180055401,0
1716.0,317.0,1399.0,1558,1655.0,0.8152680652680653,97.0,0.0622593068035943,1
2098.0,1617.0,481.0,2153,2362.0,0.2292659675881792,209.0,0.0970738504412447,0
2022.0,799.0,1223.0,1522,1570.0,0.6048466864490604,48.0,0.0315374507227332,1
941.0,748.0,193.0,1831,2544.0,0.2051009564293305,713.0,0.389404696886947,0
1457.0,931.0,526.0,2386,2154.0,0.3610157858613589,-232.0,-0.0972338642078793,1
1083.0,945.0,138.0,2376,2462.0,0.1274238227146814,86.0,0.0361952861952862,1
1525.0,676.0,849.0,2167,2201.0,0.5567213114754098,34.0,0.0156898938624826,0
1201.0,738.0,463.0,2198,2119.0,0.3855120732722731,-79.0,-0.0359417652411283,0
1204.0,858.0,346.0,2514,2752.0,0.287375415282392,238.0,0.0946698488464598,0
1702.0,1460.0,242.0,2258,2516.0,0.1421856639247943,258.0,0.1142604074402125,1
1673.0,265.0,1408.0,1288,1298.0,0.8416019127316199,10.0,0.0077639751552795,1
2367.0,708.0,1659.0,1485,1513.0,0.7008871989860583,28.0,0.0188552188552188,1
959.0,594.0,365.0,1710,1885.0,0.3806047966631908,175.0,0.1023391812865497,1
2206.0,458.0,1748.0,1673,1702.0,0.7923844061650045,29.0,0.0173341303048416,1
2525.0,2042.0,483.0,3583,3490.0,0.1912871287128713,-93.0,-0.025955902874686,0
1229.0,1078.0,151.0,3098,3313.0,0.1228641171684296,215.0,0.0693996126533247,0
3451.0,2303.0,1148.0,1641,1700.0,0.332657200811359,59.0,0.0359536867763558,1
1343.0,705.0,638.0,1697,1821.0,0.4750558451228592,124.0,0.0730701237477902,1
1236.0,971.0,265.0,2495,2715.0,0.2144012944983818,220.0,0.0881763527054108,0
754.0,698.0,56.0,3215,2629.0,0.0742705570291777,-586.0,-0.1822706065318818,1
1796.0,1387.0,409.0,2444,3159.0,0.227728285077951,715.0,0.2925531914893617,0
918.0,867.0,51.0,3455,3811.0,0.0555555555555555,356.0,0.1030390738060781,0
2041.0,1591.0,450.0,2334,2268.0,0.2204801567858892,-66.0,-0.0282776349614395,1
892.0,848.0,44.0,2022,2178.0,0.0493273542600896,156.0,0.0771513353115727,1
1266.0,1068.0,198.0,2788,2901.0,0.1563981042654028,113.0,0.0405308464849354,0
1449.0,817.0,632.0,2427,2510.0,0.4361628709454796,83.0,0.0341985990935311,1
616.0,523.0,93.0,2640,2685.0,0.1509740259740259,45.0,0.0170454545454545,0
949.0,896.0,53.0,2589,2057.0,0.0558482613277133,-532.0,-0.205484743144071,1
2515.0,784.0,1731.0,1355,1394.0,0.6882703777335984,39.0,0.0287822878228782,1
1013.0,735.0,278.0,3205,2610.0,0.2744323790720632,-595.0,-0.1856474258970359,1
1819.0,861.0,958.0,1500,1645.0,0.5266630016492578,145.0,0.0966666666666666,1
1652.0,884.0,768.0,2130,2213.0,0.4648910411622276,83.0,0.0389671361502347,0
2597.0,755.0,1842.0,1462,1551.0,0.7092799383904506,89.0,0.060875512995896,1
1071.0,588.0,483.0,1562,1712.0,0.4509803921568627,150.0,0.0960307298335467,0
2649.0,1763.0,886.0,2135,2393.0,0.3344658361645904,258.0,0.1208430913348946,0
2072.0,1859.0,213.0,3009,2892.0,0.1027992277992278,-117.0,-0.0388833499501495,0
2356.0,1519.0,837.0,1943,2148.0,0.3552631578947368,205.0,0.105506948018528,0
1168.0,1013.0,155.0,3763,3866.0,0.1327054794520548,103.0,0.0273717778368323,0
2060.0,1601.0,459.0,1986,1823.0,0.2228155339805825,-163.0,-0.0820745216515609,0
2769.0,79.0,2690.0,1363,1418.0,0.9714698447092812,55.0,0.0403521643433602,1
2038.0,1247.0,791.0,1595,1652.0,0.388125613346418,57.0,0.0357366771159874,1
2557.0,1761.0,796.0,1807,1944.0,0.3113023073914744,137.0,0.0758162700608743,1
1233.0,1002.0,231.0,2060,2189.0,0.1873479318734793,129.0,0.0626213592233009,0
1294.0,926.0,368.0,1848,2015.0,0.2843894899536321,167.0,0.0903679653679653,1
1957.0,1051.0,906.0,1295,1411.0,0.4629535002554931,116.0,0.0895752895752895,1
1326.0,723.0,603.0,1303,1244.0,0.4547511312217194,-59.0,-0.0452801227935533,1
1574.0,473.0,1101.0,1224,1229.0,0.6994917407878017,5.0,0.0040849673202614,1
2279.0,1063.0,1216.0,1725,1793.0,0.5335673541026766,68.0,0.0394202898550724,1
1101.0,947.0,154.0,2545,2563.0,0.139872842870118,18.0,0.0070726915520628,0
1853.0,1344.0,509.0,2193,2162.0,0.2746896923907178,-31.0,-0.0141358869129046,0
2614.0,493.0,2121.0,1153,1159.0,0.8114001530221883,6.0,0.00520381613183,1
1493.0,819.0,674.0,1431,1661.0,0.4514400535833891,230.0,0.1607267645003494,1
1050.0,624.0,426.0,1326,1428.0,0.4057142857142857,102.0,0.0769230769230769,0
1488.0,1180.0,308.0,2181,2259.0,0.2069892473118279,78.0,0.0357634112792297,0
1322.0,454.0,868.0,1392,1373.0,0.6565809379727685,-19.0,-0.0136494252873563,1
1287.0,1046.0,241.0,1901,2006.0,0.1872571872571872,105.0,0.0552340873224618,0
2754.0,1884.0,870.0,1824,2283.0,0.3159041394335512,459.0,0.2516447368421052,1
1367.0,482.0,885.0,1419,1493.0,0.6474030724213606,74.0,0.0521494009866102,1
1274.0,996.0,278.0,3012,3002.0,0.2182103610675039,-10.0,-0.0033200531208499,1
2216.0,803.0,1413.0,1593,1713.0,0.6376353790613718,120.0,0.0753295668549905,0
1346.0,1061.0,285.0,2753,2977.0,0.2117384843982169,224.0,0.0813657827824191,0
1376.0,870.0,506.0,1819,1903.0,0.3677325581395348,84.0,0.0461792193512919,0
883.0,737.0,146.0,2913,3216.0,0.1653454133635334,303.0,0.1040164778578784,0
1289.0,807.0,482.0,1755,1909.0,0.373933281613654,154.0,0.0877492877492877,1
1856.0,1223.0,633.0,2157,2198.0,0.3410560344827586,41.0,0.0190078813166434,1
1001.0,330.0,671.0,1351,1428.0,0.6703296703296703,77.0,0.0569948186528497,1
1082.0,878.0,204.0,2297,2520.0,0.188539741219963,223.0,0.0970831519373095,0
1261.0,1166.0,95.0,2610,2990.0,0.0753370340999207,380.0,0.1455938697318007,0
1368.0,635.0,733.0,1991,2138.0,0.5358187134502924,147.0,0.0738322451029633,1
1302.0,768.0,534.0,2296,2448.0,0.4101382488479262,152.0,0.0662020905923344,1
1772.0,738.0,1034.0,1471,1585.0,0.5835214446952596,114.0,0.0774983004758667,1
952.0,710.0,242.0,2193,2212.0,0.2542016806722689,19.0,0.0086639306885544,0
1108.0,1014.0,94.0,2738,3298.0,0.0848375451263537,560.0,0.2045288531775018,0
873.0,638.0,235.0,889,898.0,0.2691867124856815,9.0,0.0101237345331833,1
1290.0,1132.0,158.0,3303,3852.0,0.1224806201550387,549.0,0.1662125340599455,0
1552.0,740.0,812.0,1635,1695.0,0.5231958762886598,60.0,0.036697247706422,1
2099.0,1563.0,536.0,2885,2796.0,0.2553596950929014,-89.0,-0.0308492201039861,0
2629.0,1284.0,1345.0,2083,2132.0,0.5116013693419551,49.0,0.0235237638022083,1
834.0,724.0,110.0,2547,2651.0,0.13189448441247,104.0,0.0408323517864153,0
1314.0,837.0,477.0,2212,2147.0,0.363013698630137,-65.0,-0.029385171790235,0
1158.0,611.0,547.0,1781,1753.0,0.4723661485319516,-28.0,-0.0157215047725996,1
1992.0,1186.0,806.0,1864,1934.0,0.4046184738955823,70.0,0.0375536480686695,1
1779.0,1384.0,395.0,2173,2250.0,0.22203485103991,77.0,0.0354348826507133,0
2228.0,426.0,1802.0,1364,1364.0,0.8087971274685817,0.0,0.0,1
1283.0,1059.0,224.0,2216,2075.0,0.1745908028059236,-141.0,-0.0636281588447653,0
1310.0,1066.0,244.0,1959,2403.0,0.1862595419847328,444.0,0.226646248085758,0
2583.0,1991.0,592.0,1967,1984.0,0.2291908633372048,17.0,0.0086426029486527,1
2611.0,1481.0,1130.0,1397,1418.0,0.4327843738031405,21.0,0.0150322118826055,1
1925.0,990.0,935.0,1598,1620.0,0.4857142857142857,22.0,0.013767209011264,1
1794.0,1392.0,402.0,2406,2310.0,0.2240802675585284,-96.0,-0.0399002493765586,1
2019.0,833.0,1186.0,1633,1718.0,0.5874195146111937,85.0,0.0520514390691978,1
846.0,705.0,141.0,2763,2759.0,0.1666666666666666,-4.0,-0.0014477017734346,1
1090.0,692.0,398.0,1829,1620.0,0.3651376146788991,-209.0,-0.1142700929469655,1
1349.0,1143.0,206.0,2277,2272.0,0.1527057079318013,-5.0,-0.0021958717610891,0
2012.0,1203.0,809.0,1968,1773.0,0.4020874751491053,-195.0,-0.0990853658536585,1
1717.0,194.0,1523.0,1310,1362.0,0.8870122306348281,52.0,0.0396946564885496,1
2556.0,400.0,2156.0,1248,1332.0,0.8435054773082942,84.0,0.0673076923076923,1
1200.0,800.0,400.0,1492,1711.0,0.3333333333333333,219.0,0.1467828418230563,0
1640.0,1264.0,376.0,2349,2225.0,0.2292682926829268,-124.0,-0.0527884206045125,0
1922.0,1056.0,866.0,1488,1781.0,0.4505723204994797,293.0,0.1969086021505376,1
2014.0,769.0,1245.0,1724,1692.0,0.6181727904667329,-32.0,-0.0185614849187935,1
1703.0,1100.0,603.0,2200,2441.0,0.3540810334703465,241.0,0.1095454545454545,0
1847.0,1033.0,814.0,1593,1922.0,0.4407146724417975,329.0,0.2065285624607658,1
1770.0,1715.0,55.0,4001,4001.0,0.0310734463276836,0.0,0.0,0
2615.0,839.0,1776.0,1512,1509.0,0.6791586998087954,-3.0,-0.0019841269841269,1
1295.0,992.0,303.0,3038,2578.0,0.2339768339768339,-460.0,-0.151415404871626,0
2052.0,1911.0,141.0,3218,3314.0,0.0687134502923976,96.0,0.0298321939092604,0
2977.0,959.0,2018.0,1525,1576.0,0.6778636210950622,51.0,0.0334426229508196,1
593.0,428.0,165.0,2846,2257.0,0.2782462057335582,-589.0,-0.2069571328179901,1
903.0,469.0,434.0,1318,1592.0,0.4806201550387597,274.0,0.2078907435508346,0
1599.0,724.0,875.0,1535,1597.0,0.5472170106316447,62.0,0.0403908794788273,1
928.0,863.0,65.0,4001,4001.0,0.0700431034482758,0.0,0.0,0
2134.0,856.0,1278.0,1850,1929.0,0.598875351452671,79.0,0.0427027027027027,1
1336.0,934.0,402.0,1924,1903.0,0.3008982035928144,-21.0,-0.0109147609147609,1
1759.0,463.0,1296.0,1185,1287.0,0.7367822626492325,102.0,0.0860759493670886,1
644.0,46.0,598.0,1022,1053.0,0.9285714285714286,31.0,0.0303326810176125,1
2888.0,1860.0,1028.0,2753,2846.0,0.3559556786703601,93.0,0.0337813294587722,0
1598.0,1139.0,459.0,2325,2484.0,0.2872340425531915,159.0,0.0683870967741935,0
1483.0,1278.0,205.0,2543,2492.0,0.1382333108563722,-51.0,-0.0200550530869052,0
1431.0,939.0,492.0,2158,2273.0,0.3438155136268344,115.0,0.0532900834105653,0
1669.0,1420.0,249.0,1895,2130.0,0.1491911324146195,235.0,0.1240105540897097,1
1961.0,1030.0,931.0,1837,1895.0,0.4747577766445691,58.0,0.0315732172019597,1
1670.0,895.0,775.0,1764,1876.0,0.4640718562874251,112.0,0.0634920634920634,1
2328.0,1996.0,332.0,2029,1961.0,0.1426116838487972,-68.0,-0.0335140463282405,1
1236.0,816.0,420.0,1517,1563.0,0.3398058252427184,46.0,0.030323005932762,0
1408.0,872.0,536.0,1540,1758.0,0.3806818181818182,218.0,0.1415584415584415,1
1120.0,877.0,243.0,2075,2163.0,0.2169642857142857,88.0,0.0424096385542168,0
2171.0,952.0,1219.0,1460,1466.0,0.5614923998157532,6.0,0.0041095890410958,1
1655.0,1145.0,510.0,1516,1435.0,0.3081570996978852,-81.0,-0.0534300791556728,1
1922.0,1282.0,640.0,895,985.0,0.3329864724245577,90.0,0.1005586592178771,0
1701.0,987.0,714.0,1110,1100.0,0.419753086419753,-10.0,-0.009009009009009,0
1797.0,734.0,1063.0,689,820.0,0.5915414579855315,131.0,0.1901306240928882,1
2325.0,1880.0,445.0,1209,1193.0,0.1913978494623656,-16.0,-0.0132340777502067,0
3033.0,2702.0,331.0,1375,1443.0,0.1091328717441477,68.0,0.0494545454545454,0
2422.0,1635.0,787.0,987,916.0,0.3249380677126341,-71.0,-0.07193515704154,0
746.0,668.0,78.0,1014,1084.0,0.1045576407506702,70.0,0.0690335305719921,0
2759.0,2071.0,688.0,1169,1145.0,0.2493657122145705,-24.0,-0.020530367835757,0
1752.0,1219.0,533.0,931,956.0,0.3042237442922374,25.0,0.0268528464017185,0
3700.0,2501.0,1199.0,935,934.0,0.3240540540540541,-1.0,-0.0010695187165775,0
1191.0,851.0,340.0,961,893.0,0.2854743912678421,-68.0,-0.0707596253902185,1
2085.0,1692.0,393.0,1201,1169.0,0.1884892086330935,-32.0,-0.0266444629475437,0
2187.0,1828.0,359.0,1415,1180.0,0.1641518061271147,-235.0,-0.166077738515901,0
700.0,560.0,140.0,968,967.0,0.2,-1.0,-0.0010330578512396,1
2089.0,1313.0,776.0,871,886.0,0.3714696026807085,15.0,0.0172215843857634,1
1915.0,1839.0,76.0,1292,1235.0,0.039686684073107,-57.0,-0.0441176470588235,0
772.0,667.0,105.0,1218,1466.0,0.1360103626943005,248.0,0.2036124794745484,0
1977.0,1416.0,561.0,1327,1361.0,0.283763277693475,34.0,0.0256217030896759,0
1367.0,1047.0,320.0,1423,1576.0,0.2340892465252377,153.0,0.1075193253689388,0
