tract_id,occupied_units_2011,owner_units_2011,renter_units_2011,median_monthly_cost_2010,median_monthly_cost_2011,price_asked_2010,price_asked_2011,renter_share_2011,housing_cost_change,housing_cost_pct_change,price_asked_change,price_asked_pct_change
06_047_802,1401.0,977.0,424.0,1217.0,1167.0,45.0,47.0,0.30264097073518914,-50.0,-0.041084634346754315,2.0,0.044444444444444446
06_047_901,1140.0,472.0,668.0,908.0,892.0,42.0,36.0,0.5859649122807018,-16.0,-0.01762114537444934,-6.0,-0.14285714285714285
06_047_902,2205.0,1713.0,492.0,1282.0,1192.0,145.0,99.0,0.22312925170068026,-90.0,-0.07020280811232449,-46.0,-0.31724137931034485
06_047_1200,1801.0,1233.0,568.0,960.0,965.0,10.0,10.0,0.31538034425319267,5.0,0.005208333333333333,0.0,0.0
06_047_1401,1320.0,525.0,795.0,746.0,764.0,52.0,41.0,0.6022727272727273,18.0,0.024128686327077747,-11.0,-0.21153846153846154
06_047_1502,731.0,233.0,498.0,682.0,687.0,33.0,12.0,0.6812585499316005,5.0,0.007331378299120235,-21.0,-0.6363636363636364
06_047_2100,1168.0,561.0,607.0,736.0,787.0,52.0,56.0,0.5196917808219178,51.0,0.06929347826086957,4.0,0.07692307692307693
06_047_1602,1684.0,792.0,892.0,984.0,996.0,25.0,39.0,0.5296912114014252,12.0,0.012195121951219513,14.0,0.56
06_047_1902,779.0,498.0,281.0,810.0,802.0,21.0,23.0,0.3607188703465982,-8.0,-0.009876543209876543,2.0,0.09523809523809523
06_047_2301,1948.0,1492.0,456.0,1585.0,1490.0,127.0,132.0,0.23408624229979466,-95.0,-0.05993690851735016,5.0,0.03937007874015748
06_047_2302,3560.0,2204.0,1356.0,1367.0,1341.0,355.0,274.0,0.3808988764044944,-26.0,-0.019019751280175568,-81.0,-0.22816901408450704
06_047_1901,1381.0,825.0,556.0,831.0,795.0,67.0,101.0,0.40260680666183923,-36.0,-0.04332129963898917,34.0,0.5074626865671642
06_047_1302,1138.0,200.0,938.0,634.0,631.0,,,0.8242530755711776,-3.0,-0.00473186119873817,,
06_047_304,2075.0,1201.0,874.0,1058.0,1076.0,84.0,107.0,0.42120481927710846,18.0,0.017013232514177693,23.0,0.27380952380952384
06_047_601,1559.0,815.0,744.0,801.0,796.0,28.0,47.0,0.477228992944195,-5.0,-0.006242197253433208,19.0,0.6785714285714286
06_047_1003,1223.0,225.0,998.0,744.0,762.0,48.0,49.0,0.8160261651676206,18.0,0.024193548387096774,1.0,0.020833333333333332
06_047_1402,1393.0,845.0,548.0,900.0,917.0,,14.0,0.39339554917444364,17.0,0.01888888888888889,,
06_047_1700,1981.0,1051.0,930.0,853.0,741.0,118.0,160.0,0.469459868753155,-112.0,-0.13130128956623682,42.0,0.3559322033898305
06_047_1801,1075.0,850.0,225.0,1738.0,1757.0,38.0,33.0,0.20930232558139536,19.0,0.01093210586881473,-5.0,-0.13157894736842105
06_047_2000,2885.0,1675.0,1210.0,761.0,817.0,68.0,80.0,0.4194107452339688,56.0,0.0735873850197109,12.0,0.17647058823529413
06_047_602,1103.0,658.0,445.0,995.0,904.0,30.0,32.0,0.40344514959202177,-91.0,-0.0914572864321608,2.0,0.06666666666666667
06_047_603,1857.0,957.0,900.0,936.0,961.0,149.0,110.0,0.48465266558966075,25.0,0.026709401709401708,-39.0,-0.26174496644295303
06_047_1005,883.0,374.0,509.0,742.0,772.0,27.0,22.0,0.5764439411098528,30.0,0.04043126684636118,-5.0,-0.18518518518518517
06_047_1301,1175.0,369.0,806.0,677.0,676.0,38.0,,0.6859574468085107,-1.0,-0.0014771048744460858,,
06_047_1501,765.0,481.0,284.0,964.0,1014.0,25.0,23.0,0.3712418300653595,50.0,0.05186721991701245,-2.0,-0.08
06_047_1503,1177.0,342.0,835.0,687.0,710.0,,,0.7094307561597282,23.0,0.033478893740902474,,
06_047_503,584.0,364.0,220.0,896.0,930.0,29.0,35.0,0.3767123287671233,34.0,0.03794642857142857,6.0,0.20689655172413793
06_047_504,1755.0,732.0,1023.0,837.0,846.0,25.0,48.0,0.582905982905983,9.0,0.010752688172043012,23.0,0.92
06_047_505,1862.0,1234.0,628.0,829.0,922.0,123.0,91.0,0.3372717508055854,93.0,0.11218335343787696,-32.0,-0.2601626016260163
06_047_701,982.0,336.0,646.0,730.0,807.0,23.0,47.0,0.6578411405295316,77.0,0.10547945205479452,24.0,1.0434782608695652
06_047_1002,3908.0,2056.0,1852.0,1440.0,1488.0,340.0,290.0,0.47389969293756395,48.0,0.03333333333333333,-50.0,-0.14705882352941177
06_047_801,1420.0,443.0,977.0,1038.0,1069.0,26.0,46.0,0.6880281690140845,31.0,0.029865125240847785,20.0,0.7692307692307693
06_047_1101,1942.0,986.0,956.0,1174.0,1152.0,45.0,54.0,0.4922760041194645,-22.0,-0.018739352640545145,9.0,0.2
06_047_301,1341.0,851.0,490.0,998.0,1097.0,,4.0,0.36539895600298283,99.0,0.09919839679358718,,
06_047_303,703.0,289.0,414.0,841.0,822.0,,14.0,0.5889046941678521,-19.0,-0.022592152199762187,,
06_047_702,1434.0,1270.0,164.0,1998.0,2026.0,61.0,93.0,0.11436541143654114,28.0,0.014014014014014014,32.0,0.5245901639344263
06_047_1004,1734.0,186.0,1548.0,781.0,775.0,19.0,20.0,0.8927335640138409,-6.0,-0.0076824583866837385,1.0,0.05263157894736842
06_047_1601,996.0,83.0,913.0,588.0,600.0,24.0,48.0,0.9166666666666666,12.0,0.02040816326530612,24.0,1.0
06_047_2201,1889.0,637.0,1252.0,727.0,793.0,46.0,,0.6627845420857597,66.0,0.0907840440165062,,
06_047_2202,2629.0,1793.0,836.0,1404.0,1358.0,201.0,239.0,0.3179916317991632,-46.0,-0.03276353276353276,38.0,0.1890547263681592
06_047_201,1027.0,637.0,390.0,1021.0,1115.0,39.0,39.0,0.379746835443038,94.0,0.0920666013712047,0.0,0.0
06_047_202,487.0,273.0,214.0,703.0,744.0,,,0.4394250513347023,41.0,0.05832147937411095,,
06_047_203,2287.0,1856.0,431.0,1211.0,1164.0,112.0,150.0,0.1884564932225623,-47.0,-0.038810900082576386,38.0,0.3392857142857143
06_047_401,551.0,382.0,169.0,931.0,1103.0,,26.0,0.30671506352087113,172.0,0.18474758324382384,,
06_047_402,2437.0,1812.0,625.0,972.0,924.0,51.0,107.0,0.25646286417726716,-48.0,-0.04938271604938271,56.0,1.0980392156862746
06_047_2401,394.0,207.0,187.0,843.0,923.0,,,0.4746192893401015,80.0,0.09489916963226572,,
06_047_2402,2216.0,1445.0,771.0,763.0,768.0,,29.0,0.3479241877256318,5.0,0.00655307994757536,,
06_047_2500,747.0,521.0,226.0,1295.0,1376.0,45.0,46.0,0.30254350736278446,81.0,0.06254826254826255,1.0,0.022222222222222223
06_047_2600,1347.0,963.0,384.0,1600.0,1485.0,125.0,28.0,0.28507795100222716,-115.0,-0.071875,-97.0,-0.776
06_043_200,1500.0,1211.0,289.0,943.0,1077.0,36.0,79.0,0.19266666666666668,134.0,0.1420996818663839,43.0,1.1944444444444444
06_043_400,366.0,97.0,269.0,514.0,674.0,,,0.7349726775956285,160.0,0.311284046692607,,
06_043_101,1558.0,887.0,671.0,651.0,675.0,64.0,80.0,0.4306803594351733,24.0,0.03686635944700461,16.0,0.25
06_043_102,1232.0,891.0,341.0,840.0,937.0,37.0,73.0,0.2767857142857143,97.0,0.11547619047619048,36.0,0.972972972972973
06_043_301,1613.0,1087.0,526.0,785.0,836.0,90.0,101.0,0.32610043397396155,51.0,0.06496815286624204,11.0,0.12222222222222222
06_043_302,1338.0,1221.0,117.0,700.0,1014.0,,77.0,0.08744394618834081,314.0,0.44857142857142857,,
06_115_40301,1234.0,383.0,851.0,644.0,676.0,,,0.6896272285251216,32.0,0.049689440993788817,,
06_115_40302,670.0,254.0,416.0,658.0,675.0,,,0.6208955223880597,17.0,0.025835866261398176,,
06_115_40303,2026.0,1286.0,740.0,1275.0,1364.0,72.0,60.0,0.36525172754195456,89.0,0.06980392156862746,-12.0,-0.16666666666666666
06_115_40901,908.0,707.0,201.0,1365.0,1414.0,95.0,74.0,0.22136563876651982,49.0,0.035897435897435895,-21.0,-0.22105263157894736
06_115_41000,2527.0,2106.0,421.0,1592.0,1337.0,91.0,72.0,0.1666007123070835,-255.0,-0.16017587939698494,-19.0,-0.2087912087912088
06_115_41100,1919.0,1445.0,474.0,699.0,840.0,68.0,67.0,0.24700364773319436,141.0,0.2017167381974249,-1.0,-0.014705882352941176
06_115_40600,1958.0,1153.0,805.0,812.0,795.0,36.0,34.0,0.4111338100102145,-17.0,-0.020935960591133004,-2.0,-0.05555555555555555
06_115_40800,1497.0,877.0,620.0,1221.0,1252.0,34.0,46.0,0.4141616566466266,31.0,0.025389025389025387,12.0,0.35294117647058826
06_115_40100,1714.0,412.0,1302.0,815.0,854.0,32.0,31.0,0.7596266044340724,39.0,0.04785276073619632,-1.0,-0.03125
06_115_40400,1575.0,747.0,828.0,696.0,725.0,108.0,163.0,0.5257142857142857,29.0,0.041666666666666664,55.0,0.5092592592592593
06_115_40500,1137.0,563.0,574.0,906.0,906.0,32.0,55.0,0.5048372911169745,0.0,0.0,23.0,0.71875
06_115_40902,575.0,2.0,573.0,1554.0,1364.0,,,0.9965217391304347,-190.0,-0.12226512226512226,,
06_115_40200,2999.0,1712.0,1287.0,929.0,870.0,117.0,73.0,0.42914304768256084,-59.0,-0.06350914962325081,-44.0,-0.37606837606837606
06_115_40700,3146.0,2519.0,627.0,1738.0,1719.0,340.0,344.0,0.1993006993006993,-19.0,-0.01093210586881473,4.0,0.011764705882352941
06_013_352102,1798.0,1700.0,98.0,3065.0,3310.0,,,0.054505005561735265,245.0,0.0799347471451876,,
06_013_352202,970.0,717.0,253.0,2207.0,2138.0,,,0.26082474226804125,-69.0,-0.031264159492523785,,
06_013_355200,1834.0,1132.0,702.0,2479.0,2288.0,137.0,125.0,0.38276990185387133,-191.0,-0.07704719645018153,-12.0,-0.08759124087591241
06_013_369002,1004.0,579.0,425.0,1236.0,1224.0,,,0.42330677290836655,-12.0,-0.009708737864077669,,
06_013_371000,1916.0,1236.0,680.0,1474.0,1357.0,39.0,51.0,0.35490605427974947,-117.0,-0.07937584803256445,12.0,0.3076923076923077
06_013_387000,1104.0,637.0,467.0,1380.0,1416.0,10.0,11.0,0.4230072463768116,36.0,0.02608695652173913,1.0,0.1
06_013_322000,2497.0,1759.0,738.0,2341.0,2324.0,58.0,57.0,0.29555466559871846,-17.0,-0.007261853908586074,-1.0,-0.017241379310344827
06_013_334001,1475.0,752.0,723.0,1685.0,1614.0,35.0,42.0,0.4901694915254237,-71.0,-0.042136498516320474,7.0,0.2
06_013_302008,2102.0,1556.0,546.0,2361.0,2259.0,92.0,105.0,0.2597526165556613,-102.0,-0.043202033036848796,13.0,0.14130434782608695
06_013_302009,1432.0,1013.0,419.0,2389.0,2386.0,117.0,96.0,0.2925977653631285,-3.0,-0.0012557555462536626,-21.0,-0.1794871794871795
06_013_302010,2923.0,2614.0,309.0,2298.0,2305.0,92.0,53.0,0.10571330824495381,7.0,0.0030461270670147957,-39.0,-0.42391304347826086
06_013_303102,2079.0,1345.0,734.0,2353.0,2209.0,90.0,102.0,0.35305435305435307,-144.0,-0.06119847003824904,12.0,0.13333333333333333
06_013_303103,3057.0,1896.0,1161.0,2128.0,2097.0,254.0,167.0,0.37978410206084395,-31.0,-0.01456766917293233,-87.0,-0.3425196850393701
06_013_303203,2351.0,1980.0,371.0,2785.0,2685.0,145.0,169.0,0.15780518928115694,-100.0,-0.03590664272890485,24.0,0.16551724137931034
06_013_304002,491.0,389.0,102.0,1211.0,1160.0,24.0,19.0,0.20773930753564154,-51.0,-0.042113955408753095,-5.0,-0.20833333333333334
06_013_303201,2853.0,2132.0,721.0,2757.0,2838.0,120.0,96.0,0.2527164388363127,81.0,0.029379760609358,-24.0,-0.2
06_013_303204,1429.0,1038.0,391.0,1614.0,1410.0,48.0,,0.2736179146256123,-204.0,-0.12639405204460966,,
06_013_304001,1051.0,951.0,100.0,3381.0,3599.0,32.0,30.0,0.09514747859181731,218.0,0.06447796509908311,-2.0,-0.0625
06_013_303202,1921.0,1742.0,179.0,2853.0,2773.0,184.0,170.0,0.09318063508589276,-80.0,-0.028040658955485454,-14.0,-0.07608695652173914
06_013_304004,1610.0,1458.0,152.0,2488.0,2596.0,82.0,43.0,0.09440993788819876,108.0,0.04340836012861737,-39.0,-0.47560975609756095
06_013_303205,3136.0,2734.0,402.0,1945.0,1971.0,65.0,39.0,0.12818877551020408,26.0,0.013367609254498715,-26.0,-0.4
06_013_304003,1530.0,1116.0,414.0,2579.0,2458.0,15.0,15.0,0.27058823529411763,-121.0,-0.046917409848778596,0.0,0.0
06_013_340002,2984.0,2289.0,695.0,2068.0,2316.0,,,0.23290884718498658,248.0,0.11992263056092843,,
06_013_343001,2085.0,1016.0,1069.0,1501.0,1556.0,40.0,32.0,0.5127098321342926,55.0,0.03664223850766156,-8.0,-0.2
06_013_346102,1956.0,1863.0,93.0,3935.0,3921.0,61.0,75.0,0.04754601226993865,-14.0,-0.0035578144853875477,14.0,0.22950819672131148
06_013_313203,973.0,811.0,162.0,1916.0,1911.0,,,0.16649537512846865,-5.0,-0.0026096033402922755,,
06_013_313204,1679.0,1088.0,591.0,1480.0,1375.0,34.0,25.0,0.3519952352590828,-105.0,-0.07094594594594594,-9.0,-0.2647058823529412
06_013_313205,530.0,463.0,67.0,2000.0,2116.0,,,0.12641509433962264,116.0,0.058,,
06_013_313206,1588.0,862.0,726.0,1462.0,1470.0,83.0,58.0,0.45717884130982367,8.0,0.005471956224350205,-25.0,-0.30120481927710846
06_013_320003,1042.0,959.0,83.0,2291.0,2328.0,,,0.07965451055662189,37.0,0.016150152771715408,,
06_013_320004,2436.0,1557.0,879.0,1794.0,1818.0,60.0,55.0,0.3608374384236453,24.0,0.013377926421404682,-5.0,-0.08333333333333333
06_013_324001,2685.0,489.0,2196.0,1321.0,1368.0,40.0,49.0,0.8178770949720671,47.0,0.03557910673732021,9.0,0.225
06_013_324002,2542.0,751.0,1791.0,1546.0,1478.0,,,0.7045633359559402,-68.0,-0.04398447606727038,,
06_013_333101,1513.0,1187.0,326.0,1870.0,1920.0,,,0.21546596166556511,50.0,0.026737967914438502,,
06_013_333102,1633.0,1287.0,346.0,2034.0,2098.0,,,0.21187997550520515,64.0,0.03146509341199607,,
06_013_334006,1703.0,1445.0,258.0,2294.0,2338.0,24.0,25.0,0.15149735760422783,44.0,0.01918047079337402,1.0,0.041666666666666664
06_013_334200,2775.0,2066.0,709.0,2805.0,2850.0,10.0,12.0,0.2554954954954955,45.0,0.016042780748663103,2.0,0.2
06_013_336201,1075.0,724.0,351.0,1769.0,1761.0,,,0.32651162790697674,-8.0,-0.0045223289994347085,,
06_013_336202,1577.0,280.0,1297.0,1028.0,1044.0,61.0,59.0,0.8224476854787571,16.0,0.01556420233463035,-2.0,-0.03278688524590164
06_013_338101,1705.0,1118.0,587.0,1314.0,1358.0,66.0,39.0,0.34428152492668623,44.0,0.0334855403348554,-27.0,-0.4090909090909091
06_013_338102,1326.0,1142.0,184.0,2267.0,2289.0,18.0,33.0,0.138763197586727,22.0,0.009704455227172474,15.0,0.8333333333333334
06_013_304005,1835.0,1485.0,350.0,2418.0,2373.0,101.0,100.0,0.1907356948228883,-45.0,-0.018610421836228287,-1.0,-0.009900990099009901
06_013_306003,1673.0,890.0,783.0,1276.0,1394.0,76.0,119.0,0.46802151823072324,118.0,0.09247648902821316,43.0,0.5657894736842105
06_013_306004,1132.0,574.0,558.0,1242.0,1299.0,78.0,63.0,0.4929328621908127,57.0,0.04589371980676329,-15.0,-0.19230769230769232
06_013_327000,2756.0,2031.0,725.0,919.0,1075.0,144.0,130.0,0.2630624092888244,156.0,0.16974972796517954,-14.0,-0.09722222222222222
06_013_328000,1308.0,38.0,1270.0,1044.0,1077.0,,,0.9709480122324159,33.0,0.031609195402298854,,
06_013_329000,2414.0,1350.0,1064.0,1526.0,1619.0,52.0,,0.4407622203811102,93.0,0.06094364351245085,,
06_013_332000,2900.0,2191.0,709.0,1711.0,1740.0,,,0.24448275862068966,29.0,0.01694915254237288,,
06_013_338203,2539.0,1050.0,1489.0,1605.0,1619.0,,,0.5864513588026782,14.0,0.008722741433021807,,
06_013_345111,1902.0,1101.0,801.0,1875.0,1717.0,82.0,37.0,0.42113564668769715,-158.0,-0.08426666666666667,-45.0,-0.5487804878048781
06_013_345112,2239.0,1269.0,970.0,2385.0,2552.0,,,0.4332291201429209,167.0,0.070020964360587,,
06_013_345113,1470.0,1399.0,71.0,3807.0,3778.0,,,0.04829931972789116,-29.0,-0.0076175466246388235,,
06_013_345114,2478.0,2348.0,130.0,2649.0,2782.0,,,0.052461662631154156,133.0,0.0502076255190638,,
06_013_338204,2615.0,1837.0,778.0,1770.0,1963.0,133.0,62.0,0.29751434034416824,193.0,0.10903954802259887,-71.0,-0.5338345864661654
06_013_339002,2846.0,840.0,2006.0,1512.0,1434.0,34.0,39.0,0.7048489107519326,-78.0,-0.051587301587301584,5.0,0.14705882352941177
06_013_339001,1852.0,151.0,1701.0,1290.0,1294.0,64.0,29.0,0.9184665226781857,4.0,0.0031007751937984496,-35.0,-0.546875
06_013_345115,1706.0,1541.0,165.0,3661.0,3335.0,89.0,73.0,0.09671746776084408,-326.0,-0.08904670854957662,-16.0,-0.1797752808988764
06_013_345116,949.0,791.0,158.0,2830.0,2713.0,,,0.16649104320337196,-117.0,-0.04134275618374558,,
06_013_345203,2563.0,1899.0,664.0,2754.0,2662.0,,,0.259071400702302,-92.0,-0.03340595497458242,,
06_013_345204,1324.0,1247.0,77.0,4001.0,3798.0,,20.0,0.0581570996978852,-203.0,-0.05073731567108223,,
06_013_347000,2305.0,2071.0,234.0,3202.0,3039.0,,,0.10151843817787419,-163.0,-0.050905683947532795,,
06_013_353001,1295.0,1210.0,85.0,3391.0,3141.0,,,0.06563706563706563,-250.0,-0.07372456502506636,,
06_013_356001,1163.0,913.0,250.0,2060.0,1814.0,33.0,55.0,0.21496130696474636,-246.0,-0.11941747572815534,22.0,0.6666666666666666
06_013_366001,1173.0,717.0,456.0,1469.0,1424.0,33.0,25.0,0.3887468030690537,-45.0,-0.03063308373042886,-8.0,-0.24242424242424243
06_013_375000,1162.0,456.0,706.0,1123.0,1131.0,26.0,11.0,0.6075731497418244,8.0,0.007123775601068566,-15.0,-0.5769230769230769
06_013_301000,1455.0,1185.0,270.0,916.0,790.0,70.0,102.0,0.18556701030927836,-126.0,-0.13755458515283842,32.0,0.45714285714285713
06_013_307201,1042.0,492.0,550.0,939.0,981.0,100.0,107.0,0.527831094049904,42.0,0.04472843450479233,7.0,0.07
06_013_310000,1531.0,832.0,699.0,1440.0,1379.0,28.0,30.0,0.4565643370346179,-61.0,-0.04236111111111111,2.0,0.07142857142857142
06_013_313102,1263.0,817.0,446.0,1673.0,1613.0,22.0,,0.35312747426761676,-60.0,-0.03586371787208607,,
06_013_321200,2306.0,1174.0,1132.0,1604.0,1623.0,29.0,37.0,0.4908933217692975,19.0,0.011845386533665835,8.0,0.27586206896551724
06_013_330000,1940.0,1474.0,466.0,2200.0,2063.0,52.0,12.0,0.24020618556701032,-137.0,-0.06227272727272727,-40.0,-0.7692307692307693
06_013_336101,1453.0,290.0,1163.0,1131.0,1104.0,76.0,81.0,0.8004129387474191,-27.0,-0.023872679045092837,5.0,0.06578947368421052
06_013_337200,3072.0,2264.0,808.0,1200.0,1179.0,,,0.2630208333333333,-21.0,-0.0175,,
06_013_337300,2202.0,1750.0,452.0,1954.0,2153.0,,,0.2052679382379655,199.0,0.10184237461617196,,
06_013_359203,2404.0,1825.0,579.0,1912.0,1955.0,,,0.24084858569051582,43.0,0.022489539748953975,,
06_013_370000,1197.0,887.0,310.0,1560.0,1346.0,,,0.25898078529657476,-214.0,-0.1371794871794872,,
06_013_386000,1408.0,383.0,1025.0,1286.0,1299.0,29.0,54.0,0.7279829545454546,13.0,0.01010886469673406,25.0,0.8620689655172413
06_013_389100,881.0,385.0,496.0,1323.0,1416.0,,,0.5629965947786606,93.0,0.07029478458049887,,
06_013_389200,751.0,46.0,705.0,1228.0,1242.0,,,0.9387483355525965,14.0,0.011400651465798045,,
06_013_305000,2006.0,530.0,1476.0,1073.0,1093.0,131.0,139.0,0.7357926221335992,20.0,0.01863932898415657,8.0,0.061068702290076333
06_013_312000,736.0,312.0,424.0,1114.0,974.0,49.0,29.0,0.5760869565217391,-140.0,-0.12567324955116696,-20.0,-0.40816326530612246
06_013_314104,2390.0,1038.0,1352.0,1230.0,1082.0,109.0,174.0,0.5656903765690376,-148.0,-0.12032520325203253,65.0,0.5963302752293578
06_013_315000,1215.0,1021.0,194.0,2232.0,2235.0,50.0,40.0,0.15967078189300413,3.0,0.0013440860215053765,-10.0,-0.2
06_013_320001,1273.0,783.0,490.0,1473.0,1563.0,,,0.384917517674784,90.0,0.06109979633401222,,
06_013_307205,2397.0,1339.0,1058.0,1145.0,1229.0,192.0,187.0,0.44138506466416355,84.0,0.07336244541484715,-5.0,-0.026041666666666668
06_013_308001,2240.0,1474.0,766.0,1672.0,1612.0,265.0,267.0,0.3419642857142857,-60.0,-0.03588516746411483,2.0,0.007547169811320755
06_013_314200,1773.0,1267.0,506.0,1338.0,1429.0,76.0,83.0,0.2853919909757473,91.0,0.06801195814648729,7.0,0.09210526315789473
06_013_355110,1223.0,806.0,417.0,2293.0,2270.0,,,0.3409648405560098,-23.0,-0.01003052769297863,,
06_013_355111,1825.0,1345.0,480.0,2407.0,2339.0,77.0,35.0,0.26301369863013696,-68.0,-0.028250934773577065,-42.0,-0.5454545454545454
06_013_355112,1988.0,1789.0,199.0,3833.0,3791.0,111.0,107.0,0.10010060362173039,-42.0,-0.010957474563005479,-4.0,-0.036036036036036036
06_013_355113,1563.0,1429.0,134.0,4001.0,3829.0,154.0,109.0,0.08573256557901472,-172.0,-0.042989252686828294,-45.0,-0.2922077922077922
06_013_355114,3383.0,2948.0,435.0,3588.0,3857.0,53.0,34.0,0.12858409695536507,269.0,0.07497212931995541,-19.0,-0.3584905660377358
06_013_355115,1636.0,427.0,1209.0,1891.0,1621.0,,,0.738997555012225,-270.0,-0.1427815970386039,,
06_013_355116,1282.0,1222.0,60.0,4001.0,4001.0,,,0.046801872074883,0.0,0.0,,
06_013_355117,1814.0,1783.0,31.0,4001.0,4001.0,,,0.017089305402425578,0.0,0.0,,
06_013_355306,1716.0,1564.0,152.0,2574.0,2637.0,,19.0,0.08857808857808858,63.0,0.024475524475524476,,
06_013_359103,1835.0,1371.0,464.0,1781.0,1712.0,,,0.25286103542234334,-69.0,-0.03874227961819203,,
06_013_359104,881.0,739.0,142.0,1664.0,1995.0,53.0,57.0,0.1611804767309875,331.0,0.19891826923076922,4.0,0.07547169811320754
06_013_359105,1456.0,1299.0,157.0,2889.0,3148.0,80.0,156.0,0.10782967032967034,259.0,0.08965039806161301,76.0,0.95
06_013_360101,1575.0,1295.0,280.0,2016.0,2015.0,92.0,137.0,0.17777777777777778,-1.0,-0.000496031746031746,45.0,0.4891304347826087
06_013_360102,1586.0,1512.0,74.0,1975.0,2262.0,20.0,12.0,0.04665825977301387,287.0,0.14531645569620252,-8.0,-0.4
06_013_365003,2230.0,563.0,1667.0,1443.0,1450.0,,,0.7475336322869955,7.0,0.004851004851004851,,
06_013_368001,1215.0,764.0,451.0,1239.0,1317.0,35.0,61.0,0.37119341563786007,78.0,0.06295399515738499,26.0,0.7428571428571429
06_013_368002,839.0,353.0,486.0,1212.0,1263.0,67.0,63.0,0.5792610250297974,51.0,0.04207920792079208,-4.0,-0.05970149253731343
06_013_392200,3188.0,2256.0,932.0,1825.0,1821.0,,46.0,0.29234629861982436,-4.0,-0.002191780821917808,,
06_013_392300,850.0,604.0,246.0,3930.0,4001.0,60.0,48.0,0.28941176470588237,71.0,0.018066157760814248,-12.0,-0.2
06_013_990000,0.0,0.0,0.0,,,,,,,,,
06_013_338302,2186.0,2026.0,160.0,2667.0,2808.0,26.0,,0.07319304666056725,141.0,0.052868391451068614,,
06_013_349000,1763.0,1085.0,678.0,2073.0,2124.0,11.0,9.0,0.38457175269427113,51.0,0.024602026049204053,-2.0,-0.18181818181818182
06_013_357000,1479.0,1046.0,433.0,1603.0,1356.0,37.0,33.0,0.2927653820148749,-247.0,-0.15408608858390518,-4.0,-0.10810810810810811
06_013_307101,1428.0,1034.0,394.0,1231.0,1312.0,54.0,75.0,0.2759103641456583,81.0,0.06580016246953696,21.0,0.3888888888888889
06_013_307202,1286.0,408.0,878.0,1044.0,1128.0,171.0,189.0,0.6827371695178849,84.0,0.08045977011494253,18.0,0.10526315789473684
06_013_307204,1278.0,956.0,322.0,1633.0,1645.0,71.0,79.0,0.2519561815336463,12.0,0.007348438456827924,8.0,0.11267605633802817
06_013_317000,1055.0,484.0,571.0,1390.0,1427.0,32.0,32.0,0.5412322274881517,37.0,0.026618705035971222,0.0,0.0
06_013_321101,2492.0,2044.0,448.0,1844.0,1877.0,11.0,,0.1797752808988764,33.0,0.01789587852494577,,
06_013_321102,2808.0,2493.0,315.0,2185.0,2156.0,,,0.11217948717948718,-29.0,-0.013272311212814645,,
06_013_321103,1702.0,1342.0,360.0,1750.0,1863.0,31.0,31.0,0.21151586368977673,113.0,0.06457142857142857,0.0,0.0
06_013_346203,1393.0,1255.0,138.0,2881.0,2845.0,,,0.0990667623833453,-36.0,-0.012495661228740022,,
06_013_346204,2388.0,2090.0,298.0,3696.0,3591.0,35.0,33.0,0.12479061976549413,-105.0,-0.028409090909090908,-2.0,-0.05714285714285714
06_013_351101,1733.0,1605.0,128.0,1037.0,1071.0,83.0,85.0,0.0738603577611079,34.0,0.03278688524590164,2.0,0.024096385542168676
06_013_351102,2679.0,2378.0,301.0,895.0,959.0,40.0,96.0,0.11235535647629713,64.0,0.07150837988826815,56.0,1.4
06_013_351103,1320.0,1260.0,60.0,1198.0,1221.0,,,0.045454545454545456,23.0,0.019198664440734557,,
06_013_355107,1425.0,1272.0,153.0,2069.0,1931.0,107.0,76.0,0.10736842105263159,-138.0,-0.0666988883518608,-31.0,-0.2897196261682243
06_013_355108,3415.0,2645.0,770.0,2664.0,2608.0,279.0,242.0,0.22547584187408493,-56.0,-0.021021021021021023,-37.0,-0.13261648745519714
06_013_355109,2054.0,1806.0,248.0,2664.0,2403.0,43.0,51.0,0.12074001947419669,-261.0,-0.09797297297297297,8.0,0.18604651162790697
06_013_336102,2523.0,487.0,2036.0,1134.0,1147.0,56.0,45.0,0.8069758224336108,13.0,0.01146384479717813,-11.0,-0.19642857142857142
06_013_337100,1126.0,913.0,213.0,2023.0,1847.0,45.0,44.0,0.1891651865008881,-176.0,-0.08699950568462679,-1.0,-0.022222222222222223
06_013_338301,1005.0,968.0,37.0,2354.0,2856.0,,,0.03681592039800995,502.0,0.21325403568394222,,
06_013_338201,1433.0,1261.0,172.0,2096.0,1971.0,,,0.12002791346824843,-125.0,-0.059637404580152674,,
06_013_345202,3276.0,1746.0,1530.0,1987.0,1942.0,,,0.46703296703296704,-45.0,-0.02264720684448918,,
06_013_352101,792.0,720.0,72.0,2841.0,2883.0,,,0.09090909090909091,42.0,0.014783526927138331,,
06_013_352201,2201.0,1702.0,499.0,1882.0,1835.0,,,0.226715129486597,-47.0,-0.02497343251859724,,
06_013_353002,1395.0,1306.0,89.0,3305.0,3425.0,56.0,53.0,0.06379928315412187,120.0,0.036308623298033284,-3.0,-0.05357142857142857
06_013_340001,2405.0,1231.0,1174.0,1659.0,1550.0,71.0,30.0,0.4881496881496882,-109.0,-0.06570223025919228,-41.0,-0.5774647887323944
06_013_343003,1418.0,1143.0,275.0,2641.0,2711.0,,,0.19393511988716503,70.0,0.026505111700113593,,
06_013_345103,1930.0,1436.0,494.0,2486.0,2411.0,,,0.2559585492227979,-75.0,-0.030168946098149636,,
06_013_345105,2139.0,1677.0,462.0,2552.0,2707.0,33.0,,0.21598877980364656,155.0,0.06073667711598746,,
06_013_345108,3302.0,2509.0,793.0,2490.0,2477.0,,,0.24015748031496062,-13.0,-0.005220883534136547,,
06_013_346201,2642.0,2293.0,349.0,3486.0,3600.0,,,0.13209689629068888,114.0,0.03270223752151463,,
06_013_348000,1557.0,1386.0,171.0,3240.0,3431.0,9.0,44.0,0.10982658959537572,191.0,0.05895061728395062,35.0,3.888888888888889
06_013_355304,2801.0,2478.0,323.0,2609.0,2569.0,73.0,41.0,0.11531595858621921,-40.0,-0.015331544653123802,-32.0,-0.4383561643835616
06_013_356002,2063.0,1665.0,398.0,2687.0,2396.0,37.0,25.0,0.19292292777508482,-291.0,-0.10829921845924823,-12.0,-0.32432432432432434
06_013_359204,1457.0,1261.0,196.0,2263.0,2116.0,76.0,55.0,0.13452299245024021,-147.0,-0.06495802032699956,-21.0,-0.27631578947368424
06_013_365002,1416.0,697.0,719.0,1113.0,1219.0,19.0,20.0,0.507768361581921,106.0,0.09523809523809523,1.0,0.05263157894736842
06_013_366002,1634.0,816.0,818.0,1311.0,1384.0,32.0,50.0,0.5006119951040392,73.0,0.05568268497330282,18.0,0.5625
06_013_367200,1518.0,925.0,593.0,1444.0,1441.0,81.0,63.0,0.3906455862977602,-3.0,-0.002077562326869806,-18.0,-0.2222222222222222
06_013_369001,2381.0,732.0,1649.0,969.0,1005.0,23.0,29.0,0.6925661486770265,36.0,0.03715170278637771,6.0,0.2608695652173913
06_013_373000,1147.0,566.0,581.0,1104.0,1093.0,52.0,60.0,0.5065387968613775,-11.0,-0.009963768115942028,8.0,0.15384615384615385
06_013_377000,2097.0,938.0,1159.0,974.0,959.0,131.0,113.0,0.5526943252265141,-15.0,-0.015400410677618069,-18.0,-0.13740458015267176
06_013_385200,520.0,510.0,10.0,1707.0,2260.0,,,0.019230769230769232,553.0,0.3239601640304628,,
06_013_388000,1127.0,539.0,588.0,1546.0,1470.0,,,0.5217391304347826,-76.0,-0.04915912031047866,,
06_013_391000,1097.0,974.0,123.0,2265.0,2375.0,,,0.11212397447584321,110.0,0.04856512141280353,,
06_013_392000,1071.0,962.0,109.0,2048.0,2134.0,,,0.10177404295051354,86.0,0.0419921875,,
06_013_374000,1733.0,901.0,832.0,1371.0,1436.0,61.0,58.0,0.4800923254472014,65.0,0.04741064916119621,-3.0,-0.04918032786885246
06_013_379000,1724.0,677.0,1047.0,1199.0,1046.0,15.0,21.0,0.607308584686775,-153.0,-0.12760633861551293,6.0,0.4
06_013_381000,1823.0,805.0,1018.0,1085.0,1191.0,144.0,180.0,0.5584201865057598,106.0,0.09769585253456221,36.0,0.25
06_013_382000,2419.0,978.0,1441.0,1111.0,1180.0,66.0,48.0,0.5957007027697395,69.0,0.062106210621062106,-18.0,-0.2727272727272727
06_013_383000,2013.0,1151.0,862.0,1297.0,1301.0,,,0.42821659215101837,4.0,0.0030840400925212026,,
06_013_384000,1611.0,1435.0,176.0,2144.0,2198.0,27.0,27.0,0.10924891371818746,54.0,0.025186567164179104,0.0,0.0
06_013_313101,2706.0,1292.0,1414.0,1193.0,1261.0,114.0,62.0,0.5225424981522543,68.0,0.05699916177703269,-52.0,-0.45614035087719296
06_013_359202,2153.0,1910.0,243.0,2050.0,2179.0,122.0,53.0,0.11286576869484441,129.0,0.06292682926829268,-69.0,-0.5655737704918032
06_013_360200,1718.0,1022.0,696.0,1245.0,1290.0,119.0,121.0,0.4051222351571595,45.0,0.03614457831325301,2.0,0.01680672268907563
06_013_361000,1688.0,1050.0,638.0,1718.0,1817.0,72.0,38.0,0.37796208530805686,99.0,0.057625145518044235,-34.0,-0.4722222222222222
06_013_362000,1096.0,914.0,182.0,1886.0,1909.0,38.0,26.0,0.16605839416058393,23.0,0.012195121951219513,-12.0,-0.3157894736842105
06_013_364002,1807.0,1367.0,440.0,1262.0,1276.0,22.0,31.0,0.24349750968456005,14.0,0.011093502377179081,9.0,0.4090909090909091
06_013_380000,2323.0,978.0,1345.0,1631.0,1553.0,250.0,236.0,0.5789926818768834,-78.0,-0.04782342121397915,-14.0,-0.056
06_013_385100,1095.0,983.0,112.0,2023.0,2054.0,,,0.10228310502283106,31.0,0.01532377656945131,,
06_013_390200,793.0,648.0,145.0,1929.0,2026.0,,,0.1828499369482976,97.0,0.05028512182477968,,
06_013_307102,1617.0,887.0,730.0,1267.0,1241.0,39.0,74.0,0.4514533085961657,-26.0,-0.020520915548539857,35.0,0.8974358974358975
06_013_318000,1440.0,720.0,720.0,1257.0,1181.0,,,0.5,-76.0,-0.060461416070007955,,
06_013_354001,651.0,595.0,56.0,2468.0,2494.0,23.0,11.0,0.08602150537634409,26.0,0.01053484602917342,-12.0,-0.5217391304347826
06_013_354002,2438.0,2130.0,308.0,3318.0,3230.0,,,0.12633305988515175,-88.0,-0.02652200120554551,,
06_013_355302,1209.0,1179.0,30.0,3296.0,3332.0,,,0.02481389578163772,36.0,0.010922330097087379,,
06_013_378000,1662.0,958.0,704.0,1674.0,1669.0,114.0,21.0,0.42358604091456076,-5.0,-0.002986857825567503,-93.0,-0.8157894736842105
06_013_313103,2425.0,1536.0,889.0,1622.0,1739.0,63.0,37.0,0.3665979381443299,117.0,0.0721331689272503,-26.0,-0.4126984126984127
06_013_334004,3164.0,1839.0,1325.0,1434.0,1439.0,65.0,73.0,0.41877370417193427,5.0,0.003486750348675035,8.0,0.12307692307692308
06_013_363000,2723.0,1686.0,1037.0,1470.0,1446.0,,,0.38082996694821886,-24.0,-0.0163265306122449,,
06_013_309000,860.0,617.0,243.0,2030.0,1802.0,98.0,139.0,0.28255813953488373,-228.0,-0.1123152709359606,41.0,0.41836734693877553
06_013_376000,1917.0,716.0,1201.0,963.0,943.0,78.0,58.0,0.6264997391757955,-20.0,-0.020768431983385256,-20.0,-0.2564102564102564
06_013_335000,1282.0,967.0,315.0,1795.0,1851.0,24.0,25.0,0.24570982839313574,56.0,0.03119777158774373,1.0,0.041666666666666664
06_013_323000,1662.0,1291.0,371.0,1973.0,1983.0,52.0,54.0,0.22322503008423586,10.0,0.00506842372022301,2.0,0.038461538461538464
06_013_326000,1365.0,1052.0,313.0,2196.0,2183.0,5.0,28.0,0.2293040293040293,-13.0,-0.005919854280510018,23.0,4.6
06_013_333200,2189.0,1721.0,468.0,1854.0,2079.0,23.0,28.0,0.21379625399725902,225.0,0.12135922330097088,5.0,0.21739130434782608
06_013_341000,1971.0,1444.0,527.0,1690.0,1719.0,,,0.267376966007103,29.0,0.017159763313609466,,
06_013_343002,2024.0,1378.0,646.0,1678.0,1939.0,,,0.3191699604743083,261.0,0.15554231227651966,,
06_013_345101,1971.0,1504.0,467.0,2154.0,2272.0,79.0,97.0,0.23693556570268898,118.0,0.05478180129990715,18.0,0.22784810126582278
06_013_350000,2342.0,1387.0,955.0,1525.0,1727.0,,,0.4077711357813834,202.0,0.13245901639344262,,
06_013_355301,2817.0,2371.0,446.0,2455.0,2494.0,49.0,55.0,0.15832445864394745,39.0,0.015885947046843176,6.0,0.12244897959183673
06_013_358000,1901.0,1052.0,849.0,1096.0,1221.0,20.0,9.0,0.4466070489216202,125.0,0.11405109489051095,-11.0,-0.55
06_013_359102,1758.0,1147.0,611.0,1774.0,1540.0,74.0,82.0,0.34755403868031853,-234.0,-0.1319052987598647,8.0,0.10810810810810811
06_013_367100,2005.0,1009.0,996.0,966.0,1065.0,28.0,23.0,0.4967581047381546,99.0,0.10248447204968944,-5.0,-0.17857142857142858
06_013_372000,2362.0,1604.0,758.0,1524.0,1390.0,42.0,42.0,0.32091447925486877,-134.0,-0.08792650918635171,0.0,0.0
06_013_390100,906.0,758.0,148.0,1784.0,1991.0,,12.0,0.16335540838852097,207.0,0.11603139013452915,,
06_013_306002,1083.0,884.0,199.0,1691.0,1698.0,40.0,36.0,0.1837488457987073,7.0,0.004139562389118865,-4.0,-0.1
06_013_311000,1359.0,646.0,713.0,1273.0,1335.0,156.0,124.0,0.5246504782928624,62.0,0.04870384917517675,-32.0,-0.20512820512820512
06_013_314102,1621.0,1276.0,345.0,1367.0,1347.0,113.0,65.0,0.21283158544108574,-20.0,-0.014630577907827359,-48.0,-0.4247787610619469
06_013_314103,1682.0,792.0,890.0,1311.0,1190.0,25.0,24.0,0.5291319857312723,-121.0,-0.09229595728451563,-1.0,-0.04
06_013_331000,2630.0,1642.0,988.0,1371.0,1531.0,92.0,69.0,0.37566539923954373,160.0,0.11670313639679067,-23.0,-0.25
06_013_345102,1301.0,1128.0,173.0,2373.0,2363.0,14.0,19.0,0.13297463489623368,-10.0,-0.004214075010535188,5.0,0.35714285714285715
06_013_346101,1262.0,1176.0,86.0,2617.0,2582.0,27.0,64.0,0.06814580031695722,-35.0,-0.013374092472296522,37.0,1.3703703703703705
06_013_351200,2003.0,1871.0,132.0,2939.0,3002.0,13.0,14.0,0.06590114827758363,63.0,0.021435862538278325,1.0,0.07692307692307693
06_013_308002,1237.0,1085.0,152.0,2412.0,2458.0,28.0,83.0,0.12287793047696038,46.0,0.019071310116086235,55.0,1.9642857142857142
06_013_316000,423.0,56.0,367.0,747.0,833.0,,,0.8676122931442081,86.0,0.11512717536813923,,
06_013_319000,3086.0,1557.0,1529.0,1379.0,1463.0,38.0,36.0,0.49546338302009074,84.0,0.06091370558375635,-2.0,-0.05263157894736842
06_013_325000,2206.0,1518.0,688.0,1802.0,1868.0,14.0,,0.3118766999093382,66.0,0.03662597114317425,,
06_013_302005,2157.0,1544.0,613.0,1854.0,1637.0,,71.0,0.2841910060268892,-217.0,-0.11704422869471413,,
06_013_302006,1184.0,1065.0,119.0,2195.0,1950.0,107.0,119.0,0.10050675675675676,-245.0,-0.11161731207289294,12.0,0.11214953271028037
06_013_302007,1982.0,1285.0,697.0,1857.0,1743.0,111.0,92.0,0.35166498486377396,-114.0,-0.061389337641357025,-19.0,-0.17117117117117117
06_035_40600,926.0,652.0,274.0,945.0,858.0,9.0,24.0,0.2958963282937365,-87.0,-0.09206349206349207,15.0,1.6666666666666667
06_035_40302,1493.0,1211.0,282.0,1156.0,1205.0,34.0,31.0,0.18888144675150703,49.0,0.04238754325259515,-3.0,-0.08823529411764706
06_035_40400,368.0,274.0,94.0,1205.0,1309.0,16.0,33.0,0.2554347826086957,104.0,0.08630705394190871,17.0,1.0625
06_035_40200,993.0,650.0,343.0,835.0,889.0,50.0,85.0,0.34541792547834843,54.0,0.06467065868263473,35.0,0.7
06_035_40100,519.0,438.0,81.0,805.0,798.0,19.0,18.0,0.15606936416184972,-7.0,-0.008695652173913044,-1.0,-0.05263157894736842
06_035_40500,1039.0,826.0,213.0,1399.0,1168.0,23.0,24.0,0.20500481231953802,-231.0,-0.1651179413867048,1.0,0.043478260869565216
06_035_40303,1746.0,932.0,814.0,836.0,883.0,31.0,29.0,0.4662084765177549,47.0,0.056220095693779906,-2.0,-0.06451612903225806
06_035_40304,933.0,306.0,627.0,883.0,911.0,48.0,48.0,0.6720257234726688,28.0,0.031710079275198186,0.0,0.0
06_035_40305,2080.0,1291.0,789.0,1111.0,1111.0,43.0,36.0,0.37932692307692306,0.0,0.0,-7.0,-0.16279069767441862
06_099_2902,2251.0,1512.0,739.0,1407.0,1457.0,37.0,43.0,0.3282985339848956,50.0,0.03553660270078181,6.0,0.16216216216216217
06_099_3905,1429.0,1169.0,260.0,1335.0,1332.0,91.0,79.0,0.1819454163750875,-3.0,-0.0022471910112359553,-12.0,-0.13186813186813187
06_099_3908,1016.0,280.0,736.0,808.0,831.0,,,0.7244094488188977,23.0,0.028465346534653466,,
06_099_2501,1636.0,1137.0,499.0,1588.0,1459.0,138.0,90.0,0.3050122249388753,-129.0,-0.08123425692695214,-48.0,-0.34782608695652173
06_099_3604,2719.0,2262.0,457.0,1454.0,1519.0,35.0,,0.16807649871276203,65.0,0.04470426409903714,,
06_099_3202,4257.0,2947.0,1310.0,1850.0,1672.0,523.0,443.0,0.307728447263331,-178.0,-0.09621621621621622,-80.0,-0.15296367112810708
06_099_1603,1625.0,750.0,875.0,1034.0,933.0,53.0,59.0,0.5384615384615384,-101.0,-0.097678916827853,6.0,0.11320754716981132
06_099_2200,1666.0,683.0,983.0,862.0,870.0,81.0,61.0,0.5900360144057623,8.0,0.009280742459396751,-20.0,-0.24691358024691357
06_099_3002,2123.0,1441.0,682.0,934.0,852.0,39.0,39.0,0.32124352331606215,-82.0,-0.08779443254817987,0.0,0.0
06_099_202,1977.0,1304.0,673.0,1388.0,1321.0,50.0,25.0,0.3404147698533131,-67.0,-0.048270893371757925,-25.0,-0.5
06_099_3300,1628.0,1061.0,567.0,1198.0,1026.0,115.0,129.0,0.34828009828009826,-172.0,-0.14357262103505844,14.0,0.12173913043478261
06_099_3201,1360.0,840.0,520.0,1124.0,1076.0,95.0,125.0,0.38235294117647056,-48.0,-0.042704626334519574,30.0,0.3157894736842105
06_099_910,2334.0,887.0,1447.0,993.0,964.0,,,0.6199657240788347,-29.0,-0.02920443101711984,,
06_099_1200,1571.0,662.0,909.0,1048.0,1014.0,47.0,41.0,0.5786123488224061,-34.0,-0.03244274809160305,-6.0,-0.1276595744680851
06_099_2301,1883.0,931.0,952.0,1005.0,1119.0,83.0,80.0,0.5055762081784386,114.0,0.11343283582089553,-3.0,-0.03614457831325301
06_099_2602,1567.0,691.0,876.0,894.0,877.0,41.0,50.0,0.559029993618379,-17.0,-0.01901565995525727,9.0,0.21951219512195122
06_099_2605,1280.0,978.0,302.0,1104.0,1080.0,33.0,,0.2359375,-24.0,-0.021739130434782608,,
06_099_3100,1225.0,663.0,562.0,909.0,904.0,,,0.45877551020408164,-5.0,-0.005500550055005501,,
06_099_3803,727.0,465.0,262.0,1094.0,1124.0,,14.0,0.3603851444291609,30.0,0.027422303473491772,,
06_099_302,785.0,465.0,320.0,1112.0,1251.0,,17.0,0.40764331210191085,139.0,0.125,,
06_099_303,1634.0,1332.0,302.0,1448.0,1381.0,122.0,135.0,0.18482252141982863,-67.0,-0.0462707182320442,13.0,0.10655737704918032
06_099_501,2487.0,1886.0,601.0,1907.0,1879.0,,47.0,0.24165661439485323,-28.0,-0.014682747771368642,,
06_099_803,1446.0,766.0,680.0,957.0,932.0,107.0,115.0,0.4702627939142462,-25.0,-0.02612330198537095,8.0,0.07476635514018691
06_099_906,2218.0,1469.0,749.0,1359.0,1330.0,,,0.33769161406672676,-29.0,-0.021339220014716703,,
06_099_1002,1281.0,574.0,707.0,980.0,918.0,35.0,34.0,0.5519125683060109,-62.0,-0.06326530612244897,-1.0,-0.02857142857142857
06_099_1100,1466.0,463.0,1003.0,1095.0,1033.0,38.0,8.0,0.6841746248294679,-62.0,-0.05662100456621005,-30.0,-0.7894736842105263
06_099_1601,1190.0,648.0,542.0,1045.0,1084.0,,,0.45546218487394957,39.0,0.03732057416267943,,
06_099_2604,1356.0,355.0,1001.0,808.0,840.0,,,0.7382005899705014,32.0,0.039603960396039604,,
06_099_2801,1720.0,1212.0,508.0,1300.0,1295.0,55.0,41.0,0.29534883720930233,-5.0,-0.0038461538461538464,-14.0,-0.2545454545454545
06_099_2802,1899.0,1442.0,457.0,1064.0,955.0,41.0,,0.24065297525013166,-109.0,-0.10244360902255639,,
06_099_3906,1687.0,241.0,1446.0,829.0,834.0,,,0.8571428571428571,5.0,0.006031363088057901,,
06_099_402,3129.0,2645.0,484.0,2077.0,2037.0,48.0,103.0,0.15468200703100032,-40.0,-0.019258545979778528,55.0,1.1458333333333333
06_099_404,2080.0,1386.0,694.0,1342.0,1284.0,62.0,65.0,0.33365384615384613,-58.0,-0.043219076005961254,3.0,0.04838709677419355
06_099_905,2049.0,1436.0,613.0,1588.0,1460.0,34.0,88.0,0.299170326988775,-128.0,-0.08060453400503778,54.0,1.588235294117647
06_099_908,1845.0,885.0,960.0,1239.0,1251.0,31.0,36.0,0.5203252032520326,12.0,0.009685230024213076,5.0,0.16129032258064516
06_099_912,4997.0,3812.0,1185.0,1971.0,2009.0,170.0,192.0,0.23714228537122273,38.0,0.019279553526128868,22.0,0.12941176470588237
06_099_2002,1367.0,765.0,602.0,864.0,877.0,28.0,24.0,0.4403803950256035,13.0,0.015046296296296295,-4.0,-0.14285714285714285
06_099_2302,1161.0,532.0,629.0,980.0,871.0,24.0,21.0,0.5417743324720069,-109.0,-0.11122448979591837,-3.0,-0.125
06_099_3400,564.0,252.0,312.0,635.0,736.0,,,0.5531914893617021,101.0,0.15905511811023623,,
06_099_3700,1341.0,802.0,539.0,1077.0,1178.0,,24.0,0.40193885160328113,101.0,0.09377901578458682,,
06_099_3802,1472.0,569.0,903.0,932.0,856.0,28.0,40.0,0.6134510869565217,-76.0,-0.0815450643776824,12.0,0.42857142857142855
06_099_201,2151.0,1504.0,647.0,1264.0,1243.0,57.0,47.0,0.300790330079033,-21.0,-0.01661392405063291,-10.0,-0.17543859649122806
06_099_807,1537.0,422.0,1115.0,937.0,954.0,,,0.7254391672088484,17.0,0.01814300960512273,,
06_099_909,1740.0,875.0,865.0,1070.0,1072.0,,,0.49712643678160917,2.0,0.001869158878504673,,
06_099_1001,2511.0,1354.0,1157.0,1012.0,1042.0,,,0.4607726005575468,30.0,0.029644268774703556,,
06_099_3907,2669.0,1747.0,922.0,1336.0,1459.0,44.0,47.0,0.34544773323342076,123.0,0.09206586826347306,3.0,0.06818181818181818
06_099_1700,737.0,272.0,465.0,703.0,738.0,18.0,17.0,0.6309362279511533,35.0,0.049786628733997154,-1.0,-0.05555555555555555
06_099_1800,837.0,108.0,729.0,660.0,655.0,,,0.8709677419354839,-5.0,-0.007575757575757576,,
06_099_1900,2079.0,1293.0,786.0,1166.0,1046.0,51.0,61.0,0.37806637806637805,-120.0,-0.10291595197255575,10.0,0.19607843137254902
06_099_2603,971.0,722.0,249.0,967.0,949.0,,,0.2564366632337796,-18.0,-0.01861427094105481,,
06_099_2702,2013.0,1053.0,960.0,1007.0,984.0,21.0,,0.47690014903129657,-23.0,-0.022840119165839126,,
06_099_2901,1558.0,1111.0,447.0,1019.0,1111.0,26.0,25.0,0.28690629011553276,92.0,0.09028459273797841,-1.0,-0.038461538461538464
06_099_3904,1714.0,780.0,934.0,873.0,934.0,36.0,22.0,0.544924154025671,61.0,0.06987399770904926,-14.0,-0.3888888888888889
06_099_602,905.0,605.0,300.0,1350.0,1254.0,22.0,21.0,0.3314917127071823,-96.0,-0.07111111111111111,-1.0,-0.045454545454545456
06_099_801,2374.0,1629.0,745.0,1069.0,982.0,90.0,111.0,0.3138163437236731,-87.0,-0.0813844714686623,21.0,0.23333333333333334
06_099_907,1257.0,964.0,293.0,1005.0,1051.0,85.0,55.0,0.23309466984884647,46.0,0.045771144278606964,-30.0,-0.35294117647058826
06_099_510,2622.0,2019.0,603.0,1557.0,1540.0,36.0,30.0,0.2299771167048055,-17.0,-0.010918432883750802,-6.0,-0.16666666666666666
06_099_2005,1083.0,621.0,462.0,1218.0,1219.0,94.0,99.0,0.4265927977839335,1.0,0.0008210180623973727,5.0,0.05319148936170213
06_099_2006,1149.0,793.0,356.0,1466.0,1606.0,48.0,99.0,0.30983463881636203,140.0,0.09549795361527967,51.0,1.0625
06_099_2401,836.0,504.0,332.0,1390.0,1311.0,,,0.39712918660287083,-79.0,-0.05683453237410072,,
06_099_2402,1267.0,680.0,587.0,913.0,906.0,94.0,95.0,0.4632991318074191,-7.0,-0.007667031763417305,1.0,0.010638297872340425
06_099_2503,1200.0,548.0,652.0,921.0,884.0,270.0,246.0,0.5433333333333333,-37.0,-0.04017372421281216,-24.0,-0.08888888888888889
06_099_2504,1264.0,906.0,358.0,1624.0,1567.0,,,0.28322784810126583,-57.0,-0.035098522167487683,,
06_099_3606,3283.0,2611.0,672.0,2033.0,1868.0,132.0,113.0,0.2046908315565032,-165.0,-0.08116084604033448,-19.0,-0.14393939393939395
06_099_3605,2760.0,1283.0,1477.0,990.0,1053.0,13.0,23.0,0.5351449275362319,63.0,0.06363636363636363,10.0,0.7692307692307693
06_099_3804,2008.0,1039.0,969.0,887.0,941.0,103.0,66.0,0.48256972111553786,54.0,0.060879368658399095,-37.0,-0.3592233009708738
06_099_3805,843.0,258.0,585.0,1165.0,1123.0,,21.0,0.693950177935943,-42.0,-0.036051502145922745,,
06_099_4000,1268.0,738.0,530.0,888.0,1013.0,25.0,27.0,0.41798107255520506,125.0,0.14076576576576577,2.0,0.08
06_099_1300,2308.0,1655.0,653.0,1142.0,1086.0,78.0,204.0,0.28292894280762565,-56.0,-0.04903677758318739,126.0,1.6153846153846154
06_099_1400,2472.0,1125.0,1347.0,946.0,908.0,,,0.5449029126213593,-38.0,-0.040169133192389,,
06_099_1604,901.0,312.0,589.0,840.0,963.0,25.0,32.0,0.6537180910099889,123.0,0.14642857142857144,7.0,0.28
06_099_203,3075.0,1733.0,1342.0,1208.0,1218.0,38.0,58.0,0.43642276422764226,10.0,0.008278145695364239,20.0,0.5263157894736842
06_099_301,650.0,262.0,388.0,902.0,929.0,,9.0,0.5969230769230769,27.0,0.02993348115299335,,
06_099_503,1744.0,844.0,900.0,1194.0,1147.0,45.0,49.0,0.5160550458715596,-47.0,-0.03936348408710218,4.0,0.08888888888888889
06_099_504,2967.0,2072.0,895.0,1836.0,1870.0,78.0,77.0,0.3016514998314796,34.0,0.018518518518518517,-1.0,-0.01282051282051282
06_099_506,1804.0,963.0,841.0,1094.0,950.0,,,0.4661862527716186,-144.0,-0.1316270566727605,,
06_099_601,1457.0,1120.0,337.0,1516.0,1493.0,34.0,65.0,0.2312971859986273,-23.0,-0.015171503957783642,31.0,0.9117647058823529
06_099_805,1960.0,1179.0,781.0,1193.0,1200.0,,,0.39846938775510204,7.0,0.00586756077116513,,
06_099_2701,1256.0,1114.0,142.0,1331.0,1022.0,,,0.11305732484076433,-309.0,-0.23215627347858753,,
06_099_1500,2029.0,1391.0,638.0,1101.0,1034.0,108.0,110.0,0.31444061113849187,-67.0,-0.06085376930063579,2.0,0.018518518518518517
06_099_2004,1897.0,1022.0,875.0,985.0,970.0,99.0,107.0,0.4612546125461255,-15.0,-0.015228426395939087,8.0,0.08080808080808081
06_099_2100,1033.0,291.0,742.0,769.0,748.0,27.0,28.0,0.718296224588577,-21.0,-0.027308192457737322,1.0,0.037037037037037035
06_099_3001,2565.0,2012.0,553.0,1957.0,1941.0,62.0,90.0,0.2155945419103314,-16.0,-0.008175779253960144,28.0,0.45161290322580644
06_099_3500,3148.0,2093.0,1055.0,1179.0,1121.0,180.0,222.0,0.335133418043202,-58.0,-0.04919423240033927,42.0,0.23333333333333334
06_099_3603,1324.0,647.0,677.0,1026.0,1019.0,29.0,31.0,0.5113293051359517,-7.0,-0.00682261208576998,2.0,0.06896551724137931
06_099_3909,2231.0,1255.0,976.0,1182.0,1214.0,73.0,34.0,0.4374719856566562,32.0,0.02707275803722504,-39.0,-0.5342465753424658
06_099_101,1875.0,1448.0,427.0,1379.0,1532.0,72.0,80.0,0.22773333333333334,153.0,0.11094996374184192,8.0,0.1111111111111111
06_099_102,1396.0,1086.0,310.0,1758.0,1739.0,,,0.22206303724928367,-19.0,-0.01080773606370876,,
06_099_806,1549.0,790.0,759.0,1213.0,1113.0,39.0,45.0,0.48999354422207875,-100.0,-0.08244023083264633,6.0,0.15384615384615385
06_099_304,1349.0,933.0,416.0,968.0,1084.0,,,0.3083765752409192,116.0,0.11983471074380166,,
06_099_403,1440.0,1143.0,297.0,1342.0,1477.0,63.0,112.0,0.20625,135.0,0.10059612518628912,49.0,0.7777777777777778
06_099_505,1610.0,828.0,782.0,1435.0,1298.0,49.0,29.0,0.4857142857142857,-137.0,-0.09547038327526132,-20.0,-0.40816326530612246
06_099_911,1764.0,965.0,799.0,1256.0,1265.0,37.0,32.0,0.45294784580498865,9.0,0.007165605095541401,-5.0,-0.13513513513513514
06_099_2803,1045.0,904.0,141.0,1118.0,1066.0,33.0,56.0,0.13492822966507176,-52.0,-0.046511627906976744,23.0,0.696969696969697
06_097_153002,1850.0,1051.0,799.0,1270.0,1254.0,,,0.43189189189189187,-16.0,-0.012598425196850394,,
06_097_152701,1981.0,1633.0,348.0,2004.0,1860.0,44.0,44.0,0.17566885411408378,-144.0,-0.0718562874251497,0.0,0.0
06_097_150500,1871.0,1248.0,623.0,1761.0,1922.0,77.0,93.0,0.33297701763762694,161.0,0.09142532651902328,16.0,0.2077922077922078
06_097_151502,2923.0,1632.0,1291.0,1426.0,1443.0,52.0,49.0,0.44166951761888473,17.0,0.011921458625525946,-3.0,-0.057692307692307696
06_097_153403,1616.0,1020.0,596.0,1522.0,1622.0,,,0.3688118811881188,100.0,0.0657030223390276,,
06_097_153801,3248.0,2515.0,733.0,2084.0,2188.0,,48.0,0.22567733990147784,104.0,0.04990403071017274,,
06_097_150100,1088.0,715.0,373.0,1870.0,1825.0,,,0.3428308823529412,-45.0,-0.02406417112299465,,
06_097_150603,2633.0,1591.0,1042.0,1602.0,1664.0,,,0.3957462969996202,62.0,0.03870162297128589,,
06_097_150702,1693.0,1291.0,402.0,2200.0,2179.0,29.0,65.0,0.23744831659775548,-21.0,-0.009545454545454546,36.0,1.2413793103448276
06_097_151000,1439.0,871.0,568.0,1518.0,1432.0,,,0.39471855455177207,-86.0,-0.05665349143610013,,
06_097_151301,1583.0,777.0,806.0,1202.0,1104.0,22.0,24.0,0.509159823120657,-98.0,-0.08153078202995008,2.0,0.09090909090909091
06_097_152203,1720.0,686.0,1034.0,1138.0,1167.0,8.0,9.0,0.6011627906976744,29.0,0.025483304042179262,1.0,0.125
06_097_153005,2428.0,1979.0,449.0,1683.0,1667.0,42.0,57.0,0.18492586490939045,-16.0,-0.009506833036244802,15.0,0.35714285714285715
06_097_153200,2030.0,1160.0,870.0,1562.0,1730.0,32.0,29.0,0.42857142857142855,168.0,0.10755441741357234,-3.0,-0.09375
06_097_153502,1583.0,1168.0,415.0,1405.0,1334.0,55.0,17.0,0.2621604548325963,-71.0,-0.050533807829181494,-38.0,-0.6909090909090909
06_097_153704,1850.0,1007.0,843.0,1210.0,1170.0,,,0.4556756756756757,-40.0,-0.03305785123966942,,
06_097_153901,2263.0,1534.0,729.0,2006.0,1931.0,32.0,30.0,0.32213875386654883,-75.0,-0.03738783649052842,-2.0,-0.0625
06_097_150902,1365.0,1048.0,317.0,1851.0,1718.0,97.0,96.0,0.23223443223443224,-133.0,-0.07185305240410589,-1.0,-0.010309278350515464
06_097_151306,1578.0,912.0,666.0,1411.0,1283.0,58.0,22.0,0.4220532319391635,-128.0,-0.09071580439404678,-36.0,-0.6206896551724138
06_097_153903,1544.0,974.0,570.0,1372.0,1398.0,,,0.36917098445595853,26.0,0.018950437317784258,,
06_097_154100,1509.0,1061.0,448.0,1780.0,1750.0,10.0,10.0,0.2968853545394301,-30.0,-0.016853932584269662,0.0,0.0
06_097_152100,1003.0,577.0,426.0,1048.0,1142.0,,,0.4247258225324028,94.0,0.08969465648854962,,
06_097_152300,1937.0,1381.0,556.0,1289.0,1463.0,,,0.2870418172431595,174.0,0.13498836307214895,,
06_097_152400,4122.0,3102.0,1020.0,2417.0,2620.0,,65.0,0.24745269286754004,203.0,0.08398841539098055,,
06_097_152600,3126.0,2724.0,402.0,2407.0,2360.0,,,0.12859884836852206,-47.0,-0.019526381387619442,,
06_097_153102,1393.0,566.0,827.0,1371.0,1282.0,,,0.5936826992103375,-89.0,-0.06491611962071481,,
06_097_153705,1522.0,1064.0,458.0,1575.0,1479.0,42.0,37.0,0.3009198423127464,-96.0,-0.06095238095238095,-5.0,-0.11904761904761904
06_097_153706,1835.0,1499.0,336.0,1267.0,1280.0,29.0,28.0,0.18310626702997276,13.0,0.010260457774269928,-1.0,-0.034482758620689655
06_097_154302,1624.0,1315.0,309.0,1635.0,1858.0,,17.0,0.19027093596059114,223.0,0.1363914373088685,,
06_097_153902,1500.0,705.0,795.0,1233.0,1375.0,113.0,75.0,0.53,142.0,0.1151662611516626,-38.0,-0.336283185840708
06_097_150303,2183.0,1822.0,361.0,1205.0,1250.0,181.0,60.0,0.16536875858909758,45.0,0.03734439834024896,-121.0,-0.6685082872928176
06_097_150304,2166.0,1069.0,1097.0,1431.0,1458.0,47.0,51.0,0.5064635272391506,27.0,0.018867924528301886,4.0,0.0851063829787234
06_097_150601,1360.0,998.0,362.0,1841.0,1471.0,29.0,13.0,0.2661764705882353,-370.0,-0.20097772949483977,-16.0,-0.5517241379310345
06_097_151203,2129.0,1176.0,953.0,1630.0,1476.0,,,0.44762799436355094,-154.0,-0.09447852760736196,,
06_097_151401,1940.0,877.0,1063.0,1632.0,1663.0,26.0,48.0,0.547938144329897,31.0,0.018995098039215685,22.0,0.8461538461538461
06_097_150901,1897.0,963.0,934.0,1243.0,1295.0,,,0.49235635213494994,52.0,0.0418342719227675,,
06_097_151201,2752.0,1698.0,1054.0,1196.0,1255.0,45.0,44.0,0.38299418604651164,59.0,0.04933110367892977,-1.0,-0.022222222222222223
06_097_151308,2122.0,1099.0,1023.0,1428.0,1382.0,29.0,34.0,0.4820923656927427,-46.0,-0.03221288515406162,5.0,0.1724137931034483
06_097_151309,1808.0,1277.0,531.0,1949.0,1938.0,24.0,26.0,0.2936946902654867,-11.0,-0.005643919958953309,2.0,0.08333333333333333
06_097_152502,1491.0,1101.0,390.0,1072.0,1144.0,35.0,32.0,0.26156941649899396,72.0,0.06716417910447761,-3.0,-0.08571428571428572
06_097_150202,2340.0,1499.0,841.0,1641.0,1482.0,24.0,22.0,0.3594017094017094,-159.0,-0.09689213893967093,-2.0,-0.08333333333333333
06_097_150800,1895.0,1077.0,818.0,1531.0,1580.0,,,0.4316622691292876,49.0,0.03200522534291313,,
06_097_151503,1458.0,1314.0,144.0,2273.0,2331.0,,,0.09876543209876543,58.0,0.025516937967443906,,
06_097_151402,3428.0,1402.0,2026.0,1054.0,1074.0,35.0,,0.5910151691948659,20.0,0.018975332068311195,,
06_097_151700,2884.0,1233.0,1651.0,1200.0,1236.0,79.0,71.0,0.5724687933425797,36.0,0.03,-8.0,-0.10126582278481013
06_097_151800,2011.0,1254.0,757.0,1394.0,1392.0,,,0.37642963699651916,-2.0,-0.0014347202295552368,,
06_097_152702,1993.0,1097.0,896.0,1514.0,1526.0,24.0,22.0,0.44957350727546413,12.0,0.007926023778071334,-2.0,-0.08333333333333333
06_097_151204,1575.0,871.0,704.0,1449.0,1413.0,,28.0,0.446984126984127,-36.0,-0.024844720496894408,,
06_097_153401,2718.0,1518.0,1200.0,1439.0,1448.0,,65.0,0.44150110375275936,9.0,0.006254343293954135,,
06_097_152903,1564.0,609.0,955.0,1237.0,1230.0,,,0.610613810741688,-7.0,-0.005658852061438965,,
06_097_153001,2263.0,731.0,1532.0,1025.0,1061.0,,,0.6769774635439681,36.0,0.0351219512195122,,
06_097_153006,2740.0,1849.0,891.0,1399.0,1446.0,102.0,44.0,0.3251824817518248,47.0,0.03359542530378842,-58.0,-0.5686274509803921
06_097_150306,1603.0,1082.0,521.0,1386.0,1429.0,84.0,40.0,0.32501559575795386,43.0,0.031024531024531024,-44.0,-0.5238095238095238
06_097_150305,1655.0,688.0,967.0,1238.0,1270.0,16.0,14.0,0.5842900302114804,32.0,0.025848142164781908,-2.0,-0.125
06_097_150607,1876.0,1514.0,362.0,2632.0,2833.0,25.0,6.0,0.1929637526652452,201.0,0.07636778115501519,-19.0,-0.76
06_097_150609,1865.0,1455.0,410.0,1628.0,1602.0,,,0.21983914209115282,-26.0,-0.01597051597051597,,
06_097_150610,1400.0,1123.0,277.0,2143.0,1971.0,,,0.19785714285714287,-172.0,-0.08026131591227252,,
06_097_150611,1311.0,941.0,370.0,1746.0,1696.0,32.0,26.0,0.2822273073989321,-50.0,-0.0286368843069874,-6.0,-0.1875
06_097_150612,1684.0,1106.0,578.0,1951.0,1916.0,,,0.34323040380047504,-35.0,-0.017939518195797026,,
06_097_151601,1616.0,1183.0,433.0,797.0,1236.0,79.0,125.0,0.26794554455445546,439.0,0.5508155583437893,46.0,0.5822784810126582
06_097_151602,1811.0,1516.0,295.0,1315.0,1411.0,75.0,145.0,0.16289342904472667,96.0,0.07300380228136882,70.0,0.9333333333333333
06_097_152905,1468.0,959.0,509.0,1351.0,1426.0,92.0,72.0,0.3467302452316076,75.0,0.05551443375277572,-20.0,-0.21739130434782608
06_097_152906,1768.0,1238.0,530.0,1895.0,1889.0,39.0,38.0,0.2997737556561086,-6.0,-0.0031662269129287598,-1.0,-0.02564102564102564
06_097_153103,1442.0,622.0,820.0,1236.0,1335.0,35.0,20.0,0.5686546463245492,99.0,0.08009708737864078,-15.0,-0.42857142857142855
06_097_153104,1124.0,481.0,643.0,1142.0,1154.0,23.0,25.0,0.5720640569395018,12.0,0.010507880910683012,2.0,0.08695652173913043
06_097_153804,1078.0,891.0,187.0,1926.0,2099.0,,,0.17346938775510204,173.0,0.08982346832814123,,
06_097_153806,1236.0,813.0,423.0,1895.0,1825.0,,,0.3422330097087379,-70.0,-0.036939313984168866,,
06_097_153807,1423.0,1170.0,253.0,2098.0,2079.0,,,0.17779339423752635,-19.0,-0.00905624404194471,,
06_097_153809,1512.0,1136.0,376.0,1672.0,1640.0,,42.0,0.24867724867724866,-32.0,-0.019138755980861243,,
06_097_154201,1290.0,586.0,704.0,974.0,1129.0,15.0,30.0,0.5457364341085271,155.0,0.1591375770020534,15.0,1.0
06_097_154202,2290.0,1605.0,685.0,1635.0,1736.0,118.0,120.0,0.29912663755458513,101.0,0.0617737003058104,2.0,0.01694915254237288
06_097_153808,1457.0,969.0,488.0,1063.0,1265.0,,,0.33493479752916955,202.0,0.19002822201317027,,
06_097_154303,589.0,477.0,112.0,1262.0,1255.0,58.0,58.0,0.19015280135823429,-7.0,-0.005546751188589541,0.0,0.0
06_097_154304,971.0,702.0,269.0,1111.0,1195.0,,7.0,0.27703398558187436,84.0,0.07560756075607561,,
06_097_990100,0.0,0.0,0.0,,,,,,,,,
06_097_151100,1722.0,1043.0,679.0,1549.0,1486.0,27.0,13.0,0.3943089430894309,-63.0,-0.040671400903808906,-14.0,-0.5185185185185185
06_097_150602,1508.0,1322.0,186.0,1868.0,1855.0,26.0,35.0,0.123342175066313,-13.0,-0.006959314775160599,9.0,0.34615384615384615
06_097_150701,2053.0,842.0,1211.0,1508.0,1560.0,38.0,36.0,0.5898684851436922,52.0,0.034482758620689655,-2.0,-0.05263157894736842
06_097_151305,2309.0,651.0,1658.0,1215.0,1164.0,,,0.7180597661325249,-51.0,-0.04197530864197531,,
06_097_151307,1739.0,1386.0,353.0,1933.0,1811.0,30.0,30.0,0.20299022426682,-122.0,-0.06311433005690636,0.0,0.0
06_097_151310,1425.0,735.0,690.0,1499.0,1502.0,,,0.4842105263157895,3.0,0.0020013342228152103,,
06_097_151900,1326.0,499.0,827.0,1175.0,1265.0,,23.0,0.6236802413273002,90.0,0.07659574468085106,,
06_097_152201,1674.0,459.0,1215.0,1113.0,1185.0,,,0.7258064516129032,72.0,0.0646900269541779,,
06_097_152202,2888.0,1456.0,1432.0,1150.0,1159.0,46.0,48.0,0.49584487534626037,9.0,0.00782608695652174,2.0,0.043478260869565216
06_097_152904,1866.0,1037.0,829.0,1614.0,1671.0,36.0,,0.4442658092175777,57.0,0.03531598513011153,,
06_097_153003,1976.0,971.0,1005.0,1183.0,1214.0,35.0,34.0,0.5086032388663968,31.0,0.026204564666103127,-1.0,-0.02857142857142857
06_097_153501,1815.0,1444.0,371.0,1563.0,1572.0,58.0,31.0,0.20440771349862258,9.0,0.005758157389635317,-27.0,-0.46551724137931033
06_097_153703,1583.0,875.0,708.0,1289.0,1188.0,75.0,94.0,0.4472520530638029,-101.0,-0.07835531419705198,19.0,0.25333333333333335
06_097_151311,2449.0,1421.0,1028.0,1690.0,1663.0,28.0,,0.4197631686402613,-27.0,-0.015976331360946745,,
06_097_151504,1348.0,1158.0,190.0,1397.0,1566.0,29.0,,0.14094955489614244,169.0,0.12097351467430208,,
06_097_152501,1653.0,689.0,964.0,1445.0,1492.0,32.0,24.0,0.5831820931639443,47.0,0.032525951557093424,-8.0,-0.25
06_097_152801,1955.0,1276.0,679.0,1609.0,1614.0,47.0,59.0,0.3473145780051151,5.0,0.003107520198881293,12.0,0.2553191489361702
06_097_153404,1833.0,1254.0,579.0,1656.0,1695.0,11.0,,0.3158756137479542,39.0,0.02355072463768116,,
06_097_153600,2209.0,1732.0,477.0,1645.0,1658.0,,,0.21593481213218652,13.0,0.007902735562310031,,
06_097_154000,1050.0,716.0,334.0,1420.0,1525.0,,4.0,0.3180952380952381,105.0,0.07394366197183098,,
06_097_152000,912.0,138.0,774.0,928.0,990.0,,25.0,0.8486842105263158,62.0,0.0668103448275862,,
06_097_152802,2635.0,560.0,2075.0,981.0,1029.0,37.0,41.0,0.7874762808349146,48.0,0.04892966360856269,4.0,0.10810810810810811
06_097_153300,3311.0,1849.0,1462.0,1759.0,1668.0,99.0,92.0,0.44155844155844154,-91.0,-0.05173393973848778,-7.0,-0.0707070707070707
06_097_150203,2175.0,1250.0,925.0,1601.0,1637.0,,2.0,0.42528735632183906,36.0,0.022485946283572766,,
06_097_150204,1713.0,943.0,770.0,1346.0,1453.0,,,0.44950379451255107,107.0,0.07949479940564635,,
06_103_600,2357.0,1368.0,989.0,689.0,679.0,,15.0,0.4196011879507849,-10.0,-0.01451378809869376,,
06_103_700,2944.0,1269.0,1675.0,827.0,824.0,38.0,,0.568953804347826,-3.0,-0.0036275695284159614,,
06_103_800,1418.0,923.0,495.0,759.0,830.0,31.0,32.0,0.34908321579689705,71.0,0.09354413702239789,1.0,0.03225806451612903
06_103_900,1505.0,906.0,599.0,807.0,744.0,22.0,26.0,0.39800664451827245,-63.0,-0.07806691449814127,4.0,0.18181818181818182
06_103_100,1821.0,1361.0,460.0,728.0,769.0,27.0,33.0,0.25260845689181766,41.0,0.05631868131868132,6.0,0.2222222222222222
06_103_300,1796.0,1421.0,375.0,823.0,815.0,73.0,40.0,0.20879732739420936,-8.0,-0.009720534629404616,-33.0,-0.4520547945205479
06_103_200,2855.0,2259.0,596.0,1109.0,1169.0,129.0,66.0,0.20875656742556917,60.0,0.05410279531109107,-63.0,-0.4883720930232558
06_103_400,2111.0,1869.0,242.0,1148.0,1133.0,26.0,20.0,0.11463761250592136,-15.0,-0.013066202090592335,-6.0,-0.23076923076923078
06_103_1100,2317.0,1254.0,1063.0,687.0,805.0,64.0,70.0,0.45878290893396634,118.0,0.1717612809315866,6.0,0.09375
06_103_500,2310.0,970.0,1340.0,848.0,852.0,,,0.5800865800865801,4.0,0.0047169811320754715,,
06_103_1000,2376.0,1736.0,640.0,776.0,805.0,7.0,8.0,0.26936026936026936,29.0,0.037371134020618556,1.0,0.14285714285714285
06_051_101,1549.0,1093.0,456.0,1165.0,1169.0,85.0,78.0,0.29438347320852165,4.0,0.0034334763948497852,-7.0,-0.08235294117647059
06_051_102,1048.0,609.0,439.0,929.0,935.0,34.0,38.0,0.41889312977099236,6.0,0.006458557588805167,4.0,0.11764705882352941
06_051_200,2819.0,1394.0,1425.0,1263.0,1329.0,151.0,104.0,0.5054984036892515,66.0,0.052256532066508314,-47.0,-0.31125827814569534
06_069_502,1673.0,998.0,675.0,1639.0,1631.0,,,0.40346682606096834,-8.0,-0.004881025015253203,,
06_069_501,1630.0,1272.0,358.0,2241.0,2141.0,25.0,87.0,0.2196319018404908,-100.0,-0.04462293618920125,62.0,2.48
06_069_701,963.0,503.0,460.0,1303.0,1410.0,,,0.47767393561786087,107.0,0.08211818879508825,,
06_069_702,1730.0,926.0,804.0,1433.0,1515.0,28.0,,0.4647398843930636,82.0,0.05722260990928123,,
06_069_801,1313.0,1100.0,213.0,2156.0,2105.0,,,0.16222391469916222,-51.0,-0.02365491651205937,,
06_069_802,810.0,581.0,229.0,1796.0,1799.0,13.0,20.0,0.28271604938271605,3.0,0.0016703786191536749,7.0,0.5384615384615384
06_069_200,1795.0,1138.0,657.0,1818.0,1718.0,38.0,29.0,0.366016713091922,-100.0,-0.05500550055005501,-9.0,-0.23684210526315788
06_069_600,2545.0,1910.0,635.0,2137.0,2104.0,34.0,43.0,0.24950884086444008,-33.0,-0.01544220870379036,9.0,0.2647058823529412
06_069_100,1531.0,991.0,540.0,1551.0,1540.0,9.0,9.0,0.3527106466361855,-11.0,-0.0070921985815602835,0.0,0.0
06_069_400,1860.0,823.0,1037.0,1196.0,1265.0,52.0,79.0,0.5575268817204301,69.0,0.057692307692307696,27.0,0.5192307692307693
06_069_300,935.0,459.0,476.0,1479.0,1454.0,,19.0,0.509090909090909,-25.0,-0.016903313049357674,,
06_067_4006,2102.0,944.0,1158.0,1121.0,1032.0,54.0,111.0,0.5509039010466222,-89.0,-0.07939339875111508,57.0,1.0555555555555556
06_067_4010,2358.0,821.0,1537.0,1063.0,1091.0,,,0.6518235793044953,28.0,0.02634054562558796,,
06_067_4011,1427.0,845.0,582.0,1394.0,1445.0,,,0.4078486334968465,51.0,0.036585365853658534,,
06_067_4903,1923.0,819.0,1104.0,1036.0,1003.0,162.0,139.0,0.5741029641185648,-33.0,-0.03185328185328185,-23.0,-0.1419753086419753
06_067_4906,840.0,478.0,362.0,1280.0,1313.0,21.0,30.0,0.430952380952381,33.0,0.02578125,9.0,0.42857142857142855
06_067_5002,2580.0,1107.0,1473.0,788.0,828.0,89.0,54.0,0.5709302325581396,40.0,0.050761421319796954,-35.0,-0.39325842696629215
06_067_5506,1277.0,306.0,971.0,881.0,922.0,23.0,24.0,0.7603758809710258,41.0,0.046538024971623154,1.0,0.043478260869565216
06_067_5801,2251.0,1802.0,449.0,1443.0,1373.0,49.0,17.0,0.19946690359840072,-70.0,-0.04851004851004851,-32.0,-0.6530612244897959
06_067_6300,1526.0,811.0,715.0,961.0,991.0,126.0,91.0,0.46854521625163825,30.0,0.031217481789802288,-35.0,-0.2777777777777778
06_067_7012,1398.0,1037.0,361.0,1341.0,1271.0,45.0,3.0,0.2582260371959943,-70.0,-0.05219985085756898,-42.0,-0.9333333333333333
06_067_7204,1490.0,1051.0,439.0,1603.0,1578.0,33.0,29.0,0.29463087248322145,-25.0,-0.015595757953836557,-4.0,-0.12121212121212122
06_067_7423,1874.0,451.0,1423.0,866.0,893.0,60.0,54.0,0.7593383137673426,27.0,0.03117782909930716,-6.0,-0.1
06_067_7905,1702.0,1279.0,423.0,1364.0,1397.0,30.0,26.0,0.24853113983548766,33.0,0.024193548387096774,-4.0,-0.13333333333333333
06_067_7906,1529.0,872.0,657.0,1079.0,1109.0,29.0,39.0,0.4296926095487247,30.0,0.027803521779425393,10.0,0.3448275862068966
06_067_8128,920.0,711.0,209.0,1322.0,1416.0,,,0.22717391304347825,94.0,0.07110438729198185,,
06_067_8141,2560.0,789.0,1771.0,1055.0,1044.0,,,0.691796875,-11.0,-0.01042654028436019,,
06_067_8142,1359.0,435.0,924.0,1064.0,1039.0,10.0,,0.6799116997792495,-25.0,-0.023496240601503758,,
06_067_8403,2071.0,1112.0,959.0,1526.0,1630.0,24.0,,0.46306132303235154,104.0,0.06815203145478375,,
06_067_9609,1468.0,892.0,576.0,1742.0,1712.0,,,0.3923705722070845,-30.0,-0.01722158438576349,,
06_067_9323,1510.0,1314.0,196.0,2145.0,2069.0,23.0,61.0,0.12980132450331125,-76.0,-0.035431235431235435,38.0,1.6521739130434783
06_067_8131,2221.0,1292.0,929.0,945.0,986.0,34.0,43.0,0.41828005402971635,41.0,0.04338624338624339,9.0,0.2647058823529412
06_067_9109,1743.0,1466.0,277.0,1576.0,1584.0,,,0.1589213998852553,8.0,0.005076142131979695,,
06_067_9800,776.0,575.0,201.0,770.0,795.0,64.0,78.0,0.25902061855670105,25.0,0.032467532467532464,14.0,0.21875
06_067_5001,2270.0,1605.0,665.0,1160.0,1208.0,111.0,115.0,0.29295154185022027,48.0,0.041379310344827586,4.0,0.036036036036036036
06_067_7013,964.0,480.0,484.0,1392.0,1280.0,,,0.5020746887966805,-112.0,-0.08045977011494253,,
06_067_8129,1263.0,831.0,432.0,1276.0,1283.0,45.0,40.0,0.342042755344418,7.0,0.0054858934169279,-5.0,-0.1111111111111111
06_067_8204,1674.0,1330.0,344.0,1383.0,1386.0,44.0,56.0,0.2054958183990442,3.0,0.0021691973969631237,12.0,0.2727272727272727
06_067_2800,854.0,381.0,473.0,935.0,982.0,86.0,85.0,0.5538641686182669,47.0,0.05026737967914439,-1.0,-0.011627906976744186
06_067_4801,1681.0,1101.0,580.0,1122.0,1040.0,141.0,145.0,0.3450327186198691,-82.0,-0.07308377896613191,4.0,0.028368794326241134
06_067_7424,1258.0,482.0,776.0,1114.0,1049.0,,,0.6168521462639109,-65.0,-0.05834829443447038,,
06_067_8124,1511.0,1405.0,106.0,1462.0,1549.0,37.0,33.0,0.07015221707478492,87.0,0.05950752393980848,-4.0,-0.10810810810810811
06_067_1101,1371.0,132.0,1239.0,631.0,689.0,22.0,31.0,0.9037199124726477,58.0,0.0919175911251981,9.0,0.4090909090909091
06_067_3204,1562.0,687.0,875.0,958.0,882.0,38.0,,0.560179257362356,-76.0,-0.07933194154488518,,
06_067_4501,1113.0,177.0,936.0,885.0,897.0,72.0,95.0,0.8409703504043127,12.0,0.013559322033898305,23.0,0.3194444444444444
06_067_6201,2495.0,1073.0,1422.0,786.0,795.0,77.0,75.0,0.569939879759519,9.0,0.011450381679389313,-2.0,-0.025974025974025976
06_067_6500,1864.0,831.0,1033.0,1002.0,960.0,68.0,81.0,0.5541845493562232,-42.0,-0.041916167664670656,13.0,0.19117647058823528
06_067_7014,2439.0,1224.0,1215.0,1138.0,1140.0,114.0,236.0,0.4981549815498155,2.0,0.0017574692442882249,122.0,1.0701754385964912
06_067_7206,1213.0,1098.0,115.0,1356.0,1369.0,67.0,80.0,0.09480626545754328,13.0,0.009587020648967551,13.0,0.19402985074626866
06_067_7504,717.0,494.0,223.0,1140.0,1166.0,54.0,44.0,0.3110181311018131,26.0,0.02280701754385965,-10.0,-0.18518518518518517
06_067_8005,1782.0,1606.0,176.0,2216.0,2003.0,106.0,62.0,0.09876543209876543,-213.0,-0.09611913357400723,-44.0,-0.41509433962264153
06_067_8135,2067.0,1083.0,984.0,1026.0,1077.0,41.0,37.0,0.4760522496371553,51.0,0.049707602339181284,-4.0,-0.0975609756097561
06_067_8139,1767.0,347.0,1420.0,952.0,974.0,29.0,19.0,0.8036219581211093,22.0,0.023109243697478993,-10.0,-0.3448275862068966
06_067_9310,2227.0,1640.0,587.0,1491.0,1509.0,69.0,161.0,0.2635832959137854,18.0,0.012072434607645875,92.0,1.3333333333333333
06_067_9318,668.0,426.0,242.0,1467.0,1613.0,,,0.36227544910179643,146.0,0.09952283571915474,,
06_067_9610,1662.0,1103.0,559.0,1462.0,1383.0,31.0,26.0,0.33634175691937424,-79.0,-0.054035567715458276,-5.0,-0.16129032258064516
06_067_9611,1040.0,624.0,416.0,1770.0,1683.0,,,0.4,-87.0,-0.04915254237288136,,
06_067_9614,2139.0,1594.0,545.0,1517.0,1590.0,61.0,,0.25479195885928,73.0,0.04812129202373105,,
06_067_9004,1149.0,828.0,321.0,1388.0,1413.0,22.0,38.0,0.2793733681462141,25.0,0.018011527377521614,16.0,0.7272727272727273
06_067_9103,1191.0,698.0,493.0,1381.0,1431.0,70.0,65.0,0.4139378673383711,50.0,0.036205648081100654,-5.0,-0.07142857142857142
06_067_9106,1901.0,951.0,950.0,1060.0,1103.0,,,0.4997369805365597,43.0,0.040566037735849055,,
06_067_9107,1334.0,942.0,392.0,1274.0,1318.0,,,0.2938530734632684,44.0,0.03453689167974882,,
06_067_9403,635.0,418.0,217.0,1983.0,1813.0,35.0,65.0,0.3417322834645669,-170.0,-0.08572869389813415,30.0,0.8571428571428571
06_067_1400,1770.0,161.0,1609.0,788.0,812.0,19.0,21.0,0.9090395480225989,24.0,0.030456852791878174,2.0,0.10526315789473684
06_067_2600,1214.0,617.0,597.0,1089.0,1108.0,,,0.4917627677100494,19.0,0.017447199265381085,,
06_067_2700,1430.0,452.0,978.0,950.0,1024.0,8.0,10.0,0.6839160839160839,74.0,0.07789473684210527,2.0,0.25
06_067_3800,1661.0,1149.0,512.0,1183.0,1107.0,99.0,100.0,0.3082480433473811,-76.0,-0.06424344885883347,1.0,0.010101010101010102
06_067_4001,2742.0,1440.0,1302.0,910.0,942.0,,,0.474835886214442,32.0,0.035164835164835165,,
06_067_4100,1536.0,585.0,951.0,868.0,846.0,12.0,18.0,0.619140625,-22.0,-0.02534562211981567,6.0,0.5
06_067_4601,2309.0,975.0,1334.0,853.0,871.0,,,0.577739281074058,18.0,0.021101992966002344,,
06_067_4802,1280.0,638.0,642.0,816.0,970.0,26.0,32.0,0.5015625,154.0,0.18872549019607843,6.0,0.23076923076923078
06_067_4904,1834.0,1163.0,671.0,1156.0,1185.0,,,0.3658669574700109,29.0,0.025086505190311418,,
06_067_5502,1973.0,705.0,1268.0,865.0,876.0,,,0.6426761277242777,11.0,0.012716763005780347,,
06_067_5701,1320.0,974.0,346.0,1456.0,1558.0,13.0,20.0,0.26212121212121214,102.0,0.07005494505494506,7.0,0.5384615384615384
06_067_8206,1924.0,1317.0,607.0,1393.0,1339.0,76.0,55.0,0.31548856548856546,-54.0,-0.038765254845656856,-21.0,-0.27631578947368424
06_067_6900,2132.0,1000.0,1132.0,813.0,832.0,40.0,,0.5309568480300187,19.0,0.023370233702337023,,
06_067_8137,925.0,378.0,547.0,947.0,1085.0,,,0.5913513513513513,138.0,0.1457233368532207,,
06_067_8143,1643.0,697.0,946.0,1008.0,1126.0,,,0.5757760194765672,118.0,0.11706349206349206,,
06_067_8144,954.0,834.0,120.0,1873.0,1704.0,,,0.12578616352201258,-169.0,-0.09022957821676456,,
06_067_8907,1803.0,950.0,853.0,944.0,983.0,45.0,54.0,0.4731003882418192,39.0,0.0413135593220339,9.0,0.2
06_067_8912,1223.0,961.0,262.0,1746.0,1657.0,,,0.214227309893704,-89.0,-0.05097365406643757,,
06_067_7011,2343.0,692.0,1651.0,916.0,974.0,55.0,51.0,0.7046521553563807,58.0,0.06331877729257641,-4.0,-0.07272727272727272
06_067_7209,1205.0,972.0,233.0,1381.0,1467.0,60.0,73.0,0.1933609958506224,86.0,0.062273714699493124,13.0,0.21666666666666667
06_067_7403,1262.0,930.0,332.0,1183.0,1094.0,101.0,87.0,0.2630744849445325,-89.0,-0.07523245984784446,-14.0,-0.13861386138613863
06_067_7421,2492.0,2193.0,299.0,2111.0,2076.0,160.0,167.0,0.11998394863563402,-35.0,-0.016579819990525817,7.0,0.04375
06_067_7422,783.0,343.0,440.0,956.0,1076.0,49.0,45.0,0.561941251596424,120.0,0.12552301255230125,-4.0,-0.08163265306122448
06_067_7501,2287.0,799.0,1488.0,1020.0,1012.0,,,0.6506340183646698,-8.0,-0.00784313725490196,,
06_067_7701,2515.0,905.0,1610.0,1011.0,960.0,154.0,162.0,0.6401590457256461,-51.0,-0.050445103857566766,8.0,0.05194805194805195
06_067_7801,2454.0,1293.0,1161.0,1115.0,1243.0,,,0.4731051344743276,128.0,0.1147982062780269,,
06_067_8113,1330.0,768.0,562.0,1137.0,1129.0,40.0,22.0,0.42255639097744363,-8.0,-0.007036059806508356,-18.0,-0.45
06_067_2500,738.0,651.0,87.0,2035.0,1667.0,,,0.11788617886178862,-368.0,-0.18083538083538084,,
06_067_3600,923.0,482.0,441.0,983.0,899.0,21.0,30.0,0.47778981581798485,-84.0,-0.08545269582909461,9.0,0.42857142857142855
06_067_4004,2607.0,1952.0,655.0,1502.0,1337.0,18.0,51.0,0.25124664365170696,-165.0,-0.10985352862849534,33.0,1.8333333333333333
06_067_4008,1576.0,1185.0,391.0,1497.0,1525.0,,,0.24809644670050762,28.0,0.018704074816299265,,
06_067_4009,2130.0,1038.0,1092.0,1104.0,1124.0,45.0,60.0,0.5126760563380282,20.0,0.018115942028985508,15.0,0.3333333333333333
06_067_5101,1348.0,855.0,493.0,1150.0,1094.0,49.0,31.0,0.36572700296735905,-56.0,-0.04869565217391304,-18.0,-0.3673469387755102
06_067_5404,2661.0,1548.0,1113.0,1136.0,1157.0,,40.0,0.4182638105975197,21.0,0.018485915492957746,,
06_067_7601,2878.0,1473.0,1405.0,924.0,1022.0,30.0,37.0,0.4881862404447533,98.0,0.10606060606060606,7.0,0.23333333333333334
06_067_6400,1661.0,891.0,770.0,990.0,944.0,160.0,197.0,0.46357615894039733,-46.0,-0.046464646464646465,37.0,0.23125
06_067_6600,2028.0,908.0,1120.0,910.0,978.0,26.0,,0.5522682445759369,68.0,0.07472527472527472,,
06_067_7417,850.0,730.0,120.0,1705.0,1557.0,34.0,47.0,0.1411764705882353,-148.0,-0.08680351906158358,13.0,0.38235294117647056
06_067_8007,1325.0,732.0,593.0,1032.0,969.0,,75.0,0.44754716981132076,-63.0,-0.061046511627906974,,
06_067_8009,1885.0,1073.0,812.0,1129.0,1096.0,30.0,62.0,0.4307692307692308,-33.0,-0.029229406554472984,32.0,1.0666666666666667
06_067_8120,1805.0,792.0,1013.0,1220.0,1229.0,,15.0,0.561218836565097,9.0,0.007377049180327869,,
06_067_8127,1624.0,1025.0,599.0,1463.0,1508.0,25.0,27.0,0.3688423645320197,45.0,0.030758714969241284,2.0,0.08
06_067_8132,1482.0,1189.0,293.0,1299.0,1346.0,19.0,23.0,0.19770580296896087,47.0,0.036181678214010776,4.0,0.21052631578947367
06_067_8145,2604.0,2167.0,437.0,1601.0,1619.0,33.0,30.0,0.16781874039938557,18.0,0.011242973141786383,-3.0,-0.09090909090909091
06_067_8008,1884.0,1374.0,510.0,1392.0,1425.0,10.0,,0.27070063694267515,33.0,0.023706896551724137,,
06_067_8010,2007.0,1412.0,595.0,1381.0,1328.0,60.0,93.0,0.2964623816641754,-53.0,-0.03837798696596669,33.0,0.55
06_067_7004,2413.0,1123.0,1290.0,1221.0,1182.0,73.0,65.0,0.534604227103191,-39.0,-0.03194103194103194,-8.0,-0.1095890410958904
06_067_7007,1560.0,983.0,577.0,1256.0,1302.0,54.0,51.0,0.3698717948717949,46.0,0.03662420382165605,-3.0,-0.05555555555555555
06_067_8402,1940.0,1312.0,628.0,1617.0,1587.0,,,0.3237113402061856,-30.0,-0.01855287569573284,,
06_067_8122,1412.0,818.0,594.0,1483.0,1565.0,31.0,25.0,0.4206798866855524,82.0,0.05529332434254889,-6.0,-0.1935483870967742
06_067_8140,948.0,603.0,345.0,1350.0,1324.0,42.0,40.0,0.3639240506329114,-26.0,-0.01925925925925926,-2.0,-0.047619047619047616
06_067_8209,1692.0,1136.0,556.0,1636.0,1704.0,,,0.32860520094562645,68.0,0.04156479217603912,,
06_067_9111,2260.0,1188.0,1072.0,1216.0,1204.0,,,0.4743362831858407,-12.0,-0.009868421052631578,,
06_067_9308,2017.0,1546.0,471.0,1577.0,1515.0,53.0,76.0,0.23351512146752604,-62.0,-0.039315155358275206,23.0,0.4339622641509434
06_067_988300,22.0,0.0,22.0,1239.0,875.0,,,1.0,-364.0,-0.2937853107344633,,
06_067_8210,2305.0,1975.0,330.0,1565.0,1484.0,19.0,24.0,0.14316702819956617,-81.0,-0.05175718849840256,5.0,0.2631578947368421
06_067_8404,1319.0,612.0,707.0,1097.0,1127.0,10.0,11.0,0.5360121304018196,30.0,0.027347310847766638,1.0,0.1
06_067_8702,1337.0,1288.0,49.0,2166.0,2265.0,,,0.03664921465968586,99.0,0.045706371191135735,,
06_067_8905,1597.0,934.0,663.0,1006.0,1015.0,65.0,25.0,0.41515341264871636,9.0,0.008946322067594433,-40.0,-0.6153846153846154
06_067_8908,1753.0,1112.0,641.0,939.0,958.0,55.0,125.0,0.3656588705077011,19.0,0.02023429179978701,70.0,1.2727272727272727
06_067_8910,1290.0,760.0,530.0,1006.0,1051.0,,,0.4108527131782946,45.0,0.04473161033797217,,
06_067_200,1777.0,1334.0,443.0,1571.0,1601.0,,,0.24929656724817106,30.0,0.019096117122851686,,
06_067_400,2244.0,476.0,1768.0,870.0,821.0,35.0,40.0,0.7878787878787878,-49.0,-0.05632183908045977,5.0,0.14285714285714285
06_067_4202,1524.0,656.0,868.0,1114.0,1179.0,47.0,45.0,0.5695538057742782,65.0,0.05834829443447038,-2.0,-0.0425531914893617
06_067_4203,1494.0,637.0,857.0,792.0,886.0,19.0,19.0,0.5736278447121821,94.0,0.11868686868686869,0.0,0.0
06_067_4300,2340.0,1451.0,889.0,1337.0,1378.0,28.0,,0.3799145299145299,41.0,0.030665669409124907,,
06_067_5202,1467.0,961.0,506.0,1191.0,1201.0,,,0.3449216087252897,10.0,0.008396305625524769,,
06_067_5505,2017.0,495.0,1522.0,847.0,847.0,21.0,23.0,0.7545860188398612,0.0,0.0,2.0,0.09523809523809523
06_067_9006,1798.0,944.0,854.0,943.0,975.0,65.0,60.0,0.474972191323693,32.0,0.033934252386002124,-5.0,-0.07692307692307693
06_067_9112,1389.0,879.0,510.0,1220.0,1258.0,23.0,,0.367170626349892,38.0,0.03114754098360656,,
06_067_9319,1226.0,906.0,320.0,1558.0,1567.0,14.0,20.0,0.26101141924959215,9.0,0.005776636713735558,6.0,0.42857142857142855
06_067_9320,1457.0,736.0,721.0,1417.0,1337.0,30.0,17.0,0.4948524365133837,-80.0,-0.056457304163726185,-13.0,-0.43333333333333335
06_067_9321,1791.0,1516.0,275.0,1503.0,1506.0,29.0,29.0,0.15354550530429928,3.0,0.001996007984031936,0.0,0.0
06_067_9322,3515.0,2369.0,1146.0,1851.0,1848.0,93.0,101.0,0.3260312944523471,-3.0,-0.0016207455429497568,8.0,0.08602150537634409
06_067_9617,1235.0,1126.0,109.0,2169.0,1851.0,55.0,45.0,0.08825910931174089,-318.0,-0.14661134163208853,-10.0,-0.18181818181818182
06_067_7427,2289.0,1179.0,1110.0,1444.0,1401.0,,,0.4849279161205767,-43.0,-0.029778393351800554,,
06_067_7428,1286.0,897.0,389.0,1369.0,1462.0,71.0,36.0,0.3024883359253499,93.0,0.0679327976625274,-35.0,-0.49295774647887325
06_067_7429,1776.0,736.0,1040.0,1088.0,1117.0,,,0.5855855855855856,29.0,0.02665441176470588,,
06_067_7430,2463.0,1688.0,775.0,1775.0,1814.0,,32.0,0.31465692245229393,39.0,0.021971830985915493,,
06_067_7301,1664.0,633.0,1031.0,1092.0,1080.0,,,0.6195913461538461,-12.0,-0.01098901098901099,,
06_067_7431,1081.0,974.0,107.0,1768.0,1805.0,,,0.09898242368177614,37.0,0.02092760180995475,,
06_067_7432,1547.0,1218.0,329.0,1906.0,1830.0,50.0,52.0,0.21266968325791855,-76.0,-0.03987408184679958,2.0,0.04
06_067_7433,2724.0,1947.0,777.0,1399.0,1710.0,,,0.2852422907488987,311.0,0.22230164403145103,,
06_067_8505,740.0,667.0,73.0,2672.0,2591.0,,,0.09864864864864865,-81.0,-0.03031437125748503,,
06_067_8506,1375.0,0.0,1375.0,1186.0,1188.0,,,1.0,2.0,0.0016863406408094434,,
06_067_8507,1394.0,943.0,451.0,1709.0,1664.0,99.0,107.0,0.3235294117647059,-45.0,-0.02633118782913985,8.0,0.08080808080808081
06_067_8508,2211.0,1572.0,639.0,2102.0,2173.0,,,0.28900949796472186,71.0,0.03377735490009515,,
06_067_8509,1439.0,1397.0,42.0,2604.0,2780.0,,,0.029186935371785964,176.0,0.06758832565284179,,
06_067_9618,1505.0,1120.0,385.0,1847.0,1870.0,,,0.2558139534883721,23.0,0.01245262587980509,,
06_067_9619,2698.0,1795.0,903.0,2041.0,1890.0,66.0,59.0,0.3346923647146034,-151.0,-0.07398334149926507,-7.0,-0.10606060606060606
06_067_6800,2171.0,928.0,1243.0,808.0,849.0,32.0,,0.5725472132657762,41.0,0.050742574257425746,,
06_067_5601,2200.0,768.0,1432.0,929.0,882.0,,,0.6509090909090909,-47.0,-0.05059203444564048,,
06_067_5606,1801.0,1079.0,722.0,1012.0,1122.0,,33.0,0.40088839533592446,110.0,0.10869565217391304,,
06_067_6004,1012.0,786.0,226.0,1190.0,1155.0,44.0,25.0,0.22332015810276679,-35.0,-0.029411764705882353,-19.0,-0.4318181818181818
06_067_7010,1850.0,176.0,1674.0,1150.0,1158.0,,,0.9048648648648648,8.0,0.006956521739130435,,
06_067_8501,2098.0,1848.0,250.0,2323.0,2338.0,65.0,70.0,0.11916110581506197,15.0,0.0064571674558760225,5.0,0.07692307692307693
06_067_9311,1992.0,1575.0,417.0,1755.0,1770.0,38.0,39.0,0.20933734939759036,15.0,0.008547008547008548,1.0,0.02631578947368421
06_067_9317,1726.0,1288.0,438.0,1796.0,1674.0,65.0,74.0,0.253765932792584,-122.0,-0.06792873051224944,9.0,0.13846153846153847
06_067_8119,1992.0,1422.0,570.0,1260.0,1369.0,30.0,,0.286144578313253,109.0,0.0865079365079365,,
06_067_8125,2013.0,1637.0,376.0,1720.0,1615.0,103.0,55.0,0.18678589170392448,-105.0,-0.061046511627906974,-48.0,-0.46601941747572817
06_067_8134,1857.0,1065.0,792.0,1071.0,1053.0,47.0,,0.42649434571890144,-18.0,-0.01680672268907563,,
06_067_6701,2488.0,1158.0,1330.0,1195.0,1230.0,51.0,84.0,0.5345659163987139,35.0,0.029288702928870293,33.0,0.6470588235294118
06_067_7207,1392.0,1002.0,390.0,1276.0,1344.0,,30.0,0.2801724137931034,68.0,0.05329153605015674,,
06_067_8136,1224.0,377.0,847.0,1001.0,973.0,,,0.6919934640522876,-28.0,-0.027972027972027972,,
06_067_600,611.0,20.0,591.0,823.0,803.0,,,0.967266775777414,-20.0,-0.024301336573511544,,
06_067_700,459.0,0.0,459.0,452.0,454.0,,,1.0,2.0,0.004424778761061947,,
06_067_1800,2016.0,763.0,1253.0,1013.0,1003.0,54.0,65.0,0.6215277777777778,-10.0,-0.009871668311944718,11.0,0.2037037037037037
06_067_2200,1750.0,624.0,1126.0,460.0,477.0,25.0,24.0,0.6434285714285715,17.0,0.03695652173913044,-1.0,-0.04
06_067_2900,2170.0,1311.0,859.0,1124.0,1090.0,,,0.395852534562212,-34.0,-0.030249110320284697,,
06_067_3000,2603.0,1736.0,867.0,1074.0,1084.0,22.0,20.0,0.3330772185939301,10.0,0.00931098696461825,-2.0,-0.09090909090909091
06_067_3900,1615.0,1159.0,456.0,966.0,985.0,62.0,54.0,0.2823529411764706,19.0,0.019668737060041408,-8.0,-0.12903225806451613
06_067_4012,1467.0,956.0,511.0,1611.0,1675.0,,,0.3483299250170416,64.0,0.03972687771570453,,
06_067_4905,2245.0,868.0,1377.0,864.0,874.0,,,0.6133630289532294,10.0,0.011574074074074073,,
06_067_7904,1765.0,1479.0,286.0,1367.0,1426.0,36.0,33.0,0.16203966005665724,59.0,0.04316020482809071,-3.0,-0.08333333333333333
06_067_8138,1232.0,831.0,401.0,1316.0,1310.0,28.0,22.0,0.325487012987013,-6.0,-0.004559270516717325,-6.0,-0.21428571428571427
06_067_8211,977.0,850.0,127.0,1801.0,1914.0,,,0.1299897645854657,113.0,0.06274292059966685,,
06_067_9309,866.0,787.0,79.0,1439.0,1437.0,,,0.09122401847575058,-2.0,-0.001389854065323141,,
06_067_8208,1845.0,1060.0,785.0,976.0,995.0,,,0.4254742547425474,19.0,0.0194672131147541,,
06_067_8504,1571.0,1201.0,370.0,1990.0,1921.0,55.0,,0.23551877784850414,-69.0,-0.034673366834170855,,
06_067_8600,2772.0,2542.0,230.0,2271.0,2135.0,129.0,118.0,0.08297258297258298,-136.0,-0.059885512989872304,-11.0,-0.08527131782945736
06_067_9008,1551.0,791.0,760.0,1124.0,1096.0,27.0,,0.49000644745325594,-28.0,-0.02491103202846975,,
06_067_9307,1660.0,1197.0,463.0,1612.0,1622.0,63.0,68.0,0.2789156626506024,10.0,0.00620347394540943,5.0,0.07936507936507936
06_067_9406,701.0,567.0,134.0,1908.0,1904.0,21.0,22.0,0.19115549215406563,-4.0,-0.0020964360587002098,1.0,0.047619047619047616
06_067_9502,2024.0,1665.0,359.0,1680.0,1575.0,167.0,150.0,0.1773715415019763,-105.0,-0.0625,-17.0,-0.10179640718562874
06_067_300,1445.0,985.0,460.0,1377.0,1497.0,88.0,49.0,0.31833910034602075,120.0,0.08714596949891068,-39.0,-0.4431818181818182
06_067_500,1908.0,221.0,1687.0,786.0,855.0,,,0.8841719077568134,69.0,0.08778625954198473,,
06_067_800,955.0,115.0,840.0,1096.0,1122.0,,,0.8795811518324608,26.0,0.023722627737226276,,
06_067_1300,2015.0,168.0,1847.0,861.0,861.0,9.0,8.0,0.9166253101736973,0.0,0.0,-1.0,-0.1111111111111111
06_067_2100,1044.0,169.0,875.0,924.0,880.0,37.0,40.0,0.8381226053639846,-44.0,-0.047619047619047616,3.0,0.08108108108108109
06_067_3101,1084.0,749.0,335.0,1183.0,1176.0,140.0,79.0,0.30904059040590404,-7.0,-0.005917159763313609,-61.0,-0.4357142857142857
06_067_100,1610.0,1171.0,439.0,1285.0,1314.0,,,0.27267080745341615,29.0,0.022568093385214007,,
06_067_1200,2496.0,99.0,2397.0,753.0,771.0,,,0.9603365384615384,18.0,0.02390438247011952,,
06_067_1700,2583.0,1165.0,1418.0,1005.0,1101.0,,,0.5489740611691831,96.0,0.0955223880597015,,
06_067_8913,1399.0,858.0,541.0,1109.0,1222.0,48.0,30.0,0.3867047891350965,113.0,0.1018935978358882,-18.0,-0.375
06_067_9005,1306.0,638.0,668.0,1058.0,1069.0,10.0,12.0,0.5114854517611026,11.0,0.010396975425330813,2.0,0.2
06_067_9007,1082.0,319.0,763.0,972.0,914.0,,,0.7051756007393716,-58.0,-0.059670781893004114,,
06_067_9110,608.0,157.0,451.0,938.0,914.0,,,0.7417763157894737,-24.0,-0.0255863539445629,,
06_067_9314,1551.0,1225.0,326.0,1708.0,1680.0,62.0,82.0,0.21018697614442294,-28.0,-0.01639344262295082,20.0,0.3225806451612903
06_067_9404,1850.0,1635.0,215.0,2277.0,2130.0,106.0,110.0,0.11621621621621622,-147.0,-0.06455862977602109,4.0,0.03773584905660377
06_067_9501,761.0,559.0,202.0,1368.0,1260.0,,21.0,0.26544021024967146,-108.0,-0.07894736842105263,,
06_067_9606,2342.0,904.0,1438.0,1023.0,988.0,96.0,151.0,0.61400512382579,-35.0,-0.03421309872922776,55.0,0.5729166666666666
06_067_9608,2060.0,1299.0,761.0,1637.0,1621.0,125.0,40.0,0.36941747572815536,-16.0,-0.009773976786805132,-85.0,-0.68
06_067_9615,2642.0,1698.0,944.0,1691.0,1687.0,51.0,38.0,0.35730507191521577,-4.0,-0.002365464222353637,-13.0,-0.2549019607843137
06_067_3502,1286.0,910.0,376.0,881.0,912.0,,23.0,0.29237947122861585,31.0,0.03518728717366629,,
06_067_4201,1566.0,1007.0,559.0,1126.0,1130.0,100.0,109.0,0.3569604086845466,4.0,0.003552397868561279,9.0,0.09
06_067_4401,1268.0,464.0,804.0,942.0,965.0,,,0.6340694006309149,23.0,0.024416135881104035,,
06_067_4602,1446.0,563.0,883.0,838.0,869.0,46.0,47.0,0.6106500691562933,31.0,0.03699284009546539,1.0,0.021739130434782608
06_067_5201,863.0,0.0,863.0,774.0,765.0,,,1.0,-9.0,-0.011627906976744186,,
06_067_5508,1839.0,571.0,1268.0,943.0,936.0,30.0,110.0,0.689505165851006,-7.0,-0.007423117709437964,80.0,2.6666666666666665
06_067_5605,1219.0,458.0,761.0,1004.0,962.0,23.0,27.0,0.6242821985233798,-42.0,-0.04183266932270916,4.0,0.17391304347826086
06_067_5901,2473.0,1742.0,731.0,1215.0,1299.0,35.0,,0.29559239789729075,84.0,0.0691358024691358,,
06_067_1500,2304.0,1103.0,1201.0,1335.0,1375.0,,,0.5212673611111112,40.0,0.0299625468164794,,
06_067_9312,1909.0,1394.0,515.0,1855.0,1684.0,139.0,177.0,0.26977475117862754,-171.0,-0.09218328840970351,38.0,0.2733812949640288
06_067_9316,1211.0,837.0,374.0,1518.0,1544.0,75.0,97.0,0.3088356729975227,26.0,0.017127799736495388,22.0,0.29333333333333333
06_067_9503,1130.0,705.0,425.0,994.0,914.0,14.0,26.0,0.37610619469026546,-80.0,-0.08048289738430583,12.0,0.8571428571428571
06_067_9601,1867.0,1172.0,695.0,1387.0,1405.0,21.0,,0.37225495447241563,18.0,0.012977649603460706,,
06_067_9612,1666.0,1154.0,512.0,1805.0,1809.0,20.0,,0.30732292917166865,4.0,0.00221606648199446,,
06_067_5804,1109.0,847.0,262.0,1472.0,1495.0,45.0,44.0,0.23624887285843102,23.0,0.015625,-1.0,-0.022222222222222223
06_067_6002,2067.0,899.0,1168.0,1035.0,1041.0,,,0.5650701499758104,6.0,0.005797101449275362,,
06_067_6202,1628.0,451.0,1177.0,826.0,815.0,25.0,28.0,0.722972972972973,-11.0,-0.013317191283292978,3.0,0.12
06_067_6702,1780.0,791.0,989.0,1253.0,1212.0,124.0,152.0,0.5556179775280898,-41.0,-0.03272146847565842,28.0,0.22580645161290322
06_067_1600,2405.0,1529.0,876.0,1353.0,1404.0,35.0,,0.36424116424116426,51.0,0.037694013303769404,,
06_067_2300,1599.0,1256.0,343.0,1573.0,1604.0,25.0,32.0,0.21450906816760476,31.0,0.019707565162110616,7.0,0.28
06_067_3102,991.0,626.0,365.0,985.0,1078.0,39.0,39.0,0.3683148335015136,93.0,0.09441624365482233,0.0,0.0
06_067_3501,1220.0,556.0,664.0,930.0,948.0,33.0,68.0,0.5442622950819672,18.0,0.01935483870967742,35.0,1.0606060606060606
06_067_3700,1212.0,499.0,713.0,1002.0,976.0,101.0,53.0,0.5882838283828383,-26.0,-0.02594810379241517,-48.0,-0.4752475247524752
06_067_7413,2165.0,1068.0,1097.0,783.0,793.0,83.0,40.0,0.5066974595842956,10.0,0.01277139208173691,-43.0,-0.5180722891566265
06_067_7416,1493.0,1121.0,372.0,1195.0,1108.0,78.0,71.0,0.2491627595445412,-87.0,-0.07280334728033473,-7.0,-0.08974358974358974
06_067_7503,2047.0,704.0,1343.0,940.0,915.0,,,0.6560820713238886,-25.0,-0.026595744680851064,,
06_067_7702,1929.0,1245.0,684.0,1693.0,1562.0,,42.0,0.3545878693623639,-131.0,-0.07737743650324867,,
06_067_8111,2225.0,1726.0,499.0,1370.0,1416.0,,,0.2242696629213483,46.0,0.033576642335766425,,
06_067_8117,849.0,615.0,234.0,1350.0,1411.0,,,0.2756183745583039,61.0,0.04518518518518518,,
06_067_8130,1341.0,1068.0,273.0,1406.0,1386.0,45.0,31.0,0.203579418344519,-20.0,-0.01422475106685633,-14.0,-0.3111111111111111
06_067_8133,1177.0,340.0,837.0,862.0,857.0,17.0,21.0,0.7111299915038233,-5.0,-0.00580046403712297,4.0,0.23529411764705882
06_067_8203,1758.0,1507.0,251.0,1224.0,1312.0,32.0,20.0,0.1427758816837315,88.0,0.0718954248366013,-12.0,-0.375
06_067_1900,1611.0,218.0,1393.0,836.0,887.0,20.0,22.0,0.8646803227808815,51.0,0.061004784688995214,2.0,0.1
06_067_2400,2079.0,1461.0,618.0,1614.0,1568.0,61.0,,0.2972582972582973,-46.0,-0.028500619578686492,,
06_067_3202,1778.0,1052.0,726.0,842.0,858.0,28.0,29.0,0.40832395950506184,16.0,0.019002375296912115,1.0,0.03571428571428571
06_067_4701,1194.0,438.0,756.0,779.0,700.0,28.0,23.0,0.6331658291457286,-79.0,-0.10141206675224647,-5.0,-0.17857142857142858
06_067_4702,1485.0,750.0,735.0,926.0,970.0,23.0,31.0,0.494949494949495,44.0,0.047516198704103674,8.0,0.34782608695652173
06_067_3203,831.0,389.0,442.0,1103.0,1366.0,,,0.5318892900120337,263.0,0.2384406165004533,,
06_067_5204,1959.0,1312.0,647.0,967.0,1178.0,,,0.3302705461970393,211.0,0.21820062047569805,,
06_067_5301,260.0,34.0,226.0,300.0,274.0,,,0.8692307692307693,-26.0,-0.08666666666666667,,
06_067_5509,938.0,50.0,888.0,847.0,869.0,,,0.9466950959488273,22.0,0.025974025974025976,,
06_067_5510,2252.0,210.0,2042.0,897.0,879.0,,,0.9067495559502664,-18.0,-0.020066889632107024,,
06_067_5903,1166.0,235.0,931.0,845.0,871.0,,,0.7984562607204116,26.0,0.03076923076923077,,
06_067_5904,1872.0,1173.0,699.0,1306.0,1188.0,29.0,121.0,0.3733974358974359,-118.0,-0.0903522205206738,92.0,3.1724137931034484
06_067_5205,987.0,242.0,745.0,922.0,900.0,,62.0,0.7548125633232016,-22.0,-0.02386117136659436,,
06_067_7015,1709.0,743.0,966.0,1270.0,1160.0,28.0,29.0,0.5652428320655354,-110.0,-0.08661417322834646,1.0,0.03571428571428571
06_067_7016,1718.0,984.0,734.0,1910.0,1801.0,46.0,40.0,0.42724097788125726,-109.0,-0.05706806282722513,-6.0,-0.13043478260869565
06_067_7017,908.0,816.0,92.0,2077.0,2451.0,55.0,57.0,0.1013215859030837,374.0,0.18006740491092924,2.0,0.03636363636363636
06_067_7018,1800.0,648.0,1152.0,1416.0,1458.0,,,0.64,42.0,0.029661016949152543,,
06_067_7202,1276.0,872.0,404.0,1234.0,1228.0,,,0.3166144200626959,-6.0,-0.004862236628849271,,
06_067_7208,1324.0,1023.0,301.0,1451.0,1479.0,32.0,8.0,0.22734138972809667,28.0,0.019297036526533425,-24.0,-0.75
06_067_7414,1361.0,662.0,699.0,1013.0,1140.0,29.0,34.0,0.5135929463629684,127.0,0.12537018756169793,5.0,0.1724137931034483
06_067_7415,1148.0,920.0,228.0,1535.0,1415.0,,,0.1986062717770035,-120.0,-0.0781758957654723,,
06_067_7903,1871.0,1303.0,568.0,1491.0,1389.0,38.0,44.0,0.30358097274184925,-102.0,-0.06841046277665996,6.0,0.15789473684210525
06_067_8006,2458.0,1703.0,755.0,1246.0,1225.0,,,0.30716029292107405,-21.0,-0.016853932584269662,,
06_067_4502,1630.0,716.0,914.0,748.0,745.0,40.0,36.0,0.5607361963190184,-3.0,-0.004010695187165776,-4.0,-0.1
06_067_6003,1797.0,749.0,1048.0,919.0,895.0,36.0,57.0,0.5831942125765164,-24.0,-0.026115342763873776,21.0,0.5833333333333334
06_067_6101,1904.0,954.0,950.0,770.0,841.0,40.0,,0.4989495798319328,71.0,0.09220779220779221,,
06_067_6102,1754.0,570.0,1184.0,899.0,917.0,33.0,42.0,0.6750285062713797,18.0,0.020022246941045607,9.0,0.2727272727272727
06_067_7019,356.0,0.0,356.0,828.0,895.0,,,1.0,67.0,0.08091787439613526,,
06_067_7020,1650.0,1102.0,548.0,1958.0,1977.0,,,0.3321212121212121,19.0,0.009703779366700716,,
06_067_7101,77.0,63.0,14.0,3346.0,4001.0,,,0.18181818181818182,655.0,0.19575612671846981,,
06_067_7102,2901.0,2110.0,791.0,2094.0,2030.0,,108.0,0.2726645984143399,-64.0,-0.030563514804202482,,
06_067_7103,1612.0,661.0,951.0,1541.0,1594.0,28.0,25.0,0.5899503722084367,53.0,0.03439325113562622,-3.0,-0.10714285714285714
06_067_7104,2521.0,1795.0,726.0,2394.0,2217.0,65.0,19.0,0.2879809599365331,-177.0,-0.07393483709273183,-46.0,-0.7076923076923077
06_067_7105,2268.0,1478.0,790.0,2090.0,2033.0,220.0,172.0,0.34832451499118167,-57.0,-0.02727272727272727,-48.0,-0.21818181818181817
06_067_7106,2242.0,1578.0,664.0,2091.0,2230.0,,,0.296164139161463,139.0,0.06647537063605931,,
06_067_7107,1248.0,936.0,312.0,2664.0,2453.0,29.0,,0.25,-211.0,-0.07920420420420421,,
06_067_7426,766.0,364.0,402.0,1381.0,1295.0,60.0,28.0,0.5248041775456919,-86.0,-0.062273714699493124,-32.0,-0.5333333333333333
06_067_3300,1664.0,1384.0,280.0,1380.0,1271.0,8.0,6.0,0.16826923076923078,-109.0,-0.07898550724637682,-2.0,-0.25
06_067_3400,1850.0,1313.0,537.0,1020.0,897.0,,,0.29027027027027025,-123.0,-0.12058823529411765,,
06_067_4005,1878.0,940.0,938.0,1144.0,1194.0,8.0,10.0,0.4994675186368477,50.0,0.043706293706293704,2.0,0.25
06_067_4402,1241.0,502.0,739.0,969.0,1074.0,9.0,10.0,0.5954875100725222,105.0,0.10835913312693499,1.0,0.1111111111111111
06_067_5102,1728.0,1058.0,670.0,863.0,934.0,,,0.38773148148148145,71.0,0.08227114716106605,,
06_067_5402,1476.0,0.0,1476.0,1056.0,1075.0,,,1.0,19.0,0.017992424242424244,,
06_067_5403,1384.0,948.0,436.0,1342.0,1345.0,31.0,,0.315028901734104,3.0,0.0022354694485842027,,
06_067_5702,1882.0,1689.0,193.0,1719.0,1703.0,26.0,28.0,0.10255047821466524,-16.0,-0.009307737056428156,2.0,0.07692307692307693
06_067_5803,1469.0,1305.0,164.0,2138.0,1845.0,,,0.11164057181756297,-293.0,-0.13704396632366697,,
06_067_2000,1271.0,206.0,1065.0,750.0,790.0,,,0.8379228953579858,40.0,0.05333333333333334,,
06_067_7402,2090.0,1548.0,542.0,1284.0,1308.0,,,0.25933014354066986,24.0,0.018691588785046728,,
06_067_7406,2412.0,1710.0,702.0,965.0,1178.0,154.0,90.0,0.291044776119403,213.0,0.22072538860103627,-64.0,-0.4155844155844156
06_067_7802,1982.0,1052.0,930.0,1133.0,1171.0,42.0,30.0,0.4692230070635722,38.0,0.03353927625772286,-12.0,-0.2857142857142857
06_067_8911,855.0,253.0,602.0,847.0,876.0,,,0.704093567251462,29.0,0.03423848878394333,,
06_067_9105,1149.0,484.0,665.0,1140.0,1117.0,23.0,13.0,0.5787641427328112,-23.0,-0.02017543859649123,-10.0,-0.43478260869565216
06_067_9504,629.0,336.0,293.0,855.0,1113.0,,,0.465818759936407,258.0,0.3017543859649123,,
06_067_9616,1828.0,1452.0,376.0,1689.0,1705.0,42.0,66.0,0.20568927789934355,16.0,0.009473060982830076,24.0,0.5714285714285714
06_067_7001,1221.0,628.0,593.0,878.0,939.0,27.0,34.0,0.4856674856674857,61.0,0.06947608200455581,7.0,0.25925925925925924
06_067_7602,1921.0,1027.0,894.0,1192.0,1198.0,53.0,54.0,0.4653826132222801,6.0,0.0050335570469798654,1.0,0.018867924528301886
06_067_9108,1353.0,971.0,382.0,1411.0,1390.0,21.0,50.0,0.28233555062823357,-21.0,-0.014883061658398299,29.0,1.380952380952381
06_067_8207,1802.0,1281.0,521.0,1380.0,1367.0,31.0,,0.2891231964483907,-13.0,-0.009420289855072464,,
06_067_8909,773.0,565.0,208.0,1503.0,1550.0,,,0.2690815006468305,47.0,0.03127079174983367,,
06_067_8510,1512.0,1443.0,69.0,2654.0,2412.0,67.0,61.0,0.04563492063492063,-242.0,-0.09118311981914091,-6.0,-0.08955223880597014
06_067_8512,1060.0,1025.0,35.0,3226.0,3207.0,,95.0,0.0330188679245283,-19.0,-0.005889646621202728,,
06_067_8513,883.0,752.0,131.0,3182.0,2742.0,39.0,26.0,0.14835787089467722,-440.0,-0.13827781269641734,-13.0,-0.3333333333333333
06_067_8703,2393.0,1751.0,642.0,1487.0,1593.0,15.0,15.0,0.26828249059757625,106.0,0.07128446536650974,0.0,0.0
06_067_8704,975.0,790.0,185.0,2820.0,2629.0,155.0,117.0,0.18974358974358974,-191.0,-0.06773049645390071,-38.0,-0.24516129032258063
06_067_8705,1265.0,1084.0,181.0,2778.0,2599.0,32.0,31.0,0.14308300395256918,-179.0,-0.064434845212383,-1.0,-0.03125
06_067_8801,1629.0,1114.0,515.0,1758.0,1817.0,32.0,19.0,0.3161448741559239,59.0,0.0335608646188851,-13.0,-0.40625
06_067_9010,2104.0,323.0,1781.0,1023.0,1066.0,34.0,16.0,0.8464828897338403,43.0,0.042033235581622676,-18.0,-0.5294117647058824
06_067_9011,1211.0,945.0,266.0,2198.0,2244.0,31.0,26.0,0.21965317919075145,46.0,0.020928116469517744,-5.0,-0.16129032258064516
06_067_9201,798.0,576.0,222.0,736.0,873.0,,17.0,0.2781954887218045,137.0,0.18614130434782608,,
06_067_9324,823.0,805.0,18.0,2750.0,2731.0,,,0.02187120291616039,-19.0,-0.006909090909090909,,
06_067_9325,255.0,173.0,82.0,2671.0,2386.0,,,0.3215686274509804,-285.0,-0.1067016098839386,,
06_067_9326,1509.0,1334.0,175.0,2985.0,2920.0,,,0.11597084161696487,-65.0,-0.021775544388609715,,
06_067_9328,1373.0,1215.0,158.0,2287.0,2180.0,,,0.11507647487254188,-107.0,-0.04678618277219064,,
06_067_9329,729.0,474.0,255.0,1670.0,1751.0,,,0.3497942386831276,81.0,0.048502994011976046,,
06_067_9330,1119.0,1014.0,105.0,2609.0,2615.0,49.0,42.0,0.0938337801608579,6.0,0.0022997316979685703,-7.0,-0.14285714285714285
06_067_9331,1893.0,1518.0,375.0,2338.0,2326.0,,,0.19809825673534073,-12.0,-0.0051325919589392645,,
06_067_9332,366.0,314.0,52.0,2070.0,2090.0,68.0,25.0,0.14207650273224043,20.0,0.00966183574879227,-43.0,-0.6323529411764706
06_067_9407,2925.0,2157.0,768.0,1782.0,1780.0,149.0,74.0,0.26256410256410256,-2.0,-0.001122334455667789,-75.0,-0.5033557046979866
06_067_9408,453.0,411.0,42.0,3003.0,2831.0,25.0,28.0,0.09271523178807947,-172.0,-0.05727605727605728,3.0,0.12
06_067_9622,2476.0,1859.0,617.0,2156.0,1899.0,46.0,49.0,0.24919224555735056,-257.0,-0.11920222634508348,3.0,0.06521739130434782
06_067_9630,2553.0,1862.0,691.0,2255.0,2257.0,71.0,58.0,0.27066196631414025,2.0,0.0008869179600886918,-13.0,-0.18309859154929578
06_067_9632,1602.0,1186.0,416.0,2655.0,2438.0,210.0,201.0,0.2596754057428215,-217.0,-0.08173258003766479,-9.0,-0.04285714285714286
06_067_9633,1001.0,655.0,346.0,1291.0,1326.0,27.0,,0.34565434565434566,35.0,0.027110766847405113,,
06_067_9634,1452.0,781.0,671.0,967.0,958.0,51.0,41.0,0.4621212121212121,-9.0,-0.009307135470527405,-10.0,-0.19607843137254902
06_067_9635,1623.0,1014.0,609.0,2171.0,2045.0,97.0,153.0,0.3752310536044362,-126.0,-0.058037770612620915,56.0,0.5773195876288659
06_067_9636,2098.0,1760.0,338.0,2495.0,2369.0,107.0,155.0,0.16110581506196378,-126.0,-0.05050100200400802,48.0,0.4485981308411215
06_067_9637,1336.0,1164.0,172.0,2501.0,2666.0,186.0,131.0,0.12874251497005987,165.0,0.06597361055577769,-55.0,-0.2956989247311828
06_067_9638,816.0,437.0,379.0,1042.0,1068.0,10.0,2.0,0.4644607843137255,26.0,0.02495201535508637,-8.0,-0.8
06_067_9639,1089.0,599.0,490.0,1635.0,1584.0,,16.0,0.44995408631772266,-51.0,-0.031192660550458717,,
06_067_9900,1180.0,714.0,466.0,856.0,978.0,25.0,63.0,0.3949152542372881,122.0,0.1425233644859813,38.0,1.52
06_017_30704,2282.0,1617.0,665.0,1694.0,1705.0,26.0,,0.29141104294478526,11.0,0.006493506493506494,,
06_017_31502,2507.0,1583.0,924.0,1208.0,1235.0,68.0,64.0,0.3685680095731951,27.0,0.022350993377483443,-4.0,-0.058823529411764705
06_017_30401,1877.0,1239.0,638.0,1210.0,1191.0,121.0,121.0,0.33990410229088974,-19.0,-0.015702479338842976,0.0,0.0
06_017_30402,1641.0,781.0,860.0,918.0,942.0,72.0,27.0,0.5240706886045094,24.0,0.026143790849673203,-45.0,-0.625
06_017_30301,1127.0,567.0,560.0,1109.0,1148.0,,,0.4968944099378882,39.0,0.0351668169522092,,
06_017_30302,1296.0,478.0,818.0,1018.0,937.0,,,0.6311728395061729,-81.0,-0.07956777996070727,,
06_017_30504,1136.0,871.0,265.0,1430.0,1565.0,58.0,55.0,0.23327464788732394,135.0,0.0944055944055944,-3.0,-0.05172413793103448
06_017_31900,29.0,22.0,7.0,708.0,446.0,3.0,33.0,0.2413793103448276,-262.0,-0.3700564971751412,30.0,10.0
06_017_31800,2065.0,1805.0,260.0,3720.0,3714.0,108.0,109.0,0.12590799031476999,-6.0,-0.0016129032258064516,1.0,0.009259259259259259
06_017_32000,306.0,176.0,130.0,1404.0,1550.0,,31.0,0.42483660130718953,146.0,0.10398860398860399,,
06_017_990000,0.0,0.0,0.0,,,,,,,,,
06_017_30803,2607.0,2102.0,505.0,1508.0,1493.0,61.0,62.0,0.19370924434215572,-15.0,-0.009946949602122016,1.0,0.01639344262295082
06_017_31200,1791.0,1263.0,528.0,1229.0,1426.0,9.0,,0.2948073701842546,197.0,0.16029292107404394,,
06_017_31301,1374.0,1141.0,233.0,1300.0,1203.0,,,0.16957787481804948,-97.0,-0.07461538461538461,,
06_017_31404,866.0,813.0,53.0,1996.0,1854.0,,,0.061200923787528866,-142.0,-0.07114228456913828,,
06_017_30502,1050.0,883.0,167.0,1654.0,1754.0,34.0,14.0,0.15904761904761905,100.0,0.060459492140266025,-20.0,-0.5882352941176471
06_017_31100,2239.0,1412.0,827.0,1200.0,1192.0,38.0,46.0,0.3693613220187584,-8.0,-0.006666666666666667,8.0,0.21052631578947367
06_017_30801,1457.0,1325.0,132.0,1999.0,1954.0,29.0,,0.09059711736444749,-45.0,-0.022511255627813906,,
06_017_31406,2232.0,1910.0,322.0,1414.0,1374.0,,,0.1442652329749104,-40.0,-0.028288543140028287,,
06_017_31503,1157.0,997.0,160.0,1704.0,1814.0,,,0.13828867761452032,110.0,0.06455399061032864,,
06_017_30602,2521.0,2120.0,401.0,1399.0,1327.0,,52.0,0.15906386354621183,-72.0,-0.05146533238027162,,
06_017_30603,1369.0,1108.0,261.0,1475.0,1488.0,23.0,,0.19065010956902848,13.0,0.008813559322033898,,
06_017_30804,2324.0,1919.0,405.0,1810.0,1632.0,65.0,40.0,0.17426850258175558,-178.0,-0.09834254143646409,-25.0,-0.38461538461538464
06_017_31405,916.0,817.0,99.0,1495.0,1443.0,24.0,61.0,0.10807860262008734,-52.0,-0.034782608695652174,37.0,1.5416666666666667
06_017_31504,2125.0,1816.0,309.0,1268.0,1243.0,46.0,63.0,0.14541176470588235,-25.0,-0.01971608832807571,17.0,0.3695652173913043
06_017_30601,1908.0,1632.0,276.0,1962.0,1957.0,35.0,39.0,0.14465408805031446,-5.0,-0.0025484199796126403,4.0,0.11428571428571428
06_017_30902,1819.0,1473.0,346.0,1790.0,1634.0,19.0,31.0,0.1902144035184167,-156.0,-0.08715083798882682,12.0,0.631578947368421
06_017_31302,1995.0,1454.0,541.0,968.0,919.0,,27.0,0.2711779448621554,-49.0,-0.0506198347107438,,
06_017_30200,1673.0,670.0,1003.0,978.0,1020.0,,,0.5995218170950388,42.0,0.04294478527607362,,
06_017_30701,2287.0,1986.0,301.0,2534.0,2672.0,37.0,36.0,0.13161346742457367,138.0,0.05445935280189424,-1.0,-0.02702702702702703
06_017_30901,1129.0,1000.0,129.0,2005.0,2048.0,26.0,21.0,0.11426040744021258,43.0,0.02144638403990025,-5.0,-0.19230769230769232
06_017_30505,832.0,484.0,348.0,1563.0,1585.0,25.0,27.0,0.4182692307692308,22.0,0.014075495841330775,2.0,0.08
06_017_30706,2275.0,1881.0,394.0,2183.0,2234.0,,,0.1731868131868132,51.0,0.0233623453962437,,
06_017_30709,1617.0,1534.0,83.0,3013.0,2847.0,38.0,36.0,0.051329622758194186,-166.0,-0.05509459010952539,-2.0,-0.05263157894736842
06_017_30710,1765.0,1592.0,173.0,2698.0,2674.0,121.0,66.0,0.09801699716713881,-24.0,-0.008895478131949592,-55.0,-0.45454545454545453
06_017_30807,1524.0,1156.0,368.0,1761.0,1836.0,43.0,44.0,0.24146981627296588,75.0,0.04258943781942078,1.0,0.023255813953488372
06_017_30808,2473.0,1890.0,583.0,1993.0,2130.0,13.0,14.0,0.2357460574201375,137.0,0.06874059207225289,1.0,0.07692307692307693
06_017_30809,997.0,692.0,305.0,1453.0,1660.0,,,0.3059177532597793,207.0,0.14246386785960083,,
06_017_30810,1330.0,799.0,531.0,1301.0,1493.0,,66.0,0.39924812030075185,192.0,0.14757878554957723,,
06_017_31600,1397.0,233.0,1164.0,838.0,879.0,33.0,32.0,0.8332140300644237,41.0,0.04892601431980907,-1.0,-0.030303030303030304
06_017_31700,850.0,834.0,16.0,3384.0,3460.0,,,0.018823529411764704,76.0,0.022458628841607566,,
06_017_31402,2241.0,2055.0,186.0,1262.0,1165.0,70.0,40.0,0.08299866131191433,-97.0,-0.0768621236133122,-30.0,-0.42857142857142855
06_017_31000,2406.0,1674.0,732.0,1110.0,1056.0,46.0,39.0,0.30423940149625933,-54.0,-0.04864864864864865,-7.0,-0.15217391304347827
06_053_990000,0.0,0.0,0.0,,,,,,,,,
06_053_103,1364.0,301.0,1063.0,1429.0,1348.0,,24.0,0.7793255131964809,-81.0,-0.05668299510146956,,
06_053_1400,1037.0,485.0,552.0,1113.0,1139.0,12.0,10.0,0.532304725168756,26.0,0.02336028751123091,-2.0,-0.16666666666666666
06_053_1500,2444.0,1066.0,1378.0,1132.0,1195.0,,,0.5638297872340425,63.0,0.05565371024734982,,
06_053_11700,1716.0,1381.0,335.0,2054.0,1888.0,36.0,32.0,0.19522144522144522,-166.0,-0.08081791626095423,-4.0,-0.1111111111111111
06_053_13600,1434.0,567.0,867.0,1065.0,1088.0,,,0.604602510460251,23.0,0.0215962441314554,,
06_053_13700,1413.0,416.0,997.0,1093.0,1129.0,,,0.7055909412597311,36.0,0.03293687099725526,,
06_053_13800,1641.0,1150.0,491.0,1683.0,1685.0,,,0.2992078001218769,2.0,0.0011883541295306002,,
06_053_10102,975.0,732.0,243.0,1997.0,1833.0,44.0,47.0,0.24923076923076923,-164.0,-0.08212318477716575,3.0,0.06818181818181818
06_053_10305,1523.0,1161.0,362.0,2060.0,1902.0,31.0,39.0,0.23768877216021012,-158.0,-0.0766990291262136,8.0,0.25806451612903225
06_053_11102,2577.0,1603.0,974.0,1778.0,1671.0,154.0,199.0,0.37795886689949554,-107.0,-0.06017997750281215,45.0,0.2922077922077922
06_053_11202,1433.0,711.0,722.0,1357.0,1333.0,23.0,23.0,0.5038381018841591,-24.0,-0.017686072218128224,0.0,0.0
06_053_12200,1209.0,662.0,547.0,1676.0,1647.0,11.0,,0.45244003308519437,-29.0,-0.017303102625298328,,
06_053_13400,684.0,488.0,196.0,1855.0,1878.0,9.0,9.0,0.28654970760233917,23.0,0.012398921832884097,0.0,0.0
06_053_13500,1625.0,1062.0,563.0,1495.0,1528.0,,,0.3464615384615385,33.0,0.022073578595317726,,
06_053_10605,897.0,572.0,325.0,2053.0,1976.0,20.0,35.0,0.36231884057971014,-77.0,-0.03750608865075499,15.0,0.75
06_053_11101,1290.0,643.0,647.0,911.0,928.0,18.0,2.0,0.5015503875968992,17.0,0.018660812294182216,-16.0,-0.8888888888888888
06_053_102,2260.0,1533.0,727.0,1967.0,1960.0,43.0,50.0,0.3216814159292035,-7.0,-0.0035587188612099642,7.0,0.16279069767441862
06_053_10504,1374.0,650.0,724.0,1351.0,1474.0,103.0,89.0,0.5269286754002911,123.0,0.09104367135455219,-14.0,-0.13592233009708737
06_053_10701,2448.0,2297.0,151.0,2742.0,2542.0,50.0,46.0,0.061683006535947715,-200.0,-0.07293946024799416,-4.0,-0.08
06_053_10702,1545.0,1384.0,161.0,2767.0,2918.0,21.0,25.0,0.10420711974110032,151.0,0.054571738344777736,4.0,0.19047619047619047
06_053_10900,11.0,0.0,11.0,,,,,1.0,,,,
06_053_11302,1230.0,353.0,877.0,855.0,894.0,,,0.7130081300813008,39.0,0.0456140350877193,,
06_053_11400,1161.0,670.0,491.0,871.0,987.0,49.0,38.0,0.42291128337639966,116.0,0.13318025258323765,-11.0,-0.22448979591836735
06_053_12100,988.0,604.0,384.0,1598.0,1565.0,53.0,56.0,0.38866396761133604,-33.0,-0.02065081351689612,3.0,0.05660377358490566
06_053_12600,67.0,19.0,48.0,2583.0,2682.0,,,0.7164179104477612,99.0,0.03832752613240418,,
06_053_13200,1645.0,1427.0,218.0,2386.0,2550.0,124.0,196.0,0.1325227963525836,164.0,0.06873428331936295,72.0,0.5806451612903226
06_053_13300,2612.0,722.0,1890.0,1242.0,1257.0,,42.0,0.723583460949464,15.0,0.012077294685990338,,
06_053_12302,951.0,380.0,571.0,1483.0,1548.0,35.0,33.0,0.6004206098843323,65.0,0.04383007417397168,-2.0,-0.05714285714285714
06_053_12700,1793.0,365.0,1428.0,1112.0,1151.0,,,0.7964305633017289,39.0,0.03507194244604316,,
06_053_13900,900.0,659.0,241.0,1223.0,1414.0,,,0.2677777777777778,191.0,0.1561733442354865,,
06_053_14302,1533.0,708.0,825.0,1046.0,1100.0,,13.0,0.538160469667319,54.0,0.05162523900573614,,
06_053_14000,818.0,329.0,489.0,1272.0,1311.0,,,0.597799511002445,39.0,0.030660377358490566,,
06_053_1700,1287.0,567.0,720.0,1052.0,1156.0,30.0,,0.5594405594405595,104.0,0.09885931558935361,,
06_053_800,1277.0,593.0,684.0,1010.0,1099.0,,14.0,0.5356303837118246,89.0,0.08811881188118811,,
06_053_701,1269.0,342.0,927.0,881.0,991.0,,,0.7304964539007093,110.0,0.12485811577752554,,
06_053_501,996.0,94.0,902.0,932.0,1012.0,,,0.9056224899598394,80.0,0.08583690987124463,,
06_053_502,1047.0,557.0,490.0,1354.0,1195.0,64.0,56.0,0.4680038204393505,-159.0,-0.11742983751846381,-8.0,-0.125
06_053_702,1306.0,226.0,1080.0,926.0,1007.0,16.0,17.0,0.8269525267993875,81.0,0.08747300215982722,1.0,0.0625
06_053_1801,1134.0,637.0,497.0,1628.0,1657.0,26.0,26.0,0.4382716049382716,29.0,0.017813267813267815,0.0,0.0
06_053_1802,1589.0,423.0,1166.0,1149.0,1219.0,,,0.7337948395217118,70.0,0.060922541340295906,,
06_053_10306,460.0,256.0,204.0,802.0,807.0,29.0,31.0,0.4434782608695652,5.0,0.006234413965087282,2.0,0.06896551724137931
06_053_10506,1441.0,409.0,1032.0,1011.0,1078.0,,,0.7161693268563497,67.0,0.06627101879327399,,
06_053_10505,1386.0,730.0,656.0,1217.0,1305.0,64.0,51.0,0.4733044733044733,88.0,0.07230895645028759,-13.0,-0.203125
06_053_10607,894.0,330.0,564.0,1114.0,1127.0,15.0,13.0,0.6308724832214765,13.0,0.011669658886894075,-2.0,-0.13333333333333333
06_053_10608,559.0,215.0,344.0,1435.0,1335.0,,,0.6153846153846154,-100.0,-0.06968641114982578,,
06_053_10804,1239.0,576.0,663.0,1078.0,1140.0,49.0,47.0,0.5351089588377724,62.0,0.0575139146567718,-2.0,-0.04081632653061224
06_053_11203,1461.0,641.0,820.0,1165.0,1181.0,31.0,29.0,0.5612594113620808,16.0,0.013733905579399141,-2.0,-0.06451612903225806
06_053_11204,739.0,488.0,251.0,1248.0,1258.0,32.0,,0.33964817320703655,10.0,0.008012820512820512,,
06_053_11303,1183.0,842.0,341.0,1663.0,1364.0,,,0.2882502113271344,-299.0,-0.179795550210463,,
06_053_11304,1320.0,735.0,585.0,1329.0,1342.0,63.0,2.0,0.4431818181818182,13.0,0.009781790820165538,-61.0,-0.9682539682539683
06_053_11502,444.0,263.0,181.0,1176.0,1244.0,,,0.40765765765765766,68.0,0.05782312925170068,,
06_053_1600,1005.0,593.0,412.0,1506.0,1485.0,,,0.4099502487562189,-21.0,-0.013944223107569721,,
06_053_10202,1300.0,941.0,359.0,2044.0,2131.0,,,0.27615384615384614,87.0,0.04256360078277886,,
06_053_10603,2064.0,1606.0,458.0,2332.0,2293.0,7.0,,0.22189922480620156,-39.0,-0.01672384219554031,,
06_053_10604,1357.0,890.0,467.0,1952.0,1920.0,25.0,,0.344141488577745,-32.0,-0.01639344262295082,,
06_053_12401,1017.0,332.0,685.0,1200.0,1361.0,12.0,11.0,0.6735496558505408,161.0,0.13416666666666666,-1.0,-0.08333333333333333
06_053_14301,1391.0,664.0,727.0,1560.0,1385.0,,,0.5226455787203451,-175.0,-0.11217948717948718,,
06_053_104,1001.0,850.0,151.0,2028.0,2046.0,41.0,,0.15084915084915085,18.0,0.008875739644970414,,
06_053_200,1743.0,889.0,854.0,1350.0,1242.0,51.0,30.0,0.4899598393574297,-108.0,-0.08,-21.0,-0.4117647058823529
06_053_1200,1149.0,606.0,543.0,1055.0,1135.0,42.0,42.0,0.4725848563968668,80.0,0.07582938388625593,0.0,0.0
06_053_10400,1384.0,591.0,793.0,977.0,994.0,25.0,40.0,0.5729768786127167,17.0,0.017400204708290685,15.0,0.6
06_053_101,542.0,482.0,60.0,1719.0,1658.0,,,0.11070110701107011,-61.0,-0.035485747527632346,,
06_053_400,2170.0,599.0,1571.0,967.0,933.0,,,0.723963133640553,-34.0,-0.03516028955532575,,
06_053_10606,1541.0,888.0,653.0,1285.0,1438.0,24.0,24.0,0.42375081116158336,153.0,0.11906614785992217,0.0,0.0
06_053_12402,1542.0,672.0,870.0,1376.0,1395.0,,,0.5642023346303502,19.0,0.013808139534883721,,
06_053_12800,2311.0,1618.0,693.0,1500.0,1490.0,81.0,40.0,0.29987018606663784,-10.0,-0.006666666666666667,-41.0,-0.5061728395061729
06_053_13000,1766.0,218.0,1548.0,1247.0,1257.0,23.0,19.0,0.8765571913929785,10.0,0.00801924619085806,-4.0,-0.17391304347826086
06_053_14102,789.0,0.0,789.0,1180.0,1271.0,17.0,,1.0,91.0,0.07711864406779662,,
06_053_300,1324.0,683.0,641.0,1225.0,1354.0,32.0,30.0,0.48413897280966767,129.0,0.10530612244897959,-2.0,-0.0625
06_053_600,1475.0,434.0,1041.0,948.0,961.0,,19.0,0.7057627118644068,13.0,0.013713080168776372,,
06_053_1300,947.0,141.0,806.0,777.0,820.0,,,0.8511087645195353,43.0,0.055341055341055344,,
06_053_11900,1890.0,1707.0,183.0,2328.0,2273.0,,,0.09682539682539683,-55.0,-0.023625429553264604,,
06_053_12000,1343.0,665.0,678.0,1283.0,1419.0,26.0,24.0,0.5048399106478034,136.0,0.10600155884645363,-2.0,-0.07692307692307693
06_053_13100,687.0,0.0,687.0,2308.0,2407.0,,,1.0,99.0,0.04289428076256499,,
06_053_900,1117.0,420.0,697.0,975.0,1024.0,50.0,61.0,0.6239928379588182,49.0,0.050256410256410255,11.0,0.22
06_053_10101,1016.0,279.0,737.0,1122.0,1150.0,,,0.7253937007874016,28.0,0.024955436720142603,,
06_053_10501,2127.0,1734.0,393.0,2027.0,2108.0,,11.0,0.1847672778561354,81.0,0.03996053280710409,,
06_053_11000,2510.0,1689.0,821.0,2418.0,2389.0,,,0.32709163346613546,-29.0,-0.011993382961124897,,
06_053_11602,2564.0,1723.0,841.0,1986.0,2110.0,72.0,61.0,0.328003120124805,124.0,0.06243705941591138,-11.0,-0.1527777777777778
06_053_11604,1011.0,795.0,216.0,1833.0,1983.0,,,0.21364985163204747,150.0,0.08183306055646482,,
06_053_11801,930.0,509.0,421.0,1137.0,1222.0,61.0,64.0,0.45268817204301076,85.0,0.07475813544415127,3.0,0.04918032786885246
06_053_11802,1010.0,620.0,390.0,1223.0,1130.0,80.0,98.0,0.38613861386138615,-93.0,-0.07604251839738348,18.0,0.225
06_053_12502,2626.0,872.0,1754.0,1284.0,1339.0,33.0,45.0,0.667936024371668,55.0,0.042834890965732085,12.0,0.36363636363636365
06_053_14104,0.0,0.0,0.0,,,,,,,,,
06_053_14105,1132.0,57.0,1075.0,1194.0,1181.0,,,0.9496466431095406,-13.0,-0.010887772194304857,,
06_053_14107,2501.0,307.0,2194.0,1709.0,1806.0,25.0,,0.877249100359856,97.0,0.05675833820947923,,
06_053_14201,1628.0,815.0,813.0,1214.0,1236.0,57.0,51.0,0.49938574938574937,22.0,0.018121911037891267,-6.0,-0.10526315789473684
06_053_14202,1502.0,555.0,947.0,955.0,1028.0,34.0,31.0,0.6304926764314248,73.0,0.07643979057591622,-3.0,-0.08823529411764706
06_053_14500,1485.0,761.0,724.0,1195.0,1325.0,,,0.48754208754208755,130.0,0.1087866108786611,,
06_053_14601,1199.0,685.0,514.0,1322.0,1448.0,,,0.4286905754795663,126.0,0.09531013615733737,,
06_053_14700,2156.0,1483.0,673.0,1503.0,1477.0,63.0,,0.312152133580705,-26.0,-0.017298735861610112,,
06_053_14800,1336.0,918.0,418.0,1759.0,1758.0,93.0,90.0,0.312874251497006,-1.0,-0.0005685048322910744,-3.0,-0.03225806451612903
06_053_980000,0.0,0.0,0.0,,,,,,,,,
06_091_10000,1328.0,1020.0,308.0,1022.0,1033.0,22.0,6.0,0.2319277108433735,11.0,0.010763209393346379,-16.0,-0.7272727272727273
06_033_400,2401.0,1439.0,962.0,911.0,959.0,34.0,,0.4006663890045814,48.0,0.052689352360043906,,
06_033_600,1439.0,1006.0,433.0,792.0,798.0,208.0,266.0,0.30090340514246006,6.0,0.007575757575757576,58.0,0.27884615384615385
06_033_900,2511.0,1758.0,753.0,1236.0,1249.0,77.0,89.0,0.2998805256869773,13.0,0.010517799352750809,12.0,0.15584415584415584
06_033_100,1033.0,849.0,184.0,1045.0,1040.0,,3.0,0.1781219748305905,-5.0,-0.004784688995215311,,
06_033_1300,2919.0,2079.0,840.0,1509.0,1481.0,144.0,140.0,0.28776978417266186,-28.0,-0.01855533465871438,-4.0,-0.027777777777777776
06_033_300,1561.0,1152.0,409.0,1047.0,931.0,27.0,28.0,0.26201153106982705,-116.0,-0.11079274116523401,1.0,0.037037037037037035
06_033_1100,1536.0,1152.0,384.0,1188.0,1160.0,,,0.25,-28.0,-0.02356902356902357,,
06_033_1200,1341.0,970.0,371.0,1083.0,1228.0,29.0,17.0,0.2766592095451156,145.0,0.13388734995383195,-12.0,-0.41379310344827586
06_033_1000,2186.0,1561.0,625.0,788.0,805.0,93.0,140.0,0.2859103385178408,17.0,0.021573604060913704,47.0,0.5053763440860215
06_033_501,1150.0,798.0,352.0,782.0,746.0,65.0,68.0,0.3060869565217391,-36.0,-0.04603580562659847,3.0,0.046153846153846156
06_033_502,1089.0,496.0,593.0,576.0,592.0,75.0,72.0,0.5445362718089991,16.0,0.027777777777777776,-3.0,-0.04
06_033_701,2070.0,1207.0,863.0,820.0,840.0,64.0,73.0,0.41690821256038646,20.0,0.024390243902439025,9.0,0.140625
06_033_702,1546.0,970.0,576.0,694.0,655.0,6.0,14.0,0.37257438551099614,-39.0,-0.056195965417867436,8.0,1.3333333333333333
06_033_801,1214.0,672.0,542.0,688.0,689.0,35.0,77.0,0.4464579901153213,1.0,0.0014534883720930232,42.0,1.2
06_033_802,1658.0,628.0,1030.0,726.0,725.0,154.0,206.0,0.6212303980699638,-1.0,-0.0013774104683195593,52.0,0.33766233766233766
06_049_100,1352.0,778.0,574.0,628.0,624.0,,,0.4245562130177515,-4.0,-0.006369426751592357,,
06_049_200,870.0,612.0,258.0,613.0,723.0,,12.0,0.296551724137931,110.0,0.17944535073409462,,
06_049_400,674.0,489.0,185.0,555.0,568.0,22.0,15.0,0.2744807121661721,13.0,0.023423423423423424,-7.0,-0.3181818181818182
06_049_300,1051.0,824.0,227.0,647.0,751.0,45.0,41.0,0.2159847764034253,104.0,0.160741885625966,-4.0,-0.08888888888888889
06_027_800,1403.0,760.0,643.0,642.0,627.0,41.0,41.0,0.45830363506771205,-15.0,-0.02336448598130841,0.0,0.0
06_027_100,1176.0,966.0,210.0,695.0,811.0,73.0,88.0,0.17857142857142858,116.0,0.1669064748201439,15.0,0.2054794520547945
06_027_400,2454.0,1011.0,1443.0,770.0,833.0,68.0,75.0,0.5880195599022005,63.0,0.08181818181818182,7.0,0.10294117647058823
06_027_500,994.0,748.0,246.0,736.0,793.0,53.0,33.0,0.24748490945674045,57.0,0.07744565217391304,-20.0,-0.37735849056603776
06_027_300,1136.0,968.0,168.0,1190.0,1386.0,31.0,,0.14788732394366197,196.0,0.16470588235294117,,
06_027_200,747.0,507.0,240.0,988.0,1283.0,10.0,12.0,0.321285140562249,295.0,0.298582995951417,2.0,0.2
06_083_301,1256.0,178.0,1078.0,1399.0,1464.0,,,0.85828025477707,65.0,0.04646175839885633,,
06_083_302,1857.0,510.0,1347.0,1432.0,1469.0,,,0.7253634894991923,37.0,0.025837988826815643,,
06_083_804,1980.0,647.0,1333.0,1502.0,1764.0,91.0,99.0,0.6732323232323232,262.0,0.1744340878828229,8.0,0.08791208791208792
06_083_1206,1548.0,164.0,1384.0,1460.0,1442.0,,,0.8940568475452196,-18.0,-0.012328767123287671,,
06_083_1208,1531.0,792.0,739.0,1819.0,1897.0,,,0.48269105160026127,78.0,0.04288070368334249,,
06_083_1304,2976.0,2014.0,962.0,1684.0,1725.0,,,0.323252688172043,41.0,0.024346793349168647,,
06_083_2707,980.0,506.0,474.0,1143.0,1178.0,,,0.48367346938775513,35.0,0.03062117235345582,,
06_083_103,1196.0,1054.0,142.0,1856.0,2035.0,,,0.11872909698996656,179.0,0.09644396551724138,,
06_083_600,2239.0,1368.0,871.0,1610.0,1635.0,47.0,13.0,0.3890129522108084,25.0,0.015527950310559006,-34.0,-0.723404255319149
06_083_801,1159.0,404.0,755.0,1396.0,1496.0,18.0,21.0,0.6514236410698878,100.0,0.07163323782234957,3.0,0.16666666666666666
06_083_1000,2654.0,407.0,2247.0,1181.0,1220.0,40.0,37.0,0.846646571213263,39.0,0.03302286198137172,-3.0,-0.075
06_083_1500,1294.0,1000.0,294.0,3300.0,3088.0,22.0,30.0,0.22720247295208656,-212.0,-0.06424242424242424,8.0,0.36363636363636365
06_083_1601,1829.0,1440.0,389.0,2164.0,2260.0,,13.0,0.21268452706396937,96.0,0.04436229205175601,,
06_083_1901,2491.0,1660.0,831.0,1674.0,1652.0,44.0,46.0,0.33360096346848656,-22.0,-0.013142174432497013,2.0,0.045454545454545456
06_083_1903,2395.0,1448.0,947.0,1581.0,1666.0,33.0,29.0,0.3954070981210856,85.0,0.053763440860215055,-4.0,-0.12121212121212122
06_083_1906,2320.0,1680.0,640.0,1703.0,1858.0,45.0,8.0,0.27586206896551724,155.0,0.091015854374633,-37.0,-0.8222222222222222
06_083_2006,852.0,698.0,154.0,1681.0,1914.0,,13.0,0.1807511737089202,233.0,0.1386079714455681,,
06_083_2007,3566.0,2598.0,968.0,1736.0,1810.0,42.0,38.0,0.2714526079641054,74.0,0.04262672811059908,-4.0,-0.09523809523809523
06_083_2009,1277.0,955.0,322.0,1405.0,1578.0,27.0,50.0,0.25215348472983556,173.0,0.12313167259786477,23.0,0.8518518518518519
06_083_2103,1432.0,485.0,947.0,1081.0,1041.0,29.0,35.0,0.6613128491620112,-40.0,-0.03700277520814061,6.0,0.20689655172413793
06_083_2209,826.0,443.0,383.0,1363.0,1469.0,61.0,67.0,0.463680387409201,106.0,0.07776962582538519,6.0,0.09836065573770492
06_083_2706,1865.0,693.0,1172.0,841.0,841.0,21.0,20.0,0.6284182305630027,0.0,0.0,-1.0,-0.047619047619047616
06_083_2206,1501.0,494.0,1007.0,956.0,956.0,49.0,46.0,0.6708860759493671,0.0,0.0,-3.0,-0.061224489795918366
06_083_2303,1270.0,735.0,535.0,1301.0,1335.0,31.0,76.0,0.421259842519685,34.0,0.026133743274404306,45.0,1.4516129032258065
06_083_2702,2210.0,441.0,1769.0,853.0,902.0,29.0,28.0,0.8004524886877828,49.0,0.05744431418522861,-1.0,-0.034482758620689655
06_083_2703,1321.0,700.0,621.0,968.0,998.0,,,0.47009841029523086,30.0,0.030991735537190084,,
06_083_1306,1473.0,896.0,577.0,1981.0,1935.0,28.0,,0.39171758316361166,-46.0,-0.023220595658758204,,
06_083_1402,1448.0,804.0,644.0,2349.0,2336.0,9.0,9.0,0.4447513812154696,-13.0,-0.005534269902085994,0.0,0.0
06_083_1604,2221.0,819.0,1402.0,1345.0,1368.0,,,0.6312471859522738,23.0,0.017100371747211896,,
06_083_1706,2009.0,1188.0,821.0,1502.0,1603.0,,,0.40866102538576404,101.0,0.06724367509986684,,
06_083_1704,1165.0,700.0,465.0,1374.0,1539.0,,,0.39914163090128757,165.0,0.12008733624454149,,
06_083_2606,1043.0,0.0,1043.0,1553.0,1589.0,,,1.0,36.0,0.0231809401159047,,
06_083_2915,303.0,0.0,303.0,743.0,798.0,,,1.0,55.0,0.0740242261103634,,
06_083_2502,1892.0,920.0,972.0,970.0,1006.0,20.0,16.0,0.5137420718816068,36.0,0.03711340206185567,-4.0,-0.2
06_083_2922,808.0,160.0,648.0,1715.0,1932.0,,,0.801980198019802,217.0,0.12653061224489795,,
06_083_2924,1573.0,28.0,1545.0,1378.0,1438.0,,,0.9821996185632549,60.0,0.04354136429608128,,
06_083_2926,1544.0,19.0,1525.0,1455.0,1429.0,,,0.9876943005181347,-26.0,-0.017869415807560136,,
06_083_2930,2917.0,1138.0,1779.0,1662.0,1677.0,,,0.6098731573534453,15.0,0.009025270758122744,,
06_083_2932,832.0,587.0,245.0,1646.0,2037.0,,,0.29447115384615385,391.0,0.23754556500607532,,
06_083_3007,1457.0,1161.0,296.0,2312.0,2266.0,9.0,9.0,0.20315717227179136,-46.0,-0.019896193771626297,0.0,0.0
06_083_3102,1198.0,829.0,369.0,1460.0,1605.0,28.0,2.0,0.3080133555926544,145.0,0.09931506849315068,-26.0,-0.9285714285714286
06_083_2928,1157.0,106.0,1051.0,1349.0,1403.0,,,0.9083837510803803,54.0,0.04002965159377316,,
06_083_980000,0.0,0.0,0.0,,,,,,,,,
06_083_980100,0.0,0.0,0.0,,,,,,,,,
06_083_990000,0.0,0.0,0.0,,,,,,,,,
06_083_2802,2479.0,1512.0,967.0,1517.0,1384.0,27.0,30.0,0.39007664380798707,-133.0,-0.08767303889255108,3.0,0.1111111111111111
06_083_2806,620.0,514.0,106.0,1406.0,1479.0,31.0,29.0,0.17096774193548386,73.0,0.051920341394025606,-2.0,-0.06451612903225806
06_083_2913,1508.0,976.0,532.0,2292.0,2142.0,,,0.35278514588859416,-150.0,-0.06544502617801047,,
06_083_2914,1315.0,781.0,534.0,1798.0,1932.0,,,0.40608365019011405,134.0,0.07452725250278086,,
06_083_400,2303.0,835.0,1468.0,1929.0,1496.0,37.0,34.0,0.6374294398610508,-433.0,-0.22446863659927424,-3.0,-0.08108108108108109
06_083_1203,1224.0,730.0,494.0,1905.0,2051.0,,,0.4035947712418301,146.0,0.07664041994750656,,
06_083_1800,379.0,246.0,133.0,942.0,922.0,19.0,19.0,0.35092348284960423,-20.0,-0.021231422505307854,0.0,0.0
06_083_1905,1139.0,840.0,299.0,2043.0,1996.0,68.0,70.0,0.26251097453906935,-47.0,-0.023005384238864415,2.0,0.029411764705882353
06_083_2012,1215.0,896.0,319.0,1254.0,1314.0,28.0,29.0,0.2625514403292181,60.0,0.04784688995215311,1.0,0.03571428571428571
06_083_2708,1171.0,535.0,636.0,1002.0,1112.0,,,0.5431255337318531,110.0,0.10978043912175649,,
06_083_2907,1435.0,1230.0,205.0,2381.0,2732.0,,,0.14285714285714285,351.0,0.14741705165896682,,
06_083_2909,1792.0,1371.0,421.0,2188.0,2223.0,25.0,,0.23493303571428573,35.0,0.015996343692870202,,
06_083_2008,2146.0,1700.0,446.0,1733.0,1752.0,59.0,58.0,0.20782851817334577,19.0,0.010963646855164455,-1.0,-0.01694915254237288
06_083_2101,1269.0,419.0,850.0,1113.0,1162.0,17.0,9.0,0.6698187549251379,49.0,0.0440251572327044,-8.0,-0.47058823529411764
06_083_2404,1702.0,299.0,1403.0,934.0,957.0,,,0.8243243243243243,23.0,0.02462526766595289,,
06_083_2705,1383.0,571.0,812.0,1062.0,1144.0,30.0,40.0,0.5871294287780188,82.0,0.07721280602636535,10.0,0.3333333333333333
06_083_3004,1570.0,1336.0,234.0,2222.0,2238.0,,,0.14904458598726114,16.0,0.0072007200720072,,
06_083_200,2100.0,1041.0,1059.0,1499.0,1655.0,,,0.5042857142857143,156.0,0.10406937958639093,,
06_083_2403,1543.0,175.0,1368.0,969.0,983.0,,,0.8865845755022683,14.0,0.014447884416924664,,
06_083_2906,1462.0,1312.0,150.0,1467.0,1752.0,,,0.10259917920656635,285.0,0.19427402862985685,,
06_083_2211,1927.0,1544.0,383.0,1433.0,1578.0,32.0,38.0,0.19875454073689672,145.0,0.10118632240055828,6.0,0.1875
06_083_2809,1620.0,1236.0,384.0,1686.0,1720.0,25.0,29.0,0.23703703703703705,34.0,0.020166073546856466,4.0,0.16
06_083_3001,2143.0,652.0,1491.0,1185.0,1193.0,,,0.6957536164255717,8.0,0.006751054852320675,,
06_083_502,2460.0,1753.0,707.0,1959.0,2072.0,,,0.28739837398373985,113.0,0.05768249106687085,,
06_083_501,1274.0,1071.0,203.0,2657.0,2821.0,,28.0,0.15934065934065933,164.0,0.061723748588633796,,
06_083_2011,1693.0,1287.0,406.0,1514.0,1520.0,52.0,72.0,0.23981098641464854,6.0,0.003963011889035667,20.0,0.38461538461538464
06_083_2102,777.0,386.0,391.0,1276.0,1281.0,,,0.5032175032175032,5.0,0.003918495297805642,,
06_083_2205,1365.0,626.0,739.0,1098.0,940.0,19.0,,0.5413919413919414,-158.0,-0.14389799635701275,,
06_083_2305,1477.0,771.0,706.0,1192.0,1232.0,,,0.4779959377115775,40.0,0.03355704697986577,,
06_083_3005,1532.0,822.0,710.0,1660.0,1813.0,,,0.46344647519582244,153.0,0.09216867469879518,,
06_083_102,2249.0,870.0,1379.0,1364.0,1359.0,,,0.6131614050689195,-5.0,-0.0036656891495601175,,
06_083_700,2243.0,1598.0,645.0,1858.0,1727.0,,,0.28756130182790907,-131.0,-0.07050592034445641,,
06_083_2210,1530.0,1108.0,422.0,1792.0,1822.0,99.0,57.0,0.2758169934640523,30.0,0.016741071428571428,-42.0,-0.42424242424242425
06_083_1101,1528.0,637.0,891.0,1566.0,1536.0,27.0,25.0,0.5831151832460733,-30.0,-0.019157088122605363,-2.0,-0.07407407407407407
06_083_1102,1337.0,337.0,1000.0,1514.0,1599.0,,,0.7479431563201197,85.0,0.056142668428005284,,
06_083_2304,1370.0,458.0,912.0,1026.0,1124.0,16.0,18.0,0.6656934306569343,98.0,0.09551656920077972,2.0,0.125
06_083_2306,2389.0,1982.0,407.0,1778.0,1623.0,94.0,108.0,0.17036416910841357,-155.0,-0.08717660292463442,14.0,0.14893617021276595
06_083_2402,3014.0,1229.0,1785.0,1197.0,1246.0,37.0,40.0,0.5922362309223623,49.0,0.04093567251461988,3.0,0.08108108108108109
06_083_2808,2684.0,1990.0,694.0,1392.0,1500.0,12.0,9.0,0.2585692995529061,108.0,0.07758620689655173,-3.0,-0.25
06_083_2604,44.0,0.0,44.0,858.0,763.0,,,1.0,-95.0,-0.11072261072261072,,
06_083_101,2364.0,1653.0,711.0,1425.0,1394.0,,,0.30076142131979694,-31.0,-0.02175438596491228,,
06_083_900,1518.0,123.0,1395.0,1115.0,1143.0,23.0,24.0,0.9189723320158103,28.0,0.025112107623318385,1.0,0.043478260869565216
06_083_2005,1900.0,1507.0,393.0,1448.0,1551.0,72.0,47.0,0.20684210526315788,103.0,0.07113259668508287,-25.0,-0.3472222222222222
06_083_2010,1556.0,1231.0,325.0,1757.0,1792.0,27.0,,0.20886889460154243,35.0,0.0199203187250996,,
06_083_2013,1021.0,830.0,191.0,1416.0,1455.0,,,0.18707149853085211,39.0,0.02754237288135593,,
06_025_10200,760.0,392.0,368.0,695.0,735.0,15.0,,0.4842105263157895,40.0,0.05755395683453238,,
06_025_10400,1746.0,602.0,1144.0,671.0,670.0,17.0,20.0,0.6552119129438717,-1.0,-0.0014903129657228018,3.0,0.17647058823529413
06_025_11600,2012.0,689.0,1323.0,760.0,748.0,,,0.6575546719681908,-12.0,-0.015789473684210527,,
06_025_12400,466.0,376.0,90.0,282.0,294.0,89.0,62.0,0.19313304721030042,12.0,0.0425531914893617,-27.0,-0.30337078651685395
06_025_10600,2070.0,1191.0,879.0,1047.0,1017.0,96.0,76.0,0.4246376811594203,-30.0,-0.02865329512893983,-20.0,-0.20833333333333334
06_025_10500,2045.0,1244.0,801.0,980.0,1077.0,55.0,46.0,0.39168704156479217,97.0,0.09897959183673469,-9.0,-0.16363636363636364
06_025_11202,1730.0,499.0,1231.0,660.0,669.0,45.0,61.0,0.7115606936416184,9.0,0.013636363636363636,16.0,0.35555555555555557
06_025_11700,1428.0,928.0,500.0,1131.0,1096.0,30.0,26.0,0.35014005602240894,-35.0,-0.03094606542882405,-4.0,-0.13333333333333333
06_025_12001,1109.0,231.0,878.0,734.0,746.0,,,0.7917042380522994,12.0,0.01634877384196185,,
06_025_12002,2240.0,1580.0,660.0,1238.0,1207.0,96.0,38.0,0.29464285714285715,-31.0,-0.025040387722132473,-58.0,-0.6041666666666666
06_025_940000,979.0,355.0,624.0,369.0,326.0,,,0.6373850868232891,-43.0,-0.11653116531165311,,
06_025_10101,110.0,64.0,46.0,325.0,305.0,,,0.41818181818181815,-20.0,-0.06153846153846154,,
06_025_10102,1995.0,1106.0,889.0,655.0,678.0,,,0.4456140350877193,23.0,0.035114503816793895,,
06_025_10700,1374.0,665.0,709.0,681.0,628.0,,26.0,0.5160116448326055,-53.0,-0.07782672540381791,,
06_025_10900,2192.0,1233.0,959.0,647.0,705.0,33.0,66.0,0.4375,58.0,0.08964451313755796,33.0,1.0
06_025_11201,1973.0,1403.0,570.0,1618.0,1644.0,,25.0,0.28890015205271163,26.0,0.016069221260815822,,
06_025_11500,1843.0,561.0,1282.0,633.0,648.0,43.0,39.0,0.695604991861096,15.0,0.023696682464454975,-4.0,-0.09302325581395349
06_025_12100,1964.0,501.0,1463.0,682.0,666.0,,,0.744908350305499,-16.0,-0.02346041055718475,,
06_025_11300,2587.0,1650.0,937.0,918.0,1060.0,140.0,116.0,0.36219559335137225,142.0,0.15468409586056645,-24.0,-0.17142857142857143
06_025_10300,353.0,252.0,101.0,513.0,697.0,,,0.28611898016997167,184.0,0.3586744639376218,,
06_025_11000,3586.0,2368.0,1218.0,1091.0,1092.0,95.0,92.0,0.339654210819855,1.0,0.0009165902841429881,-3.0,-0.031578947368421054
06_025_11100,1170.0,690.0,480.0,687.0,679.0,10.0,28.0,0.41025641025641024,-8.0,-0.011644832605531296,18.0,1.8
06_025_11803,1698.0,1325.0,373.0,1979.0,1880.0,74.0,39.0,0.21967020023557127,-99.0,-0.05002526528549773,-35.0,-0.47297297297297297
06_025_12302,1221.0,858.0,363.0,629.0,629.0,99.0,70.0,0.2972972972972973,0.0,0.0,-29.0,-0.29292929292929293
06_025_11400,1216.0,489.0,727.0,712.0,786.0,27.0,24.0,0.5978618421052632,74.0,0.10393258426966293,-3.0,-0.1111111111111111
06_025_12301,445.0,322.0,123.0,873.0,918.0,,13.0,0.27640449438202247,45.0,0.05154639175257732,,
06_025_10800,441.0,234.0,207.0,784.0,897.0,,,0.46938775510204084,113.0,0.1441326530612245,,
06_025_11802,1744.0,839.0,905.0,873.0,861.0,54.0,47.0,0.5189220183486238,-12.0,-0.013745704467353952,-7.0,-0.12962962962962962
06_025_11801,1171.0,1058.0,113.0,1589.0,1484.0,24.0,26.0,0.09649871904355252,-105.0,-0.06607929515418502,2.0,0.08333333333333333
06_025_11900,2690.0,1912.0,778.0,1338.0,1358.0,55.0,29.0,0.2892193308550186,20.0,0.014947683109118086,-26.0,-0.4727272727272727
06_025_12200,1759.0,1198.0,561.0,1056.0,1072.0,52.0,23.0,0.3189312109152928,16.0,0.015151515151515152,-29.0,-0.5576923076923077
06_055_201700,1783.0,1035.0,748.0,1438.0,1434.0,18.0,30.0,0.4195176668536175,-4.0,-0.0027816411682892906,12.0,0.6666666666666666
06_055_200703,1140.0,1031.0,109.0,2174.0,2181.0,19.0,23.0,0.0956140350877193,7.0,0.003219871205151794,4.0,0.21052631578947367
06_055_200802,2293.0,1320.0,973.0,1577.0,1491.0,,,0.42433493240296555,-86.0,-0.054533925174381735,,
06_055_200201,1290.0,659.0,631.0,1143.0,1106.0,21.0,23.0,0.48914728682170544,-37.0,-0.03237095363079615,2.0,0.09523809523809523
06_055_201800,734.0,512.0,222.0,2088.0,1575.0,23.0,45.0,0.3024523160762943,-513.0,-0.24568965517241378,22.0,0.9565217391304348
06_055_201900,540.0,372.0,168.0,1226.0,1205.0,36.0,41.0,0.3111111111111111,-21.0,-0.017128874388254486,5.0,0.1388888888888889
06_055_200301,1714.0,1129.0,585.0,1443.0,1522.0,27.0,28.0,0.3413068844807468,79.0,0.05474705474705475,1.0,0.037037037037037035
06_055_200302,919.0,725.0,194.0,1844.0,1950.0,,,0.21109902067464636,106.0,0.057483731019522775,,
06_055_200505,1000.0,287.0,713.0,1362.0,1496.0,,,0.713,134.0,0.09838472834067548,,
06_055_200504,2321.0,1121.0,1200.0,1445.0,1491.0,,,0.5170185264971995,46.0,0.03183391003460208,,
06_055_201500,797.0,534.0,263.0,1956.0,1965.0,7.0,6.0,0.3299874529485571,9.0,0.004601226993865031,-1.0,-0.14285714285714285
06_055_202000,1986.0,1129.0,857.0,956.0,1101.0,43.0,45.0,0.43152064451158106,145.0,0.151673640167364,2.0,0.046511627906976744
06_055_200203,861.0,469.0,392.0,1259.0,1222.0,52.0,27.0,0.45528455284552843,-37.0,-0.02938840349483717,-25.0,-0.4807692307692308
06_055_201300,1243.0,885.0,358.0,1267.0,1232.0,29.0,26.0,0.28801287208366855,-35.0,-0.027624309392265192,-3.0,-0.10344827586206896
06_055_200501,1859.0,835.0,1024.0,1242.0,1280.0,8.0,9.0,0.5508337816030123,38.0,0.030595813204508857,1.0,0.125
06_055_200503,778.0,165.0,613.0,1143.0,1136.0,,17.0,0.787917737789203,-7.0,-0.006124234470691163,,
06_055_200601,1614.0,1337.0,277.0,1679.0,1745.0,36.0,,0.17162329615861213,66.0,0.039309112567004166,,
06_055_200602,1851.0,1013.0,838.0,1246.0,1484.0,60.0,50.0,0.45272825499729874,238.0,0.19101123595505617,-10.0,-0.16666666666666666
06_055_200704,1582.0,983.0,599.0,1552.0,1611.0,34.0,33.0,0.3786346396965866,59.0,0.03801546391752577,-1.0,-0.029411764705882353
06_055_200705,1007.0,548.0,459.0,1341.0,1457.0,54.0,45.0,0.4558093346573982,116.0,0.08650260999254288,-9.0,-0.16666666666666666
06_055_200706,1113.0,956.0,157.0,2528.0,2428.0,,,0.14106019766397124,-100.0,-0.03955696202531646,,
06_055_200707,1337.0,680.0,657.0,1743.0,1818.0,,,0.4913986537023186,75.0,0.043029259896729774,,
06_055_200803,867.0,496.0,371.0,1663.0,1470.0,,,0.4279123414071511,-193.0,-0.11605532170775706,,
06_055_200804,1749.0,745.0,1004.0,1270.0,1266.0,13.0,,0.5740423098913665,-4.0,-0.0031496062992125984,,
06_055_201003,1161.0,686.0,475.0,1621.0,1828.0,102.0,69.0,0.409130060292851,207.0,0.12769895126465144,-33.0,-0.3235294117647059
06_055_201004,1871.0,1641.0,230.0,1884.0,1959.0,74.0,85.0,0.12292891501870658,75.0,0.03980891719745223,11.0,0.14864864864864866
06_055_201005,692.0,608.0,84.0,2505.0,1997.0,,,0.12138728323699421,-508.0,-0.2027944111776447,,
06_055_201006,871.0,670.0,201.0,2002.0,2213.0,17.0,30.0,0.23076923076923078,211.0,0.10539460539460539,13.0,0.7647058823529411
06_055_201007,1057.0,771.0,286.0,2030.0,2073.0,37.0,50.0,0.27057710501419113,43.0,0.021182266009852218,13.0,0.35135135135135137
06_055_201101,770.0,722.0,48.0,2203.0,2551.0,,,0.06233766233766234,348.0,0.15796640944167045,,
06_055_201102,806.0,574.0,232.0,1909.0,1877.0,44.0,34.0,0.2878411910669975,-32.0,-0.01676270298585647,-10.0,-0.22727272727272727
06_055_201401,1528.0,1212.0,316.0,2251.0,2164.0,16.0,46.0,0.20680628272251309,-87.0,-0.03864948911594847,30.0,1.875
06_055_201402,1130.0,962.0,168.0,2666.0,2498.0,,,0.1486725663716814,-168.0,-0.06301575393848462,,
06_055_201403,297.0,230.0,67.0,2262.0,2493.0,41.0,38.0,0.2255892255892256,231.0,0.10212201591511937,-3.0,-0.07317073170731707
06_055_201601,1015.0,466.0,549.0,1469.0,1519.0,33.0,21.0,0.5408866995073892,50.0,0.03403675970047652,-12.0,-0.36363636363636365
06_055_201602,1570.0,1000.0,570.0,1459.0,1683.0,35.0,38.0,0.3630573248407643,224.0,0.15352981494174092,3.0,0.08571428571428572
06_055_200202,1051.0,304.0,747.0,1052.0,1026.0,,,0.7107516650808754,-26.0,-0.024714828897338403,,
06_055_200400,1469.0,916.0,553.0,1397.0,1514.0,19.0,60.0,0.37644656228727025,117.0,0.08375089477451682,41.0,2.1578947368421053
06_055_200900,19.0,0.0,19.0,692.0,838.0,,,1.0,146.0,0.21098265895953758,,
06_055_201200,1955.0,1713.0,242.0,1138.0,1082.0,120.0,126.0,0.12378516624040921,-56.0,-0.0492091388400703,6.0,0.05
06_075_12000,2397.0,54.0,2343.0,1008.0,1021.0,,58.0,0.9774718397997497,13.0,0.012896825396825396,,
06_075_12700,2007.0,678.0,1329.0,1781.0,1667.0,,,0.6621823617339312,-114.0,-0.06400898371701291,,
06_075_13200,2392.0,1046.0,1346.0,2625.0,2738.0,,,0.5627090301003345,113.0,0.04304761904761905,,
06_075_13300,1860.0,957.0,903.0,2161.0,2281.0,62.0,71.0,0.4854838709677419,120.0,0.055529847292919945,9.0,0.14516129032258066
06_075_17802,1513.0,531.0,982.0,2002.0,2100.0,46.0,64.0,0.6490416391275612,98.0,0.04895104895104895,18.0,0.391304347826087
06_075_20401,1611.0,719.0,892.0,1947.0,2168.0,,,0.5536933581626319,221.0,0.11350796096558809,,
06_075_20402,2412.0,596.0,1816.0,1659.0,1637.0,,,0.7529021558872305,-22.0,-0.013261000602772756,,
06_075_22704,1532.0,740.0,792.0,2482.0,2452.0,24.0,24.0,0.5169712793733682,-30.0,-0.012087026591458501,0.0,0.0
06_075_25701,1219.0,822.0,397.0,1783.0,1669.0,40.0,39.0,0.32567678424938473,-114.0,-0.06393718452047112,-1.0,-0.025
06_075_25702,1135.0,628.0,507.0,1308.0,1133.0,,,0.44669603524229073,-175.0,-0.13379204892966362,,
06_075_31201,1722.0,1223.0,499.0,1216.0,1634.0,,,0.2897793263646922,418.0,0.34375,,
06_075_31202,894.0,568.0,326.0,1882.0,1846.0,,,0.36465324384787473,-36.0,-0.019128586609989374,,
06_075_31301,1206.0,861.0,345.0,1649.0,1898.0,,,0.2860696517412935,249.0,0.15100060642813826,,
06_075_47701,1863.0,698.0,1165.0,1174.0,1223.0,25.0,25.0,0.6253354804079442,49.0,0.041737649063032366,0.0,0.0
06_075_47702,1568.0,734.0,834.0,1553.0,1560.0,,,0.5318877551020408,7.0,0.004507405022537025,,
06_075_13500,1744.0,398.0,1346.0,1640.0,1613.0,,,0.7717889908256881,-27.0,-0.016463414634146342,,
06_075_15300,950.0,282.0,668.0,2014.0,1708.0,,,0.7031578947368421,-306.0,-0.1519364448857994,,
06_075_16700,2306.0,615.0,1691.0,1714.0,1833.0,72.0,50.0,0.733304423243712,119.0,0.06942823803967328,-22.0,-0.3055555555555556
06_075_20200,2965.0,560.0,2405.0,1271.0,1334.0,34.0,39.0,0.8111298482293423,63.0,0.04956726986624705,5.0,0.14705882352941177
06_075_20500,1345.0,536.0,809.0,1755.0,2193.0,,,0.6014869888475837,438.0,0.24957264957264957,,
06_075_21000,2122.0,735.0,1387.0,1596.0,1777.0,40.0,,0.6536286522148916,181.0,0.11340852130325814,,
06_075_23001,1372.0,766.0,606.0,1179.0,1071.0,,,0.44169096209912534,-108.0,-0.0916030534351145,,
06_075_35202,1727.0,671.0,1056.0,1331.0,1413.0,21.0,20.0,0.6114649681528662,82.0,0.061607813673929375,-1.0,-0.047619047619047616
06_075_42700,2407.0,675.0,1732.0,1481.0,1518.0,36.0,39.0,0.7195679268799335,37.0,0.024983119513842,3.0,0.08333333333333333
06_075_60100,1128.0,11.0,1117.0,2381.0,2414.0,10.0,10.0,0.9902482269503546,33.0,0.01385972280554389,0.0,0.0
06_075_31400,1905.0,1201.0,704.0,1395.0,1328.0,30.0,,0.3695538057742782,-67.0,-0.04802867383512545,,
06_075_40100,1907.0,311.0,1596.0,1401.0,1335.0,,,0.8369166229680126,-66.0,-0.047109207708779445,,
06_075_23200,1290.0,641.0,649.0,1456.0,1457.0,,,0.5031007751937985,1.0,0.0006868131868131869,,
06_075_30102,2325.0,1171.0,1154.0,1840.0,1822.0,,,0.49634408602150537,-18.0,-0.009782608695652175,,
06_075_32700,2411.0,1447.0,964.0,1684.0,1721.0,13.0,,0.3998340937370386,37.0,0.021971496437054632,,
06_075_35201,1710.0,1049.0,661.0,1434.0,1434.0,34.0,36.0,0.3865497076023392,0.0,0.0,2.0,0.058823529411764705
06_075_35400,2169.0,1374.0,795.0,1358.0,1345.0,,,0.3665283540802213,-13.0,-0.009572901325478646,,
06_075_15900,2185.0,479.0,1706.0,1390.0,1512.0,42.0,47.0,0.7807780320366132,122.0,0.08776978417266187,5.0,0.11904761904761904
06_075_16000,1551.0,472.0,1079.0,1281.0,1262.0,28.0,21.0,0.6956802063185042,-19.0,-0.01483216237314598,-7.0,-0.25
06_075_10500,1570.0,366.0,1204.0,2399.0,2374.0,88.0,88.0,0.7668789808917198,-25.0,-0.010421008753647354,0.0,0.0
06_075_11300,1595.0,225.0,1370.0,543.0,564.0,10.0,8.0,0.8589341692789969,21.0,0.03867403314917127,-2.0,-0.2
06_075_15200,2335.0,548.0,1787.0,1477.0,1510.0,,,0.7653104925053533,33.0,0.02234258632362898,,
06_075_17700,663.0,156.0,507.0,1357.0,1682.0,,,0.7647058823529411,325.0,0.23949889462048637,,
06_075_22702,992.0,508.0,484.0,2125.0,2608.0,,,0.4879032258064516,483.0,0.2272941176470588,,
06_075_22801,1725.0,703.0,1022.0,1728.0,1970.0,,,0.592463768115942,242.0,0.1400462962962963,,
06_075_23103,1196.0,186.0,1010.0,461.0,478.0,12.0,31.0,0.8444816053511706,17.0,0.0368763557483731,19.0,1.5833333333333333
06_075_25900,1270.0,962.0,308.0,1543.0,1642.0,,,0.24251968503937008,99.0,0.06416072585871678,,
06_075_26003,1337.0,1006.0,331.0,1836.0,1667.0,10.0,10.0,0.2475691847419596,-169.0,-0.0920479302832244,0.0,0.0
06_075_60502,917.0,168.0,749.0,479.0,461.0,13.0,19.0,0.816793893129771,-18.0,-0.037578288100208766,6.0,0.46153846153846156
06_075_60700,3565.0,1159.0,2406.0,2501.0,2660.0,56.0,,0.6748948106591866,159.0,0.06357457017193123,,
06_075_47902,1547.0,804.0,743.0,1520.0,1601.0,7.0,,0.48028442146089206,81.0,0.053289473684210525,,
06_075_60400,1454.0,194.0,1260.0,1381.0,1471.0,,,0.8665749656121046,90.0,0.06517016654598118,,
06_075_10900,2617.0,564.0,2053.0,1585.0,1728.0,89.0,95.0,0.784486052732136,143.0,0.09022082018927445,6.0,0.06741573033707865
06_075_11800,700.0,13.0,687.0,632.0,661.0,8.0,8.0,0.9814285714285714,29.0,0.04588607594936709,0.0,0.0
06_075_12100,2043.0,89.0,1954.0,1085.0,1154.0,,,0.956436612824278,69.0,0.06359447004608294,,
06_075_12800,2230.0,885.0,1345.0,1793.0,1845.0,36.0,,0.6031390134529148,52.0,0.029001673173452314,,
06_075_15500,2399.0,214.0,2185.0,1202.0,1315.0,70.0,,0.9107961650687787,113.0,0.09400998336106489,,
06_075_16100,2629.0,214.0,2415.0,719.0,556.0,,,0.9186002282236592,-163.0,-0.2267037552155772,,
06_075_16300,1967.0,375.0,1592.0,1348.0,1339.0,41.0,41.0,0.8093543467208948,-9.0,-0.0066765578635014835,0.0,0.0
06_075_17601,3331.0,304.0,3027.0,842.0,793.0,,,0.9087361152806965,-49.0,-0.05819477434679335,,
06_075_20100,2637.0,606.0,2031.0,992.0,1009.0,58.0,59.0,0.770193401592719,17.0,0.017137096774193547,1.0,0.017241379310344827
06_075_20600,2519.0,1050.0,1469.0,2003.0,2140.0,,,0.5831679237792775,137.0,0.06839740389415876,,
06_075_20900,1808.0,221.0,1587.0,1031.0,1080.0,,,0.8777654867256637,49.0,0.0475266731328807,,
06_075_21800,1849.0,1056.0,793.0,2180.0,2272.0,46.0,68.0,0.4288804759329367,92.0,0.04220183486238532,22.0,0.4782608695652174
06_075_22600,782.0,523.0,259.0,2878.0,3231.0,,,0.3312020460358056,353.0,0.1226546212647672,,
06_075_23102,1229.0,355.0,874.0,975.0,848.0,17.0,19.0,0.7111472742066721,-127.0,-0.13025641025641024,2.0,0.11764705882352941
06_075_25100,1267.0,819.0,448.0,2060.0,2247.0,,,0.35359116022099446,187.0,0.09077669902912622,,
06_075_17000,2116.0,1153.0,963.0,1996.0,2281.0,52.0,50.0,0.4551039697542533,285.0,0.14278557114228457,-2.0,-0.038461538461538464
06_075_18000,1213.0,509.0,704.0,2699.0,2739.0,44.0,43.0,0.5803792250618302,40.0,0.014820303816228233,-1.0,-0.022727272727272728
06_075_21500,2452.0,1021.0,1431.0,1901.0,1935.0,,,0.583605220228385,34.0,0.01788532351394003,,
06_075_22803,1590.0,335.0,1255.0,1609.0,1688.0,,,0.789308176100629,79.0,0.049098819142324425,,
06_075_42800,884.0,760.0,124.0,3996.0,3606.0,26.0,41.0,0.14027149321266968,-390.0,-0.09759759759759759,15.0,0.5769230769230769
06_075_26404,653.0,346.0,307.0,775.0,1288.0,,,0.47013782542113325,513.0,0.6619354838709678,,
06_075_30600,807.0,671.0,136.0,2589.0,2873.0,,,0.16852540272614622,284.0,0.1096948628814214,,
06_075_31000,1243.0,1001.0,242.0,1945.0,2052.0,12.0,15.0,0.19469026548672566,107.0,0.055012853470437016,3.0,0.25
06_075_33201,695.0,0.0,695.0,1540.0,1592.0,,,1.0,52.0,0.033766233766233764,,
06_075_11100,2865.0,409.0,2456.0,1106.0,1234.0,,,0.8572425828970331,128.0,0.11573236889692586,,
06_075_11700,918.0,65.0,853.0,814.0,902.0,,,0.9291938997821351,88.0,0.10810810810810811,,
06_075_16600,2489.0,521.0,1968.0,1695.0,1815.0,35.0,37.0,0.7906789875451988,120.0,0.07079646017699115,2.0,0.05714285714285714
06_075_17902,615.0,0.0,615.0,1999.0,1841.0,,,1.0,-158.0,-0.07903951975987994,,
06_075_21400,1718.0,710.0,1008.0,1822.0,1940.0,,,0.5867287543655413,118.0,0.06476399560922064,,
06_075_21700,1942.0,1338.0,604.0,1561.0,1597.0,55.0,37.0,0.3110195674562307,36.0,0.023062139654067906,-18.0,-0.32727272727272727
06_075_22802,589.0,172.0,417.0,1236.0,1226.0,,,0.7079796264855688,-10.0,-0.008090614886731391,,
06_075_22901,1347.0,398.0,949.0,1427.0,1515.0,29.0,25.0,0.7045285820341499,88.0,0.06166783461807989,-4.0,-0.13793103448275862
06_075_22902,828.0,297.0,531.0,1490.0,1587.0,,,0.6413043478260869,97.0,0.06510067114093959,,
06_075_15600,1246.0,413.0,833.0,1393.0,1467.0,,,0.6685393258426966,74.0,0.05312275664034458,,
06_075_10200,2653.0,819.0,1834.0,1588.0,1705.0,17.0,17.0,0.6912928759894459,117.0,0.07367758186397985,0.0,0.0
06_075_10800,2458.0,579.0,1879.0,1549.0,1584.0,34.0,,0.7644426362896664,35.0,0.022595222724338282,,
06_075_33100,1453.0,1165.0,288.0,1792.0,2411.0,,,0.19821059876118377,619.0,0.34542410714285715,,
06_075_40200,2227.0,736.0,1491.0,1510.0,1621.0,6.0,15.0,0.6695105523125281,111.0,0.07350993377483443,9.0,1.5
06_075_22903,1097.0,405.0,692.0,1592.0,1706.0,,,0.6308113035551504,114.0,0.07160804020100503,,
06_075_23003,1097.0,800.0,297.0,1625.0,1657.0,64.0,48.0,0.2707383773928897,32.0,0.019692307692307693,-16.0,-0.25
06_075_26403,1112.0,555.0,557.0,1253.0,1310.0,,,0.5008992805755396,57.0,0.04549082202713488,,
06_075_30201,1904.0,500.0,1404.0,1425.0,1540.0,11.0,11.0,0.7373949579831933,115.0,0.08070175438596491,0.0,0.0
06_075_30302,1309.0,976.0,333.0,2260.0,2403.0,107.0,78.0,0.25439266615737205,143.0,0.06327433628318584,-29.0,-0.27102803738317754
06_075_30400,1923.0,1601.0,322.0,2280.0,2077.0,30.0,38.0,0.16744669786791472,-203.0,-0.08903508771929824,8.0,0.26666666666666666
06_075_11901,1465.0,397.0,1068.0,1275.0,1306.0,,,0.7290102389078499,31.0,0.02431372549019608,,
06_075_11902,1587.0,66.0,1521.0,1212.0,1320.0,,,0.9584120982986768,108.0,0.0891089108910891,,
06_075_12201,2584.0,219.0,2365.0,1008.0,1074.0,,,0.9152476780185759,66.0,0.06547619047619048,,
06_075_12202,1546.0,0.0,1546.0,831.0,795.0,,,1.0,-36.0,-0.04332129963898917,,
06_075_31302,1822.0,1219.0,603.0,2032.0,1850.0,121.0,104.0,0.33095499451152577,-182.0,-0.08956692913385826,-17.0,-0.14049586776859505
06_075_32601,1723.0,566.0,1157.0,1347.0,1469.0,26.0,,0.6715031921067904,122.0,0.09057164068299926,,
06_075_32602,1658.0,779.0,879.0,1213.0,1376.0,,,0.5301568154402895,163.0,0.13437757625721353,,
06_075_32801,1296.0,738.0,558.0,1657.0,1453.0,,,0.4305555555555556,-204.0,-0.12311406155703078,,
06_075_61500,5808.0,2447.0,3361.0,2587.0,2640.0,295.0,366.0,0.5786845730027548,53.0,0.020487050637804406,71.0,0.24067796610169492
06_075_26004,1177.0,747.0,430.0,1821.0,1929.0,,,0.3653355989804588,108.0,0.05930807248764415,,
06_075_30101,1980.0,529.0,1451.0,1647.0,1680.0,57.0,47.0,0.7328282828282828,33.0,0.020036429872495445,-10.0,-0.17543859649122806
06_075_33000,2746.0,1838.0,908.0,1867.0,1869.0,,,0.3306627822286963,2.0,0.0010712372790573112,,
06_075_25403,1429.0,600.0,829.0,1485.0,1347.0,,,0.5801259622113366,-138.0,-0.09292929292929293,,
06_075_26401,1068.0,661.0,407.0,1066.0,1218.0,,,0.38108614232209737,152.0,0.1425891181988743,,
06_075_30202,2109.0,389.0,1720.0,1587.0,1588.0,,,0.8155523944997629,1.0,0.000630119722747322,,
06_075_35300,2384.0,1701.0,683.0,1180.0,1429.0,96.0,98.0,0.286493288590604,249.0,0.21101694915254238,2.0,0.020833333333333332
06_075_47600,2225.0,636.0,1589.0,1486.0,1579.0,,,0.7141573033707865,93.0,0.06258411843876177,,
06_075_10600,1856.0,167.0,1689.0,1040.0,1040.0,83.0,66.0,0.9100215517241379,0.0,0.0,-17.0,-0.20481927710843373
06_075_61000,1201.0,831.0,370.0,2071.0,2135.0,,32.0,0.3080766028309742,64.0,0.03090294543698696,,
06_075_20300,1621.0,582.0,1039.0,1712.0,1794.0,,,0.6409623689080814,82.0,0.04789719626168224,,
06_075_20700,2817.0,923.0,1894.0,1760.0,1650.0,,,0.6723464678736244,-110.0,-0.0625,,
06_075_20800,2435.0,333.0,2102.0,1140.0,1183.0,27.0,,0.8632443531827515,43.0,0.037719298245614034,,
06_075_21100,1937.0,997.0,940.0,1821.0,2047.0,,,0.4852865255549819,226.0,0.1241076331685887,,
06_075_21200,1466.0,874.0,592.0,2505.0,2395.0,,,0.4038199181446112,-110.0,-0.043912175648702596,,
06_075_21300,1243.0,687.0,556.0,2312.0,2222.0,,,0.4473049074818986,-90.0,-0.03892733564013841,,
06_075_10700,2716.0,193.0,2523.0,532.0,609.0,,,0.928939617083947,77.0,0.14473684210526316,,
06_075_16200,1430.0,143.0,1287.0,1164.0,1299.0,,,0.9,135.0,0.11597938144329897,,
06_075_16900,1698.0,398.0,1300.0,1669.0,1612.0,34.0,40.0,0.7656065959952886,-57.0,-0.0341521869382864,6.0,0.17647058823529413
06_075_25200,2164.0,1298.0,866.0,1894.0,1890.0,,,0.400184842883549,-4.0,-0.0021119324181626186,,
06_075_10100,2204.0,326.0,1878.0,1391.0,1532.0,,,0.852087114337568,141.0,0.10136592379583034,,
06_075_11200,1667.0,513.0,1154.0,1551.0,1607.0,46.0,39.0,0.6922615476904619,56.0,0.036105738233397806,-7.0,-0.15217391304347827
06_075_13400,1841.0,581.0,1260.0,1790.0,1911.0,40.0,37.0,0.6844106463878327,121.0,0.06759776536312849,-3.0,-0.075
06_075_15100,1553.0,511.0,1042.0,1450.0,1708.0,11.0,11.0,0.6709594333547971,258.0,0.17793103448275863,0.0,0.0
06_075_12301,1307.0,0.0,1307.0,591.0,577.0,,,1.0,-14.0,-0.023688663282571912,,
06_075_12302,1666.0,0.0,1666.0,974.0,1024.0,,,1.0,50.0,0.0513347022587269,,
06_075_12401,2206.0,26.0,2180.0,737.0,794.0,,,0.9882139619220308,57.0,0.0773405698778833,,
06_075_12402,1886.0,107.0,1779.0,851.0,901.0,,,0.9432661717921527,50.0,0.05875440658049354,,
06_075_12501,2022.0,23.0,1999.0,558.0,573.0,,,0.9886251236399605,15.0,0.026881720430107527,,
06_075_12502,2204.0,0.0,2204.0,460.0,506.0,,,1.0,46.0,0.1,,
06_075_12601,1419.0,281.0,1138.0,1720.0,1672.0,,,0.8019732205778718,-48.0,-0.027906976744186046,,
06_075_12602,1639.0,431.0,1208.0,1810.0,1885.0,,,0.7370347773032336,75.0,0.04143646408839779,,
06_075_12901,1519.0,272.0,1247.0,1662.0,1768.0,81.0,44.0,0.8209348255431205,106.0,0.06377858002406739,-37.0,-0.4567901234567901
06_075_12902,2064.0,612.0,1452.0,1774.0,1774.0,,,0.7034883720930233,0.0,0.0,,
06_075_13101,2407.0,492.0,1915.0,1853.0,1976.0,,,0.7955961778147072,123.0,0.06637884511602807,,
06_075_13102,1579.0,333.0,1246.0,2142.0,1937.0,,,0.7891070297656745,-205.0,-0.09570494864612512,,
06_075_15801,1575.0,469.0,1106.0,1399.0,1421.0,,,0.7022222222222222,22.0,0.015725518227305217,,
06_075_15802,1368.0,220.0,1148.0,1619.0,1598.0,,,0.8391812865497076,-21.0,-0.012970969734403953,,
06_075_16801,1640.0,312.0,1328.0,1488.0,1552.0,,,0.8097560975609757,64.0,0.043010752688172046,,
06_075_16802,1569.0,286.0,1283.0,1400.0,1520.0,,,0.8177182919056724,120.0,0.08571428571428572,,
06_075_17101,1746.0,728.0,1018.0,1850.0,1947.0,28.0,,0.5830469644902635,97.0,0.05243243243243243,,
06_075_17102,1733.0,599.0,1134.0,1956.0,2013.0,28.0,32.0,0.6543566070398154,57.0,0.029141104294478526,4.0,0.14285714285714285
06_075_17801,2222.0,377.0,1845.0,384.0,415.0,,39.0,0.8303330333033303,31.0,0.08072916666666667,,
06_075_15700,2465.0,740.0,1725.0,1743.0,1688.0,29.0,,0.6997971602434077,-55.0,-0.03155479059093517,,
06_075_16400,1907.0,344.0,1563.0,1593.0,1648.0,54.0,,0.8196119559517567,55.0,0.03452605147520402,,
06_075_32802,1290.0,821.0,469.0,1782.0,1615.0,,,0.3635658914728682,-167.0,-0.09371492704826039,,
06_075_32901,1795.0,1253.0,542.0,1680.0,1830.0,,,0.30194986072423396,150.0,0.08928571428571429,,
06_075_32902,1278.0,869.0,409.0,1690.0,1789.0,,,0.32003129890453835,99.0,0.058579881656804736,,
06_075_33203,1400.0,0.0,1400.0,1833.0,1862.0,,,1.0,29.0,0.015821058374249863,,
06_075_33204,1591.0,0.0,1591.0,1725.0,1731.0,,,1.0,6.0,0.0034782608695652175,,
06_075_42601,1715.0,467.0,1248.0,1491.0,1577.0,40.0,30.0,0.7276967930029155,86.0,0.05767940979208585,-10.0,-0.25
06_075_42602,1442.0,377.0,1065.0,1747.0,1700.0,,,0.7385575589459085,-47.0,-0.026903262736119062,,
06_075_47801,1628.0,796.0,832.0,1681.0,1703.0,64.0,,0.5110565110565111,22.0,0.013087447947650209,,
06_075_47802,1635.0,611.0,1024.0,1382.0,1469.0,,,0.6262996941896024,87.0,0.06295224312590449,,
06_075_61100,2164.0,55.0,2109.0,457.0,496.0,,11.0,0.9745841035120147,39.0,0.08533916849015317,,
06_075_61200,1107.0,417.0,690.0,1252.0,1385.0,11.0,,0.6233062330623306,133.0,0.1062300319488818,,
06_075_61400,2391.0,809.0,1582.0,1661.0,1813.0,41.0,45.0,0.6616478460895023,152.0,0.09151113786875377,4.0,0.0975609756097561
06_075_980200,76.0,45.0,31.0,1931.0,1650.0,,,0.40789473684210525,-281.0,-0.14552045572242361,,
06_075_980300,23.0,0.0,23.0,888.0,896.0,,,1.0,8.0,0.009009009009009009,,
06_075_980401,0.0,0.0,0.0,,,,,,,,,
06_075_980501,234.0,52.0,182.0,888.0,520.0,,,0.7777777777777778,-368.0,-0.4144144144144144,,
06_075_980600,110.0,91.0,19.0,1672.0,1932.0,20.0,19.0,0.17272727272727273,260.0,0.15550239234449761,-1.0,-0.05
06_075_980900,178.0,40.0,138.0,2391.0,2680.0,,,0.7752808988764045,289.0,0.12086992890004182,,
06_075_990100,0.0,0.0,0.0,,,,,,,,,
06_075_10300,1952.0,496.0,1456.0,1763.0,2039.0,,,0.7459016393442623,276.0,0.15655133295519003,,
06_075_11000,2576.0,198.0,2378.0,984.0,1154.0,,,0.9231366459627329,170.0,0.17276422764227642,,
06_075_15400,2904.0,875.0,2029.0,1641.0,1741.0,,,0.6986914600550964,100.0,0.06093845216331505,,
06_075_10400,2477.0,854.0,1623.0,1788.0,1924.0,,,0.6552280985062575,136.0,0.07606263982102908,,
06_075_25500,2360.0,1514.0,846.0,1487.0,1739.0,36.0,,0.35847457627118645,252.0,0.1694687289845326,,
06_075_25600,1543.0,1210.0,333.0,1638.0,1982.0,8.0,,0.21581335061568374,344.0,0.21001221001221002,,
06_075_25800,619.0,368.0,251.0,1309.0,1530.0,,,0.40549273021001614,221.0,0.16883116883116883,,
06_075_26001,1424.0,738.0,686.0,1665.0,1689.0,30.0,25.0,0.48174157303370785,24.0,0.014414414414414415,-5.0,-0.16666666666666666
06_075_45100,2089.0,635.0,1454.0,1520.0,1598.0,15.0,19.0,0.6960268070847295,78.0,0.05131578947368421,4.0,0.26666666666666666
06_075_45200,2757.0,1019.0,1738.0,1540.0,1493.0,,,0.6303953572723975,-47.0,-0.03051948051948052,,
06_075_26100,1856.0,1074.0,782.0,1529.0,1422.0,38.0,42.0,0.4213362068965517,-107.0,-0.06998037933289732,4.0,0.10526315789473684
06_075_23300,654.0,408.0,246.0,1882.0,1786.0,31.0,38.0,0.3761467889908257,-96.0,-0.05100956429330499,7.0,0.22580645161290322
06_075_25300,1858.0,934.0,924.0,1723.0,1959.0,,,0.49730893433799783,236.0,0.13697040046430645,,
06_075_25401,1302.0,581.0,721.0,1738.0,1739.0,,18.0,0.553763440860215,1.0,0.0005753739930955121,,
06_075_26301,1138.0,662.0,476.0,1435.0,1480.0,,14.0,0.4182776801405975,45.0,0.0313588850174216,,
06_075_26302,1411.0,954.0,457.0,1391.0,1387.0,27.0,30.0,0.3238837703756201,-4.0,-0.002875629043853343,3.0,0.1111111111111111
06_075_26303,1261.0,884.0,377.0,1596.0,1541.0,,15.0,0.29896907216494845,-55.0,-0.03446115288220551,,
06_075_30500,999.0,785.0,214.0,1979.0,2362.0,,,0.21421421421421422,383.0,0.1935320869125821,,
06_075_31100,2525.0,1618.0,907.0,1876.0,1972.0,35.0,,0.3592079207920792,96.0,0.0511727078891258,,
06_075_23400,985.0,418.0,567.0,909.0,941.0,27.0,25.0,0.5756345177664974,32.0,0.0352035203520352,-2.0,-0.07407407407407407
06_075_16500,2356.0,583.0,1773.0,1677.0,1691.0,33.0,37.0,0.7525466893039049,14.0,0.008348240906380441,4.0,0.12121212121212122
06_075_30700,2657.0,2234.0,423.0,2306.0,2396.0,,2.0,0.1592021076401957,90.0,0.03902862098872507,,
06_075_35100,2761.0,1544.0,1217.0,1694.0,1866.0,,,0.44078232524447664,172.0,0.10153482880755609,,
06_075_13000,2340.0,587.0,1753.0,1983.0,2015.0,,,0.7491452991452991,32.0,0.016137165910237016,,
06_075_26002,986.0,711.0,275.0,1643.0,1716.0,,,0.2789046653144016,73.0,0.044430919050517347,,
06_075_26402,1117.0,953.0,164.0,1435.0,1512.0,,,0.1468218442256043,77.0,0.05365853658536585,,
06_075_30301,2266.0,1181.0,1085.0,1884.0,1794.0,,66.0,0.4788172992056487,-90.0,-0.04777070063694268,,
06_075_30800,2067.0,1693.0,374.0,2486.0,2738.0,,,0.18093855829704886,252.0,0.10136765888978279,,
06_075_25402,1126.0,780.0,346.0,1912.0,1973.0,,,0.30728241563055064,61.0,0.03190376569037657,,
06_075_26200,1814.0,1144.0,670.0,1681.0,1654.0,,,0.36934950385887544,-27.0,-0.016061867935752528,,
06_075_21600,2187.0,1433.0,754.0,1933.0,1996.0,90.0,142.0,0.34476451760402377,63.0,0.032591826176927054,52.0,0.5777777777777777
06_075_30900,2290.0,2014.0,276.0,2421.0,2756.0,,,0.1205240174672489,335.0,0.13837257331681124,,
06_075_47901,2587.0,1399.0,1188.0,1719.0,1595.0,,19.0,0.45921917278701196,-124.0,-0.07213496218731821,,
06_011_300,1716.0,970.0,746.0,1167.0,1218.0,,,0.4347319347319347,51.0,0.043701799485861184,,
06_011_100,1609.0,1071.0,538.0,959.0,1165.0,20.0,18.0,0.3343691733996271,206.0,0.21480709071949947,-2.0,-0.1
06_011_200,1821.0,1195.0,626.0,917.0,943.0,,28.0,0.34376716090060405,26.0,0.028353326063249727,,
06_011_400,820.0,560.0,260.0,684.0,778.0,21.0,29.0,0.3170731707317073,94.0,0.13742690058479531,8.0,0.38095238095238093
06_011_500,1023.0,640.0,383.0,744.0,769.0,,,0.37438905180840665,25.0,0.033602150537634407,,
06_031_1602,0.0,0.0,0.0,,,,,,,,,
06_031_100,1203.0,777.0,426.0,854.0,1002.0,,,0.3541147132169576,148.0,0.17330210772833723,,
06_031_402,1620.0,1062.0,558.0,1186.0,1227.0,,29.0,0.34444444444444444,41.0,0.03456998313659359,,
06_031_405,1845.0,794.0,1051.0,847.0,861.0,61.0,61.0,0.5696476964769648,14.0,0.01652892561983471,0.0,0.0
06_031_1001,1343.0,898.0,445.0,1235.0,1372.0,39.0,59.0,0.3313477289650037,137.0,0.11093117408906883,20.0,0.5128205128205128
06_031_1601,1068.0,650.0,418.0,802.0,900.0,,,0.3913857677902622,98.0,0.12219451371571072,,
06_031_1003,1497.0,1017.0,480.0,1146.0,1186.0,,,0.32064128256513025,40.0,0.034904013961605584,,
06_031_403,1747.0,981.0,766.0,984.0,970.0,,,0.4384659416141958,-14.0,-0.014227642276422764,,
06_031_601,2845.0,2114.0,731.0,1720.0,1771.0,73.0,70.0,0.2569420035149385,51.0,0.029651162790697676,-3.0,-0.0410958904109589
06_031_602,2160.0,1352.0,808.0,1354.0,1386.0,15.0,72.0,0.37407407407407406,32.0,0.023633677991137372,57.0,3.8
06_031_702,1604.0,1176.0,428.0,1201.0,1257.0,38.0,,0.26683291770573564,56.0,0.0466278101582015,,
06_031_1100,1736.0,811.0,925.0,703.0,672.0,8.0,10.0,0.5328341013824884,-31.0,-0.044096728307254626,2.0,0.25
06_031_1200,855.0,510.0,345.0,1041.0,1071.0,7.0,,0.40350877192982454,30.0,0.02881844380403458,,
06_031_900,2733.0,996.0,1737.0,797.0,818.0,45.0,132.0,0.6355653128430296,21.0,0.026348808030112924,87.0,1.9333333333333333
06_031_1300,1007.0,239.0,768.0,697.0,770.0,,,0.76266137040715,73.0,0.10473457675753228,,
06_031_1500,1313.0,818.0,495.0,866.0,929.0,24.0,24.0,0.376999238385377,63.0,0.07274826789838337,0.0,0.0
06_031_300,1530.0,3.0,1527.0,1140.0,1195.0,,,0.9980392156862745,55.0,0.04824561403508772,,
06_031_701,1881.0,1479.0,402.0,1394.0,1340.0,33.0,29.0,0.21371610845295055,-54.0,-0.03873744619799139,-4.0,-0.12121212121212122
06_031_200,753.0,454.0,299.0,893.0,912.0,10.0,10.0,0.39707835325365204,19.0,0.02127659574468085,0.0,0.0
06_031_800,1592.0,775.0,817.0,917.0,926.0,,,0.5131909547738693,9.0,0.009814612868047983,,
06_031_1701,3280.0,1217.0,2063.0,669.0,716.0,,,0.6289634146341463,47.0,0.07025411061285501,,
06_031_404,3025.0,1906.0,1119.0,1404.0,1461.0,34.0,79.0,0.36991735537190085,57.0,0.0405982905982906,45.0,1.3235294117647058
06_031_500,1515.0,1007.0,508.0,977.0,954.0,,,0.3353135313531353,-23.0,-0.02354145342886387,,
06_031_1002,1218.0,453.0,765.0,721.0,765.0,42.0,44.0,0.6280788177339901,44.0,0.06102635228848821,2.0,0.047619047619047616
06_031_1401,771.0,443.0,328.0,853.0,869.0,,,0.4254215304798962,16.0,0.01875732708089097,,
06_031_1402,575.0,319.0,256.0,926.0,748.0,30.0,48.0,0.44521739130434784,-178.0,-0.19222462203023757,18.0,0.6
06_031_981800,0.0,0.0,0.0,,,,,,,,,
06_019_3900,1423.0,677.0,746.0,673.0,648.0,72.0,70.0,0.5242445537596627,-25.0,-0.03714710252600297,-2.0,-0.027777777777777776
06_019_5802,1380.0,1165.0,215.0,1716.0,1779.0,71.0,64.0,0.15579710144927536,63.0,0.03671328671328671,-7.0,-0.09859154929577464
06_019_6900,892.0,590.0,302.0,741.0,829.0,,,0.33856502242152464,88.0,0.11875843454790823,,
06_019_7400,937.0,503.0,434.0,757.0,720.0,,,0.4631803628601921,-37.0,-0.0488771466314399,,
06_019_7700,1605.0,862.0,743.0,895.0,983.0,,27.0,0.46292834890965734,88.0,0.09832402234636871,,
06_019_2000,1769.0,771.0,998.0,639.0,659.0,50.0,61.0,0.5641605426794799,20.0,0.03129890453834116,11.0,0.22
06_019_4302,2048.0,1690.0,358.0,1553.0,1564.0,57.0,59.0,0.1748046875,11.0,0.0070830650354153256,2.0,0.03508771929824561
06_019_4404,1192.0,157.0,1035.0,889.0,881.0,,,0.8682885906040269,-8.0,-0.008998875140607425,,
06_019_4408,1705.0,554.0,1151.0,1031.0,1111.0,,,0.6750733137829912,80.0,0.07759456838021339,,
06_019_4409,1408.0,776.0,632.0,1160.0,1220.0,58.0,29.0,0.44886363636363635,60.0,0.05172413793103448,-29.0,-0.5
06_019_4801,1512.0,484.0,1028.0,793.0,833.0,,,0.6798941798941799,40.0,0.05044136191677175,,
06_019_4802,1683.0,440.0,1243.0,808.0,862.0,,,0.738562091503268,54.0,0.06683168316831684,,
06_019_4901,1606.0,742.0,864.0,952.0,973.0,,,0.5379825653798257,21.0,0.022058823529411766,,
06_019_4902,575.0,440.0,135.0,1116.0,962.0,,63.0,0.23478260869565218,-154.0,-0.13799283154121864,,
06_019_5203,1641.0,873.0,768.0,782.0,864.0,26.0,,0.4680073126142596,82.0,0.10485933503836317,,
06_019_5204,1406.0,515.0,891.0,943.0,899.0,,,0.6337126600284495,-44.0,-0.04665959703075292,,
06_019_5409,1538.0,416.0,1122.0,850.0,904.0,,,0.729518855656697,54.0,0.06352941176470588,,
06_019_5410,1150.0,569.0,581.0,955.0,926.0,,48.0,0.5052173913043478,-29.0,-0.030366492146596858,,
06_019_5516,2328.0,1103.0,1225.0,1328.0,1421.0,,,0.5262027491408935,93.0,0.07003012048192771,,
06_019_5517,2455.0,1984.0,471.0,2184.0,2454.0,50.0,45.0,0.19185336048879836,270.0,0.12362637362637363,-5.0,-0.1
06_019_5518,883.0,802.0,81.0,2257.0,2286.0,,,0.09173272933182333,29.0,0.01284891448825875,,
06_019_5520,694.0,660.0,34.0,2588.0,2542.0,7.0,31.0,0.04899135446685879,-46.0,-0.01777434312210201,24.0,3.4285714285714284
06_019_5525,471.0,360.0,111.0,1540.0,1268.0,,,0.2356687898089172,-272.0,-0.17662337662337663,,
06_019_5607,1808.0,323.0,1485.0,874.0,884.0,,39.0,0.8213495575221239,10.0,0.011441647597254004,,
06_019_5608,1347.0,846.0,501.0,783.0,835.0,155.0,98.0,0.37193763919821826,52.0,0.06641123882503193,-57.0,-0.36774193548387096
06_019_5804,1990.0,1598.0,392.0,1270.0,1324.0,160.0,179.0,0.19698492462311556,54.0,0.04251968503937008,19.0,0.11875
06_019_5805,937.0,901.0,36.0,2009.0,2139.0,87.0,93.0,0.0384204909284952,130.0,0.06470881035340965,6.0,0.06896551724137931
06_019_5522,1233.0,1087.0,146.0,2697.0,2753.0,53.0,50.0,0.11841038118410381,56.0,0.020763811642565813,-3.0,-0.05660377358490566
06_019_5524,1530.0,1239.0,291.0,2158.0,1999.0,32.0,31.0,0.19019607843137254,-159.0,-0.07367933271547729,-1.0,-0.03125
06_019_5905,2273.0,2011.0,262.0,1574.0,1802.0,112.0,130.0,0.11526616805983282,228.0,0.144853875476493,18.0,0.16071428571428573
06_019_5906,805.0,666.0,139.0,1748.0,1794.0,,,0.17267080745341615,46.0,0.02631578947368421,,
06_019_5907,894.0,605.0,289.0,1821.0,1898.0,69.0,31.0,0.3232662192393736,77.0,0.04228445908841296,-38.0,-0.5507246376811594
06_019_5909,1300.0,1047.0,253.0,2039.0,2097.0,84.0,29.0,0.1946153846153846,58.0,0.028445316331535065,-55.0,-0.6547619047619048
06_019_5911,1086.0,1068.0,18.0,2045.0,1870.0,40.0,34.0,0.016574585635359115,-175.0,-0.08557457212713937,-6.0,-0.15
06_019_5912,1055.0,1011.0,44.0,2260.0,2246.0,,,0.04170616113744076,-14.0,-0.006194690265486726,,
06_019_6404,1789.0,1600.0,189.0,1279.0,1405.0,81.0,38.0,0.10564561207378424,126.0,0.0985144644253323,-43.0,-0.5308641975308642
06_019_4703,1310.0,726.0,584.0,914.0,948.0,32.0,32.0,0.44580152671755724,34.0,0.037199124726477024,0.0,0.0
06_019_5406,1480.0,1044.0,436.0,1276.0,1350.0,,,0.2945945945945946,74.0,0.05799373040752351,,
06_019_5509,1628.0,949.0,679.0,1508.0,1401.0,,,0.41707616707616707,-107.0,-0.0709549071618037,,
06_019_5606,1316.0,985.0,331.0,1407.0,1470.0,26.0,20.0,0.25151975683890576,63.0,0.04477611940298507,-6.0,-0.23076923076923078
06_019_6000,2844.0,1548.0,1296.0,908.0,975.0,92.0,86.0,0.45569620253164556,67.0,0.07378854625550661,-6.0,-0.06521739130434782
06_019_4405,1489.0,1271.0,218.0,1722.0,1743.0,17.0,40.0,0.14640698455339154,21.0,0.012195121951219513,23.0,1.3529411764705883
06_019_4301,1624.0,1407.0,217.0,2100.0,2058.0,31.0,30.0,0.1336206896551724,-42.0,-0.02,-1.0,-0.03225806451612903
06_019_5704,1712.0,934.0,778.0,1244.0,1221.0,27.0,26.0,0.4544392523364486,-23.0,-0.018488745980707395,-1.0,-0.037037037037037035
06_019_3102,2633.0,581.0,2052.0,798.0,855.0,,,0.7793391568552981,57.0,0.07142857142857142,,
06_019_1800,1327.0,817.0,510.0,851.0,909.0,28.0,10.0,0.38432554634513943,58.0,0.0681551116333725,-18.0,-0.6428571428571429
06_019_8301,1345.0,633.0,712.0,660.0,725.0,24.0,15.0,0.5293680297397769,65.0,0.09848484848484848,-9.0,-0.375
06_019_1000,911.0,328.0,583.0,934.0,875.0,27.0,23.0,0.6399560922063666,-59.0,-0.06316916488222699,-4.0,-0.14814814814814814
06_019_4205,1971.0,791.0,1180.0,895.0,934.0,13.0,,0.5986808726534754,39.0,0.04357541899441341,,
06_019_4505,1945.0,529.0,1416.0,888.0,873.0,85.0,29.0,0.7280205655526992,-15.0,-0.016891891891891893,-56.0,-0.6588235294117647
06_019_5508,2093.0,1486.0,607.0,1887.0,1901.0,,36.0,0.29001433349259437,14.0,0.007419183889772125,,
06_019_6602,1426.0,590.0,836.0,753.0,809.0,27.0,20.0,0.5862552594670407,56.0,0.07436918990703852,-7.0,-0.25925925925925924
06_019_5801,1813.0,1226.0,587.0,1259.0,1270.0,20.0,57.0,0.3237727523441809,11.0,0.008737092930897538,37.0,1.85
06_019_2200,1555.0,551.0,1004.0,835.0,888.0,7.0,7.0,0.6456591639871383,53.0,0.06347305389221557,0.0,0.0
06_019_600,1731.0,194.0,1537.0,620.0,621.0,54.0,67.0,0.8879260543038706,1.0,0.0016129032258064516,13.0,0.24074074074074073
06_019_3600,1730.0,1200.0,530.0,1219.0,1159.0,,13.0,0.3063583815028902,-60.0,-0.04922067268252666,,
06_019_4601,1157.0,777.0,380.0,1074.0,1066.0,,,0.32843560933448573,-8.0,-0.0074487895716946,,
06_019_2800,1210.0,318.0,892.0,831.0,872.0,8.0,8.0,0.7371900826446282,41.0,0.049338146811071,0.0,0.0
06_019_5505,2199.0,1910.0,289.0,2235.0,2125.0,,,0.13142337426102774,-110.0,-0.049217002237136466,,
06_019_6802,943.0,520.0,423.0,590.0,708.0,34.0,30.0,0.4485683987274655,118.0,0.2,-4.0,-0.11764705882352941
06_019_5503,1788.0,1353.0,435.0,1739.0,1847.0,31.0,28.0,0.24328859060402686,108.0,0.0621046578493387,-3.0,-0.0967741935483871
06_019_5510,2217.0,1117.0,1100.0,1318.0,1292.0,45.0,53.0,0.4961659900766802,-26.0,-0.019726858877086494,8.0,0.17777777777777778
06_019_5513,908.0,700.0,208.0,1849.0,1877.0,,,0.2290748898678414,28.0,0.015143320713899405,,
06_019_8100,1508.0,766.0,742.0,900.0,875.0,63.0,63.0,0.4920424403183024,-25.0,-0.027777777777777776,0.0,0.0
06_019_4602,1118.0,824.0,294.0,1180.0,1080.0,,,0.2629695885509839,-100.0,-0.0847457627118644,,
06_019_5302,2024.0,675.0,1349.0,791.0,806.0,25.0,,0.666501976284585,15.0,0.018963337547408345,,
06_019_5403,1534.0,235.0,1299.0,749.0,752.0,,,0.8468057366362451,3.0,0.004005340453938585,,
06_019_5507,2039.0,1463.0,576.0,1580.0,1576.0,45.0,39.0,0.28249141736145167,-4.0,-0.002531645569620253,-6.0,-0.13333333333333333
06_019_5605,510.0,402.0,108.0,1586.0,1595.0,24.0,22.0,0.21176470588235294,9.0,0.005674653215636823,-2.0,-0.08333333333333333
06_019_6700,1955.0,1354.0,601.0,983.0,959.0,27.0,26.0,0.30741687979539645,-24.0,-0.024415055951169887,-1.0,-0.037037037037037035
06_019_7201,2431.0,1415.0,1016.0,964.0,1007.0,100.0,155.0,0.41793500617030027,43.0,0.044605809128630707,55.0,0.55
06_019_7202,1598.0,1079.0,519.0,1025.0,1116.0,78.0,40.0,0.32478097622027535,91.0,0.08878048780487804,-38.0,-0.48717948717948717
06_019_7500,1258.0,669.0,589.0,844.0,898.0,,,0.4682034976152623,54.0,0.06398104265402843,,
06_019_5515,593.0,508.0,85.0,1369.0,1771.0,,,0.1433389544688027,402.0,0.293644996347699,,
06_019_5301,1870.0,1035.0,835.0,963.0,1060.0,63.0,19.0,0.446524064171123,97.0,0.10072689511941849,-44.0,-0.6984126984126984
06_019_5407,1141.0,785.0,356.0,1128.0,1144.0,52.0,34.0,0.31200701139351444,16.0,0.014184397163120567,-18.0,-0.34615384615384615
06_019_5512,1608.0,1174.0,434.0,1637.0,1652.0,,,0.26990049751243783,15.0,0.00916310323762981,,
06_019_5602,2127.0,499.0,1628.0,810.0,828.0,,,0.765397273154678,18.0,0.022222222222222223,,
06_019_5701,1363.0,752.0,611.0,1264.0,1228.0,45.0,,0.4482758620689655,-36.0,-0.028481012658227847,,
06_019_2502,1232.0,277.0,955.0,643.0,738.0,,,0.7751623376623377,95.0,0.14774494556765164,,
06_019_2602,1044.0,670.0,374.0,870.0,970.0,,20.0,0.35823754789272033,100.0,0.11494252873563218,,
06_019_5514,1288.0,939.0,349.0,1546.0,1630.0,,,0.27096273291925466,84.0,0.054333764553686936,,
06_019_6402,1211.0,897.0,314.0,1033.0,1012.0,59.0,69.0,0.259289843104872,-21.0,-0.02032913843175218,10.0,0.1694915254237288
06_019_7002,1361.0,585.0,776.0,759.0,812.0,,,0.5701689933872153,53.0,0.06982872200263504,,
06_019_7004,1697.0,1286.0,411.0,1271.0,1226.0,80.0,77.0,0.24219210371243372,-45.0,-0.03540519276160504,-3.0,-0.0375
06_019_7100,1843.0,968.0,875.0,736.0,791.0,22.0,22.0,0.4747693977211069,55.0,0.07472826086956522,0.0,0.0
06_019_5703,1730.0,1550.0,180.0,1631.0,1509.0,33.0,36.0,0.10404624277456648,-122.0,-0.07480073574494175,3.0,0.09090909090909091
06_019_5904,1158.0,924.0,234.0,1450.0,1409.0,38.0,71.0,0.20207253886010362,-41.0,-0.028275862068965516,33.0,0.868421052631579
06_019_6300,2125.0,1480.0,645.0,926.0,1153.0,10.0,10.0,0.3035294117647059,227.0,0.2451403887688985,0.0,0.0
06_019_8200,1655.0,756.0,899.0,680.0,667.0,53.0,21.0,0.543202416918429,-13.0,-0.01911764705882353,-32.0,-0.6037735849056604
06_019_8302,1526.0,661.0,865.0,639.0,664.0,,,0.5668414154652687,25.0,0.03912363067292645,,
06_019_8402,344.0,82.0,262.0,541.0,541.0,64.0,34.0,0.7616279069767442,0.0,0.0,-30.0,-0.46875
06_019_5100,1939.0,724.0,1215.0,765.0,783.0,42.0,44.0,0.626611655492522,18.0,0.023529411764705882,2.0,0.047619047619047616
06_019_5405,1552.0,1062.0,490.0,1093.0,1089.0,4.0,28.0,0.31572164948453607,-4.0,-0.0036596523330283625,24.0,6.0
06_019_5408,57.0,0.0,57.0,,2044.0,,,1.0,,,,
06_019_5504,744.0,590.0,154.0,1489.0,1771.0,61.0,28.0,0.20698924731182797,282.0,0.18938885157824042,-33.0,-0.5409836065573771
06_019_501,763.0,66.0,697.0,679.0,684.0,31.0,33.0,0.9134993446920052,5.0,0.007363770250368188,2.0,0.06451612903225806
06_019_502,964.0,138.0,826.0,707.0,720.0,50.0,35.0,0.8568464730290456,13.0,0.018387553041018388,-15.0,-0.3
06_019_901,560.0,155.0,405.0,807.0,868.0,,,0.7232142857142857,61.0,0.07558859975216853,,
06_019_902,1299.0,362.0,937.0,564.0,507.0,30.0,24.0,0.7213240954580447,-57.0,-0.10106382978723404,-6.0,-0.2
06_019_1303,529.0,201.0,328.0,955.0,960.0,20.0,,0.6200378071833649,5.0,0.005235602094240838,,
06_019_1304,1400.0,418.0,982.0,697.0,695.0,23.0,21.0,0.7014285714285714,-2.0,-0.0028694404591104736,-2.0,-0.08695652173913043
06_019_1407,1539.0,322.0,1217.0,748.0,759.0,99.0,38.0,0.7907732293697206,11.0,0.014705882352941176,-61.0,-0.6161616161616161
06_019_1408,1196.0,270.0,926.0,367.0,388.0,,,0.774247491638796,21.0,0.05722070844686648,,
06_019_1409,620.0,443.0,177.0,1366.0,1417.0,,,0.2854838709677419,51.0,0.03733528550512445,,
06_019_1410,2080.0,1566.0,514.0,1248.0,1262.0,143.0,130.0,0.24711538461538463,14.0,0.011217948717948718,-13.0,-0.09090909090909091
06_019_1411,1633.0,522.0,1111.0,746.0,750.0,,,0.6803429271279853,4.0,0.005361930294906166,,
06_019_1412,718.0,575.0,143.0,1477.0,1519.0,76.0,43.0,0.1991643454038997,42.0,0.02843601895734597,-33.0,-0.4342105263157895
06_019_1413,1110.0,1065.0,45.0,1725.0,1690.0,89.0,91.0,0.04054054054054054,-35.0,-0.020289855072463767,2.0,0.02247191011235955
06_019_1414,1824.0,1532.0,292.0,1552.0,1584.0,157.0,141.0,0.1600877192982456,32.0,0.020618556701030927,-16.0,-0.10191082802547771
06_019_2903,1385.0,418.0,967.0,764.0,789.0,,,0.6981949458483755,25.0,0.032722513089005235,,
06_019_7003,2094.0,1384.0,710.0,1121.0,1061.0,,48.0,0.3390639923591213,-60.0,-0.05352363960749331,,
06_019_7300,1307.0,671.0,636.0,933.0,864.0,47.0,48.0,0.486610558530987,-69.0,-0.07395498392282958,1.0,0.02127659574468085
06_019_300,1006.0,286.0,720.0,678.0,712.0,,,0.7157057654075547,34.0,0.05014749262536873,,
06_019_800,227.0,108.0,119.0,808.0,796.0,,,0.5242290748898678,-12.0,-0.01485148514851485,,
06_019_1301,1316.0,641.0,675.0,750.0,768.0,15.0,,0.5129179331306991,18.0,0.024,,
06_019_1500,735.0,384.0,351.0,774.0,666.0,,,0.4775510204081633,-108.0,-0.13953488372093023,,
06_019_1600,1561.0,787.0,774.0,848.0,903.0,9.0,9.0,0.49583600256245997,55.0,0.06485849056603774,0.0,0.0
06_019_1900,829.0,513.0,316.0,931.0,1020.0,3.0,,0.38118214716525933,89.0,0.09559613319011816,,
06_019_2100,2047.0,1007.0,1040.0,852.0,913.0,,,0.5080605764533463,61.0,0.0715962441314554,,
06_019_2501,1237.0,308.0,929.0,772.0,798.0,,6.0,0.7510105092966856,26.0,0.03367875647668394,,
06_019_2701,1221.0,760.0,461.0,832.0,912.0,43.0,35.0,0.3775593775593776,80.0,0.09615384615384616,-8.0,-0.18604651162790697
06_019_3201,1431.0,745.0,686.0,979.0,900.0,,22.0,0.47938504542278126,-79.0,-0.08069458631256383,,
06_019_2904,766.0,580.0,186.0,931.0,923.0,25.0,19.0,0.24281984334203655,-8.0,-0.008592910848549946,-6.0,-0.24
06_019_2905,817.0,244.0,573.0,828.0,845.0,,,0.7013463892288861,17.0,0.020531400966183576,,
06_019_3003,1300.0,277.0,1023.0,830.0,806.0,,,0.786923076923077,-24.0,-0.02891566265060241,,
06_019_3004,764.0,580.0,184.0,939.0,1075.0,,,0.24083769633507854,136.0,0.1448349307774228,,
06_019_3103,2029.0,755.0,1274.0,843.0,877.0,,,0.6278955150320354,34.0,0.04033214709371293,,
06_019_2906,1415.0,660.0,755.0,836.0,898.0,66.0,83.0,0.5335689045936396,62.0,0.07416267942583732,17.0,0.25757575757575757
06_019_3104,1625.0,640.0,985.0,813.0,826.0,,,0.6061538461538462,13.0,0.015990159901599015,,
06_019_3301,1086.0,541.0,545.0,999.0,1031.0,34.0,34.0,0.501841620626151,32.0,0.03203203203203203,0.0,0.0
06_019_3302,1399.0,724.0,675.0,782.0,821.0,33.0,39.0,0.48248749106504646,39.0,0.049872122762148335,6.0,0.18181818181818182
06_019_3702,1689.0,748.0,941.0,873.0,886.0,40.0,38.0,0.5571343990526939,13.0,0.014891179839633447,-2.0,-0.05
06_019_3807,1022.0,573.0,449.0,935.0,856.0,,,0.43933463796477495,-79.0,-0.08449197860962566,,
06_019_3808,1470.0,1010.0,460.0,1508.0,1490.0,31.0,,0.3129251700680272,-18.0,-0.011936339522546418,,
06_019_3701,1115.0,539.0,576.0,774.0,964.0,28.0,23.0,0.5165919282511211,190.0,0.2454780361757106,-5.0,-0.17857142857142858
06_019_4001,1862.0,1096.0,766.0,1175.0,1078.0,71.0,36.0,0.4113856068743287,-97.0,-0.0825531914893617,-35.0,-0.49295774647887325
06_019_100,420.0,15.0,405.0,282.0,284.0,,,0.9642857142857143,2.0,0.0070921985815602835,,
06_019_200,812.0,154.0,658.0,628.0,773.0,,9.0,0.8103448275862069,145.0,0.23089171974522293,,
06_019_2702,1433.0,411.0,1022.0,789.0,801.0,13.0,,0.7131891137473831,12.0,0.015209125475285171,,
06_019_3001,844.0,305.0,539.0,924.0,928.0,,,0.6386255924170616,4.0,0.004329004329004329,,
06_019_3400,1418.0,561.0,857.0,859.0,828.0,41.0,44.0,0.6043723554301833,-31.0,-0.03608847497089639,3.0,0.07317073170731707
06_019_4207,2080.0,1392.0,688.0,1450.0,1750.0,77.0,79.0,0.33076923076923076,300.0,0.20689655172413793,2.0,0.025974025974025976
06_019_4211,1973.0,1478.0,495.0,1600.0,1550.0,,,0.250886974151039,-50.0,-0.03125,,
06_019_4504,2134.0,796.0,1338.0,935.0,896.0,,,0.626991565135895,-39.0,-0.04171122994652406,,
06_019_3202,1578.0,610.0,968.0,916.0,924.0,46.0,53.0,0.6134347275031685,8.0,0.008733624454148471,7.0,0.15217391304347827
06_019_3500,2008.0,910.0,1098.0,872.0,852.0,26.0,,0.546812749003984,-20.0,-0.022935779816513763,,
06_019_3805,2071.0,850.0,1221.0,838.0,740.0,17.0,21.0,0.5895702559150169,-98.0,-0.11694510739856802,4.0,0.23529411764705882
06_019_4210,1436.0,547.0,889.0,1005.0,1097.0,31.0,26.0,0.6190807799442897,92.0,0.09154228855721393,-5.0,-0.16129032258064516
06_019_4303,1796.0,1503.0,293.0,1309.0,1285.0,12.0,54.0,0.1631403118040089,-24.0,-0.01833460656990069,42.0,3.5
06_019_4503,2089.0,1296.0,793.0,1039.0,1010.0,51.0,76.0,0.37960746768788894,-29.0,-0.02791145332050048,25.0,0.49019607843137253
06_019_6100,1993.0,1210.0,783.0,971.0,1067.0,37.0,20.0,0.39287506271951833,96.0,0.09886714727085479,-17.0,-0.4594594594594595
06_019_400,1259.0,587.0,672.0,680.0,726.0,20.0,20.0,0.5337569499602859,46.0,0.06764705882352941,0.0,0.0
06_019_700,1133.0,550.0,583.0,822.0,822.0,10.0,33.0,0.5145631067961165,0.0,0.0,23.0,2.3
06_019_1100,765.0,308.0,457.0,757.0,734.0,,,0.5973856209150327,-23.0,-0.03038309114927345,,
06_019_1202,1084.0,393.0,691.0,853.0,912.0,,,0.6374538745387454,59.0,0.06916764361078546,,
06_019_1700,1495.0,843.0,652.0,871.0,996.0,21.0,19.0,0.4361204013377926,125.0,0.14351320321469574,-2.0,-0.09523809523809523
06_019_1201,1362.0,607.0,755.0,698.0,787.0,,,0.5543318649045521,89.0,0.12750716332378223,,
06_019_2300,1289.0,514.0,775.0,760.0,796.0,44.0,50.0,0.6012412723041117,36.0,0.04736842105263158,6.0,0.13636363636363635
06_019_3803,2063.0,1806.0,257.0,1399.0,1468.0,60.0,55.0,0.1245758603974794,69.0,0.04932094353109364,-5.0,-0.08333333333333333
06_019_4100,856.0,418.0,438.0,908.0,731.0,,,0.5116822429906542,-177.0,-0.1949339207048458,,
06_019_4212,3917.0,1543.0,2374.0,1059.0,1134.0,58.0,51.0,0.6060760786316058,75.0,0.0708215297450425,-7.0,-0.1206896551724138
06_019_4704,1552.0,504.0,1048.0,776.0,812.0,,,0.6752577319587629,36.0,0.04639175257731959,,
06_019_2400,1252.0,332.0,920.0,616.0,648.0,26.0,27.0,0.7348242811501597,32.0,0.05194805194805195,1.0,0.038461538461538464
06_019_2601,1334.0,546.0,788.0,855.0,858.0,23.0,26.0,0.5907046476761619,3.0,0.0035087719298245615,3.0,0.13043478260869565
06_019_3804,1542.0,1170.0,372.0,1213.0,1351.0,34.0,30.0,0.24124513618677043,138.0,0.11376751854905194,-4.0,-0.11764705882352941
06_019_4208,2515.0,2077.0,438.0,1850.0,1808.0,,,0.17415506958250496,-42.0,-0.022702702702702703,,
06_019_4002,1844.0,942.0,902.0,925.0,893.0,,,0.4891540130151844,-32.0,-0.034594594594594595,,
06_019_4215,1445.0,1176.0,269.0,1989.0,1993.0,,,0.186159169550173,4.0,0.002011060834590246,,
06_019_4216,868.0,630.0,238.0,1488.0,1473.0,20.0,24.0,0.27419354838709675,-15.0,-0.010080645161290322,4.0,0.2
06_019_3809,1335.0,659.0,676.0,1147.0,1073.0,42.0,40.0,0.5063670411985018,-74.0,-0.06451612903225806,-2.0,-0.047619047619047616
06_019_6405,1690.0,1439.0,251.0,1137.0,1164.0,16.0,,0.14852071005917158,27.0,0.023746701846965697,,
06_019_6201,555.0,228.0,327.0,894.0,1040.0,,,0.5891891891891892,146.0,0.16331096196868009,,
06_019_6202,1743.0,941.0,802.0,1030.0,1097.0,,,0.46012621916236374,67.0,0.06504854368932039,,
06_019_6501,1525.0,637.0,888.0,730.0,752.0,,,0.5822950819672131,22.0,0.030136986301369864,,
06_019_6502,1110.0,481.0,629.0,675.0,681.0,,33.0,0.5666666666666667,6.0,0.008888888888888889,,
06_019_6603,528.0,421.0,107.0,958.0,961.0,,,0.20265151515151514,3.0,0.003131524008350731,,
06_019_3810,1481.0,1164.0,317.0,1367.0,1491.0,26.0,26.0,0.21404456448345713,124.0,0.09070958302852963,0.0,0.0
06_019_4213,1290.0,749.0,541.0,1115.0,1267.0,,,0.4193798449612403,152.0,0.13632286995515694,,
06_019_4214,1876.0,1472.0,404.0,1642.0,1610.0,37.0,49.0,0.21535181236673773,-32.0,-0.0194884287454324,12.0,0.32432432432432434
06_019_4506,1531.0,1111.0,420.0,996.0,1014.0,,,0.27433050293925537,18.0,0.018072289156626505,,
06_019_5000,1388.0,869.0,519.0,970.0,964.0,24.0,57.0,0.3739193083573487,-6.0,-0.006185567010309278,33.0,1.375
06_019_5702,1699.0,1509.0,190.0,1757.0,1721.0,51.0,65.0,0.11183048852266039,-36.0,-0.020489470688673878,14.0,0.27450980392156865
06_019_6403,2197.0,1642.0,555.0,825.0,839.0,30.0,33.0,0.25261720527992715,14.0,0.01696969696969697,3.0,0.1
06_019_6604,1860.0,991.0,869.0,852.0,877.0,,,0.46720430107526884,25.0,0.029342723004694836,,
06_019_7801,511.0,200.0,311.0,621.0,701.0,,,0.6086105675146771,80.0,0.1288244766505636,,
06_019_7802,1300.0,158.0,1142.0,522.0,539.0,,,0.8784615384615385,17.0,0.032567049808429116,,
06_019_7901,0.0,0.0,0.0,,,,,,,,,
06_019_7902,777.0,378.0,399.0,817.0,828.0,,,0.5135135135135135,11.0,0.01346389228886169,,
06_019_8501,1082.0,419.0,663.0,743.0,762.0,,,0.6127541589648798,19.0,0.02557200538358008,,
06_019_8502,1683.0,901.0,782.0,971.0,1002.0,,73.0,0.46464646464646464,31.0,0.03192584963954686,,
06_019_7600,1294.0,475.0,819.0,594.0,633.0,10.0,10.0,0.6329211746522411,39.0,0.06565656565656566,0.0,0.0
06_019_8000,1410.0,794.0,616.0,902.0,909.0,31.0,32.0,0.4368794326241135,7.0,0.007760532150776054,1.0,0.03225806451612903
06_019_8401,2112.0,1049.0,1063.0,669.0,685.0,,,0.5033143939393939,16.0,0.02391629297458894,,
06_019_4406,2308.0,1071.0,1237.0,926.0,961.0,45.0,34.0,0.5359618717504333,35.0,0.03779697624190065,-11.0,-0.24444444444444444
06_019_4701,2135.0,1206.0,929.0,802.0,842.0,157.0,171.0,0.4351288056206089,40.0,0.04987531172069826,14.0,0.08917197452229299
06_019_5202,1179.0,393.0,786.0,713.0,704.0,25.0,21.0,0.6666666666666666,-9.0,-0.012622720897615708,-4.0,-0.16
06_019_5304,2182.0,688.0,1494.0,735.0,763.0,,,0.6846929422548121,28.0,0.0380952380952381,,
06_019_5305,1071.0,630.0,441.0,1044.0,1124.0,31.0,41.0,0.4117647058823529,80.0,0.07662835249042145,10.0,0.3225806451612903
06_101_50702,1797.0,1132.0,665.0,1164.0,1146.0,,,0.37006121313299944,-18.0,-0.015463917525773196,,
06_101_50101,2266.0,975.0,1291.0,992.0,953.0,,,0.5697263901147396,-39.0,-0.03931451612903226,,
06_101_50601,2022.0,1531.0,491.0,1354.0,1356.0,,,0.24282888229475766,2.0,0.0014771048744460858,,
06_101_50201,1235.0,364.0,871.0,877.0,793.0,,,0.7052631578947368,-84.0,-0.09578107183580388,,
06_101_50302,1923.0,814.0,1109.0,844.0,871.0,119.0,33.0,0.5767030681227249,27.0,0.031990521327014215,-86.0,-0.7226890756302521
06_101_50501,1852.0,877.0,975.0,1039.0,1099.0,,25.0,0.5264578833693304,60.0,0.05774783445620789,,
06_101_50301,1009.0,598.0,411.0,1002.0,1214.0,,,0.40733399405351833,212.0,0.21157684630738524,,
06_101_51000,786.0,541.0,245.0,1054.0,1180.0,35.0,,0.31170483460559795,126.0,0.11954459203036052,,
06_101_51100,921.0,612.0,309.0,1098.0,1157.0,,,0.3355048859934853,59.0,0.05373406193078324,,
06_101_50102,1777.0,570.0,1207.0,765.0,776.0,68.0,52.0,0.6792346651660102,11.0,0.01437908496732026,-16.0,-0.23529411764705882
06_101_50503,1943.0,1466.0,477.0,1416.0,1417.0,,,0.24549665465774576,1.0,0.0007062146892655367,,
06_101_50900,545.0,365.0,180.0,1083.0,1059.0,17.0,20.0,0.3302752293577982,-24.0,-0.0221606648199446,3.0,0.17647058823529413
06_101_50603,1710.0,1482.0,228.0,1267.0,1272.0,16.0,19.0,0.13333333333333333,5.0,0.003946329913180742,3.0,0.1875
06_101_50604,1713.0,985.0,728.0,1143.0,1113.0,,,0.4249854057209574,-30.0,-0.026246719160104987,,
06_101_50202,1520.0,359.0,1161.0,831.0,749.0,37.0,52.0,0.7638157894736842,-82.0,-0.098676293622142,15.0,0.40540540540540543
06_101_50800,1317.0,1084.0,233.0,1313.0,1206.0,,,0.17691723614274868,-107.0,-0.08149276466108149,,
06_101_50504,2165.0,1947.0,218.0,1273.0,1300.0,,,0.10069284064665127,27.0,0.021209740769835034,,
06_101_50701,1231.0,656.0,575.0,969.0,1002.0,,,0.4670999187652315,33.0,0.034055727554179564,,
06_101_50401,1681.0,1091.0,590.0,1288.0,1329.0,,,0.3509815585960738,41.0,0.03183229813664596,,
06_101_50402,1255.0,1013.0,242.0,1510.0,1339.0,,,0.19282868525896416,-171.0,-0.11324503311258279,,
06_101_50403,1000.0,827.0,173.0,1725.0,1611.0,56.0,31.0,0.173,-114.0,-0.06608695652173913,-25.0,-0.44642857142857145
06_077_2000,1181.0,606.0,575.0,709.0,812.0,41.0,22.0,0.48687552921253174,103.0,0.14527503526093088,-19.0,-0.4634146341463415
06_077_3106,1669.0,1121.0,548.0,1039.0,964.0,64.0,69.0,0.32834032354703413,-75.0,-0.07218479307025986,5.0,0.078125
06_077_3108,1867.0,723.0,1144.0,1010.0,990.0,48.0,54.0,0.612747723620782,-20.0,-0.019801980198019802,6.0,0.125
06_077_3203,1383.0,918.0,465.0,1208.0,1244.0,,,0.3362255965292842,36.0,0.029801324503311258,,
06_077_3311,1130.0,566.0,564.0,1022.0,985.0,,,0.49911504424778763,-37.0,-0.036203522504892366,,
06_077_3700,1021.0,607.0,414.0,739.0,758.0,99.0,102.0,0.4054848188050931,19.0,0.02571041948579161,3.0,0.030303030303030304
06_077_4701,999.0,654.0,345.0,1103.0,959.0,,,0.34534534534534533,-144.0,-0.13055303717135086,,
06_077_5122,1489.0,957.0,532.0,1577.0,1643.0,59.0,57.0,0.3572867696440564,66.0,0.04185161699429296,-2.0,-0.03389830508474576
06_077_3209,1287.0,969.0,318.0,1587.0,1472.0,,,0.24708624708624707,-115.0,-0.07246376811594203,,
06_077_1600,680.0,274.0,406.0,930.0,1011.0,12.0,9.0,0.5970588235294118,81.0,0.08709677419354839,-3.0,-0.25
06_077_1900,1365.0,605.0,760.0,891.0,848.0,131.0,156.0,0.5567765567765568,-43.0,-0.04826038159371493,25.0,0.19083969465648856
06_077_3114,3533.0,2590.0,943.0,2109.0,2106.0,75.0,143.0,0.26691197282762524,-3.0,-0.001422475106685633,68.0,0.9066666666666666
06_077_4902,1986.0,1385.0,601.0,1072.0,1121.0,7.0,8.0,0.3026183282980866,49.0,0.0457089552238806,1.0,0.14285714285714285
06_077_3109,2024.0,1206.0,818.0,1277.0,1196.0,41.0,37.0,0.4041501976284585,-81.0,-0.06342991386061081,-4.0,-0.0975609756097561
06_077_4600,2101.0,1507.0,594.0,1347.0,1321.0,38.0,29.0,0.28272251308900526,-26.0,-0.019302152932442463,-9.0,-0.23684210526315788
06_077_5114,2183.0,1734.0,449.0,2262.0,2268.0,7.0,7.0,0.20568025652771416,6.0,0.002652519893899204,0.0,0.0
06_077_5123,1489.0,754.0,735.0,1549.0,1438.0,72.0,41.0,0.49361987911349897,-111.0,-0.07165913492575855,-31.0,-0.4305555555555556
06_077_5303,1480.0,420.0,1060.0,1039.0,1101.0,17.0,18.0,0.7162162162162162,62.0,0.059672762271414825,1.0,0.058823529411764705
06_077_5403,1841.0,1436.0,405.0,2021.0,1954.0,,,0.21998913633894623,-67.0,-0.033151904997525974,,
06_077_2800,1563.0,1170.0,393.0,1430.0,1409.0,106.0,98.0,0.2514395393474088,-21.0,-0.014685314685314685,-8.0,-0.07547169811320754
06_077_3213,1425.0,748.0,677.0,1312.0,1308.0,35.0,33.0,0.4750877192982456,-4.0,-0.003048780487804878,-2.0,-0.05714285714285714
06_077_3310,1455.0,663.0,792.0,955.0,955.0,33.0,22.0,0.5443298969072164,0.0,0.0,-11.0,-0.3333333333333333
06_077_3500,5599.0,4586.0,1013.0,1849.0,1748.0,263.0,368.0,0.18092516520807286,-101.0,-0.05462412114656571,105.0,0.39923954372623577
06_077_4104,1210.0,1151.0,59.0,1702.0,1719.0,,,0.048760330578512395,17.0,0.0099882491186839,,
06_077_4402,1699.0,1042.0,657.0,1606.0,1480.0,24.0,25.0,0.3866980576809888,-126.0,-0.0784557907845579,1.0,0.041666666666666664
06_077_5108,1406.0,551.0,855.0,1181.0,1181.0,86.0,50.0,0.6081081081081081,0.0,0.0,-36.0,-0.4186046511627907
06_077_5113,2109.0,1502.0,607.0,1130.0,1172.0,35.0,35.0,0.2878141299193931,42.0,0.03716814159292035,0.0,0.0
06_077_3405,1025.0,456.0,569.0,1230.0,1154.0,24.0,19.0,0.5551219512195122,-76.0,-0.061788617886178863,-5.0,-0.20833333333333334
06_077_1101,1709.0,1046.0,663.0,1202.0,1082.0,13.0,31.0,0.3879461673493271,-120.0,-0.09983361064891846,18.0,1.3846153846153846
06_077_700,1331.0,547.0,784.0,872.0,877.0,,,0.5890308039068369,5.0,0.005733944954128441,,
06_077_4404,979.0,377.0,602.0,842.0,887.0,34.0,34.0,0.6149131767109295,45.0,0.05344418052256532,0.0,0.0
06_077_4501,937.0,607.0,330.0,983.0,897.0,9.0,,0.35218783351120597,-86.0,-0.08748728382502544,,
06_077_4502,1136.0,182.0,954.0,775.0,771.0,35.0,35.0,0.8397887323943662,-4.0,-0.005161290322580645,0.0,0.0
06_077_4703,1129.0,911.0,218.0,1752.0,1722.0,,,0.19309123117803365,-30.0,-0.017123287671232876,,
06_077_4704,1546.0,1268.0,278.0,1218.0,1581.0,43.0,43.0,0.17981888745148772,363.0,0.29802955665024633,0.0,0.0
06_077_5129,1043.0,870.0,173.0,1295.0,1382.0,47.0,53.0,0.16586768935762225,87.0,0.06718146718146718,6.0,0.1276595744680851
06_077_5130,880.0,586.0,294.0,1304.0,1288.0,41.0,37.0,0.3340909090909091,-16.0,-0.012269938650306749,-4.0,-0.0975609756097561
06_077_5131,1266.0,949.0,317.0,1238.0,1282.0,,,0.25039494470774093,44.0,0.035541195476575124,,
06_077_5132,1073.0,665.0,408.0,1117.0,964.0,77.0,20.0,0.38024231127679403,-153.0,-0.1369740376007162,-57.0,-0.7402597402597403
06_077_5133,1247.0,728.0,519.0,1608.0,1542.0,41.0,36.0,0.4161988773055333,-66.0,-0.041044776119402986,-5.0,-0.12195121951219512
06_077_5134,1474.0,1219.0,255.0,1639.0,1796.0,,47.0,0.17299864314789687,157.0,0.09579011592434411,,
06_077_5135,1736.0,1478.0,258.0,2034.0,1791.0,25.0,24.0,0.14861751152073732,-243.0,-0.11946902654867257,-1.0,-0.04
06_077_5206,4819.0,3500.0,1319.0,2568.0,2429.0,191.0,197.0,0.2737082382236979,-139.0,-0.05412772585669782,6.0,0.031413612565445025
06_077_5209,1814.0,1491.0,323.0,2290.0,2335.0,78.0,93.0,0.17805953693495039,45.0,0.019650655021834062,15.0,0.19230769230769232
06_077_2702,1070.0,587.0,483.0,848.0,873.0,54.0,38.0,0.4514018691588785,25.0,0.0294811320754717,-16.0,-0.2962962962962963
06_077_3112,1380.0,785.0,595.0,1151.0,1119.0,29.0,,0.4311594202898551,-32.0,-0.02780191138140747,,
06_077_3215,1521.0,590.0,931.0,1131.0,1140.0,,,0.6120973044049968,9.0,0.007957559681697613,,
06_077_402,1669.0,253.0,1416.0,634.0,646.0,70.0,67.0,0.8484122228879568,12.0,0.01892744479495268,-3.0,-0.04285714285714286
06_077_1102,1811.0,929.0,882.0,954.0,962.0,127.0,130.0,0.4870237437879624,8.0,0.008385744234800839,3.0,0.023622047244094488
06_077_2300,1244.0,455.0,789.0,890.0,876.0,,,0.6342443729903537,-14.0,-0.015730337078651686,,
06_077_3208,3695.0,2754.0,941.0,1859.0,1912.0,83.0,93.0,0.2546684709066306,53.0,0.028509951586874662,10.0,0.12048192771084337
06_077_3403,1104.0,676.0,428.0,1459.0,1352.0,17.0,24.0,0.38768115942028986,-107.0,-0.07333790267306374,7.0,0.4117647058823529
06_077_4202,710.0,648.0,62.0,2108.0,1928.0,10.0,7.0,0.08732394366197183,-180.0,-0.08538899430740038,-3.0,-0.3
06_077_3308,645.0,302.0,343.0,997.0,935.0,,,0.5317829457364341,-62.0,-0.062186559679037114,,
06_077_3601,1225.0,1074.0,151.0,1012.0,1051.0,,,0.12326530612244897,39.0,0.038537549407114624,,
06_077_4303,1919.0,1504.0,415.0,1572.0,1710.0,64.0,53.0,0.21625846795205836,138.0,0.08778625954198473,-11.0,-0.171875
06_077_5001,1867.0,1177.0,690.0,1227.0,1115.0,27.0,,0.36957686127477235,-112.0,-0.09127954360228199,,
06_077_5124,1289.0,720.0,569.0,1404.0,1434.0,20.0,,0.44142746314972847,30.0,0.021367521367521368,,
06_077_5127,1405.0,1201.0,204.0,1947.0,1899.0,82.0,48.0,0.14519572953736654,-48.0,-0.02465331278890601,-34.0,-0.4146341463414634
06_077_2701,1730.0,1063.0,667.0,987.0,991.0,73.0,72.0,0.3855491329479769,4.0,0.004052684903748734,-1.0,-0.0136986301369863
06_077_3111,1706.0,381.0,1325.0,980.0,1033.0,,,0.7766705744431418,53.0,0.05408163265306123,,
06_077_3306,1430.0,593.0,837.0,942.0,942.0,13.0,17.0,0.5853146853146853,0.0,0.0,4.0,0.3076923076923077
06_077_3305,1402.0,839.0,563.0,1101.0,930.0,33.0,27.0,0.4015691868758916,-171.0,-0.1553133514986376,-6.0,-0.18181818181818182
06_077_300,879.0,111.0,768.0,688.0,632.0,26.0,24.0,0.8737201365187713,-56.0,-0.08139534883720931,-2.0,-0.07692307692307693
06_077_1500,2274.0,1172.0,1102.0,1035.0,958.0,68.0,77.0,0.484608619173263,-77.0,-0.07439613526570048,9.0,0.1323529411764706
06_077_3210,986.0,509.0,477.0,1597.0,1595.0,28.0,32.0,0.48377281947261663,-2.0,-0.0012523481527864746,4.0,0.14285714285714285
06_077_3214,953.0,827.0,126.0,1672.0,1670.0,65.0,56.0,0.1322140608604407,-2.0,-0.0011961722488038277,-9.0,-0.13846153846153847
06_077_3307,1764.0,586.0,1178.0,896.0,892.0,49.0,49.0,0.6678004535147393,-4.0,-0.004464285714285714,0.0,0.0
06_077_801,1697.0,1173.0,524.0,1483.0,1404.0,73.0,79.0,0.3087802003535651,-79.0,-0.053270397842211735,6.0,0.0821917808219178
06_077_2201,743.0,473.0,270.0,960.0,1095.0,54.0,47.0,0.3633916554508748,135.0,0.140625,-7.0,-0.12962962962962962
06_077_2202,1283.0,649.0,634.0,919.0,948.0,53.0,61.0,0.49415432579890883,29.0,0.031556039173014146,8.0,0.1509433962264151
06_077_2401,1184.0,734.0,450.0,853.0,862.0,63.0,106.0,0.38006756756756754,9.0,0.010550996483001172,43.0,0.6825396825396826
06_077_2402,620.0,321.0,299.0,856.0,889.0,,,0.482258064516129,33.0,0.038551401869158876,,
06_077_2503,661.0,215.0,446.0,456.0,580.0,25.0,23.0,0.6747352496217852,124.0,0.2719298245614035,-2.0,-0.08
06_077_2504,1012.0,681.0,331.0,1505.0,1435.0,34.0,45.0,0.32707509881422925,-70.0,-0.046511627906976744,11.0,0.3235294117647059
06_077_3216,881.0,691.0,190.0,1123.0,1212.0,,,0.21566401816118047,89.0,0.0792520035618878,,
06_077_3217,981.0,388.0,593.0,1048.0,1058.0,,,0.6044852191641182,10.0,0.009541984732824428,,
06_077_3312,913.0,159.0,754.0,812.0,849.0,,,0.8258488499452354,37.0,0.04556650246305419,,
06_077_3313,1038.0,128.0,910.0,951.0,919.0,,,0.8766859344894027,-32.0,-0.033648790746582544,,
06_077_3409,1312.0,747.0,565.0,1377.0,1334.0,29.0,26.0,0.43064024390243905,-43.0,-0.03122730573710966,-3.0,-0.10344827586206896
06_077_1000,1920.0,1355.0,565.0,898.0,987.0,76.0,26.0,0.2942708333333333,89.0,0.09910913140311804,-50.0,-0.6578947368421053
06_077_1200,1705.0,1112.0,593.0,1309.0,1257.0,26.0,49.0,0.3478005865102639,-52.0,-0.03972498090145149,23.0,0.8846153846153846
06_077_1400,1704.0,876.0,828.0,613.0,625.0,56.0,57.0,0.4859154929577465,12.0,0.01957585644371941,1.0,0.017857142857142856
06_077_3205,1300.0,861.0,439.0,1162.0,1367.0,31.0,28.0,0.3376923076923077,205.0,0.1764199655765921,-3.0,-0.0967741935483871
06_077_5210,3037.0,2463.0,574.0,2624.0,2599.0,28.0,78.0,0.18900230490615738,-25.0,-0.009527439024390244,50.0,1.7857142857142858
06_077_5307,999.0,471.0,528.0,1425.0,1433.0,20.0,27.0,0.5285285285285285,8.0,0.005614035087719298,7.0,0.35
06_077_5308,1307.0,793.0,514.0,2073.0,1662.0,,,0.3932670237184392,-411.0,-0.19826338639652677,,
06_077_5405,1013.0,487.0,526.0,1615.0,1663.0,,,0.5192497532082923,48.0,0.029721362229102165,,
06_077_5406,897.0,488.0,409.0,1396.0,1643.0,84.0,66.0,0.4559643255295429,247.0,0.17693409742120345,-18.0,-0.21428571428571427
06_077_5501,706.0,633.0,73.0,449.0,416.0,60.0,55.0,0.10339943342776203,-33.0,-0.07349665924276169,-5.0,-0.08333333333333333
06_077_5207,3393.0,2795.0,598.0,2803.0,2678.0,286.0,206.0,0.17624521072796934,-125.0,-0.04459507670353193,-80.0,-0.27972027972027974
06_077_5208,1907.0,1172.0,735.0,2204.0,2277.0,,,0.38542212899842687,73.0,0.03312159709618875,,
06_077_5502,573.0,394.0,179.0,1929.0,1996.0,23.0,18.0,0.31239092495637,67.0,0.03473302229134267,-5.0,-0.21739130434782608
06_077_3410,1825.0,907.0,918.0,1217.0,1180.0,,,0.503013698630137,-37.0,-0.030402629416598194,,
06_077_4105,1774.0,1385.0,389.0,1310.0,1266.0,,69.0,0.21927846674182638,-44.0,-0.03358778625954199,,
06_077_4106,668.0,380.0,288.0,1069.0,1029.0,,,0.4311377245508982,-40.0,-0.037418147801683815,,
06_077_4308,1177.0,597.0,580.0,1203.0,1248.0,28.0,29.0,0.4927782497875956,45.0,0.03740648379052369,1.0,0.03571428571428571
06_077_4307,1386.0,647.0,739.0,1129.0,1282.0,14.0,13.0,0.5331890331890332,153.0,0.1355181576616475,-1.0,-0.07142857142857142
06_077_4403,1019.0,334.0,685.0,999.0,949.0,19.0,6.0,0.6722276741903828,-50.0,-0.05005005005005005,-13.0,-0.6842105263157895
06_077_3407,992.0,276.0,716.0,787.0,829.0,,,0.7217741935483871,42.0,0.053367217280813214,,
06_077_4001,847.0,476.0,371.0,638.0,751.0,40.0,37.0,0.4380165289256198,113.0,0.17711598746081506,-3.0,-0.075
06_077_4102,2155.0,1796.0,359.0,2147.0,1911.0,88.0,98.0,0.1665893271461717,-236.0,-0.10992081974848626,10.0,0.11363636363636363
06_077_4203,1274.0,543.0,731.0,959.0,976.0,44.0,50.0,0.5737833594976453,17.0,0.017726798748696558,6.0,0.13636363636363635
06_077_4204,1318.0,566.0,752.0,822.0,857.0,35.0,36.0,0.5705614567526556,35.0,0.04257907542579075,1.0,0.02857142857142857
06_077_5003,1673.0,1399.0,274.0,2225.0,1946.0,,,0.16377764494919306,-279.0,-0.1253932584269663,,
06_077_5004,1726.0,1231.0,495.0,1894.0,1895.0,,,0.2867902665121669,1.0,0.0005279831045406547,,
06_077_5106,1658.0,1215.0,443.0,2343.0,2275.0,49.0,39.0,0.267189384800965,-68.0,-0.029022620571916347,-10.0,-0.20408163265306123
06_077_5305,1819.0,922.0,897.0,1608.0,1497.0,62.0,65.0,0.4931280923584387,-111.0,-0.06902985074626866,3.0,0.04838709677419355
06_077_900,1983.0,878.0,1105.0,967.0,1070.0,78.0,78.0,0.5572365103378719,103.0,0.10651499482936919,0.0,0.0
06_077_5110,2203.0,1384.0,819.0,1356.0,1404.0,,,0.37176577394462096,48.0,0.035398230088495575,,
06_077_3602,983.0,665.0,318.0,867.0,853.0,45.0,56.0,0.323499491353001,-14.0,-0.016147635524798153,11.0,0.24444444444444444
06_077_4302,2305.0,1030.0,1275.0,895.0,884.0,36.0,46.0,0.5531453362255966,-11.0,-0.012290502793296089,10.0,0.2777777777777778
06_077_5202,2049.0,1604.0,445.0,2696.0,2677.0,48.0,50.0,0.21717911176183505,-19.0,-0.007047477744807121,2.0,0.041666666666666664
06_077_1800,1148.0,652.0,496.0,999.0,977.0,15.0,32.0,0.43205574912891986,-22.0,-0.022022022022022022,17.0,1.1333333333333333
06_077_4201,2476.0,1529.0,947.0,1218.0,1230.0,32.0,43.0,0.3824717285945073,12.0,0.009852216748768473,11.0,0.34375
06_077_5119,1508.0,1178.0,330.0,1990.0,1948.0,93.0,80.0,0.21883289124668434,-42.0,-0.021105527638190954,-13.0,-0.13978494623655913
06_077_600,501.0,138.0,363.0,683.0,738.0,17.0,17.0,0.7245508982035929,55.0,0.08052708638360176,0.0,0.0
06_077_3113,2047.0,343.0,1704.0,887.0,894.0,,,0.8324377137274059,7.0,0.007891770011273957,,
06_077_4305,2097.0,1129.0,968.0,1473.0,1441.0,25.0,26.0,0.46161182641869336,-32.0,-0.02172437202987101,1.0,0.04
06_077_5126,1333.0,626.0,707.0,1040.0,1067.0,53.0,31.0,0.5303825956489122,27.0,0.025961538461538463,-22.0,-0.41509433962264153
06_077_3110,1523.0,468.0,1055.0,899.0,865.0,11.0,6.0,0.6927117531188444,-34.0,-0.03781979977753059,-5.0,-0.45454545454545453
06_077_3406,1192.0,422.0,770.0,1000.0,895.0,45.0,25.0,0.6459731543624161,-105.0,-0.105,-20.0,-0.4444444444444444
06_077_5109,1397.0,561.0,836.0,915.0,909.0,12.0,33.0,0.5984251968503937,-6.0,-0.006557377049180328,21.0,1.75
06_077_500,881.0,209.0,672.0,825.0,877.0,,,0.7627695800227015,52.0,0.06303030303030303,,
06_077_3404,1663.0,1038.0,625.0,938.0,997.0,,,0.375826819001804,59.0,0.0628997867803838,,
06_077_4800,1786.0,1234.0,552.0,1349.0,1333.0,138.0,124.0,0.3090705487122061,-16.0,-0.011860637509266123,-14.0,-0.10144927536231885
06_077_4901,2649.0,2107.0,542.0,1320.0,1419.0,67.0,87.0,0.2046055115137788,99.0,0.075,20.0,0.29850746268656714
06_077_5125,595.0,437.0,158.0,1683.0,1462.0,29.0,25.0,0.26554621848739496,-221.0,-0.13131313131313133,-4.0,-0.13793103448275862
06_077_5302,2052.0,1268.0,784.0,1212.0,1182.0,108.0,39.0,0.3820662768031189,-30.0,-0.024752475247524754,-69.0,-0.6388888888888888
06_077_100,1556.0,50.0,1506.0,616.0,586.0,17.0,32.0,0.967866323907455,-30.0,-0.048701298701298704,15.0,0.8823529411764706
06_077_401,1215.0,749.0,466.0,1051.0,1027.0,69.0,101.0,0.38353909465020575,-24.0,-0.022835394862036156,32.0,0.463768115942029
06_077_1300,2048.0,1335.0,713.0,900.0,981.0,9.0,,0.34814453125,81.0,0.09,,
06_077_1700,1085.0,614.0,471.0,843.0,890.0,69.0,77.0,0.43410138248847924,47.0,0.05575326215895611,8.0,0.11594202898550725
06_077_2100,1277.0,843.0,434.0,919.0,972.0,70.0,87.0,0.3398590446358653,53.0,0.05767138193688792,17.0,0.24285714285714285
06_077_3801,2930.0,2330.0,600.0,2241.0,2097.0,72.0,71.0,0.20477815699658702,-144.0,-0.0642570281124498,-1.0,-0.013888888888888888
06_077_3802,1581.0,1268.0,313.0,2061.0,1877.0,48.0,54.0,0.19797596457938013,-184.0,-0.08927704997573993,6.0,0.125
06_077_3803,1080.0,644.0,436.0,1041.0,1142.0,29.0,,0.40370370370370373,101.0,0.09702209414024976,,
06_077_3900,538.0,194.0,344.0,706.0,727.0,4.0,2.0,0.6394052044609665,21.0,0.029745042492917848,-2.0,-0.5
06_077_4002,3128.0,2372.0,756.0,2278.0,2208.0,220.0,191.0,0.24168797953964194,-70.0,-0.030728709394205442,-29.0,-0.1318181818181818
06_073_15301,994.0,488.0,506.0,1201.0,1233.0,18.0,20.0,0.5090543259557344,32.0,0.026644462947543714,2.0,0.1111111111111111
06_073_15405,1987.0,1589.0,398.0,1988.0,1953.0,27.0,,0.20030196275792653,-35.0,-0.017605633802816902,,
06_073_15602,722.0,661.0,61.0,2648.0,2717.0,,19.0,0.08448753462603878,69.0,0.026057401812688823,,
06_073_15704,1350.0,607.0,743.0,1095.0,1179.0,83.0,48.0,0.5503703703703704,84.0,0.07671232876712329,-35.0,-0.42168674698795183
06_073_16100,2203.0,1310.0,893.0,1420.0,1423.0,,,0.40535633227417156,3.0,0.002112676056338028,,
06_073_16301,1670.0,582.0,1088.0,1114.0,1119.0,15.0,39.0,0.651497005988024,5.0,0.004488330341113106,24.0,1.6
06_073_16605,3033.0,2396.0,637.0,1344.0,1368.0,68.0,110.0,0.21002307945928125,24.0,0.017857142857142856,42.0,0.6176470588235294
06_073_16606,1152.0,808.0,344.0,1852.0,1885.0,,,0.2986111111111111,33.0,0.017818574514038878,,
06_073_16607,2216.0,1713.0,503.0,1312.0,1299.0,,,0.226985559566787,-13.0,-0.009908536585365854,,
06_073_16612,1863.0,1426.0,437.0,1915.0,1959.0,25.0,33.0,0.2345679012345679,44.0,0.022976501305483028,8.0,0.32
06_073_16802,2808.0,2432.0,376.0,1838.0,1888.0,48.0,44.0,0.1339031339031339,50.0,0.02720348204570185,-4.0,-0.08333333333333333
06_073_16806,1431.0,775.0,656.0,1072.0,1087.0,,28.0,0.4584206848357792,15.0,0.013992537313432836,,
06_073_17030,5446.0,3855.0,1591.0,2669.0,2882.0,58.0,176.0,0.2921410209327947,213.0,0.07980517047583364,118.0,2.0344827586206895
06_073_17031,1366.0,1045.0,321.0,2036.0,2007.0,,,0.2349926793557833,-29.0,-0.01424361493123772,,
06_073_17042,2604.0,1908.0,696.0,2531.0,2541.0,16.0,11.0,0.2672811059907834,10.0,0.0039510075069142635,-5.0,-0.3125
06_073_17044,1865.0,1655.0,210.0,2668.0,2743.0,,,0.1126005361930295,75.0,0.02811094452773613,,
06_073_17045,816.0,783.0,33.0,2830.0,2921.0,,,0.04044117647058824,91.0,0.03215547703180212,,
06_073_4700,616.0,112.0,504.0,958.0,942.0,40.0,41.0,0.8181818181818182,-16.0,-0.016701461377870562,1.0,0.025
06_073_2602,1136.0,209.0,927.0,1015.0,1084.0,24.0,23.0,0.8160211267605634,69.0,0.06798029556650247,-1.0,-0.041666666666666664
06_073_3107,1612.0,1151.0,461.0,1655.0,1689.0,5.0,52.0,0.2859801488833747,34.0,0.02054380664652568,47.0,9.4
06_073_3204,1051.0,932.0,119.0,1891.0,1791.0,68.0,69.0,0.11322549952426261,-100.0,-0.05288207297726071,1.0,0.014705882352941176
06_073_3208,2143.0,1238.0,905.0,1376.0,1319.0,10.0,11.0,0.42230517965468967,-57.0,-0.04142441860465116,1.0,0.1
06_073_3800,11.0,11.0,0.0,,,,,0.0,,,,
06_073_4400,1783.0,648.0,1135.0,1255.0,1144.0,36.0,,0.6365675827257431,-111.0,-0.08844621513944223,,
06_073_1200,2924.0,501.0,2423.0,989.0,1034.0,,,0.8286593707250342,45.0,0.0455005055611729,,
06_073_2501,1448.0,731.0,717.0,1284.0,1241.0,45.0,35.0,0.4951657458563536,-43.0,-0.03348909657320872,-10.0,-0.2222222222222222
06_073_2502,1923.0,1015.0,908.0,1379.0,1394.0,146.0,80.0,0.4721788871554862,15.0,0.010877447425670777,-66.0,-0.4520547945205479
06_073_2904,1880.0,606.0,1274.0,1365.0,1333.0,70.0,71.0,0.6776595744680851,-32.0,-0.023443223443223443,1.0,0.014285714285714285
06_073_3103,1606.0,1243.0,363.0,1582.0,1499.0,114.0,64.0,0.22602739726027396,-83.0,-0.05246523388116309,-50.0,-0.43859649122807015
06_073_3113,1227.0,967.0,260.0,1779.0,1532.0,58.0,48.0,0.21189894050529748,-247.0,-0.13884204609331086,-10.0,-0.1724137931034483
06_073_1400,1439.0,605.0,834.0,1405.0,1374.0,47.0,,0.5795691452397498,-31.0,-0.02206405693950178,,
06_073_2001,1551.0,1254.0,297.0,2019.0,2064.0,10.0,32.0,0.19148936170212766,45.0,0.022288261515601784,22.0,2.2
06_073_2202,1543.0,31.0,1512.0,888.0,904.0,,,0.9799092676604018,16.0,0.018018018018018018,,
06_073_2402,1413.0,145.0,1268.0,851.0,874.0,,,0.897381457891012,23.0,0.02702702702702703,,
06_073_2601,1586.0,551.0,1035.0,952.0,957.0,75.0,51.0,0.6525851197982345,5.0,0.005252100840336135,-24.0,-0.32
06_073_2804,1435.0,902.0,533.0,1593.0,1504.0,44.0,29.0,0.37142857142857144,-89.0,-0.05586942875078468,-15.0,-0.3409090909090909
06_073_2905,1567.0,593.0,974.0,1304.0,1302.0,55.0,47.0,0.6215698787492023,-2.0,-0.0015337423312883436,-8.0,-0.14545454545454545
06_073_21204,1697.0,1529.0,168.0,2747.0,2692.0,78.0,57.0,0.09899823217442545,-55.0,-0.02002184200946487,-21.0,-0.2692307692307692
06_073_21302,1408.0,1172.0,236.0,1665.0,1769.0,,,0.16761363636363635,104.0,0.06246246246246246,,
06_073_21304,770.0,700.0,70.0,2587.0,2961.0,93.0,89.0,0.09090909090909091,374.0,0.14456899884035562,-4.0,-0.043010752688172046
06_073_19403,1555.0,1289.0,266.0,1861.0,1893.0,,7.0,0.17106109324758842,32.0,0.017195056421278884,,
06_073_19503,1404.0,695.0,709.0,1299.0,1195.0,28.0,26.0,0.5049857549857549,-104.0,-0.0800615858352579,-2.0,-0.07142857142857142
06_073_19702,1617.0,1247.0,370.0,1575.0,1651.0,,,0.22881880024737167,76.0,0.04825396825396826,,
06_073_19301,2142.0,1857.0,285.0,2143.0,2402.0,,,0.1330532212885154,259.0,0.12085860942603827,,
06_073_19502,1342.0,259.0,1083.0,1182.0,1203.0,,,0.8070044709388972,21.0,0.017766497461928935,,
06_073_20014,2741.0,2184.0,557.0,2297.0,2337.0,164.0,176.0,0.2032105071141919,40.0,0.0174140182847192,12.0,0.07317073170731707
06_073_20107,1188.0,818.0,370.0,2129.0,2011.0,,9.0,0.3114478114478115,-118.0,-0.055425082198215125,,
06_073_18700,6604.0,77.0,6527.0,1685.0,1777.0,,,0.9883403997577226,92.0,0.05459940652818991,,
06_073_18803,1670.0,1308.0,362.0,1913.0,1871.0,,55.0,0.21676646706586827,-42.0,-0.02195504443282802,,
06_073_19106,2713.0,2217.0,496.0,2334.0,2122.0,100.0,56.0,0.18282344268337633,-212.0,-0.0908311910882605,-44.0,-0.44
06_073_19601,2060.0,1244.0,816.0,1275.0,1359.0,,,0.39611650485436894,84.0,0.06588235294117648,,
06_073_8200,1648.0,684.0,964.0,1954.0,2022.0,11.0,32.0,0.5849514563106796,68.0,0.03480040941658137,21.0,1.9090909090909092
06_073_8301,1199.0,999.0,200.0,1964.0,2188.0,33.0,52.0,0.16680567139282734,224.0,0.11405295315682282,19.0,0.5757575757575758
06_073_8305,806.0,113.0,693.0,936.0,998.0,,,0.8598014888337469,62.0,0.06623931623931624,,
06_073_8307,1581.0,1271.0,310.0,1593.0,1872.0,,,0.19607843137254902,279.0,0.1751412429378531,,
06_073_8324,2769.0,2148.0,621.0,2724.0,2602.0,38.0,,0.22426868905742145,-122.0,-0.044787077826725405,,
06_073_20207,1428.0,536.0,892.0,1104.0,1117.0,,,0.6246498599439776,13.0,0.01177536231884058,,
06_073_20706,2058.0,1826.0,232.0,2094.0,2295.0,32.0,33.0,0.11273080660835763,201.0,0.09598853868194843,1.0,0.03125
06_073_20806,2027.0,983.0,1044.0,1157.0,1170.0,13.0,5.0,0.5150468672915639,13.0,0.011235955056179775,-8.0,-0.6153846153846154
06_073_20902,656.0,458.0,198.0,1052.0,1181.0,47.0,49.0,0.3018292682926829,129.0,0.12262357414448669,2.0,0.0425531914893617
06_073_20904,1301.0,1029.0,272.0,1198.0,1161.0,82.0,81.0,0.20906994619523445,-37.0,-0.030884808013355594,-1.0,-0.012195121951219513
06_073_8327,2233.0,1627.0,606.0,2564.0,2496.0,35.0,44.0,0.27138378862516793,-68.0,-0.0265210608424337,9.0,0.2571428571428571
06_073_8502,2377.0,1466.0,911.0,1330.0,1382.0,31.0,38.0,0.38325620530079935,52.0,0.039097744360902256,7.0,0.22580645161290322
06_073_13503,1912.0,937.0,975.0,1327.0,1356.0,115.0,47.0,0.5099372384937239,29.0,0.02185380557648832,-68.0,-0.591304347826087
06_073_13506,986.0,711.0,275.0,1486.0,1507.0,94.0,48.0,0.2789046653144016,21.0,0.014131897711978465,-46.0,-0.48936170212765956
06_073_13702,1582.0,848.0,734.0,1401.0,1453.0,21.0,19.0,0.4639696586599241,52.0,0.037116345467523196,-2.0,-0.09523809523809523
06_073_14002,1178.0,980.0,198.0,1906.0,1847.0,38.0,26.0,0.16808149405772496,-59.0,-0.030954879328436515,-12.0,-0.3157894736842105
06_073_14101,1134.0,900.0,234.0,1461.0,1456.0,20.0,27.0,0.20634920634920634,-5.0,-0.0034223134839151265,7.0,0.35
06_073_14804,1894.0,1168.0,726.0,1220.0,1186.0,85.0,130.0,0.3833157338965153,-34.0,-0.027868852459016394,45.0,0.5294117647058824
06_073_19904,2654.0,1191.0,1463.0,1475.0,1510.0,,,0.551243406179352,35.0,0.023728813559322035,,
06_073_5700,815.0,65.0,750.0,889.0,930.0,,32.0,0.9202453987730062,41.0,0.04611923509561305,,
06_073_5800,1619.0,361.0,1258.0,1778.0,1894.0,53.0,135.0,0.7770228536133416,116.0,0.06524184476940383,82.0,1.5471698113207548
06_073_6801,1403.0,503.0,900.0,1382.0,1368.0,,,0.6414825374198146,-14.0,-0.010130246020260492,,
06_073_18611,2119.0,1725.0,394.0,2404.0,2367.0,10.0,75.0,0.18593676262387918,-37.0,-0.015391014975041598,65.0,6.5
06_073_19203,876.0,778.0,98.0,1925.0,1884.0,,34.0,0.11187214611872145,-41.0,-0.0212987012987013,,
06_073_19501,722.0,176.0,546.0,1218.0,1184.0,,7.0,0.7562326869806094,-34.0,-0.027914614121510674,,
06_073_19804,1653.0,1481.0,172.0,2201.0,2276.0,30.0,36.0,0.10405323653962492,75.0,0.034075420263516586,6.0,0.2
06_073_19805,1436.0,881.0,555.0,1407.0,1471.0,69.0,,0.3864902506963788,64.0,0.04548685145700071,,
06_073_20018,1933.0,907.0,1026.0,1213.0,1256.0,9.0,8.0,0.5307811691670977,43.0,0.03544929925803792,-1.0,-0.1111111111111111
06_073_20108,1491.0,476.0,1015.0,1465.0,1340.0,44.0,41.0,0.6807511737089202,-125.0,-0.08532423208191127,-3.0,-0.06818181818181818
06_073_20401,888.0,822.0,66.0,2461.0,2310.0,22.0,,0.07432432432432433,-151.0,-0.061357171881349044,,
06_073_20404,1830.0,965.0,865.0,1488.0,1663.0,30.0,52.0,0.4726775956284153,175.0,0.11760752688172044,22.0,0.7333333333333333
06_073_20709,2481.0,2233.0,248.0,2240.0,2292.0,66.0,58.0,0.09995969367190649,52.0,0.023214285714285715,-8.0,-0.12121212121212122
06_073_7800,2443.0,522.0,1921.0,1184.0,1274.0,,,0.7863282848956201,90.0,0.07601351351351351,,
06_073_8002,1032.0,709.0,323.0,2171.0,2314.0,17.0,20.0,0.312984496124031,143.0,0.0658682634730539,3.0,0.17647058823529413
06_073_8349,983.0,677.0,306.0,1755.0,1763.0,29.0,23.0,0.31129196337741605,8.0,0.004558404558404558,-6.0,-0.20689655172413793
06_073_8353,1577.0,1188.0,389.0,1987.0,1944.0,40.0,29.0,0.2466708941027267,-43.0,-0.021640664318067437,-11.0,-0.275
06_073_8357,1505.0,828.0,677.0,1616.0,1611.0,34.0,31.0,0.4498338870431894,-5.0,-0.003094059405940594,-3.0,-0.08823529411764706
06_073_8503,2768.0,1729.0,1039.0,1490.0,1520.0,35.0,,0.37536127167630057,30.0,0.020134228187919462,,
06_073_8506,1529.0,987.0,542.0,1212.0,1453.0,,,0.3544800523217789,241.0,0.19884488448844884,,
06_073_3101,1072.0,780.0,292.0,1476.0,1389.0,20.0,40.0,0.27238805970149255,-87.0,-0.05894308943089431,20.0,1.0
06_073_3111,1681.0,551.0,1130.0,1034.0,1060.0,26.0,28.0,0.6722189173111244,26.0,0.025145067698259187,2.0,0.07692307692307693
06_073_3114,801.0,684.0,117.0,2036.0,2168.0,,,0.14606741573033707,132.0,0.06483300589390963,,
06_073_3212,1117.0,958.0,159.0,1761.0,1674.0,,10.0,0.1423455684870188,-87.0,-0.049403747870528106,,
06_073_3303,1151.0,291.0,860.0,942.0,1008.0,2.0,12.0,0.7471763683753258,66.0,0.07006369426751592,10.0,5.0
06_073_3902,1149.0,330.0,819.0,996.0,994.0,,,0.7127937336814621,-2.0,-0.002008032128514056,,
06_073_5300,2504.0,443.0,2061.0,892.0,1213.0,29.0,32.0,0.8230830670926518,321.0,0.3598654708520179,3.0,0.10344827586206896
06_073_5400,4619.0,1907.0,2712.0,1902.0,1964.0,140.0,180.0,0.5871400736090063,62.0,0.03259726603575184,40.0,0.2857142857142857
06_073_16502,2153.0,758.0,1395.0,1060.0,1257.0,82.0,111.0,0.6479331165815142,197.0,0.18584905660377357,29.0,0.35365853658536583
06_073_2702,1831.0,762.0,1069.0,1208.0,1262.0,112.0,62.0,0.5838339705079192,54.0,0.04470198675496689,-50.0,-0.44642857142857145
06_073_1000,2602.0,381.0,2221.0,1043.0,1105.0,32.0,,0.8535741737125289,62.0,0.059443911792905084,,
06_073_1300,3294.0,441.0,2853.0,1016.0,1056.0,33.0,32.0,0.8661202185792349,40.0,0.03937007874015748,-1.0,-0.030303030303030304
06_073_1500,1739.0,585.0,1154.0,1271.0,1226.0,27.0,54.0,0.6635997699827487,-45.0,-0.03540519276160504,27.0,1.0
06_073_2703,2222.0,1226.0,996.0,1353.0,1328.0,78.0,77.0,0.44824482448244823,-25.0,-0.018477457501847747,-1.0,-0.01282051282051282
06_073_2903,1349.0,895.0,454.0,1323.0,1238.0,55.0,47.0,0.3365455893254262,-85.0,-0.06424792139077853,-8.0,-0.14545454545454545
06_073_3108,969.0,636.0,333.0,1644.0,1625.0,,,0.34365325077399383,-19.0,-0.011557177615571776,,
06_073_3207,2196.0,1528.0,668.0,1638.0,1770.0,52.0,53.0,0.30418943533697634,132.0,0.08058608058608059,1.0,0.019230769230769232
06_073_3214,1524.0,986.0,538.0,1617.0,1571.0,30.0,,0.3530183727034121,-46.0,-0.02844774273345702,,
06_073_3403,1026.0,481.0,545.0,1156.0,1063.0,,,0.5311890838206628,-93.0,-0.08044982698961937,,
06_073_3603,1070.0,313.0,757.0,1026.0,1061.0,10.0,4.0,0.7074766355140187,35.0,0.0341130604288499,-6.0,-0.6
06_073_4000,1182.0,357.0,825.0,1045.0,1041.0,,,0.6979695431472082,-4.0,-0.003827751196172249,,
06_073_4900,1332.0,220.0,1112.0,851.0,855.0,,,0.8348348348348348,4.0,0.004700352526439483,,
06_073_5500,0.0,0.0,0.0,,,,,,,,,
06_073_6300,0.0,0.0,0.0,,,,,,,,,
06_073_6802,2292.0,483.0,1809.0,1353.0,1370.0,29.0,,0.7892670157068062,17.0,0.012564671101256468,,
06_073_6900,2136.0,1372.0,764.0,1426.0,1535.0,36.0,37.0,0.35767790262172283,109.0,0.07643758765778401,1.0,0.027777777777777776
06_073_7301,2718.0,435.0,2283.0,1340.0,1339.0,,,0.8399558498896247,-1.0,-0.0007462686567164179,,
06_073_7400,3038.0,1349.0,1689.0,1308.0,1316.0,,35.0,0.5559578670177748,8.0,0.0061162079510703364,,
06_073_7501,2096.0,411.0,1685.0,1154.0,1255.0,,,0.8039122137404581,101.0,0.08752166377816291,,
06_073_20306,3150.0,1997.0,1153.0,1702.0,1687.0,119.0,95.0,0.36603174603174604,-15.0,-0.00881316098707403,-24.0,-0.20168067226890757
06_073_20403,1269.0,1033.0,236.0,1553.0,1619.0,,,0.18597320724980299,66.0,0.04249839021249195,,
06_073_20405,1252.0,1106.0,146.0,2592.0,2550.0,,,0.11661341853035144,-42.0,-0.016203703703703703,,
06_073_20602,1870.0,768.0,1102.0,1225.0,1229.0,,11.0,0.5893048128342246,4.0,0.0032653061224489797,,
06_073_20705,1426.0,1181.0,245.0,1880.0,1968.0,52.0,53.0,0.1718092566619916,88.0,0.04680851063829787,1.0,0.019230769230769232
06_073_20708,1134.0,879.0,255.0,2404.0,2163.0,8.0,10.0,0.22486772486772486,-241.0,-0.10024958402662229,2.0,0.25
06_073_20805,1070.0,633.0,437.0,1661.0,1771.0,65.0,78.0,0.40841121495327104,110.0,0.06622516556291391,13.0,0.2
06_073_20809,2162.0,1271.0,891.0,1717.0,1674.0,,,0.41211840888066603,-43.0,-0.025043680838672103,,
06_073_20903,1046.0,815.0,231.0,800.0,726.0,68.0,77.0,0.2208413001912046,-74.0,-0.0925,9.0,0.1323529411764706
06_073_21000,1369.0,1019.0,350.0,778.0,830.0,107.0,178.0,0.2556610664718773,52.0,0.06683804627249357,71.0,0.6635514018691588
06_073_8901,2257.0,1073.0,1184.0,1409.0,1496.0,48.0,101.0,0.5245901639344263,87.0,0.061745919091554295,53.0,1.1041666666666667
06_073_9107,1849.0,643.0,1206.0,1535.0,1512.0,,21.0,0.6522444564629529,-23.0,-0.01498371335504886,,
06_073_9901,13.0,0.0,13.0,2525.0,,,,1.0,,,,
06_073_10109,1141.0,713.0,428.0,1686.0,1761.0,,,0.37510955302366344,75.0,0.04448398576512456,,
06_073_11100,1570.0,628.0,942.0,1654.0,1692.0,,53.0,0.6,38.0,0.022974607013301087,,
06_073_12101,691.0,325.0,366.0,1423.0,1331.0,,,0.5296671490593343,-92.0,-0.0646521433591005,,
06_073_20025,1719.0,917.0,802.0,1538.0,1516.0,35.0,39.0,0.4665503199534613,-22.0,-0.014304291287386216,4.0,0.11428571428571428
06_073_20017,1040.0,374.0,666.0,1137.0,1178.0,,,0.6403846153846153,41.0,0.03605980650835532,,
06_073_20022,2413.0,1586.0,827.0,1984.0,2034.0,52.0,44.0,0.34272689598010775,50.0,0.025201612903225805,-8.0,-0.15384615384615385
06_073_20023,1260.0,873.0,387.0,1706.0,1673.0,35.0,31.0,0.30714285714285716,-33.0,-0.019343493552168817,-4.0,-0.11428571428571428
06_073_20105,1275.0,805.0,470.0,1438.0,1504.0,65.0,61.0,0.3686274509803922,66.0,0.0458970792767733,-4.0,-0.06153846153846154
06_073_20210,1504.0,705.0,799.0,1098.0,1080.0,52.0,43.0,0.53125,-18.0,-0.01639344262295082,-9.0,-0.17307692307692307
06_073_20710,622.0,505.0,117.0,2371.0,2284.0,,,0.18810289389067525,-87.0,-0.036693378321383384,,
06_073_20109,1335.0,930.0,405.0,1928.0,1929.0,52.0,23.0,0.30337078651685395,1.0,0.0005186721991701245,-29.0,-0.5576923076923077
06_073_8339,791.0,187.0,604.0,1439.0,1587.0,,,0.7635903919089759,148.0,0.10284920083391244,,
06_073_8347,2006.0,1378.0,628.0,1936.0,1938.0,,,0.31306081754735793,2.0,0.0010330578512396695,,
06_073_8354,1973.0,957.0,1016.0,1951.0,2130.0,,,0.5149518499746579,179.0,0.09174782162993336,,
06_073_8505,2136.0,1385.0,751.0,1497.0,1409.0,28.0,54.0,0.35159176029962547,-88.0,-0.058784235136940546,26.0,0.9285714285714286
06_073_17604,2786.0,1454.0,1332.0,1683.0,1742.0,98.0,101.0,0.4781048097631012,59.0,0.035056446821152706,3.0,0.030612244897959183
06_073_18400,1327.0,240.0,1087.0,1132.0,1089.0,47.0,9.0,0.8191409193669932,-43.0,-0.037985865724381625,-38.0,-0.8085106382978723
06_073_15501,1749.0,1548.0,201.0,1605.0,1701.0,33.0,28.0,0.11492281303602059,96.0,0.059813084112149535,-5.0,-0.15151515151515152
06_073_15703,2255.0,437.0,1818.0,1020.0,1004.0,29.0,34.0,0.8062084257206208,-16.0,-0.01568627450980392,5.0,0.1724137931034483
06_073_15801,1259.0,187.0,1072.0,947.0,1028.0,,,0.8514694201747418,81.0,0.08553326293558607,,
06_073_15802,1383.0,245.0,1138.0,1087.0,1059.0,38.0,42.0,0.8228488792480115,-28.0,-0.025758969641214352,4.0,0.10526315789473684
06_073_15901,965.0,100.0,865.0,941.0,949.0,,,0.8963730569948186,8.0,0.008501594048884165,,
06_073_16000,860.0,596.0,264.0,1407.0,1407.0,40.0,39.0,0.30697674418604654,0.0,0.0,-1.0,-0.025
06_073_16201,2190.0,1715.0,475.0,1571.0,1790.0,,,0.21689497716894976,219.0,0.1394016549968173,,
06_073_16610,1373.0,991.0,382.0,1702.0,1733.0,46.0,42.0,0.27822286962855064,31.0,0.018213866039952998,-4.0,-0.08695652173913043
06_073_16614,1271.0,960.0,311.0,1796.0,1851.0,,,0.24468922108575925,55.0,0.030623608017817373,,
06_073_16615,743.0,410.0,333.0,1909.0,1748.0,,,0.44818304172274565,-161.0,-0.08433734939759036,,
06_073_16702,2351.0,928.0,1423.0,1140.0,1156.0,49.0,51.0,0.6052743513398554,16.0,0.014035087719298246,2.0,0.04081632653061224
06_073_17022,2127.0,1687.0,440.0,1991.0,2039.0,51.0,,0.2068641278796427,48.0,0.024108488196885988,,
06_073_17108,1669.0,1402.0,267.0,2146.0,2311.0,,,0.15997603355302575,165.0,0.07688723205964586,,
06_073_17305,1236.0,1009.0,227.0,2243.0,2179.0,49.0,48.0,0.1836569579288026,-64.0,-0.028533214444939812,-1.0,-0.02040816326530612
06_073_17811,2776.0,1680.0,1096.0,1867.0,1935.0,71.0,75.0,0.39481268011527376,68.0,0.03642206748794858,4.0,0.056338028169014086
06_073_18511,1777.0,763.0,1014.0,1202.0,1188.0,,22.0,0.5706246482836241,-14.0,-0.011647254575707155,,
06_073_18514,2787.0,1852.0,935.0,2021.0,1992.0,41.0,37.0,0.33548618586293505,-29.0,-0.014349332013854528,-4.0,-0.0975609756097561
06_073_18516,1214.0,639.0,575.0,1719.0,1859.0,19.0,22.0,0.47364085667215816,140.0,0.08144269924374636,3.0,0.15789473684210525
06_073_18601,1583.0,1154.0,429.0,2066.0,2113.0,,,0.2710044219835755,47.0,0.022749273959341725,,
06_073_20015,1695.0,1123.0,572.0,1668.0,1821.0,29.0,68.0,0.3374631268436578,153.0,0.09172661870503597,39.0,1.3448275862068966
06_073_20024,1356.0,1080.0,276.0,1310.0,1529.0,,,0.20353982300884957,219.0,0.16717557251908396,,
06_073_20106,1153.0,854.0,299.0,1511.0,1493.0,67.0,48.0,0.2593235039028621,-18.0,-0.011912640635340834,-19.0,-0.2835820895522388
06_073_20206,1246.0,627.0,619.0,1284.0,1438.0,25.0,20.0,0.4967897271268058,154.0,0.11993769470404984,-5.0,-0.2
06_073_20209,1760.0,863.0,897.0,929.0,974.0,90.0,86.0,0.5096590909090909,45.0,0.04843918191603875,-4.0,-0.044444444444444446
06_073_20211,2214.0,731.0,1483.0,1192.0,1194.0,,,0.6698283649503162,2.0,0.0016778523489932886,,
06_073_20304,2320.0,1967.0,353.0,1867.0,1738.0,,,0.15215517241379312,-129.0,-0.06909480449919657,,
06_073_20307,2640.0,1986.0,654.0,1180.0,1247.0,82.0,41.0,0.24772727272727274,67.0,0.05677966101694915,-41.0,-0.5
06_073_20601,1320.0,260.0,1060.0,1115.0,1055.0,25.0,19.0,0.803030303030303,-60.0,-0.053811659192825115,-6.0,-0.24
06_073_1100,1602.0,448.0,1154.0,1108.0,1139.0,,,0.7203495630461922,31.0,0.027978339350180504,,
06_073_1700,2177.0,671.0,1506.0,1068.0,1102.0,45.0,,0.6917776757005053,34.0,0.031835205992509365,,
06_073_1800,2739.0,524.0,2215.0,895.0,943.0,,,0.8086893026652063,48.0,0.053631284916201116,,
06_073_1900,1471.0,808.0,663.0,1299.0,1403.0,,,0.4507138001359619,104.0,0.0800615858352579,,
06_073_2100,2231.0,495.0,1736.0,980.0,1023.0,27.0,17.0,0.7781264007171672,43.0,0.04387755102040816,-10.0,-0.37037037037037035
06_073_2401,1531.0,353.0,1178.0,965.0,1077.0,37.0,15.0,0.7694317439581972,112.0,0.11606217616580311,-22.0,-0.5945945945945946
06_073_2708,1918.0,123.0,1795.0,886.0,899.0,22.0,25.0,0.9358706986444213,13.0,0.014672686230248307,3.0,0.13636363636363635
06_073_2709,1065.0,355.0,710.0,1008.0,1030.0,22.0,14.0,0.6666666666666666,22.0,0.021825396825396824,-8.0,-0.36363636363636365
06_073_2803,2291.0,754.0,1537.0,1116.0,1144.0,,,0.6708860759493671,28.0,0.025089605734767026,,
06_073_2902,2246.0,848.0,1398.0,1158.0,1133.0,,,0.622439893143366,-25.0,-0.02158894645941278,,
06_073_3115,1706.0,1036.0,670.0,1381.0,1219.0,41.0,50.0,0.39273153575615477,-162.0,-0.1173062997827661,9.0,0.21951219512195122
06_073_3202,1301.0,948.0,353.0,1301.0,1248.0,79.0,69.0,0.27132974634896234,-53.0,-0.04073789392774789,-10.0,-0.12658227848101267
06_073_3502,1230.0,447.0,783.0,916.0,959.0,23.0,23.0,0.6365853658536585,43.0,0.04694323144104803,0.0,0.0
06_073_3602,752.0,311.0,441.0,1161.0,1143.0,,,0.586436170212766,-18.0,-0.015503875968992248,,
06_073_4100,2543.0,622.0,1921.0,990.0,1024.0,42.0,86.0,0.7554069996067637,34.0,0.03434343434343434,44.0,1.0476190476190477
06_073_5100,2711.0,395.0,2316.0,1067.0,1091.0,73.0,67.0,0.8542973072666913,24.0,0.022492970946579195,-6.0,-0.0821917808219178
06_073_6100,1143.0,439.0,704.0,1437.0,1395.0,,,0.615923009623797,-42.0,-0.029227557411273485,,
06_073_7100,2123.0,1573.0,550.0,1745.0,1934.0,,,0.25906735751295334,189.0,0.10830945558739255,,
06_073_7302,834.0,677.0,157.0,2013.0,1692.0,,,0.1882494004796163,-321.0,-0.15946348733233978,,
06_073_8102,1367.0,1045.0,322.0,2533.0,2760.0,24.0,26.0,0.23555230431602048,227.0,0.08961705487564153,2.0,0.08333333333333333
06_073_8333,4291.0,2540.0,1751.0,3100.0,3272.0,156.0,175.0,0.40806338848753204,172.0,0.05548387096774193,19.0,0.12179487179487179
06_073_8507,2743.0,1574.0,1169.0,1202.0,1257.0,142.0,141.0,0.4261757200145826,55.0,0.045757071547420966,-1.0,-0.007042253521126761
06_073_8509,2655.0,1480.0,1175.0,1507.0,1538.0,42.0,,0.4425612052730697,31.0,0.0205706702057067,,
06_073_8510,2641.0,1309.0,1332.0,1177.0,1251.0,,,0.5043544112078758,74.0,0.06287170773152082,,
06_073_9505,2680.0,1817.0,863.0,2091.0,2095.0,37.0,43.0,0.3220149253731343,4.0,0.001912960306073649,6.0,0.16216216216216217
06_073_9509,1981.0,534.0,1447.0,1639.0,1570.0,,,0.7304391721352852,-69.0,-0.042098840756558877,,
06_073_9705,1325.0,1005.0,320.0,1684.0,1634.0,68.0,62.0,0.24150943396226415,-50.0,-0.029691211401425176,-6.0,-0.08823529411764706
06_073_9902,0.0,0.0,0.0,,,,,,,,,
06_073_10004,1045.0,970.0,75.0,1666.0,1613.0,,,0.07177033492822966,-53.0,-0.03181272509003601,,
06_073_10103,1744.0,761.0,983.0,857.0,874.0,41.0,,0.5636467889908257,17.0,0.019836639439906652,,
06_073_9201,1622.0,615.0,1007.0,1617.0,1743.0,,,0.6208384710234278,126.0,0.07792207792207792,,
06_073_9706,2807.0,2379.0,428.0,1723.0,1607.0,58.0,65.0,0.1524759529747061,-116.0,-0.0673244341265235,7.0,0.1206896551724138
06_073_10010,1696.0,977.0,719.0,1009.0,1060.0,31.0,,0.423938679245283,51.0,0.05054509415262636,,
06_073_10104,1041.0,787.0,254.0,1288.0,1427.0,,,0.24399615754082613,139.0,0.10791925465838509,,
06_073_10106,1537.0,792.0,745.0,1122.0,1110.0,28.0,24.0,0.4847104749512036,-12.0,-0.0106951871657754,-4.0,-0.14285714285714285
06_073_10300,1465.0,816.0,649.0,1395.0,1380.0,25.0,27.0,0.44300341296928325,-15.0,-0.010752688172043012,2.0,0.08
06_073_10402,1904.0,269.0,1635.0,1045.0,1044.0,107.0,80.0,0.8587184873949579,-1.0,-0.0009569377990430622,-27.0,-0.2523364485981308
06_073_8328,1585.0,1336.0,249.0,4001.0,4001.0,32.0,32.0,0.15709779179810726,0.0,0.0,0.0,0.0
06_073_8330,2050.0,1311.0,739.0,2414.0,2446.0,35.0,42.0,0.36048780487804877,32.0,0.013256006628003313,7.0,0.2
06_073_8346,1556.0,1303.0,253.0,2645.0,2653.0,,,0.16259640102827763,8.0,0.0030245746691871457,,
06_073_8352,1126.0,613.0,513.0,1606.0,1654.0,,,0.455595026642984,48.0,0.029887920298879204,,
06_073_9103,1584.0,1142.0,442.0,1562.0,1589.0,64.0,31.0,0.27904040404040403,27.0,0.017285531370038413,-33.0,-0.515625
06_073_9304,4175.0,1016.0,3159.0,1693.0,1749.0,163.0,101.0,0.7566467065868263,56.0,0.03307737743650325,-62.0,-0.3803680981595092
06_073_4800,1037.0,187.0,850.0,905.0,891.0,23.0,72.0,0.819672131147541,-14.0,-0.015469613259668509,49.0,2.130434782608696
06_073_6600,468.0,0.0,468.0,1816.0,1885.0,,,1.0,69.0,0.037995594713656385,,
06_073_7002,1237.0,1108.0,129.0,2030.0,2308.0,,,0.10428455941794665,278.0,0.13694581280788176,,
06_073_7502,1615.0,205.0,1410.0,1205.0,1191.0,,,0.8730650154798761,-14.0,-0.011618257261410789,,
06_073_9502,1754.0,929.0,825.0,1501.0,1571.0,,,0.47035347776510833,70.0,0.046635576282478344,,
06_073_8701,1256.0,184.0,1072.0,1327.0,1413.0,,,0.8535031847133758,86.0,0.06480783722682742,,
06_073_9104,1155.0,910.0,245.0,1822.0,1547.0,,,0.21212121212121213,-275.0,-0.1509330406147091,,
06_073_13102,1961.0,565.0,1396.0,1156.0,1201.0,40.0,75.0,0.7118816930137685,45.0,0.03892733564013841,35.0,0.875
06_073_13205,651.0,216.0,435.0,894.0,868.0,11.0,,0.6682027649769585,-26.0,-0.029082774049217,,
06_073_13302,1309.0,1174.0,135.0,1681.0,1692.0,49.0,37.0,0.10313216195569137,11.0,0.006543723973825104,-12.0,-0.24489795918367346
06_073_13604,2158.0,1351.0,807.0,1710.0,1723.0,,,0.37395736793327156,13.0,0.00760233918128655,,
06_073_13605,2064.0,1727.0,337.0,2256.0,2226.0,77.0,111.0,0.16327519379844962,-30.0,-0.013297872340425532,34.0,0.44155844155844154
06_073_3001,1242.0,853.0,389.0,1058.0,1109.0,45.0,48.0,0.3132045088566828,51.0,0.048204158790170135,3.0,0.06666666666666667
06_073_18609,1681.0,1165.0,516.0,1576.0,1539.0,35.0,37.0,0.30696014277215944,-37.0,-0.023477157360406092,2.0,0.05714285714285714
06_073_18801,1347.0,1132.0,215.0,2349.0,2158.0,,,0.15961395694135114,-191.0,-0.08131119625372499,,
06_073_18905,2100.0,827.0,1273.0,1090.0,1072.0,10.0,11.0,0.6061904761904762,-18.0,-0.01651376146788991,1.0,0.1
06_073_19602,1632.0,1000.0,632.0,1556.0,1750.0,,,0.3872549019607843,194.0,0.12467866323907455,,
06_073_19902,1196.0,749.0,447.0,1587.0,1366.0,27.0,25.0,0.3737458193979933,-221.0,-0.13925645872715817,-2.0,-0.07407407407407407
06_073_19905,1753.0,1130.0,623.0,1384.0,1381.0,15.0,,0.3553907586993725,-3.0,-0.002167630057803468,,
06_073_20013,4453.0,3631.0,822.0,2710.0,2930.0,26.0,,0.1845946552885695,220.0,0.08118081180811808,,
06_073_20016,3078.0,2573.0,505.0,2688.0,2698.0,105.0,115.0,0.1640675763482781,10.0,0.003720238095238095,10.0,0.09523809523809523
06_073_8312,1587.0,1027.0,560.0,1745.0,1713.0,53.0,42.0,0.35286704473850034,-32.0,-0.01833810888252149,-11.0,-0.20754716981132076
06_073_8351,1327.0,740.0,587.0,1687.0,1809.0,20.0,22.0,0.4423511680482291,122.0,0.07231772377000593,2.0,0.1
06_073_5900,1690.0,317.0,1373.0,1048.0,1117.0,68.0,126.0,0.8124260355029586,69.0,0.06583969465648855,58.0,0.8529411764705882
06_073_7903,2527.0,703.0,1824.0,1247.0,1331.0,57.0,79.0,0.7218045112781954,84.0,0.0673616680032077,22.0,0.38596491228070173
06_073_16901,2338.0,1740.0,598.0,1723.0,1804.0,51.0,46.0,0.2557741659538067,81.0,0.047011027278003485,-5.0,-0.09803921568627451
06_073_17401,2520.0,1236.0,1284.0,1712.0,1860.0,22.0,,0.5095238095238095,148.0,0.08644859813084112,,
06_073_13206,2297.0,723.0,1574.0,868.0,911.0,97.0,104.0,0.6852416195037004,43.0,0.04953917050691244,7.0,0.07216494845360824
06_073_13419,2328.0,1874.0,454.0,2909.0,2882.0,118.0,113.0,0.1950171821305842,-27.0,-0.009281540048126504,-5.0,-0.0423728813559322
06_073_15406,893.0,765.0,128.0,2535.0,2715.0,,,0.1433370660694289,180.0,0.07100591715976332,,
06_073_17403,1935.0,1551.0,384.0,1956.0,2122.0,,,0.19844961240310077,166.0,0.08486707566462168,,
06_073_19208,1076.0,897.0,179.0,2549.0,2250.0,43.0,44.0,0.16635687732342008,-299.0,-0.11730090231463319,1.0,0.023255813953488372
06_073_21900,669.0,153.0,516.0,898.0,894.0,33.0,26.0,0.7713004484304933,-4.0,-0.004454342984409799,-7.0,-0.21212121212121213
06_073_22000,1175.0,193.0,982.0,1007.0,1014.0,26.0,35.0,0.8357446808510638,7.0,0.006951340615690168,9.0,0.34615384615384615
06_073_22100,3123.0,1723.0,1400.0,2020.0,1951.0,46.0,88.0,0.44828690361831575,-69.0,-0.03415841584158416,42.0,0.9130434782608695
06_073_990100,0.0,0.0,0.0,,,,,,,,,
06_073_9202,1757.0,1228.0,529.0,1942.0,1946.0,31.0,28.0,0.3010813887307911,4.0,0.0020597322348094747,-3.0,-0.0967741935483871
06_073_9506,1608.0,1110.0,498.0,2041.0,2056.0,26.0,,0.30970149253731344,15.0,0.007349338559529643,,
06_073_9602,1689.0,1287.0,402.0,965.0,1072.0,35.0,32.0,0.23801065719360567,107.0,0.11088082901554404,-3.0,-0.08571428571428572
06_073_9604,1358.0,802.0,556.0,1268.0,1283.0,49.0,29.0,0.40942562592047127,15.0,0.011829652996845425,-20.0,-0.40816326530612246
06_073_10001,1035.0,738.0,297.0,1644.0,1802.0,42.0,61.0,0.28695652173913044,158.0,0.09610705596107055,19.0,0.4523809523809524
06_073_10013,1419.0,85.0,1334.0,910.0,922.0,19.0,,0.9400986610288936,12.0,0.013186813186813187,,
06_073_10015,562.0,393.0,169.0,1755.0,2069.0,30.0,24.0,0.30071174377224197,314.0,0.1789173789173789,-6.0,-0.2
06_073_10111,796.0,390.0,406.0,1057.0,1101.0,,,0.5100502512562815,44.0,0.041627246925260174,,
06_073_10502,1866.0,206.0,1660.0,1050.0,1084.0,24.0,24.0,0.8896034297963559,34.0,0.03238095238095238,0.0,0.0
06_073_11000,1338.0,427.0,911.0,1805.0,1883.0,,40.0,0.6808669656203289,78.0,0.043213296398891966,,
06_073_11300,31.0,0.0,31.0,597.0,586.0,,,1.0,-11.0,-0.018425460636515914,,
06_073_12002,1273.0,220.0,1053.0,624.0,680.0,23.0,23.0,0.8271798900235664,56.0,0.08974358974358974,0.0,0.0
06_073_12304,1182.0,701.0,481.0,1232.0,1206.0,39.0,53.0,0.4069373942470389,-26.0,-0.021103896103896104,14.0,0.358974358974359
06_073_12900,1139.0,825.0,314.0,1275.0,1416.0,,,0.27568042142230026,141.0,0.11058823529411765,,
06_073_10401,815.0,186.0,629.0,1089.0,1122.0,,,0.7717791411042945,33.0,0.030303030303030304,,
06_073_10900,719.0,502.0,217.0,1856.0,1947.0,35.0,36.0,0.30180806675938804,91.0,0.0490301724137931,1.0,0.02857142857142857
06_073_13306,1280.0,888.0,392.0,1456.0,1437.0,69.0,73.0,0.30625,-19.0,-0.01304945054945055,4.0,0.057971014492753624
06_073_13505,1885.0,1068.0,817.0,1557.0,1584.0,13.0,13.0,0.43342175066313,27.0,0.017341040462427744,0.0,0.0
06_073_13701,884.0,739.0,145.0,1773.0,1875.0,,22.0,0.16402714932126697,102.0,0.05752961082910321,,
06_073_13908,1067.0,530.0,537.0,1126.0,1092.0,38.0,21.0,0.5032802249297095,-34.0,-0.03019538188277087,-17.0,-0.4473684210526316
06_073_16608,811.0,731.0,80.0,2258.0,2329.0,,,0.09864364981504316,71.0,0.031443755535872454,,
06_073_16804,2425.0,1018.0,1407.0,1125.0,1163.0,,,0.5802061855670103,38.0,0.033777777777777775,,
06_073_17009,1364.0,983.0,381.0,1415.0,1401.0,29.0,33.0,0.2793255131964809,-14.0,-0.009893992932862191,4.0,0.13793103448275862
06_073_17015,2951.0,2208.0,743.0,1929.0,1915.0,,,0.25177905794645883,-14.0,-0.007257646448937273,,
06_073_10800,1190.0,491.0,699.0,1633.0,1626.0,,,0.5873949579831933,-7.0,-0.004286589099816289,,
06_073_11700,2320.0,445.0,1875.0,892.0,879.0,73.0,161.0,0.8081896551724138,-13.0,-0.014573991031390135,88.0,1.2054794520547945
06_073_12102,1008.0,471.0,537.0,1252.0,1197.0,41.0,,0.5327380952380952,-55.0,-0.0439297124600639,,
06_073_12303,1281.0,524.0,757.0,1279.0,1308.0,,,0.5909445745511319,29.0,0.022673964034401875,,
06_073_12600,1510.0,614.0,896.0,1190.0,1186.0,20.0,43.0,0.5933774834437087,-4.0,-0.0033613445378151263,23.0,1.15
06_073_13103,736.0,314.0,422.0,831.0,1070.0,,,0.5733695652173914,239.0,0.28760529482551145,,
06_073_13311,2877.0,2210.0,667.0,2468.0,2467.0,79.0,114.0,0.23183872088981577,-1.0,-0.0004051863857374392,35.0,0.4430379746835443
06_073_13412,1578.0,1220.0,358.0,2015.0,1940.0,28.0,48.0,0.22686945500633712,-75.0,-0.03722084367245657,20.0,0.7142857142857143
06_073_13414,2137.0,1675.0,462.0,2060.0,2202.0,84.0,88.0,0.21619092185306504,142.0,0.06893203883495146,4.0,0.047619047619047616
06_073_3004,1267.0,663.0,604.0,1168.0,1238.0,53.0,47.0,0.47671665351223363,70.0,0.059931506849315065,-6.0,-0.11320754716981132
06_073_3109,842.0,624.0,218.0,2101.0,2067.0,,,0.2589073634204275,-34.0,-0.01618277010947168,,
06_073_3112,1188.0,763.0,425.0,1462.0,1387.0,36.0,59.0,0.35774410774410775,-75.0,-0.05129958960328317,23.0,0.6388888888888888
06_073_3213,1038.0,842.0,196.0,2089.0,2189.0,39.0,31.0,0.18882466281310212,100.0,0.04786979415988511,-8.0,-0.20512820512820512
06_073_3601,730.0,298.0,432.0,874.0,925.0,22.0,22.0,0.5917808219178082,51.0,0.05835240274599542,0.0,0.0
06_073_3901,892.0,238.0,654.0,989.0,1030.0,,27.0,0.7331838565022422,41.0,0.041456016177957536,,
06_073_4501,1246.0,275.0,971.0,960.0,1002.0,25.0,,0.7792937399678973,42.0,0.04375,,
06_073_4600,1048.0,75.0,973.0,982.0,1024.0,,,0.9284351145038168,42.0,0.04276985743380855,,
06_073_11902,1436.0,1225.0,211.0,1567.0,1555.0,,,0.1469359331476323,-12.0,-0.007657945118059987,,
06_073_13909,1292.0,1079.0,213.0,1429.0,1523.0,15.0,22.0,0.16486068111455107,94.0,0.06578026592022393,7.0,0.4666666666666667
06_073_16302,1468.0,571.0,897.0,1005.0,1129.0,50.0,26.0,0.6110354223433242,124.0,0.12338308457711443,-24.0,-0.48
06_073_10112,1459.0,174.0,1285.0,1266.0,1262.0,,,0.8807402330363262,-4.0,-0.00315955766192733,,
06_073_2301,1114.0,106.0,1008.0,889.0,944.0,,,0.9048473967684022,55.0,0.06186726659167604,,
06_073_3404,1109.0,443.0,666.0,1092.0,1126.0,18.0,,0.6005410279531109,34.0,0.031135531135531136,,
06_073_18903,1590.0,940.0,650.0,1044.0,997.0,31.0,25.0,0.4088050314465409,-47.0,-0.045019157088122604,-6.0,-0.1935483870967742
06_073_20208,689.0,575.0,114.0,1946.0,1741.0,,,0.16545718432510886,-205.0,-0.10534429599177801,,
06_073_8337,1343.0,1127.0,216.0,2242.0,2313.0,,,0.16083395383469842,71.0,0.03166815343443354,,
06_073_10005,1948.0,745.0,1203.0,749.0,735.0,12.0,,0.6175564681724846,-14.0,-0.018691588785046728,,
06_073_12402,1803.0,424.0,1379.0,1017.0,1047.0,41.0,37.0,0.7648363838047698,30.0,0.029498525073746312,-4.0,-0.0975609756097561
06_073_13801,1672.0,965.0,707.0,1484.0,1446.0,,,0.42284688995215314,-38.0,-0.025606469002695417,,
06_073_13906,1638.0,869.0,769.0,1217.0,1181.0,31.0,30.0,0.4694749694749695,-36.0,-0.029580936729663106,-1.0,-0.03225806451612903
06_073_10110,1884.0,984.0,900.0,1280.0,1274.0,33.0,39.0,0.47770700636942676,-6.0,-0.0046875,6.0,0.18181818181818182
06_073_16807,2508.0,2078.0,430.0,1487.0,1476.0,133.0,70.0,0.17145135566188197,-11.0,-0.007397444519166106,-63.0,-0.47368421052631576
06_073_17020,1331.0,1164.0,167.0,2611.0,2708.0,22.0,22.0,0.12546957175056347,97.0,0.03715051704327844,0.0,0.0
06_073_17501,1283.0,657.0,626.0,1735.0,1921.0,,,0.48791893998441155,186.0,0.10720461095100864,,
06_073_9703,1365.0,949.0,416.0,1731.0,1831.0,41.0,40.0,0.3047619047619048,100.0,0.057770075101097634,-1.0,-0.024390243902439025
06_073_10012,1212.0,417.0,795.0,1177.0,1141.0,32.0,43.0,0.655940594059406,-36.0,-0.03058623619371283,11.0,0.34375
06_073_11802,1730.0,429.0,1301.0,976.0,995.0,24.0,,0.7520231213872832,19.0,0.0194672131147541,,
06_073_2705,1331.0,852.0,479.0,1554.0,1469.0,,,0.35987978963185574,-85.0,-0.0546975546975547,,
06_073_3211,884.0,766.0,118.0,1723.0,1761.0,,,0.1334841628959276,38.0,0.022054556006964595,,
06_073_6500,1377.0,225.0,1152.0,934.0,970.0,,,0.8366013071895425,36.0,0.03854389721627409,,
06_073_8511,1226.0,708.0,518.0,1949.0,1843.0,57.0,40.0,0.42251223491027734,-106.0,-0.05438686505900462,-17.0,-0.2982456140350877
06_073_12700,1814.0,300.0,1514.0,981.0,1041.0,34.0,22.0,0.834619625137817,60.0,0.06116207951070336,-12.0,-0.35294117647058826
06_073_18519,1367.0,732.0,635.0,1367.0,1434.0,21.0,34.0,0.46452084857351866,67.0,0.04901243599122165,13.0,0.6190476190476191
06_073_8335,3262.0,2647.0,615.0,2998.0,3034.0,,,0.1885346413243409,36.0,0.01200800533689126,,
06_073_8336,749.0,722.0,27.0,2423.0,2410.0,,,0.036048064085447265,-13.0,-0.005365249690466364,,
06_073_8344,1232.0,879.0,353.0,2176.0,2069.0,10.0,,0.286525974025974,-107.0,-0.04917279411764706,,
06_073_8348,1711.0,1195.0,516.0,2020.0,1962.0,10.0,,0.3015780245470485,-58.0,-0.028712871287128714,,
06_073_8501,2222.0,1456.0,766.0,1723.0,1736.0,,,0.34473447344734476,13.0,0.0075449796865931515,,
06_073_8513,1125.0,909.0,216.0,1951.0,2083.0,,,0.192,132.0,0.06765761148129165,,
06_073_16402,2314.0,918.0,1396.0,1102.0,1161.0,48.0,48.0,0.6032843560933449,59.0,0.05353901996370236,0.0,0.0
06_073_13416,1248.0,1011.0,237.0,2003.0,2006.0,65.0,42.0,0.18990384615384615,3.0,0.0014977533699450823,-23.0,-0.35384615384615387
06_073_13417,631.0,437.0,194.0,2614.0,2671.0,,,0.3074484944532488,57.0,0.02180566182096404,,
06_073_14102,1124.0,844.0,280.0,1655.0,1643.0,,,0.2491103202846975,-12.0,-0.0072507552870090634,,
06_073_14601,1966.0,754.0,1212.0,1040.0,1070.0,,,0.6164801627670397,30.0,0.028846153846153848,,
06_073_14700,3090.0,1905.0,1185.0,1442.0,1449.0,81.0,71.0,0.38349514563106796,7.0,0.0048543689320388345,-10.0,-0.12345679012345678
06_073_15404,2473.0,1009.0,1464.0,1218.0,1234.0,28.0,36.0,0.5919935301253538,16.0,0.013136288998357963,8.0,0.2857142857142857
06_073_15902,1698.0,606.0,1092.0,976.0,997.0,22.0,,0.6431095406360424,21.0,0.02151639344262295,,
06_073_16202,1298.0,188.0,1110.0,1084.0,1044.0,37.0,,0.8551617873651772,-40.0,-0.03690036900369004,,
06_073_16609,1689.0,1279.0,410.0,1985.0,2039.0,,23.0,0.2427471876850207,54.0,0.027204030226700253,,
06_073_17006,1009.0,888.0,121.0,2304.0,2348.0,20.0,26.0,0.1199207135777998,44.0,0.019097222222222224,6.0,0.3
06_073_17029,2644.0,2345.0,299.0,3440.0,3738.0,94.0,147.0,0.11308623298033282,298.0,0.08662790697674419,53.0,0.5638297872340425
06_073_17039,2593.0,1845.0,748.0,2253.0,2288.0,68.0,47.0,0.2884689548785191,35.0,0.015534842432312472,-21.0,-0.3088235294117647
06_073_17040,1364.0,1197.0,167.0,2282.0,2218.0,29.0,42.0,0.12243401759530792,-64.0,-0.028045574057843997,13.0,0.4482758620689655
06_073_17048,2187.0,1133.0,1054.0,1233.0,1282.0,66.0,49.0,0.4819387288523091,49.0,0.039740470397404706,-17.0,-0.25757575757575757
06_073_19808,2234.0,1631.0,603.0,1224.0,1228.0,15.0,16.0,0.26991942703670546,4.0,0.0032679738562091504,1.0,0.06666666666666667
06_073_19809,1558.0,1377.0,181.0,1626.0,1595.0,39.0,36.0,0.11617458279845956,-31.0,-0.019065190651906518,-3.0,-0.07692307692307693
06_073_20026,1785.0,1527.0,258.0,1545.0,1391.0,,,0.14453781512605043,-154.0,-0.09967637540453074,,
06_073_20027,4757.0,3491.0,1266.0,2559.0,2409.0,303.0,234.0,0.2661341181416859,-150.0,-0.05861664712778429,-69.0,-0.22772277227722773
06_073_17056,1645.0,661.0,984.0,1815.0,1898.0,,,0.5981762917933131,83.0,0.045730027548209366,,
06_073_18614,2474.0,1573.0,901.0,1091.0,1187.0,76.0,72.0,0.3641875505254648,96.0,0.08799266727772685,-4.0,-0.05263157894736842
06_073_20028,949.0,61.0,888.0,1066.0,1076.0,60.0,32.0,0.9357218124341412,10.0,0.009380863039399626,-28.0,-0.4666666666666667
06_073_20029,1821.0,398.0,1423.0,1057.0,1036.0,27.0,29.0,0.7814387699066447,-21.0,-0.019867549668874173,2.0,0.07407407407407407
06_073_20213,1056.0,97.0,959.0,1023.0,1006.0,,,0.9081439393939394,-17.0,-0.016617790811339198,,
06_073_20214,1409.0,86.0,1323.0,947.0,1020.0,,,0.9389638041163946,73.0,0.07708553326293559,,
06_073_20308,2525.0,533.0,1992.0,1063.0,1101.0,,,0.788910891089109,38.0,0.03574788334901223,,
06_073_20309,1179.0,623.0,556.0,1569.0,1784.0,,,0.4715860899067006,215.0,0.13702995538559593,,
06_073_20810,1773.0,1527.0,246.0,2655.0,2565.0,9.0,,0.13874788494077833,-90.0,-0.03389830508474576,,
06_073_20811,1944.0,1819.0,125.0,2503.0,2478.0,,48.0,0.06430041152263374,-25.0,-0.00998801438274071,,
06_073_21205,2405.0,1119.0,1286.0,1377.0,1448.0,193.0,174.0,0.5347193347193347,71.0,0.05156136528685548,-19.0,-0.09844559585492228
06_073_21206,1126.0,948.0,178.0,2341.0,2254.0,,,0.15808170515097691,-87.0,-0.037163605296881674,,
06_073_21400,2614.0,913.0,1701.0,1437.0,1558.0,,7.0,0.6507268553940322,121.0,0.08420320111343076,,
06_073_21500,2752.0,2341.0,411.0,3714.0,3686.0,78.0,44.0,0.14934593023255813,-28.0,-0.007539041464728056,-34.0,-0.4358974358974359
06_073_21600,802.0,452.0,350.0,1897.0,1975.0,59.0,85.0,0.43640897755610975,78.0,0.04111755403268318,26.0,0.4406779661016949
06_073_21800,905.0,540.0,365.0,1455.0,1494.0,,,0.40331491712707185,39.0,0.026804123711340205,,
06_073_20021,1614.0,752.0,862.0,1445.0,1538.0,,,0.5340768277571252,93.0,0.0643598615916955,,
06_073_20202,1716.0,470.0,1246.0,1088.0,1127.0,,,0.7261072261072261,39.0,0.035845588235294115,,
06_073_20500,1333.0,442.0,891.0,1277.0,1292.0,43.0,77.0,0.668417104276069,15.0,0.011746280344557557,34.0,0.7906976744186046
06_073_19404,847.0,404.0,443.0,1603.0,1592.0,,,0.5230224321133412,-11.0,-0.006862133499688085,,
06_073_2002,1189.0,817.0,372.0,1697.0,1787.0,,6.0,0.3128679562657696,90.0,0.05303476723629935,,
06_073_17808,2310.0,2044.0,266.0,2447.0,2615.0,33.0,30.0,0.11515151515151516,168.0,0.0686554965263588,-3.0,-0.09090909090909091
06_073_19101,2220.0,1593.0,627.0,1313.0,1685.0,41.0,42.0,0.28243243243243243,372.0,0.2833206397562833,1.0,0.024390243902439025
06_073_17502,1192.0,510.0,682.0,1721.0,1869.0,,42.0,0.5721476510067114,148.0,0.08599651365485184,,
06_073_17603,907.0,720.0,187.0,1883.0,2027.0,,,0.2061742006615215,144.0,0.07647371216144451,,
06_073_17701,2141.0,958.0,1183.0,1710.0,1857.0,38.0,24.0,0.5525455394675385,147.0,0.08596491228070176,-14.0,-0.3684210526315789
06_073_18802,3484.0,3025.0,459.0,2090.0,2284.0,60.0,99.0,0.1317451205510907,194.0,0.09282296650717703,39.0,0.65
06_073_17021,998.0,897.0,101.0,2990.0,3133.0,,,0.10120240480961924,143.0,0.04782608695652174,,
06_073_17034,1655.0,937.0,718.0,1696.0,1847.0,26.0,,0.43383685800604227,151.0,0.08903301886792453,,
06_073_17041,2142.0,1608.0,534.0,1879.0,1917.0,,,0.24929971988795518,38.0,0.020223523150612027,,
06_073_19107,754.0,702.0,52.0,1279.0,1529.0,,,0.06896551724137931,250.0,0.19546520719311963,,
06_073_20020,1939.0,1715.0,224.0,2532.0,2442.0,11.0,11.0,0.11552346570397112,-90.0,-0.035545023696682464,0.0,0.0
06_073_7200,1591.0,1330.0,261.0,2198.0,2418.0,,,0.16404776869893148,220.0,0.10009099181073704,,
06_073_15302,1420.0,1195.0,225.0,1755.0,1858.0,,,0.15845070422535212,103.0,0.05868945868945869,,
06_073_16401,1563.0,1162.0,401.0,1348.0,1305.0,29.0,25.0,0.2565579014715291,-43.0,-0.031899109792284865,-4.0,-0.13793103448275862
06_073_16613,657.0,517.0,140.0,1565.0,1605.0,,,0.213089802130898,40.0,0.025559105431309903,,
06_073_18906,2062.0,1128.0,934.0,1174.0,1208.0,31.0,24.0,0.45295829291949563,34.0,0.028960817717206135,-7.0,-0.22580645161290322
06_073_19002,534.0,365.0,169.0,1232.0,1244.0,,,0.31647940074906367,12.0,0.00974025974025974,,
06_073_19205,1906.0,939.0,967.0,1162.0,1250.0,54.0,22.0,0.5073452256033578,88.0,0.0757314974182444,-32.0,-0.5925925925925926
06_073_20019,2740.0,2097.0,643.0,1295.0,1346.0,,,0.23467153284671532,51.0,0.039382239382239385,,
06_073_20305,2136.0,1375.0,761.0,1503.0,1590.0,32.0,37.0,0.3562734082397004,87.0,0.05788423153692615,5.0,0.15625
06_073_20707,1476.0,571.0,905.0,1215.0,1203.0,72.0,48.0,0.6131436314363143,-12.0,-0.009876543209876543,-24.0,-0.3333333333333333
06_073_20807,743.0,689.0,54.0,2055.0,2250.0,23.0,,0.07267833109017496,195.0,0.0948905109489051,,
06_073_21100,2130.0,1551.0,579.0,945.0,782.0,73.0,135.0,0.271830985915493,-163.0,-0.1724867724867725,62.0,0.8493150684931506
06_073_21303,2598.0,2218.0,380.0,3043.0,3148.0,203.0,145.0,0.1462663587374904,105.0,0.0345054222806441,-58.0,-0.2857142857142857
06_073_8303,1386.0,1133.0,253.0,3098.0,2757.0,77.0,103.0,0.18253968253968253,-341.0,-0.11007101355713364,26.0,0.33766233766233766
06_073_8306,1185.0,1071.0,114.0,2065.0,2050.0,,,0.09620253164556962,-15.0,-0.007263922518159807,,
06_073_8310,2238.0,2111.0,127.0,2872.0,2641.0,60.0,21.0,0.05674709562109026,-231.0,-0.08043175487465182,-39.0,-0.65
06_073_8329,3082.0,1528.0,1554.0,2039.0,1999.0,93.0,48.0,0.5042180402336145,-40.0,-0.0196174595389897,-45.0,-0.4838709677419355
06_073_8340,4284.0,1003.0,3281.0,1903.0,1905.0,,,0.7658730158730159,2.0,0.0010509721492380452,,
06_073_8341,3536.0,702.0,2834.0,1754.0,1746.0,41.0,,0.8014705882352942,-8.0,-0.004561003420752566,,
06_073_8350,2098.0,1145.0,953.0,1825.0,1835.0,,51.0,0.4542421353670162,10.0,0.005479452054794521,,
06_073_8358,2124.0,1105.0,1019.0,1631.0,1626.0,,14.0,0.4797551789077213,-5.0,-0.0030656039239730227,,
06_073_8600,1835.0,749.0,1086.0,1190.0,1198.0,30.0,28.0,0.591825613079019,8.0,0.0067226890756302525,-2.0,-0.06666666666666667
06_073_9000,1319.0,488.0,831.0,1343.0,1238.0,,,0.6300227445034117,-105.0,-0.0781831720029784,,
06_073_9102,1717.0,380.0,1337.0,1263.0,1278.0,9.0,7.0,0.778683750728014,15.0,0.011876484560570071,-2.0,-0.2222222222222222
06_073_9301,1675.0,942.0,733.0,1385.0,1460.0,58.0,25.0,0.4376119402985075,75.0,0.05415162454873646,-33.0,-0.5689655172413793
06_073_9507,1735.0,888.0,847.0,1639.0,1660.0,8.0,11.0,0.48818443804034584,21.0,0.012812690665039659,3.0,0.375
06_073_9603,2466.0,1013.0,1453.0,1259.0,1289.0,46.0,,0.589213300892133,30.0,0.023828435266084195,,
06_073_15502,896.0,787.0,109.0,1804.0,2032.0,69.0,55.0,0.12165178571428571,228.0,0.12638580931263857,-14.0,-0.2028985507246377
06_073_15601,1875.0,1100.0,775.0,1331.0,1289.0,67.0,41.0,0.41333333333333333,-42.0,-0.03155522163786627,-26.0,-0.3880597014925373
06_073_16809,1697.0,1496.0,201.0,1719.0,1941.0,93.0,106.0,0.11844431349440189,222.0,0.12914485165794065,13.0,0.13978494623655913
06_073_16902,772.0,596.0,176.0,1022.0,1155.0,28.0,45.0,0.22797927461139897,133.0,0.13013698630136986,17.0,0.6071428571428571
06_073_17018,1657.0,843.0,814.0,1379.0,1421.0,47.0,67.0,0.4912492456246228,42.0,0.030456852791878174,20.0,0.425531914893617
06_073_17043,1996.0,1417.0,579.0,2573.0,2544.0,29.0,,0.29008016032064127,-29.0,-0.011270890011659542,,
06_073_17050,1039.0,609.0,430.0,1465.0,1703.0,,,0.4138594802694899,238.0,0.16245733788395905,,
06_073_17303,1211.0,839.0,372.0,2114.0,2096.0,19.0,45.0,0.30718414533443433,-18.0,-0.008514664143803218,26.0,1.368421052631579
06_073_17404,2325.0,1624.0,701.0,1894.0,1957.0,,74.0,0.30150537634408603,63.0,0.03326293558606125,,
06_073_18100,2475.0,1281.0,1194.0,1294.0,1332.0,79.0,38.0,0.4824242424242424,38.0,0.02936630602782071,-41.0,-0.5189873417721519
06_073_18300,1367.0,348.0,1019.0,1216.0,1239.0,46.0,47.0,0.745427944403804,23.0,0.018914473684210526,1.0,0.021739130434782608
06_073_18610,1986.0,1183.0,803.0,1614.0,1620.0,26.0,23.0,0.4043303121852971,6.0,0.0037174721189591076,-3.0,-0.11538461538461539
06_073_9400,481.0,4.0,477.0,1919.0,1986.0,21.0,16.0,0.9916839916839917,67.0,0.03491401771756123,-5.0,-0.23809523809523808
06_073_8512,1633.0,1410.0,223.0,1891.0,1803.0,,19.0,0.13655848132271892,-88.0,-0.046536224219989424,,
06_073_700,2176.0,732.0,1444.0,1077.0,1203.0,,,0.6636029411764706,126.0,0.116991643454039,,
06_073_1600,2320.0,340.0,1980.0,962.0,999.0,29.0,29.0,0.853448275862069,37.0,0.038461538461538464,0.0,0.0
06_073_2707,1419.0,146.0,1273.0,858.0,893.0,,,0.8971106412966878,35.0,0.04079254079254079,,
06_073_11601,1776.0,181.0,1595.0,782.0,798.0,33.0,28.0,0.8980855855855856,16.0,0.020460358056265986,-5.0,-0.15151515151515152
06_073_11602,1034.0,299.0,735.0,884.0,883.0,26.0,28.0,0.7108317214700194,-1.0,-0.0011312217194570137,2.0,0.07692307692307693
06_073_11801,1051.0,323.0,728.0,1011.0,1119.0,54.0,51.0,0.69267364414843,108.0,0.10682492581602374,-3.0,-0.05555555555555555
06_073_12200,909.0,507.0,402.0,966.0,1074.0,,,0.44224422442244227,108.0,0.11180124223602485,,
06_073_12302,633.0,140.0,493.0,860.0,918.0,9.0,9.0,0.7788309636650869,58.0,0.06744186046511629,0.0,0.0
06_073_12800,1438.0,729.0,709.0,1087.0,1237.0,,,0.49304589707927676,150.0,0.13799448022079117,,
06_073_13104,1851.0,368.0,1483.0,1083.0,1108.0,44.0,47.0,0.8011885467314965,25.0,0.023084025854108958,3.0,0.06818181818181818
06_073_13409,1763.0,1091.0,672.0,1625.0,1602.0,29.0,29.0,0.3811684628474192,-23.0,-0.014153846153846154,0.0,0.0
06_073_14001,1532.0,933.0,599.0,1369.0,1417.0,,,0.39099216710182766,48.0,0.03506208911614317,,
06_073_14400,1493.0,208.0,1285.0,918.0,944.0,,,0.8606831882116543,26.0,0.02832244008714597,,
06_073_14500,1305.0,598.0,707.0,1230.0,1222.0,22.0,23.0,0.5417624521072797,-8.0,-0.0065040650406504065,1.0,0.045454545454545456
06_073_15000,2419.0,985.0,1434.0,1159.0,1245.0,,,0.5928069450186028,86.0,0.07420189818809318,,
06_073_10003,1330.0,1023.0,307.0,1596.0,1767.0,75.0,73.0,0.23082706766917294,171.0,0.10714285714285714,-2.0,-0.02666666666666667
06_073_9504,1870.0,1597.0,273.0,3727.0,4001.0,7.0,9.0,0.14598930481283423,274.0,0.07351757445666757,2.0,0.2857142857142857
06_073_9801,2189.0,1464.0,725.0,1620.0,1670.0,94.0,78.0,0.3312014618547282,50.0,0.030864197530864196,-16.0,-0.1702127659574468
06_073_9805,2016.0,1436.0,580.0,1488.0,1547.0,,,0.2876984126984127,59.0,0.0396505376344086,,
06_073_10011,868.0,624.0,244.0,1467.0,1348.0,42.0,36.0,0.28110599078341014,-119.0,-0.08111792774369461,-6.0,-0.14285714285714285
06_073_10014,3567.0,2404.0,1163.0,2415.0,2267.0,133.0,85.0,0.32604429492570786,-148.0,-0.06128364389233954,-48.0,-0.3609022556390977
06_073_10200,2371.0,1032.0,1339.0,1144.0,1237.0,277.0,297.0,0.5647406157739351,93.0,0.08129370629370629,20.0,0.07220216606498195
06_073_10501,643.0,301.0,342.0,1119.0,1381.0,,,0.5318818040435459,262.0,0.23413762287756926,,
06_073_9804,1815.0,1600.0,215.0,1742.0,1777.0,24.0,27.0,0.1184573002754821,35.0,0.020091848450057407,3.0,0.125
06_073_10009,1540.0,608.0,932.0,1115.0,1128.0,23.0,25.0,0.6051948051948052,13.0,0.011659192825112108,2.0,0.08695652173913043
06_073_10107,1640.0,957.0,683.0,1282.0,1335.0,84.0,62.0,0.4164634146341463,53.0,0.041341653666146644,-22.0,-0.2619047619047619
06_073_13000,1987.0,871.0,1116.0,1195.0,1138.0,25.0,30.0,0.5616507297433316,-57.0,-0.04769874476987448,5.0,0.2
06_073_13312,819.0,610.0,209.0,1704.0,1654.0,59.0,38.0,0.25518925518925517,-50.0,-0.029342723004694836,-21.0,-0.3559322033898305
06_073_13313,2304.0,1928.0,376.0,2889.0,2902.0,319.0,333.0,0.16319444444444445,13.0,0.004499826929733472,14.0,0.0438871473354232
06_073_13411,1761.0,1590.0,171.0,2655.0,2570.0,10.0,32.0,0.09710391822827939,-85.0,-0.032015065913371,22.0,2.2
06_073_15100,1961.0,1059.0,902.0,1436.0,1498.0,35.0,32.0,0.4599694033656298,62.0,0.04317548746518106,-3.0,-0.08571428571428572
06_073_15403,867.0,787.0,80.0,2310.0,2552.0,,,0.0922722029988466,242.0,0.10476190476190476,,
06_073_18904,1809.0,725.0,1084.0,1366.0,1197.0,59.0,68.0,0.5992260917634052,-169.0,-0.12371888726207907,9.0,0.15254237288135594
06_073_19105,2405.0,2221.0,184.0,2084.0,2188.0,122.0,165.0,0.07650727650727651,104.0,0.04990403071017274,43.0,0.3524590163934426
06_073_19207,2698.0,1451.0,1247.0,1228.0,1227.0,84.0,74.0,0.4621942179392142,-1.0,-0.0008143322475570033,-10.0,-0.11904761904761904
06_073_300,2637.0,771.0,1866.0,1299.0,1384.0,64.0,86.0,0.7076222980659841,85.0,0.06543494996150885,22.0,0.34375
06_073_800,2415.0,814.0,1601.0,1000.0,1074.0,33.0,32.0,0.6629399585921325,74.0,0.074,-1.0,-0.030303030303030304
06_073_2201,1273.0,174.0,1099.0,910.0,904.0,,,0.8633150039277298,-6.0,-0.006593406593406593,,
06_073_9802,2392.0,1442.0,950.0,1399.0,1372.0,15.0,,0.3971571906354515,-27.0,-0.01929949964260186,,
06_073_17033,1507.0,1057.0,450.0,2150.0,2136.0,,,0.298606502986065,-14.0,-0.0065116279069767444,,
06_073_17304,2415.0,902.0,1513.0,1853.0,1856.0,167.0,157.0,0.6265010351966873,3.0,0.0016189962223421479,-10.0,-0.059880239520958084
06_073_18608,1103.0,860.0,243.0,2124.0,2043.0,,,0.22030825022665457,-81.0,-0.038135593220338986,,
06_073_17010,950.0,837.0,113.0,2214.0,2311.0,,,0.11894736842105263,97.0,0.043812104787714544,,
06_073_21202,1077.0,834.0,243.0,949.0,1005.0,78.0,100.0,0.22562674094707522,56.0,0.059009483667017915,22.0,0.28205128205128205
06_073_19302,2766.0,1655.0,1111.0,1491.0,1523.0,166.0,98.0,0.4016630513376717,32.0,0.021462105969148222,-68.0,-0.40963855421686746
06_073_20103,3448.0,2990.0,458.0,2523.0,2536.0,40.0,41.0,0.132830626450116,13.0,0.005152596115735236,1.0,0.025
06_073_20801,1796.0,1531.0,265.0,2248.0,2163.0,,25.0,0.1475501113585746,-85.0,-0.037811387900355875,,
06_073_2801,899.0,268.0,631.0,1439.0,1439.0,,,0.7018909899888766,0.0,0.0,,
06_073_10601,889.0,633.0,256.0,2958.0,2959.0,31.0,10.0,0.2879640044994376,1.0,0.0003380662609871535,-21.0,-0.6774193548387096
06_073_17036,1228.0,787.0,441.0,1948.0,2012.0,,,0.35912052117263843,64.0,0.03285420944558522,,
06_073_16616,1327.0,773.0,554.0,1247.0,1226.0,,,0.41748304446119067,-21.0,-0.016840417000801924,,
06_073_16701,3011.0,1725.0,1286.0,1247.0,1263.0,71.0,56.0,0.42710063101959483,16.0,0.012830793905372895,-15.0,-0.2112676056338028
06_073_17035,972.0,282.0,690.0,921.0,942.0,,,0.7098765432098766,21.0,0.02280130293159609,,
06_073_17046,1411.0,1276.0,135.0,2929.0,2980.0,,,0.0956768249468462,51.0,0.017412086036189826,,
06_073_17049,876.0,595.0,281.0,1882.0,1907.0,,,0.3207762557077626,25.0,0.013283740701381509,,
06_073_17306,1158.0,1026.0,132.0,3385.0,3205.0,29.0,35.0,0.11398963730569948,-180.0,-0.053175775480059084,6.0,0.20689655172413793
06_073_17702,1352.0,696.0,656.0,1575.0,1657.0,27.0,25.0,0.48520710059171596,82.0,0.05206349206349206,-2.0,-0.07407407407407407
06_073_17801,2588.0,1567.0,1021.0,1547.0,1634.0,,,0.3945131375579598,87.0,0.05623787976729153,,
06_073_17810,2033.0,1448.0,585.0,1840.0,1794.0,32.0,34.0,0.2877520905066404,-46.0,-0.025,2.0,0.0625
06_073_17104,1495.0,1141.0,354.0,2095.0,2161.0,,,0.23678929765886286,66.0,0.031503579952267304,,
06_073_17200,1985.0,1125.0,860.0,2329.0,2438.0,126.0,154.0,0.4332493702770781,109.0,0.04680120223271791,28.0,0.2222222222222222
06_073_17809,866.0,717.0,149.0,2060.0,1988.0,,,0.1720554272517321,-72.0,-0.03495145631067961,,
06_073_17900,2727.0,512.0,2215.0,1331.0,1311.0,,,0.8122478914558122,-20.0,-0.015026296018031555,,
06_073_18510,763.0,578.0,185.0,1477.0,1583.0,59.0,65.0,0.24246395806028834,106.0,0.07176709546377792,6.0,0.1016949152542373
06_073_18512,1997.0,1295.0,702.0,1259.0,1224.0,,39.0,0.3515272909364046,-35.0,-0.02779984114376489,,
06_073_18513,2952.0,1657.0,1295.0,1809.0,1875.0,30.0,,0.4386856368563686,66.0,0.03648424543946932,,
06_073_18603,2077.0,545.0,1532.0,1231.0,1317.0,49.0,24.0,0.7376023110255175,86.0,0.06986190089358245,-25.0,-0.5102040816326531
06_073_12401,1218.0,383.0,835.0,930.0,978.0,46.0,62.0,0.6855500821018062,48.0,0.05161290322580645,16.0,0.34782608695652173
06_073_18515,1723.0,1149.0,574.0,1594.0,1691.0,45.0,27.0,0.3331398723157284,97.0,0.06085319949811794,-18.0,-0.4
06_073_18518,737.0,470.0,267.0,1215.0,1340.0,43.0,35.0,0.3622795115332429,125.0,0.102880658436214,-8.0,-0.18604651162790697
06_073_19001,2425.0,2109.0,316.0,2158.0,2098.0,9.0,51.0,0.13030927835051545,-60.0,-0.027803521779425393,42.0,4.666666666666667
06_073_19103,2176.0,1841.0,335.0,2210.0,2059.0,,,0.15395220588235295,-151.0,-0.06832579185520361,,
06_073_19206,1294.0,383.0,911.0,1200.0,1231.0,,,0.7040185471406492,31.0,0.025833333333333333,,
06_073_19303,2079.0,1531.0,548.0,1900.0,1597.0,97.0,91.0,0.2635882635882636,-303.0,-0.15947368421052632,-6.0,-0.061855670103092786
06_073_19806,3933.0,3062.0,871.0,2162.0,2188.0,117.0,83.0,0.2214594457157386,26.0,0.012025901942645698,-34.0,-0.2905982905982906
06_073_19701,2234.0,1091.0,1143.0,1298.0,1270.0,,52.0,0.5116383169203222,-28.0,-0.02157164869029276,,
06_073_9704,2318.0,1755.0,563.0,1751.0,1728.0,91.0,67.0,0.24288179465056084,-23.0,-0.013135351227869789,-24.0,-0.26373626373626374
06_073_8800,1927.0,713.0,1214.0,1147.0,1194.0,,,0.6299948105864037,47.0,0.04097646033129904,,
06_073_9106,928.0,562.0,366.0,1245.0,1391.0,88.0,60.0,0.39439655172413796,146.0,0.11726907630522089,-28.0,-0.3181818181818182
06_073_8311,1038.0,955.0,83.0,2869.0,2937.0,68.0,62.0,0.07996146435452794,68.0,0.023701638201463926,-6.0,-0.08823529411764706
06_073_13606,2420.0,1373.0,1047.0,1688.0,1695.0,226.0,208.0,0.43264462809917353,7.0,0.004146919431279621,-18.0,-0.07964601769911504
06_073_13802,880.0,459.0,421.0,1358.0,1225.0,65.0,58.0,0.4784090909090909,-133.0,-0.0979381443298969,-7.0,-0.1076923076923077
06_073_13905,1173.0,1052.0,121.0,2351.0,2239.0,,,0.10315430520034101,-112.0,-0.047639302424500214,,
06_073_14200,1941.0,1435.0,506.0,1630.0,1657.0,,,0.2606903657908295,27.0,0.016564417177914112,,
06_073_14300,1243.0,571.0,672.0,1363.0,1340.0,21.0,20.0,0.5406275140788415,-23.0,-0.016874541452677916,-1.0,-0.047619047619047616
06_073_15200,1389.0,1300.0,89.0,2525.0,2465.0,25.0,36.0,0.06407487401007919,-60.0,-0.023762376237623763,11.0,0.44
06_073_7701,2274.0,647.0,1627.0,1334.0,1327.0,,,0.7154793315743184,-7.0,-0.005247376311844078,,
06_073_7702,2014.0,360.0,1654.0,1426.0,1415.0,26.0,34.0,0.8212512413108243,-11.0,-0.007713884992987377,8.0,0.3076923076923077
06_073_7907,1445.0,173.0,1272.0,1252.0,1274.0,,,0.8802768166089966,22.0,0.01757188498402556,,
06_073_201,996.0,426.0,570.0,1464.0,1484.0,,,0.572289156626506,20.0,0.01366120218579235,,
06_073_7905,1295.0,274.0,1021.0,1350.0,1322.0,41.0,,0.7884169884169884,-28.0,-0.02074074074074074,,
06_073_2711,908.0,359.0,549.0,1544.0,1541.0,,,0.6046255506607929,-3.0,-0.0019430051813471502,,
06_073_3304,982.0,277.0,705.0,804.0,791.0,,,0.7179226069246436,-13.0,-0.01616915422885572,,
06_073_7908,1365.0,358.0,1007.0,1386.0,1433.0,32.0,33.0,0.7377289377289378,47.0,0.03391053391053391,1.0,0.03125
06_073_7910,1629.0,325.0,1304.0,1328.0,1423.0,,,0.8004910988336402,95.0,0.07153614457831325,,
06_073_8363,2066.0,116.0,1950.0,1549.0,1604.0,153.0,61.0,0.9438528557599225,55.0,0.035506778566817304,-92.0,-0.6013071895424836
06_073_8364,2501.0,910.0,1591.0,1724.0,1810.0,83.0,41.0,0.6361455417832866,86.0,0.04988399071925754,-42.0,-0.5060240963855421
06_073_8003,1581.0,487.0,1094.0,1685.0,1662.0,15.0,14.0,0.691967109424415,-23.0,-0.013649851632047478,-1.0,-0.06666666666666667
06_073_8006,1835.0,666.0,1169.0,1529.0,1607.0,37.0,,0.6370572207084468,78.0,0.051013734466971876,,
06_073_8361,1355.0,326.0,1029.0,1615.0,1701.0,31.0,31.0,0.759409594095941,86.0,0.05325077399380805,0.0,0.0
06_073_8362,1581.0,766.0,815.0,1673.0,1827.0,70.0,27.0,0.5154965211891208,154.0,0.09205020920502092,-43.0,-0.6142857142857143
06_073_8365,908.0,847.0,61.0,2705.0,2490.0,,,0.0671806167400881,-215.0,-0.07948243992606285,,
06_073_8366,1758.0,1525.0,233.0,2872.0,2761.0,,,0.13253697383390217,-111.0,-0.03864902506963788,,
06_073_9305,1985.0,1036.0,949.0,1945.0,2049.0,,,0.4780856423173804,104.0,0.05347043701799486,,
06_073_9306,2429.0,1356.0,1073.0,1842.0,1955.0,,,0.44174557431041583,113.0,0.061346362649294245,,
06_073_9510,1262.0,0.0,1262.0,2080.0,2162.0,,,1.0,82.0,0.03942307692307692,,
06_073_9511,1019.0,0.0,1019.0,1995.0,2067.0,,,1.0,72.0,0.03609022556390978,,
06_073_202,2292.0,1034.0,1258.0,1388.0,1400.0,92.0,108.0,0.5488656195462478,12.0,0.008645533141210375,16.0,0.17391304347826086
06_073_2712,1693.0,831.0,862.0,1142.0,1085.0,75.0,60.0,0.5091553455404607,-57.0,-0.049912434325744305,-15.0,-0.2
06_073_3305,1490.0,614.0,876.0,1133.0,892.0,35.0,42.0,0.5879194630872483,-241.0,-0.21270962047661077,7.0,0.2
06_073_19405,1148.0,385.0,763.0,1407.0,1437.0,11.0,23.0,0.6646341463414634,30.0,0.021321961620469083,12.0,1.0909090909090908
06_073_19406,1465.0,948.0,517.0,1492.0,1503.0,65.0,59.0,0.352901023890785,11.0,0.007372654155495978,-6.0,-0.09230769230769231
06_073_400,2289.0,382.0,1907.0,1156.0,1182.0,41.0,,0.8331148973350808,26.0,0.02249134948096886,,
06_073_500,1529.0,530.0,999.0,1188.0,1127.0,,,0.6533682145192936,-61.0,-0.05134680134680135,,
06_073_900,2877.0,542.0,2335.0,1008.0,979.0,36.0,38.0,0.8116093152589503,-29.0,-0.028769841269841268,2.0,0.05555555555555555
06_073_2302,2074.0,332.0,1742.0,889.0,878.0,42.0,27.0,0.8399228543876567,-11.0,-0.012373453318335208,-15.0,-0.35714285714285715
06_073_2710,1115.0,375.0,740.0,948.0,949.0,54.0,30.0,0.6636771300448431,1.0,0.0010548523206751054,-24.0,-0.4444444444444444
06_073_13308,995.0,597.0,398.0,1642.0,1636.0,24.0,,0.4,-6.0,-0.0036540803897685747,,
06_073_13309,2040.0,1648.0,392.0,2056.0,2109.0,,,0.19215686274509805,53.0,0.025778210116731516,,
06_073_13410,2330.0,1989.0,341.0,2381.0,2549.0,,,0.1463519313304721,168.0,0.07055858882822344,,
06_073_13418,2017.0,1354.0,663.0,1997.0,1907.0,,,0.32870599900842834,-90.0,-0.045067601402103155,,
06_073_13504,1191.0,898.0,293.0,1913.0,1953.0,,22.0,0.24601175482787574,40.0,0.020909566126502875,,
06_073_13601,1984.0,1398.0,586.0,1527.0,1373.0,34.0,,0.29536290322580644,-154.0,-0.1008513425016372,,
06_073_13903,1293.0,861.0,432.0,1693.0,1704.0,,,0.33410672853828305,11.0,0.006497341996455995,,
06_073_13907,1265.0,341.0,924.0,849.0,950.0,,,0.7304347826086957,101.0,0.11896348645465253,,
06_073_14602,1802.0,1149.0,653.0,1609.0,1712.0,32.0,,0.3623751387347392,103.0,0.06401491609695463,,
06_073_3501,1003.0,317.0,686.0,1047.0,1126.0,46.0,49.0,0.6839481555333998,79.0,0.07545367717287488,3.0,0.06521739130434782
06_073_5200,2220.0,268.0,1952.0,1144.0,1301.0,117.0,112.0,0.8792792792792793,157.0,0.13723776223776224,-5.0,-0.042735042735042736
06_073_6000,2020.0,656.0,1364.0,1249.0,1255.0,30.0,,0.6752475247524753,6.0,0.004803843074459567,,
06_073_5000,509.0,73.0,436.0,830.0,860.0,33.0,37.0,0.8565815324165029,30.0,0.03614457831325301,4.0,0.12121212121212122
06_073_6200,0.0,0.0,0.0,,,,,,,,,
06_073_7600,2570.0,874.0,1696.0,1438.0,1566.0,64.0,73.0,0.6599221789883268,128.0,0.0890125173852573,9.0,0.140625
06_073_17047,1393.0,1273.0,120.0,2550.0,2681.0,,,0.08614501076812635,131.0,0.05137254901960785,,
06_073_17107,902.0,838.0,64.0,2702.0,2608.0,24.0,26.0,0.07095343680709534,-94.0,-0.03478904515173945,2.0,0.08333333333333333
06_073_18504,2495.0,1478.0,1017.0,1600.0,1597.0,,,0.40761523046092185,-3.0,-0.001875,,
06_073_18509,1542.0,350.0,1192.0,1130.0,1156.0,33.0,29.0,0.7730220492866408,26.0,0.023008849557522124,-4.0,-0.12121212121212122
06_073_18517,1855.0,934.0,921.0,1266.0,1298.0,59.0,61.0,0.4964959568733154,32.0,0.02527646129541864,2.0,0.03389830508474576
06_073_18612,1033.0,848.0,185.0,2012.0,2085.0,10.0,,0.17909002904162633,73.0,0.03628230616302187,,
06_073_13310,7914.0,5097.0,2817.0,2491.0,2480.0,421.0,413.0,0.35595147839272173,-11.0,-0.004415897230028101,-8.0,-0.019002375296912115
06_073_13314,3723.0,2821.0,902.0,3126.0,2903.0,280.0,385.0,0.24227773301101263,-223.0,-0.07133717210492642,105.0,0.375
06_073_13420,940.0,434.0,506.0,2120.0,2079.0,,,0.5382978723404256,-41.0,-0.019339622641509433,,
06_073_13421,1475.0,1084.0,391.0,2202.0,2329.0,13.0,10.0,0.26508474576271185,127.0,0.057674841053587646,-3.0,-0.23076923076923078
06_073_14901,1731.0,681.0,1050.0,1237.0,1226.0,,,0.6065857885615251,-11.0,-0.00889248181083266,,
06_073_16503,1002.0,646.0,356.0,1300.0,1281.0,14.0,11.0,0.35528942115768464,-19.0,-0.014615384615384615,-3.0,-0.21428571428571427
06_073_16504,2080.0,583.0,1497.0,1128.0,1151.0,151.0,127.0,0.7197115384615385,23.0,0.020390070921985817,-24.0,-0.15894039735099338
06_073_17051,1998.0,1372.0,626.0,1719.0,1820.0,114.0,90.0,0.3133133133133133,101.0,0.058755090168702735,-24.0,-0.21052631578947367
06_073_12501,1334.0,461.0,873.0,844.0,902.0,105.0,137.0,0.6544227886056971,58.0,0.06872037914691943,32.0,0.3047619047619048
06_073_12502,1515.0,407.0,1108.0,956.0,940.0,31.0,,0.7313531353135313,-16.0,-0.016736401673640166,,
06_073_14805,1880.0,883.0,997.0,1210.0,1243.0,31.0,33.0,0.5303191489361702,33.0,0.02727272727272727,2.0,0.06451612903225806
06_073_14806,1297.0,278.0,1019.0,934.0,927.0,27.0,37.0,0.7856592135697764,-7.0,-0.007494646680942184,10.0,0.37037037037037035
06_073_14902,1412.0,523.0,889.0,1085.0,1109.0,,,0.6296033994334278,24.0,0.022119815668202765,,
06_073_18000,1746.0,285.0,1461.0,1395.0,1496.0,24.0,34.0,0.8367697594501718,101.0,0.07240143369175628,10.0,0.4166666666666667
06_073_18200,2400.0,363.0,2037.0,1010.0,1049.0,,,0.84875,39.0,0.03861386138613861,,
06_073_18507,2913.0,2097.0,816.0,1581.0,1616.0,73.0,79.0,0.2801235839340886,35.0,0.022137887413029727,6.0,0.0821917808219178
06_073_3003,1511.0,1217.0,294.0,1222.0,1254.0,30.0,,0.19457313037723362,32.0,0.02618657937806874,,
06_073_3105,948.0,743.0,205.0,1503.0,1458.0,54.0,45.0,0.21624472573839662,-45.0,-0.029940119760479042,-9.0,-0.16666666666666666
06_073_3201,1344.0,443.0,901.0,1689.0,1692.0,32.0,20.0,0.6703869047619048,3.0,0.0017761989342806395,-12.0,-0.375
06_073_3209,1676.0,686.0,990.0,1471.0,1329.0,129.0,84.0,0.5906921241050119,-142.0,-0.09653297076818491,-45.0,-0.3488372093023256
06_073_3301,941.0,375.0,566.0,1026.0,989.0,,,0.6014877789585548,-37.0,-0.036062378167641324,,
06_073_3401,1916.0,1189.0,727.0,1186.0,1224.0,24.0,24.0,0.3794363256784969,38.0,0.03204047217537943,0.0,0.0
06_073_4200,2275.0,1505.0,770.0,1584.0,1656.0,40.0,37.0,0.3384615384615385,72.0,0.045454545454545456,-3.0,-0.075
06_073_4300,1658.0,722.0,936.0,1379.0,1410.0,8.0,,0.5645355850422196,31.0,0.022480058013052938,,
06_073_5600,2317.0,696.0,1621.0,1604.0,1718.0,143.0,137.0,0.6996115666810531,114.0,0.07107231920199501,-6.0,-0.04195804195804196
06_073_8101,1698.0,681.0,1017.0,1698.0,1990.0,71.0,59.0,0.598939929328622,292.0,0.17196702002355713,-12.0,-0.16901408450704225
06_073_8313,850.0,644.0,206.0,1983.0,2257.0,47.0,34.0,0.24235294117647058,274.0,0.13817448310640443,-13.0,-0.2765957446808511
06_073_8331,879.0,779.0,100.0,2721.0,2798.0,24.0,22.0,0.11376564277588168,77.0,0.028298419698640206,-2.0,-0.08333333333333333
06_073_8343,1917.0,340.0,1577.0,1466.0,1546.0,12.0,8.0,0.8226395409494001,80.0,0.054570259208731244,-4.0,-0.3333333333333333
06_073_8345,1543.0,889.0,654.0,1485.0,1644.0,,,0.423849643551523,159.0,0.10707070707070707,,
06_073_8355,972.0,711.0,261.0,2361.0,2352.0,,,0.26851851851851855,-9.0,-0.0038119440914866584,,
06_073_8356,1383.0,874.0,509.0,1460.0,1492.0,95.0,28.0,0.3680404916847433,32.0,0.021917808219178082,-67.0,-0.7052631578947368
06_073_8359,1628.0,252.0,1376.0,1286.0,1270.0,28.0,21.0,0.8452088452088452,-16.0,-0.012441679626749611,-7.0,-0.25
06_073_8360,2128.0,1246.0,882.0,1610.0,1670.0,25.0,,0.4144736842105263,60.0,0.037267080745341616,,
06_073_8504,2252.0,1541.0,711.0,1379.0,1490.0,,,0.3157193605683837,111.0,0.08049311094996374,,
06_073_8702,1654.0,706.0,948.0,1565.0,1604.0,28.0,30.0,0.5731559854897219,39.0,0.024920127795527155,2.0,0.07142857142857142
06_073_8902,1298.0,818.0,480.0,1822.0,1845.0,,,0.3697996918335901,23.0,0.012623490669593854,,
06_073_9101,2295.0,1438.0,857.0,1442.0,1488.0,,18.0,0.37342047930283223,46.0,0.0319001386962552,,
06_073_14803,2368.0,663.0,1705.0,1241.0,1279.0,,,0.7200168918918919,38.0,0.030620467365028204,,
06_073_15701,1943.0,428.0,1515.0,942.0,940.0,,,0.779722079258878,-2.0,-0.0021231422505307855,,
06_073_16617,1338.0,770.0,568.0,1123.0,1093.0,24.0,22.0,0.42451420029895365,-30.0,-0.026714158504007122,-2.0,-0.08333333333333333
06_073_16810,918.0,800.0,118.0,1983.0,2058.0,,18.0,0.12854030501089325,75.0,0.037821482602118005,,
06_073_16811,1485.0,1312.0,173.0,1803.0,1869.0,74.0,58.0,0.1164983164983165,66.0,0.036605657237936774,-16.0,-0.21621621621621623
06_073_17014,1491.0,952.0,539.0,1084.0,1249.0,99.0,100.0,0.3615023474178404,165.0,0.1522140221402214,1.0,0.010101010101010102
06_073_17019,2902.0,2375.0,527.0,1566.0,1782.0,43.0,39.0,0.18159889731219847,216.0,0.13793103448275862,-4.0,-0.09302325581395349
06_073_17032,4294.0,3143.0,1151.0,2695.0,2890.0,34.0,,0.268048439683279,195.0,0.07235621521335807,,
06_073_17037,1979.0,1349.0,630.0,2045.0,2082.0,42.0,14.0,0.31834259727134917,37.0,0.018092909535452322,-28.0,-0.6666666666666666
06_073_17106,1644.0,1379.0,265.0,3493.0,3934.0,63.0,59.0,0.16119221411192214,441.0,0.12625250501002003,-4.0,-0.06349206349206349
06_073_17601,1955.0,1253.0,702.0,2615.0,2383.0,31.0,27.0,0.359079283887468,-232.0,-0.08871892925430211,-4.0,-0.12903225806451613
06_073_100,1246.0,1100.0,146.0,2263.0,2142.0,31.0,50.0,0.11717495987158909,-121.0,-0.053468846663720725,19.0,0.6129032258064516
06_073_600,1742.0,633.0,1109.0,1073.0,1158.0,31.0,27.0,0.6366245694603904,85.0,0.07921714818266543,-4.0,-0.12903225806451613
06_073_12003,845.0,585.0,260.0,1596.0,1424.0,,,0.3076923076923077,-172.0,-0.10776942355889724,,
06_073_13203,1983.0,342.0,1641.0,953.0,942.0,25.0,27.0,0.8275340393343419,-11.0,-0.011542497376705142,2.0,0.08
06_073_13204,1142.0,595.0,547.0,836.0,891.0,36.0,25.0,0.478984238178634,55.0,0.06578947368421052,-11.0,-0.3055555555555556
06_073_13301,1577.0,1207.0,370.0,1404.0,1467.0,32.0,40.0,0.23462270133164237,63.0,0.04487179487179487,8.0,0.25
06_073_13303,1491.0,1091.0,400.0,1213.0,1216.0,,,0.2682763246143528,3.0,0.00247320692497939,,
06_073_13307,1017.0,680.0,337.0,1546.0,1534.0,39.0,49.0,0.33136676499508355,-12.0,-0.007761966364812419,10.0,0.2564102564102564
06_073_13401,1472.0,1265.0,207.0,1626.0,1821.0,,18.0,0.140625,195.0,0.11992619926199262,,
06_073_13415,539.0,460.0,79.0,1833.0,1978.0,,,0.14656771799628943,145.0,0.07910529187124932,,
06_073_17053,1034.0,1006.0,28.0,3425.0,3627.0,,,0.027079303675048357,202.0,0.05897810218978102,,
06_073_17054,1979.0,1502.0,477.0,2434.0,2719.0,,,0.24103082364830722,285.0,0.1170912078882498,,
06_073_17052,2151.0,1348.0,803.0,2000.0,1760.0,110.0,90.0,0.37331473733147374,-240.0,-0.12,-20.0,-0.18181818181818182
06_073_17055,1888.0,1357.0,531.0,2299.0,2391.0,,,0.28125,92.0,0.04001739886907351,,
06_073_17109,2154.0,1704.0,450.0,3167.0,2854.0,17.0,,0.20891364902506965,-313.0,-0.09883170192611304,,
06_073_17110,3409.0,2372.0,1037.0,3250.0,2878.0,71.0,46.0,0.3041947785274274,-372.0,-0.11446153846153846,-25.0,-0.352112676056338
06_073_17813,1635.0,1256.0,379.0,2552.0,2273.0,45.0,30.0,0.23180428134556574,-279.0,-0.10932601880877743,-15.0,-0.3333333333333333
06_073_18613,1333.0,617.0,716.0,1537.0,1471.0,,,0.5371342835708928,-66.0,-0.04294079375406636,,
06_073_19803,1801.0,802.0,999.0,1848.0,1841.0,9.0,8.0,0.5546918378678511,-7.0,-0.003787878787878788,-1.0,-0.1111111111111111
06_073_19903,1433.0,900.0,533.0,1596.0,1582.0,63.0,97.0,0.371946964410328,-14.0,-0.008771929824561403,34.0,0.5396825396825397
06_107_2203,1082.0,770.0,312.0,1302.0,1277.0,,,0.28835489833641403,-25.0,-0.019201228878648235,,
06_107_3501,905.0,585.0,320.0,1224.0,1385.0,47.0,45.0,0.35359116022099446,161.0,0.1315359477124183,-2.0,-0.0425531914893617
06_107_2204,1715.0,803.0,912.0,909.0,941.0,,,0.5317784256559767,32.0,0.0352035203520352,,
06_107_3502,3223.0,2537.0,686.0,1298.0,1260.0,,21.0,0.21284517530251318,-38.0,-0.029275808936825885,,
06_107_3002,968.0,477.0,491.0,1039.0,1036.0,12.0,23.0,0.5072314049586777,-3.0,-0.0028873917228103944,11.0,0.9166666666666666
06_107_2304,773.0,389.0,384.0,732.0,722.0,,,0.49676584734799484,-10.0,-0.01366120218579235,,
06_107_600,1491.0,594.0,897.0,659.0,701.0,22.0,22.0,0.6016096579476862,42.0,0.0637329286798179,0.0,0.0
06_107_701,671.0,417.0,254.0,819.0,826.0,,7.0,0.37853949329359166,7.0,0.008547008547008548,,
06_107_301,1780.0,1036.0,744.0,952.0,833.0,27.0,29.0,0.41797752808988764,-119.0,-0.125,2.0,0.07407407407407407
06_107_1302,2297.0,1182.0,1115.0,1235.0,1188.0,43.0,28.0,0.48541575968654765,-47.0,-0.03805668016194332,-15.0,-0.3488372093023256
06_107_1601,1257.0,639.0,618.0,789.0,813.0,18.0,24.0,0.4916467780429594,24.0,0.030418250950570342,6.0,0.3333333333333333
06_107_2002,1692.0,993.0,699.0,1130.0,950.0,21.0,,0.41312056737588654,-180.0,-0.1592920353982301,,
06_107_2003,1922.0,994.0,928.0,998.0,1023.0,30.0,32.0,0.48283038501560877,25.0,0.025050100200400802,2.0,0.06666666666666667
06_107_3200,1554.0,621.0,933.0,646.0,705.0,31.0,32.0,0.6003861003861004,59.0,0.0913312693498452,1.0,0.03225806451612903
06_107_3300,2195.0,1170.0,1025.0,704.0,777.0,7.0,7.0,0.46697038724373574,73.0,0.10369318181818182,0.0,0.0
06_107_4000,0.0,0.0,0.0,,,,,,,,,
06_107_702,1530.0,814.0,716.0,675.0,680.0,27.0,32.0,0.46797385620915033,5.0,0.007407407407407408,5.0,0.18518518518518517
06_107_800,2143.0,1380.0,763.0,830.0,777.0,53.0,,0.3560429304713019,-53.0,-0.06385542168674699,,
06_107_1003,5568.0,4329.0,1239.0,1618.0,1614.0,83.0,84.0,0.22252155172413793,-4.0,-0.002472187886279357,1.0,0.012048192771084338
06_107_1006,2147.0,1260.0,887.0,1112.0,1053.0,,,0.4131346064275734,-59.0,-0.053057553956834536,,
06_107_1701,2304.0,759.0,1545.0,826.0,802.0,34.0,35.0,0.6705729166666666,-24.0,-0.029055690072639227,1.0,0.029411764705882353
06_107_1901,1266.0,968.0,298.0,1295.0,1217.0,,,0.2353870458135861,-78.0,-0.06023166023166023,,
06_107_1501,1688.0,1182.0,506.0,885.0,893.0,69.0,65.0,0.29976303317535546,8.0,0.00903954802259887,-4.0,-0.057971014492753624
06_107_2004,1782.0,1012.0,770.0,1314.0,1364.0,,,0.43209876543209874,50.0,0.0380517503805175,,
06_107_2007,2697.0,1819.0,878.0,1244.0,1295.0,47.0,44.0,0.3255469039673711,51.0,0.0409967845659164,-3.0,-0.06382978723404255
06_107_2100,630.0,398.0,232.0,884.0,866.0,,,0.3682539682539683,-18.0,-0.020361990950226245,,
06_107_1703,2419.0,1983.0,436.0,1273.0,1273.0,151.0,103.0,0.18023976849937992,0.0,0.0,-48.0,-0.31788079470198677
06_107_1704,2146.0,1266.0,880.0,1210.0,1245.0,38.0,31.0,0.41006523765144454,35.0,0.028925619834710745,-7.0,-0.18421052631578946
06_107_2303,2396.0,1612.0,784.0,1042.0,968.0,,,0.327212020033389,-74.0,-0.0710172744721689,,
06_107_2400,3107.0,2237.0,870.0,1416.0,1453.0,37.0,41.0,0.2800128741551336,37.0,0.026129943502824857,4.0,0.10810810810810811
06_107_2602,1462.0,941.0,521.0,776.0,810.0,38.0,30.0,0.35636114911080713,34.0,0.04381443298969072,-8.0,-0.21052631578947367
06_107_3100,946.0,368.0,578.0,653.0,676.0,12.0,10.0,0.6109936575052854,23.0,0.03522205206738132,-2.0,-0.16666666666666666
06_107_3400,1933.0,1305.0,628.0,713.0,726.0,82.0,43.0,0.3248836006207967,13.0,0.0182328190743338,-39.0,-0.47560975609756095
06_107_3601,2265.0,1487.0,778.0,1034.0,1038.0,,,0.3434878587196468,4.0,0.0038684719535783366,,
06_107_100,2050.0,1503.0,547.0,1147.0,1209.0,17.0,9.0,0.26682926829268294,62.0,0.05405405405405406,-8.0,-0.47058823529411764
06_107_201,2030.0,922.0,1108.0,719.0,703.0,47.0,44.0,0.5458128078817734,-16.0,-0.022253129346314324,-3.0,-0.06382978723404255
06_107_401,1266.0,934.0,332.0,1127.0,1128.0,,33.0,0.26224328593996843,1.0,0.0008873114463176575,,
06_107_1005,1001.0,820.0,181.0,1562.0,1469.0,59.0,51.0,0.18081918081918083,-93.0,-0.05953905249679898,-8.0,-0.13559322033898305
06_107_1502,1803.0,1107.0,696.0,981.0,987.0,54.0,29.0,0.3860232945091514,6.0,0.0061162079510703364,-25.0,-0.46296296296296297
06_107_2008,1013.0,292.0,721.0,850.0,817.0,,,0.7117472852912142,-33.0,-0.03882352941176471,,
06_107_3700,1780.0,833.0,947.0,850.0,879.0,59.0,58.0,0.5320224719101123,29.0,0.03411764705882353,-1.0,-0.01694915254237288
06_107_3902,1553.0,892.0,661.0,748.0,725.0,116.0,109.0,0.4256278171281391,-23.0,-0.03074866310160428,-7.0,-0.0603448275862069
06_107_4102,619.0,358.0,261.0,768.0,770.0,,,0.42164781906300486,2.0,0.0026041666666666665,,
06_107_2700,2156.0,1571.0,585.0,824.0,763.0,106.0,108.0,0.27133580705009275,-61.0,-0.07402912621359223,2.0,0.018867924528301886
06_107_2800,922.0,278.0,644.0,599.0,669.0,,,0.6984815618221258,70.0,0.11686143572621036,,
06_107_4101,2501.0,1090.0,1411.0,663.0,637.0,68.0,51.0,0.5641743302678929,-26.0,-0.0392156862745098,-17.0,-0.25
06_107_4500,1737.0,1119.0,618.0,670.0,708.0,26.0,27.0,0.35578583765112265,38.0,0.056716417910447764,1.0,0.038461538461538464
06_107_402,2007.0,1327.0,680.0,911.0,890.0,49.0,31.0,0.3388141504733433,-21.0,-0.02305159165751921,-18.0,-0.3673469387755102
06_107_501,1669.0,602.0,1067.0,780.0,770.0,56.0,50.0,0.6393049730377471,-10.0,-0.01282051282051282,-6.0,-0.10714285714285714
06_107_502,781.0,536.0,245.0,923.0,1029.0,,,0.31370038412291934,106.0,0.11484290357529794,,
06_107_1100,1832.0,666.0,1166.0,697.0,685.0,44.0,88.0,0.6364628820960698,-12.0,-0.01721664275466284,44.0,1.0
06_107_1301,2360.0,1775.0,585.0,1332.0,1429.0,102.0,127.0,0.2478813559322034,97.0,0.07282282282282282,25.0,0.24509803921568626
06_107_1400,1764.0,1189.0,575.0,931.0,961.0,10.0,,0.32596371882086167,30.0,0.0322234156820623,,
06_107_1800,1760.0,1079.0,681.0,945.0,943.0,74.0,67.0,0.38693181818181815,-2.0,-0.0021164021164021165,-7.0,-0.0945945945945946
06_107_1902,1447.0,1211.0,236.0,1345.0,1346.0,,,0.1630960608154803,1.0,0.0007434944237918215,,
06_107_2202,1420.0,557.0,863.0,699.0,786.0,26.0,70.0,0.6077464788732394,87.0,0.12446351931330472,44.0,1.6923076923076923
06_107_2903,1632.0,1133.0,499.0,996.0,969.0,28.0,34.0,0.30575980392156865,-27.0,-0.02710843373493976,6.0,0.21428571428571427
06_107_3801,1100.0,386.0,714.0,614.0,675.0,,,0.649090909090909,61.0,0.0993485342019544,,
06_107_4200,1503.0,595.0,908.0,703.0,720.0,,,0.6041250831669993,17.0,0.02418207681365576,,
06_107_4300,1736.0,794.0,942.0,648.0,697.0,6.0,6.0,0.5426267281105991,49.0,0.07561728395061729,0.0,0.0
06_107_202,683.0,246.0,437.0,559.0,639.0,,11.0,0.6398243045387995,80.0,0.14311270125223613,,
06_107_1004,1970.0,1217.0,753.0,925.0,967.0,18.0,18.0,0.3822335025380711,42.0,0.04540540540540541,0.0,0.0
06_107_2901,1093.0,424.0,669.0,633.0,668.0,23.0,18.0,0.6120768526989936,35.0,0.05529225908372828,-5.0,-0.21739130434782608
06_107_2904,1552.0,846.0,706.0,1059.0,1073.0,,,0.45489690721649484,14.0,0.013220018885741265,,
06_107_2009,1482.0,921.0,561.0,991.0,1070.0,39.0,40.0,0.3785425101214575,79.0,0.07971745711402624,1.0,0.02564102564102564
06_107_2601,1093.0,564.0,529.0,610.0,667.0,,,0.4839890210430009,57.0,0.09344262295081968,,
06_107_3802,1308.0,415.0,893.0,685.0,666.0,8.0,12.0,0.6827217125382263,-19.0,-0.027737226277372264,4.0,0.5
06_107_3901,1968.0,1316.0,652.0,788.0,796.0,12.0,11.0,0.3313008130081301,8.0,0.01015228426395939,-1.0,-0.08333333333333333
06_107_1602,1543.0,853.0,690.0,743.0,797.0,,,0.4471808165910564,54.0,0.07267833109017496,,
06_107_4400,1563.0,663.0,900.0,492.0,528.0,,,0.5758157389635317,36.0,0.07317073170731707,,
06_107_302,796.0,303.0,493.0,613.0,640.0,,,0.6193467336683417,27.0,0.04404567699836868,,
06_107_3602,2191.0,1317.0,874.0,812.0,894.0,31.0,28.0,0.3989046097672296,82.0,0.10098522167487685,-3.0,-0.0967741935483871
06_107_2302,1647.0,1053.0,594.0,1213.0,1182.0,,,0.36065573770491804,-31.0,-0.025556471558120363,,
06_107_1200,577.0,86.0,491.0,772.0,785.0,,,0.8509532062391681,13.0,0.01683937823834197,,
06_107_2500,1074.0,814.0,260.0,1274.0,1166.0,35.0,35.0,0.24208566108007448,-108.0,-0.0847723704866562,0.0,0.0
06_107_3001,1069.0,557.0,512.0,903.0,889.0,23.0,25.0,0.47895229186155286,-14.0,-0.015503875968992248,2.0,0.08695652173913043
06_107_900,1801.0,1004.0,797.0,771.0,860.0,,,0.4425319267073848,89.0,0.11543450064850844,,
06_107_2006,1518.0,1145.0,373.0,1533.0,1483.0,,,0.24571805006587616,-50.0,-0.03261578604044357,,
06_113_10302,2432.0,1946.0,486.0,2013.0,2011.0,65.0,138.0,0.19983552631578946,-2.0,-0.0009935419771485345,73.0,1.123076923076923
06_113_10310,1819.0,1211.0,608.0,2210.0,2206.0,,24.0,0.3342495876855415,-4.0,-0.0018099547511312218,,
06_113_10312,1852.0,1369.0,483.0,1610.0,1638.0,13.0,133.0,0.2607991360691145,28.0,0.017391304347826087,120.0,9.23076923076923
06_113_10401,1790.0,1166.0,624.0,1387.0,1497.0,45.0,45.0,0.3486033519553073,110.0,0.07930785868781542,0.0,0.0
06_113_10402,1173.0,959.0,214.0,2330.0,2245.0,6.0,8.0,0.1824381926683717,-85.0,-0.03648068669527897,2.0,0.3333333333333333
06_113_10511,1204.0,460.0,744.0,1548.0,1722.0,,,0.6179401993355482,174.0,0.1124031007751938,,
06_113_10512,1182.0,524.0,658.0,1613.0,1698.0,,,0.55668358714044,85.0,0.05269683818970862,,
06_113_10513,1150.0,365.0,785.0,1311.0,1392.0,,,0.6826086956521739,81.0,0.06178489702517163,,
06_113_10608,1909.0,667.0,1242.0,1642.0,1613.0,17.0,27.0,0.6506024096385542,-29.0,-0.01766138855054811,10.0,0.5882352941176471
06_113_11205,2427.0,1622.0,805.0,1694.0,1832.0,,,0.33168520807581375,138.0,0.08146399055489964,,
06_113_10508,983.0,563.0,420.0,1642.0,1698.0,33.0,31.0,0.427263479145473,56.0,0.0341047503045067,-2.0,-0.06060606060606061
06_113_10607,1580.0,986.0,594.0,1563.0,1730.0,27.0,32.0,0.3759493670886076,167.0,0.10684580934101087,5.0,0.18518518518518517
06_113_10704,864.0,454.0,410.0,972.0,1225.0,30.0,23.0,0.47453703703703703,253.0,0.2602880658436214,-7.0,-0.23333333333333334
06_113_10800,1370.0,723.0,647.0,1025.0,1079.0,,,0.47226277372262776,54.0,0.05268292682926829,,
06_113_11001,2441.0,980.0,1461.0,873.0,861.0,46.0,26.0,0.5985251945923802,-12.0,-0.013745704467353952,-20.0,-0.43478260869565216
06_113_11300,2606.0,1570.0,1036.0,1328.0,1392.0,12.0,,0.397544128933231,64.0,0.04819277108433735,,
06_113_10101,2219.0,890.0,1329.0,987.0,1026.0,60.0,,0.5989184317260027,39.0,0.03951367781155015,,
06_113_10201,1114.0,736.0,378.0,718.0,847.0,33.0,37.0,0.3393177737881508,129.0,0.1796657381615599,4.0,0.12121212121212122
06_113_11400,1372.0,839.0,533.0,831.0,793.0,9.0,,0.38848396501457727,-38.0,-0.0457280385078219,,
06_113_10505,1627.0,1110.0,517.0,1747.0,1889.0,,22.0,0.3177627535341119,142.0,0.08128219805380653,,
06_113_10510,2068.0,1005.0,1063.0,1659.0,1816.0,,,0.5140232108317214,157.0,0.09463532248342375,,
06_113_10703,1711.0,605.0,1106.0,1196.0,1264.0,,,0.6464056107539451,68.0,0.056856187290969896,,
06_113_10605,1138.0,768.0,370.0,2255.0,2361.0,,,0.3251318101933216,106.0,0.04700665188470066,,
06_113_10902,2368.0,850.0,1518.0,885.0,887.0,,,0.6410472972972973,2.0,0.0022598870056497176,,
06_113_11002,1375.0,1022.0,353.0,1357.0,1400.0,,30.0,0.25672727272727275,43.0,0.03168754605747973,,
06_113_11203,994.0,883.0,111.0,1295.0,1332.0,,,0.11167002012072434,37.0,0.02857142857142857,,
06_113_10102,2321.0,1175.0,1146.0,1081.0,997.0,44.0,42.0,0.49375269280482553,-84.0,-0.07770582793709528,-2.0,-0.045454545454545456
06_113_10501,1093.0,50.0,1043.0,882.0,942.0,,,0.9542543458371455,60.0,0.06802721088435375,,
06_113_10701,1939.0,553.0,1386.0,1006.0,1110.0,,,0.7148014440433214,104.0,0.10337972166998012,,
06_113_11206,2037.0,1682.0,355.0,2773.0,2402.0,30.0,40.0,0.17427589592538045,-371.0,-0.13379011900468807,10.0,0.3333333333333333
06_113_10203,2014.0,644.0,1370.0,685.0,774.0,,,0.6802383316782522,89.0,0.12992700729927006,,
06_113_10606,2728.0,1567.0,1161.0,1380.0,1400.0,,24.0,0.42558651026392963,20.0,0.014492753623188406,,
06_113_10602,2360.0,419.0,1941.0,1037.0,1083.0,,,0.8224576271186441,46.0,0.044358727097396335,,
06_113_10901,1881.0,940.0,941.0,977.0,995.0,,,0.5002658160552897,18.0,0.01842374616171955,,
06_113_11500,1738.0,1154.0,584.0,1211.0,1223.0,92.0,101.0,0.33601841196777904,12.0,0.00990916597853014,9.0,0.09782608695652174
06_113_10204,2173.0,1220.0,953.0,867.0,830.0,,,0.43856419696272436,-37.0,-0.04267589388696655,,
06_113_11103,1124.0,669.0,455.0,1576.0,1571.0,,20.0,0.40480427046263345,-5.0,-0.0031725888324873096,,
06_113_11101,1063.0,658.0,405.0,1186.0,1235.0,23.0,18.0,0.380997177798683,49.0,0.04131534569983136,-5.0,-0.21739130434782608
06_113_10509,1330.0,721.0,609.0,1258.0,1342.0,,,0.45789473684210524,84.0,0.06677265500794913,,
06_113_11204,1731.0,1353.0,378.0,1235.0,1376.0,,,0.21837088388214904,141.0,0.11417004048582996,,
06_113_11102,1560.0,665.0,895.0,996.0,1073.0,17.0,36.0,0.5737179487179487,77.0,0.07730923694779117,19.0,1.1176470588235294
06_023_1200,1877.0,799.0,1078.0,747.0,773.0,,,0.5743207245604688,26.0,0.03480589022757698,,
06_023_11200,1322.0,875.0,447.0,896.0,912.0,8.0,16.0,0.3381240544629349,16.0,0.017857142857142856,8.0,1.0
06_023_10700,2797.0,1895.0,902.0,893.0,990.0,100.0,94.0,0.32248838040757954,97.0,0.10862262038073908,-6.0,-0.06
06_023_400,1621.0,1069.0,552.0,1154.0,855.0,58.0,50.0,0.3405305367057372,-299.0,-0.25909878682842286,-8.0,-0.13793103448275862
06_023_10502,2385.0,1604.0,781.0,1102.0,1106.0,88.0,48.0,0.32746331236897275,4.0,0.003629764065335753,-40.0,-0.45454545454545453
06_023_1101,2450.0,1026.0,1424.0,949.0,939.0,11.0,35.0,0.5812244897959183,-10.0,-0.01053740779768177,24.0,2.1818181818181817
06_023_1300,678.0,250.0,428.0,989.0,900.0,,,0.6312684365781711,-89.0,-0.08998988877654196,,
06_023_10901,1628.0,829.0,799.0,790.0,833.0,,,0.4907862407862408,43.0,0.05443037974683544,,
06_023_10902,1526.0,1199.0,327.0,1050.0,1152.0,19.0,17.0,0.21428571428571427,102.0,0.09714285714285714,-2.0,-0.10526315789473684
06_023_11500,1458.0,1051.0,407.0,736.0,755.0,10.0,11.0,0.27914951989026066,19.0,0.025815217391304348,1.0,0.1
06_023_11600,1455.0,747.0,708.0,688.0,694.0,41.0,45.0,0.4865979381443299,6.0,0.00872093023255814,4.0,0.0975609756097561
06_023_940000,910.0,586.0,324.0,466.0,490.0,9.0,,0.35604395604395606,24.0,0.05150214592274678,,
06_023_990100,0.0,0.0,0.0,,,,,,,,,
06_023_500,1740.0,533.0,1207.0,803.0,773.0,,,0.6936781609195403,-30.0,-0.037359900373599,,
06_023_1000,2303.0,567.0,1736.0,745.0,807.0,,,0.7537993920972644,62.0,0.08322147651006712,,
06_023_10300,1460.0,965.0,495.0,1171.0,1114.0,10.0,35.0,0.339041095890411,-57.0,-0.04867634500426986,25.0,2.5
06_023_10400,1638.0,1150.0,488.0,1236.0,1218.0,,31.0,0.2979242979242979,-18.0,-0.014563106796116505,,
06_023_10600,789.0,618.0,171.0,1077.0,1231.0,23.0,30.0,0.21673003802281368,154.0,0.14298978644382543,7.0,0.30434782608695654
06_023_10800,1729.0,999.0,730.0,824.0,876.0,44.0,80.0,0.42220936957779065,52.0,0.06310679611650485,36.0,0.8181818181818182
06_023_300,2155.0,1443.0,712.0,995.0,994.0,43.0,31.0,0.33039443155452436,-1.0,-0.0010050251256281408,-12.0,-0.27906976744186046
06_023_600,2131.0,1361.0,770.0,984.0,1080.0,35.0,,0.36133270764899106,96.0,0.0975609756097561,,
06_023_100,1931.0,440.0,1491.0,659.0,675.0,,,0.7721387881926463,16.0,0.024279210925644917,,
06_023_200,2375.0,1050.0,1325.0,836.0,873.0,31.0,,0.5578947368421052,37.0,0.04425837320574163,,
06_023_10102,1112.0,680.0,432.0,539.0,511.0,,5.0,0.38848920863309355,-28.0,-0.05194805194805195,,
06_023_900,2160.0,1579.0,581.0,1218.0,1147.0,23.0,22.0,0.2689814814814815,-71.0,-0.05829228243021346,-1.0,-0.043478260869565216
06_023_11000,1727.0,1318.0,409.0,928.0,911.0,,,0.2368268674001158,-17.0,-0.018318965517241378,,
06_023_800,2013.0,1238.0,775.0,1012.0,1070.0,16.0,51.0,0.3849975161450571,58.0,0.05731225296442688,35.0,2.1875
06_023_10501,2886.0,1597.0,1289.0,976.0,1071.0,85.0,45.0,0.44663894663894665,95.0,0.09733606557377049,-40.0,-0.47058823529411764
06_023_10200,1273.0,907.0,366.0,706.0,681.0,30.0,12.0,0.2875098193244305,-25.0,-0.03541076487252125,-18.0,-0.6
06_023_11100,1823.0,1053.0,770.0,862.0,884.0,63.0,44.0,0.4223806911684037,22.0,0.025522041763341066,-19.0,-0.30158730158730157
06_023_700,2372.0,1374.0,998.0,1007.0,993.0,12.0,13.0,0.42074198988195616,-14.0,-0.013902681231380337,1.0,0.08333333333333333
06_057_1203,1278.0,866.0,412.0,1871.0,1857.0,43.0,40.0,0.3223787167449139,-14.0,-0.0074826296098343134,-3.0,-0.06976744186046512
06_057_1204,1360.0,851.0,509.0,1624.0,1893.0,81.0,53.0,0.37426470588235294,269.0,0.16564039408866996,-28.0,-0.345679012345679
06_057_1205,1577.0,1502.0,75.0,2204.0,2535.0,40.0,32.0,0.04755865567533291,331.0,0.1501814882032668,-8.0,-0.2
06_057_1206,2141.0,1258.0,883.0,1750.0,1623.0,105.0,36.0,0.41242410088743575,-127.0,-0.07257142857142856,-69.0,-0.6571428571428571
06_057_102,2816.0,2551.0,265.0,1493.0,1679.0,,,0.09410511363636363,186.0,0.1245813797722706,,
06_057_103,3279.0,2821.0,458.0,1586.0,1659.0,155.0,147.0,0.1396767307105825,73.0,0.046027742749054225,-8.0,-0.05161290322580645
06_057_502,2075.0,1180.0,895.0,1084.0,1111.0,38.0,75.0,0.43132530120481927,27.0,0.024907749077490774,37.0,0.9736842105263158
06_057_701,3191.0,2719.0,472.0,1503.0,1564.0,62.0,60.0,0.14791601378878094,61.0,0.04058549567531603,-2.0,-0.03225806451612903
06_057_702,1667.0,1379.0,288.0,1327.0,1366.0,34.0,56.0,0.17276544691061788,39.0,0.0293896006028636,22.0,0.6470588235294118
06_057_900,1509.0,1095.0,414.0,964.0,949.0,60.0,66.0,0.27435387673956263,-15.0,-0.015560165975103735,6.0,0.1
06_057_200,1097.0,880.0,217.0,1910.0,1768.0,53.0,51.0,0.19781221513217867,-142.0,-0.0743455497382199,-2.0,-0.03773584905660377
06_057_300,973.0,786.0,187.0,1400.0,1530.0,8.0,10.0,0.19218910585817062,130.0,0.09285714285714286,2.0,0.25
06_057_600,2745.0,807.0,1938.0,876.0,910.0,,24.0,0.7060109289617487,34.0,0.03881278538812785,,
06_057_401,2720.0,2102.0,618.0,1637.0,1572.0,111.0,138.0,0.22720588235294117,-65.0,-0.03970678069639585,27.0,0.24324324324324326
06_057_501,2604.0,1537.0,1067.0,1022.0,1063.0,,,0.4097542242703533,41.0,0.040117416829745595,,
06_057_104,1627.0,1428.0,199.0,904.0,956.0,36.0,35.0,0.12231100184388445,52.0,0.05752212389380531,-1.0,-0.027777777777777776
06_057_105,1082.0,850.0,232.0,1467.0,1533.0,29.0,29.0,0.2144177449168207,66.0,0.044989775051124746,0.0,0.0
06_057_402,2858.0,2217.0,641.0,1260.0,1216.0,68.0,45.0,0.22428271518544438,-44.0,-0.03492063492063492,-23.0,-0.3382352941176471
06_057_801,2124.0,1584.0,540.0,1341.0,1442.0,31.0,23.0,0.2542372881355932,101.0,0.07531692766592095,-8.0,-0.25806451612903225
06_057_802,2838.0,2060.0,778.0,1155.0,1206.0,,,0.2741367159971811,51.0,0.04415584415584416,,
06_003_10000,357.0,287.0,70.0,1212.0,1165.0,9.0,8.0,0.19607843137254902,-47.0,-0.038778877887788776,-1.0,-0.1111111111111111
06_039_106,1739.0,1469.0,270.0,1478.0,1501.0,181.0,225.0,0.15526164462334674,23.0,0.015561569688768605,44.0,0.2430939226519337
06_039_109,787.0,594.0,193.0,929.0,1079.0,45.0,20.0,0.24523506988564167,150.0,0.16146393972012918,-25.0,-0.5555555555555556
06_039_108,2563.0,2041.0,522.0,1077.0,1165.0,124.0,76.0,0.20366757705813499,88.0,0.08170844939647168,-48.0,-0.3870967741935484
06_039_201,375.0,183.0,192.0,643.0,851.0,,,0.512,208.0,0.3234836702954899,,
06_039_202,1893.0,1122.0,771.0,1294.0,1378.0,166.0,96.0,0.40729001584786056,84.0,0.06491499227202473,-70.0,-0.42168674698795183
06_039_603,1358.0,486.0,872.0,842.0,839.0,,22.0,0.6421207658321061,-3.0,-0.0035629453681710215,,
06_039_604,1178.0,485.0,693.0,916.0,811.0,33.0,29.0,0.5882852292020373,-105.0,-0.1146288209606987,-4.0,-0.12121212121212122
06_039_507,2427.0,1759.0,668.0,1363.0,1326.0,50.0,56.0,0.27523691800576844,-37.0,-0.02714600146735143,6.0,0.12
06_039_602,1139.0,486.0,653.0,742.0,731.0,55.0,77.0,0.5733099209833187,-11.0,-0.014824797843665768,22.0,0.4
06_039_503,2828.0,1909.0,919.0,1349.0,1296.0,89.0,34.0,0.32496463932107494,-53.0,-0.039288361749444035,-55.0,-0.6179775280898876
06_039_506,1540.0,1136.0,404.0,1209.0,1182.0,21.0,42.0,0.2623376623376623,-27.0,-0.022332506203473945,21.0,1.0
06_039_700,3602.0,2594.0,1008.0,1256.0,1299.0,171.0,121.0,0.2798445308162132,43.0,0.03423566878980892,-50.0,-0.29239766081871343
06_039_800,1768.0,282.0,1486.0,735.0,755.0,21.0,21.0,0.8404977375565611,20.0,0.027210884353741496,0.0,0.0
06_039_900,2027.0,974.0,1053.0,902.0,918.0,50.0,30.0,0.5194869264923533,16.0,0.017738359201773836,-20.0,-0.4
06_039_502,2478.0,1152.0,1326.0,931.0,949.0,104.0,125.0,0.5351089588377724,18.0,0.01933404940923738,21.0,0.20192307692307693
06_039_508,1834.0,1352.0,482.0,1164.0,1184.0,,,0.2628135223555071,20.0,0.01718213058419244,,
06_039_103,2180.0,1652.0,528.0,908.0,861.0,,,0.24220183486238533,-47.0,-0.051762114537444934,,
06_039_102,1810.0,1169.0,641.0,840.0,921.0,71.0,50.0,0.3541436464088398,81.0,0.09642857142857143,-21.0,-0.29577464788732394
06_039_104,1832.0,1326.0,506.0,1109.0,1182.0,102.0,95.0,0.2762008733624454,73.0,0.06582506762849413,-7.0,-0.06862745098039216
06_039_1000,1755.0,1009.0,746.0,853.0,846.0,27.0,27.0,0.4250712250712251,-7.0,-0.008206330597889801,0.0,0.0
06_039_400,324.0,173.0,151.0,644.0,725.0,19.0,19.0,0.4660493827160494,81.0,0.12577639751552794,0.0,0.0
06_039_509,1879.0,1702.0,177.0,1673.0,1706.0,21.0,29.0,0.09419904204364024,33.0,0.01972504482964734,8.0,0.38095238095238093
06_039_300,2716.0,1077.0,1639.0,875.0,866.0,203.0,119.0,0.603460972017673,-9.0,-0.010285714285714285,-84.0,-0.41379310344827586
06_045_11200,1122.0,723.0,399.0,795.0,802.0,,,0.35561497326203206,7.0,0.00880503144654088,,
06_045_11500,2547.0,1061.0,1486.0,1085.0,1118.0,,35.0,0.5834314880251276,33.0,0.030414746543778803,,
06_045_11400,1673.0,1158.0,515.0,1045.0,921.0,28.0,34.0,0.3078302450687388,-124.0,-0.11866028708133972,6.0,0.21428571428571427
06_045_11600,2231.0,616.0,1615.0,804.0,851.0,28.0,26.0,0.7238906320035858,47.0,0.05845771144278607,-2.0,-0.07142857142857142
06_045_11800,743.0,450.0,293.0,1407.0,1197.0,24.0,50.0,0.3943472409152086,-210.0,-0.14925373134328357,26.0,1.0833333333333333
06_045_11700,1482.0,1059.0,423.0,1373.0,1167.0,30.0,21.0,0.2854251012145749,-206.0,-0.15003641660597233,-9.0,-0.3
06_045_10600,2822.0,2201.0,621.0,1178.0,1081.0,155.0,81.0,0.22005669737774627,-97.0,-0.08234295415959253,-74.0,-0.4774193548387097
06_045_10900,1721.0,1315.0,406.0,928.0,976.0,81.0,58.0,0.2359093550261476,48.0,0.05172413793103448,-23.0,-0.2839506172839506
06_045_10700,2464.0,1238.0,1226.0,953.0,971.0,83.0,79.0,0.49756493506493504,18.0,0.01888772298006296,-4.0,-0.04819277108433735
06_045_10802,693.0,391.0,302.0,1286.0,1213.0,22.0,,0.4357864357864358,-73.0,-0.056765163297045104,,
06_045_11300,2190.0,1118.0,1072.0,792.0,840.0,31.0,28.0,0.4894977168949772,48.0,0.06060606060606061,-3.0,-0.0967741935483871
06_045_10100,984.0,688.0,296.0,707.0,741.0,,,0.3008130081300813,34.0,0.04809052333804809,,
06_045_10200,1571.0,973.0,598.0,636.0,680.0,51.0,48.0,0.38064926798217696,44.0,0.06918238993710692,-3.0,-0.058823529411764705
06_045_10400,1384.0,740.0,644.0,1024.0,1138.0,59.0,36.0,0.4653179190751445,114.0,0.111328125,-23.0,-0.3898305084745763
06_045_10801,1975.0,1478.0,497.0,1245.0,1242.0,9.0,17.0,0.25164556962025314,-3.0,-0.0024096385542168677,8.0,0.8888888888888888
06_045_10500,1794.0,775.0,1019.0,954.0,982.0,18.0,8.0,0.5680044593088072,28.0,0.029350104821802937,-10.0,-0.5555555555555556
06_045_10300,1605.0,1192.0,413.0,925.0,994.0,94.0,77.0,0.2573208722741433,69.0,0.0745945945945946,-17.0,-0.18085106382978725
06_045_11001,959.0,700.0,259.0,581.0,665.0,,,0.27007299270072993,84.0,0.14457831325301204,,
06_045_11002,2575.0,2065.0,510.0,1164.0,1354.0,,,0.19805825242718447,190.0,0.16323024054982818,,
06_045_11102,1567.0,1079.0,488.0,1017.0,1005.0,211.0,204.0,0.3114231014677728,-12.0,-0.011799410029498525,-7.0,-0.03317535545023697
06_045_990100,0.0,0.0,0.0,,,,,,,,,
06_087_121000,1239.0,1027.0,212.0,2803.0,2693.0,,,0.17110573042776434,-110.0,-0.0392436674991081,,
06_087_121300,1603.0,976.0,627.0,1798.0,1979.0,,,0.3911416094822208,181.0,0.10066740823136819,,
06_087_110300,1763.0,291.0,1472.0,1089.0,1076.0,,,0.8349404424276801,-13.0,-0.011937557392102846,,
06_087_122203,1474.0,978.0,496.0,1955.0,2093.0,36.0,49.0,0.33649932157394846,138.0,0.07058823529411765,13.0,0.3611111111111111
06_087_121600,2544.0,1438.0,1106.0,1224.0,1242.0,105.0,135.0,0.43474842767295596,18.0,0.014705882352941176,30.0,0.2857142857142857
06_087_110100,2420.0,1326.0,1094.0,1075.0,1216.0,22.0,26.0,0.45206611570247934,141.0,0.13116279069767442,4.0,0.18181818181818182
06_087_120400,2148.0,1453.0,695.0,2084.0,1988.0,24.0,24.0,0.3235567970204842,-96.0,-0.046065259117082535,0.0,0.0
06_087_990100,0.0,0.0,0.0,,,,,,,,,
06_087_120200,1539.0,1189.0,350.0,1991.0,2099.0,,5.0,0.22742040285899934,108.0,0.05424409844299347,,
06_087_120900,3059.0,2203.0,856.0,2001.0,1998.0,103.0,88.0,0.2798300098071265,-3.0,-0.0014992503748125937,-15.0,-0.14563106796116504
06_087_121200,2415.0,1776.0,639.0,2461.0,2209.0,8.0,7.0,0.2645962732919255,-252.0,-0.10239739943112555,-1.0,-0.125
06_087_121401,919.0,614.0,305.0,1725.0,1512.0,,,0.33188248095756256,-213.0,-0.12347826086956522,,
06_087_121500,2144.0,830.0,1314.0,1345.0,1465.0,44.0,49.0,0.6128731343283582,120.0,0.08921933085501858,5.0,0.11363636363636363
06_087_122100,1473.0,786.0,687.0,1381.0,1384.0,27.0,32.0,0.4663951120162933,3.0,0.002172338884866039,5.0,0.18518518518518517
06_087_123300,423.0,122.0,301.0,923.0,957.0,,,0.7115839243498818,34.0,0.03683640303358613,,
06_087_100100,781.0,653.0,128.0,1637.0,1753.0,,21.0,0.16389244558258642,116.0,0.0708613317043372,,
06_087_100600,1245.0,752.0,493.0,1713.0,1880.0,,,0.39598393574297186,167.0,0.09748978400467016,,
06_087_110502,1475.0,793.0,682.0,1271.0,1403.0,26.0,26.0,0.4623728813559322,132.0,0.1038552321007081,0.0,0.0
06_087_101100,2301.0,1348.0,953.0,1810.0,1917.0,,,0.414167753150804,107.0,0.05911602209944752,,
06_087_120302,1007.0,627.0,380.0,1782.0,1796.0,,,0.37735849056603776,14.0,0.007856341189674524,,
06_087_120500,2523.0,1999.0,524.0,2215.0,1985.0,14.0,27.0,0.20768925881886643,-230.0,-0.1038374717832957,13.0,0.9285714285714286
06_087_122202,860.0,744.0,116.0,2769.0,2628.0,,,0.13488372093023257,-141.0,-0.050920910075839654,,
06_087_122300,1441.0,933.0,508.0,1492.0,1614.0,66.0,33.0,0.3525329632199861,122.0,0.08176943699731903,-33.0,-0.5
06_087_100200,2707.0,1528.0,1179.0,1705.0,1781.0,,,0.4355374953823421,76.0,0.04457478005865103,,
06_087_100800,3082.0,849.0,2233.0,1420.0,1515.0,,,0.7245295262816352,95.0,0.06690140845070422,,
06_087_120800,2411.0,1922.0,489.0,2098.0,1991.0,40.0,,0.20282040647034424,-107.0,-0.05100095328884652,,
06_087_121100,1145.0,1030.0,115.0,1818.0,1737.0,9.0,,0.10043668122270742,-81.0,-0.04455445544554455,,
06_087_121402,1527.0,911.0,616.0,1352.0,1525.0,34.0,34.0,0.4034053700065488,173.0,0.1279585798816568,0.0,0.0
06_087_122500,1468.0,1048.0,420.0,1501.0,1565.0,,,0.28610354223433243,64.0,0.04263824117255163,,
06_087_101200,1274.0,786.0,488.0,1623.0,1581.0,31.0,27.0,0.38304552590266877,-42.0,-0.025878003696857672,-4.0,-0.12903225806451613
06_087_120600,1858.0,1453.0,405.0,2019.0,1943.0,69.0,70.0,0.21797631862217437,-76.0,-0.037642397226349676,1.0,0.014492753623188406
06_087_121403,1343.0,774.0,569.0,1323.0,1413.0,18.0,24.0,0.4236783320923306,90.0,0.06802721088435375,6.0,0.3333333333333333
06_087_121700,3015.0,1628.0,1387.0,1486.0,1456.0,70.0,86.0,0.46003316749585405,-30.0,-0.020188425302826378,16.0,0.22857142857142856
06_087_122001,1840.0,1288.0,552.0,1811.0,1974.0,31.0,50.0,0.3,163.0,0.09000552181115405,19.0,0.6129032258064516
06_087_122400,2568.0,1998.0,570.0,1680.0,1678.0,51.0,14.0,0.2219626168224299,-2.0,-0.0011904761904761906,-37.0,-0.7254901960784313
06_087_110501,1976.0,919.0,1057.0,1265.0,1275.0,27.0,19.0,0.534919028340081,10.0,0.007905138339920948,-8.0,-0.2962962962962963
06_087_100700,954.0,245.0,709.0,1033.0,1049.0,20.0,,0.7431865828092243,16.0,0.015488867376573089,,
06_087_120301,2103.0,1628.0,475.0,2123.0,2068.0,36.0,35.0,0.22586780789348548,-55.0,-0.025906735751295335,-1.0,-0.027777777777777776
06_087_120700,1737.0,1291.0,446.0,1491.0,1404.0,26.0,,0.25676453655728265,-87.0,-0.05835010060362173,,
06_087_122002,1331.0,1090.0,241.0,2628.0,2282.0,53.0,32.0,0.18106686701728025,-346.0,-0.13165905631659056,-21.0,-0.39622641509433965
06_087_122003,2724.0,1955.0,769.0,1991.0,1712.0,13.0,19.0,0.28230543318649043,-279.0,-0.1401305876443998,6.0,0.46153846153846156
06_087_100300,1223.0,739.0,484.0,1417.0,1518.0,,30.0,0.39574816026165166,101.0,0.07127734650670431,,
06_087_100500,2014.0,1251.0,763.0,2109.0,2211.0,39.0,43.0,0.3788480635551142,102.0,0.04836415362731152,4.0,0.10256410256410256
06_087_110400,1938.0,865.0,1073.0,1425.0,1478.0,,20.0,0.5536635706914345,53.0,0.037192982456140354,,
06_087_110700,824.0,520.0,304.0,1276.0,1325.0,45.0,36.0,0.36893203883495146,49.0,0.0384012539184953,-9.0,-0.2
06_087_121800,2271.0,849.0,1422.0,1447.0,1514.0,,43.0,0.6261558784676354,67.0,0.04630269523151347,,
06_087_122201,2708.0,1880.0,828.0,2033.0,1891.0,127.0,115.0,0.30576070901033975,-142.0,-0.06984751598622725,-12.0,-0.09448818897637795
06_087_123100,799.0,585.0,214.0,1559.0,1255.0,,,0.26783479349186484,-304.0,-0.19499679281590762,,
06_087_100400,459.0,169.0,290.0,1309.0,1378.0,,,0.6318082788671024,69.0,0.052711993888464474,,
06_087_101000,3331.0,512.0,2819.0,1114.0,1203.0,,,0.8462924046832783,89.0,0.07989228007181329,,
06_087_110600,2274.0,1172.0,1102.0,1098.0,1013.0,,,0.484608619173263,-85.0,-0.07741347905282331,,
06_087_100900,1956.0,732.0,1224.0,1546.0,1454.0,34.0,85.0,0.6257668711656442,-92.0,-0.059508408796895215,51.0,1.5
06_087_110200,2178.0,1227.0,951.0,1304.0,1306.0,38.0,36.0,0.4366391184573003,2.0,0.0015337423312883436,-2.0,-0.05263157894736842
06_105_101,1353.0,1053.0,300.0,728.0,793.0,43.0,38.0,0.22172949002217296,65.0,0.08928571428571429,-5.0,-0.11627906976744186
06_105_102,1922.0,1273.0,649.0,836.0,840.0,62.0,66.0,0.3376690946930281,4.0,0.004784688995215311,4.0,0.06451612903225806
06_105_400,328.0,242.0,86.0,496.0,560.0,30.0,22.0,0.2621951219512195,64.0,0.12903225806451613,-8.0,-0.26666666666666666
06_105_200,955.0,702.0,253.0,542.0,576.0,61.0,64.0,0.2649214659685864,34.0,0.06273062730627306,3.0,0.04918032786885246
06_105_300,1173.0,878.0,295.0,556.0,590.0,14.0,14.0,0.2514919011082694,34.0,0.06115107913669065,0.0,0.0
06_037_534405,905.0,105.0,800.0,1033.0,1108.0,,,0.8839779005524862,75.0,0.07260406582768635,,
06_037_534501,1254.0,674.0,580.0,1394.0,1162.0,38.0,43.0,0.4625199362041467,-232.0,-0.16642754662840745,5.0,0.13157894736842105
06_037_534700,842.0,622.0,220.0,1329.0,1316.0,19.0,38.0,0.26128266033254155,-13.0,-0.009781790820165538,19.0,1.0
06_037_535501,998.0,142.0,856.0,883.0,944.0,,,0.8577154308617234,61.0,0.06908267270668177,,
06_037_535804,1322.0,311.0,1011.0,1036.0,1117.0,,,0.764750378214826,81.0,0.07818532818532818,,
06_037_540202,1663.0,257.0,1406.0,979.0,978.0,,,0.8454600120264583,-1.0,-0.0010214504596527069,,
06_037_540300,1227.0,819.0,408.0,1168.0,1198.0,23.0,31.0,0.33251833740831294,30.0,0.025684931506849314,8.0,0.34782608695652173
06_037_540501,1092.0,694.0,398.0,1130.0,1268.0,,,0.36446886446886445,138.0,0.12212389380530973,,
06_037_541001,365.0,343.0,22.0,1129.0,919.0,,,0.06027397260273973,-210.0,-0.18600531443755536,,
06_037_542502,1204.0,312.0,892.0,1019.0,1031.0,18.0,30.0,0.7408637873754153,12.0,0.011776251226692836,12.0,0.6666666666666666
06_037_542601,642.0,189.0,453.0,944.0,1003.0,17.0,19.0,0.705607476635514,59.0,0.0625,2.0,0.11764705882352941
06_037_542602,1406.0,614.0,792.0,1005.0,1177.0,,,0.5633001422475107,172.0,0.17114427860696518,,
06_037_543322,2042.0,1810.0,232.0,1875.0,1926.0,,,0.11361410381978453,51.0,0.0272,,
06_037_543503,1724.0,1212.0,512.0,1456.0,1359.0,,49.0,0.29698375870069604,-97.0,-0.06662087912087912,,
06_037_550400,393.0,340.0,53.0,1625.0,1424.0,6.0,,0.13486005089058525,-201.0,-0.1236923076923077,,
06_037_554101,1059.0,339.0,720.0,1036.0,1113.0,,28.0,0.6798866855524079,77.0,0.07432432432432433,,
06_037_554512,1821.0,1689.0,132.0,2206.0,2184.0,,,0.07248764415156507,-22.0,-0.009972801450589302,,
06_037_554513,797.0,582.0,215.0,2261.0,2353.0,,,0.2697616060225847,92.0,0.040689960194604156,,
06_037_554801,732.0,522.0,210.0,1527.0,1620.0,37.0,22.0,0.28688524590163933,93.0,0.060903732809430254,-15.0,-0.40540540540540543
06_037_554802,1771.0,1017.0,754.0,1289.0,1243.0,,,0.4257481648785997,-46.0,-0.035686578743211794,,
06_037_800504,1075.0,657.0,418.0,2963.0,2974.0,48.0,43.0,0.38883720930232557,11.0,0.003712453594330071,-5.0,-0.10416666666666667
06_037_800506,1366.0,1026.0,340.0,3321.0,2985.0,,,0.24890190336749635,-336.0,-0.1011743450767841,,
06_037_900103,1550.0,1151.0,399.0,1263.0,1255.0,52.0,61.0,0.2574193548387097,-8.0,-0.006334125098970704,9.0,0.17307692307692307
06_037_900104,1696.0,1289.0,407.0,1319.0,1275.0,42.0,37.0,0.23997641509433962,-44.0,-0.03335860500379075,-5.0,-0.11904761904761904
06_037_900201,377.0,201.0,176.0,941.0,775.0,89.0,96.0,0.46684350132625996,-166.0,-0.17640807651434645,7.0,0.07865168539325842
06_037_900505,1229.0,703.0,526.0,1558.0,1448.0,52.0,65.0,0.42799023596419855,-110.0,-0.07060333761232349,13.0,0.25
06_037_900506,1325.0,956.0,369.0,1569.0,1534.0,38.0,18.0,0.27849056603773586,-35.0,-0.022307202039515615,-20.0,-0.5263157894736842
06_037_900507,2116.0,1431.0,685.0,1224.0,1318.0,104.0,105.0,0.32372400756143666,94.0,0.07679738562091504,1.0,0.009615384615384616
06_037_900508,876.0,711.0,165.0,1831.0,1830.0,108.0,98.0,0.18835616438356165,-1.0,-0.0005461496450027307,-10.0,-0.09259259259259259
06_037_900608,1024.0,662.0,362.0,1336.0,1347.0,68.0,70.0,0.353515625,11.0,0.008233532934131737,2.0,0.029411764705882353
06_037_901008,997.0,619.0,378.0,1718.0,1595.0,,,0.3791374122367101,-123.0,-0.07159487776484284,,
06_037_900609,1506.0,991.0,515.0,1500.0,1498.0,140.0,118.0,0.34196547144754313,-2.0,-0.0013333333333333333,-22.0,-0.15714285714285714
06_037_901009,1808.0,1254.0,554.0,1555.0,1601.0,8.0,,0.3064159292035398,46.0,0.029581993569131833,,
06_037_134720,1584.0,845.0,739.0,1702.0,1472.0,24.0,21.0,0.46654040404040403,-230.0,-0.13513513513513514,-3.0,-0.125
06_037_137201,2274.0,1257.0,1017.0,1604.0,1780.0,,,0.4472295514511873,176.0,0.10972568578553615,,
06_037_137502,1696.0,1248.0,448.0,2401.0,2364.0,28.0,,0.2641509433962264,-37.0,-0.015410245730945439,,
06_037_137504,636.0,615.0,21.0,3977.0,4001.0,,,0.0330188679245283,24.0,0.0060346995222529546,,
06_037_141600,1553.0,1429.0,124.0,3260.0,3624.0,,,0.0798454603992273,364.0,0.1116564417177914,,
06_037_143400,2672.0,1222.0,1450.0,1696.0,1862.0,62.0,52.0,0.5426646706586826,166.0,0.09787735849056604,-10.0,-0.16129032258064516
06_037_181000,2332.0,1771.0,561.0,1765.0,1840.0,,,0.24056603773584906,75.0,0.042492917847025496,,
06_037_183520,1079.0,232.0,847.0,958.0,983.0,20.0,18.0,0.7849860982391103,25.0,0.026096033402922755,-2.0,-0.1
06_037_191204,845.0,152.0,693.0,1084.0,1110.0,,,0.8201183431952662,26.0,0.023985239852398525,,
06_037_191620,939.0,76.0,863.0,973.0,983.0,,,0.919062832800852,10.0,0.010277492291880781,,
06_037_191820,1177.0,54.0,1123.0,954.0,1002.0,,,0.9541206457094308,48.0,0.050314465408805034,,
06_037_192510,1261.0,278.0,983.0,1110.0,1199.0,,,0.7795400475812847,89.0,0.08018018018018018,,
06_037_192520,1571.0,132.0,1439.0,973.0,1042.0,,,0.9159770846594526,69.0,0.07091469681397738,,
06_037_192610,1416.0,206.0,1210.0,1054.0,1067.0,,,0.8545197740112994,13.0,0.012333965844402278,,
06_037_194500,1043.0,533.0,510.0,1563.0,1775.0,37.0,,0.48897411313518696,212.0,0.13563659628918745,,
06_037_195300,1567.0,424.0,1143.0,1033.0,1273.0,,,0.7294192724952138,240.0,0.23233301064859632,,
06_037_195600,1163.0,368.0,795.0,1240.0,1253.0,11.0,10.0,0.6835769561478934,13.0,0.010483870967741936,-1.0,-0.09090909090909091
06_037_199400,1376.0,432.0,944.0,941.0,1004.0,,,0.686046511627907,63.0,0.0669500531349628,,
06_037_199800,1601.0,434.0,1167.0,896.0,890.0,10.0,,0.7289194253591506,-6.0,-0.006696428571428571,,
06_037_201504,616.0,400.0,216.0,996.0,1000.0,11.0,12.0,0.35064935064935066,4.0,0.004016064257028112,1.0,0.09090909090909091
06_037_204820,448.0,215.0,233.0,1181.0,1388.0,,,0.5200892857142857,207.0,0.17527519051651144,,
06_037_206200,1417.0,256.0,1161.0,555.0,476.0,70.0,82.0,0.8193366266760762,-79.0,-0.14234234234234233,12.0,0.17142857142857143
06_037_208720,1504.0,28.0,1476.0,769.0,798.0,,,0.9813829787234043,29.0,0.0377113133940182,,
06_037_211802,2134.0,119.0,2015.0,889.0,985.0,,30.0,0.944236176194939,96.0,0.10798650168728909,,
06_037_212204,1254.0,9.0,1245.0,754.0,791.0,,,0.992822966507177,37.0,0.04907161803713528,,
06_037_212303,1276.0,0.0,1276.0,802.0,852.0,,,1.0,50.0,0.06234413965087282,,
06_037_212306,1202.0,17.0,1185.0,1050.0,1053.0,16.0,19.0,0.9858569051580699,3.0,0.002857142857142857,3.0,0.1875
06_037_213310,1061.0,120.0,941.0,872.0,891.0,77.0,80.0,0.8868991517436381,19.0,0.021788990825688075,3.0,0.03896103896103896
06_037_124105,894.0,163.0,731.0,1251.0,1208.0,,,0.8176733780760627,-43.0,-0.03437250199840128,,
06_037_124203,851.0,210.0,641.0,1086.0,1018.0,,,0.7532314923619271,-68.0,-0.06261510128913444,,
06_037_124204,953.0,124.0,829.0,1018.0,1147.0,,,0.869884575026233,129.0,0.12671905697445973,,
06_037_124902,1544.0,227.0,1317.0,1118.0,1147.0,,,0.852979274611399,29.0,0.0259391771019678,,
06_037_124903,1608.0,243.0,1365.0,1237.0,1271.0,,,0.8488805970149254,34.0,0.0274858528698464,,
06_037_125401,2066.0,36.0,2030.0,1150.0,1271.0,29.0,32.0,0.9825750242013552,121.0,0.10521739130434783,3.0,0.10344827586206896
06_037_125402,1874.0,458.0,1416.0,1344.0,1366.0,27.0,37.0,0.7556029882604055,22.0,0.01636904761904762,10.0,0.37037037037037035
06_037_125501,1589.0,194.0,1395.0,1136.0,1190.0,,,0.8779106356198867,54.0,0.04753521126760563,,
06_037_125502,1619.0,339.0,1280.0,1368.0,1362.0,46.0,65.0,0.7906114885731933,-6.0,-0.0043859649122807015,19.0,0.41304347826086957
06_037_127103,1066.0,150.0,916.0,951.0,966.0,,,0.8592870544090057,15.0,0.015772870662460567,,
06_037_127104,1184.0,466.0,718.0,1112.0,1196.0,,,0.606418918918919,84.0,0.07553956834532374,,
06_037_127603,861.0,248.0,613.0,983.0,1097.0,,,0.7119628339140535,114.0,0.11597151576805696,,
06_037_127604,1110.0,171.0,939.0,933.0,935.0,31.0,,0.845945945945946,2.0,0.0021436227224008574,,
06_037_127605,1079.0,331.0,748.0,1111.0,1134.0,,,0.6932344763670065,23.0,0.020702070207020702,,
06_037_127711,1152.0,541.0,611.0,1494.0,1561.0,,,0.5303819444444444,67.0,0.04484605087014726,,
06_037_127606,1143.0,422.0,721.0,1207.0,1376.0,,,0.6307961504811899,169.0,0.140016570008285,,
06_037_127712,1083.0,207.0,876.0,882.0,938.0,,,0.8088642659279779,56.0,0.06349206349206349,,
06_037_127803,1235.0,326.0,909.0,975.0,973.0,57.0,49.0,0.7360323886639676,-2.0,-0.0020512820512820513,-8.0,-0.14035087719298245
06_037_127804,1442.0,440.0,1002.0,1077.0,1079.0,13.0,21.0,0.694868238557559,2.0,0.0018570102135561746,8.0,0.6153846153846154
06_037_221110,1049.0,71.0,978.0,669.0,689.0,,,0.9323164918970448,20.0,0.029895366218236172,,
06_037_221120,815.0,133.0,682.0,1006.0,1061.0,,,0.8368098159509203,55.0,0.05467196819085487,,
06_037_222500,1324.0,424.0,900.0,1145.0,1152.0,20.0,,0.6797583081570997,7.0,0.00611353711790393,,
06_037_224020,784.0,78.0,706.0,685.0,744.0,,,0.9005102040816326,59.0,0.08613138686131387,,
06_037_224320,974.0,58.0,916.0,667.0,726.0,,,0.9404517453798767,59.0,0.08845577211394302,,
06_037_227020,658.0,142.0,516.0,805.0,1038.0,,,0.78419452887538,233.0,0.2894409937888199,,
06_037_228720,999.0,262.0,737.0,1097.0,1114.0,,,0.7377377377377378,17.0,0.015496809480401094,,
06_037_229200,1133.0,322.0,811.0,977.0,975.0,,,0.7157987643424537,-2.0,-0.0020470829068577278,,
06_037_231300,1317.0,401.0,916.0,1073.0,1130.0,,,0.6955201214882308,57.0,0.05312208760484623,,
06_037_231710,1227.0,50.0,1177.0,865.0,902.0,,,0.9592502037489813,37.0,0.04277456647398844,,
06_037_232700,1545.0,437.0,1108.0,954.0,1046.0,,,0.7171521035598706,92.0,0.09643605870020965,,
06_037_218702,801.0,150.0,651.0,884.0,956.0,,,0.8127340823970037,72.0,0.08144796380090498,,
06_037_219901,1407.0,320.0,1087.0,1020.0,1097.0,,,0.7725657427149965,77.0,0.07549019607843137,,
06_037_219902,1141.0,427.0,714.0,1266.0,1202.0,22.0,,0.6257668711656442,-64.0,-0.05055292259083728,,
06_037_221303,739.0,146.0,593.0,882.0,910.0,,,0.8024357239512855,28.0,0.031746031746031744,,
06_037_221304,1117.0,56.0,1061.0,882.0,978.0,,,0.9498657117278424,96.0,0.10884353741496598,,
06_037_232800,955.0,314.0,641.0,939.0,957.0,,,0.6712041884816754,18.0,0.019169329073482427,,
06_037_234600,1636.0,907.0,729.0,1183.0,1343.0,36.0,,0.44559902200489,160.0,0.1352493660185968,,
06_037_237900,1300.0,852.0,448.0,1205.0,1333.0,21.0,23.0,0.3446153846153846,128.0,0.10622406639004149,2.0,0.09523809523809523
06_037_620904,1150.0,658.0,492.0,2885.0,2835.0,,,0.42782608695652175,-50.0,-0.01733102253032929,,
06_037_621004,2320.0,1071.0,1249.0,1746.0,1853.0,50.0,45.0,0.5383620689655172,107.0,0.06128293241695303,-5.0,-0.1
06_037_621104,3351.0,1118.0,2233.0,2071.0,1994.0,,,0.6663682482840944,-77.0,-0.03718010622887494,,
06_037_621204,2012.0,574.0,1438.0,1501.0,1618.0,,,0.7147117296222664,117.0,0.07794803464357095,,
06_037_621324,2021.0,657.0,1364.0,1792.0,1839.0,,,0.6749134092033646,47.0,0.026227678571428572,,
06_037_621326,1758.0,399.0,1359.0,1702.0,1728.0,31.0,23.0,0.773037542662116,26.0,0.01527614571092832,-8.0,-0.25806451612903225
06_037_650003,1096.0,359.0,737.0,1132.0,1262.0,,,0.6724452554744526,130.0,0.11484098939929328,,
06_037_650004,1602.0,632.0,970.0,1396.0,1379.0,,,0.6054931335830213,-17.0,-0.012177650429799427,,
06_037_650401,1442.0,1172.0,270.0,2098.0,2030.0,,,0.18723994452149792,-68.0,-0.032411820781696854,,
06_037_651304,2330.0,1180.0,1150.0,1808.0,1794.0,,41.0,0.49356223175965663,-14.0,-0.007743362831858407,,
06_037_651401,1088.0,763.0,325.0,1201.0,1153.0,16.0,25.0,0.29871323529411764,-48.0,-0.03996669442131557,9.0,0.5625
06_037_650604,2452.0,128.0,2324.0,1228.0,1235.0,,,0.9477977161500816,7.0,0.005700325732899023,,
06_037_650605,1134.0,347.0,787.0,1390.0,1437.0,,,0.6940035273368607,47.0,0.03381294964028777,,
06_037_139702,2330.0,2152.0,178.0,3705.0,3998.0,31.0,16.0,0.07639484978540773,293.0,0.07908232118758435,-15.0,-0.4838709677419355
06_037_143500,2088.0,1065.0,1023.0,1955.0,1929.0,,,0.4899425287356322,-26.0,-0.01329923273657289,,
06_037_181400,1628.0,562.0,1066.0,1237.0,1323.0,32.0,,0.6547911547911548,86.0,0.06952303961196443,,
06_037_189400,1862.0,842.0,1020.0,2086.0,2015.0,121.0,115.0,0.547798066595059,-71.0,-0.034036433365292426,-6.0,-0.049586776859504134
06_037_185202,1350.0,690.0,660.0,1025.0,1003.0,,,0.4888888888888889,-22.0,-0.021463414634146343,,
06_037_188300,1388.0,679.0,709.0,1287.0,1307.0,12.0,11.0,0.510806916426513,20.0,0.01554001554001554,-1.0,-0.08333333333333333
06_037_189902,3101.0,161.0,2940.0,1301.0,1360.0,,,0.9480812641083521,59.0,0.045349730976172176,,
06_037_190100,2784.0,126.0,2658.0,1092.0,1109.0,,,0.9547413793103449,17.0,0.015567765567765568,,
06_037_192300,1577.0,569.0,1008.0,1451.0,1634.0,28.0,28.0,0.6391883322764743,183.0,0.12611991729841487,0.0,0.0
06_037_195100,2106.0,1273.0,833.0,1656.0,1860.0,42.0,,0.39553656220322886,204.0,0.12318840579710146,,
06_037_195720,813.0,97.0,716.0,1158.0,1113.0,,,0.8806888068880688,-45.0,-0.038860103626943004,,
06_037_199201,1152.0,145.0,1007.0,879.0,922.0,,,0.8741319444444444,43.0,0.048919226393629126,,
06_037_203200,1222.0,268.0,954.0,899.0,960.0,,,0.7806873977086743,61.0,0.067853170189099,,
06_037_203800,1052.0,420.0,632.0,920.0,1030.0,46.0,58.0,0.6007604562737643,110.0,0.11956521739130435,12.0,0.2608695652173913
06_037_204700,1116.0,409.0,707.0,847.0,955.0,,,0.6335125448028673,108.0,0.12750885478158205,,
06_037_204810,1071.0,403.0,668.0,970.0,959.0,20.0,37.0,0.6237161531279178,-11.0,-0.01134020618556701,17.0,0.85
06_037_216100,1031.0,502.0,529.0,1837.0,1905.0,28.0,40.0,0.513094083414161,68.0,0.037016875340228635,12.0,0.42857142857142855
06_037_216700,1643.0,533.0,1110.0,1424.0,1458.0,,,0.6755934266585514,34.0,0.023876404494382022,,
06_037_600704,1182.0,525.0,657.0,1228.0,1300.0,21.0,,0.5558375634517766,72.0,0.05863192182410423,,
06_037_601001,1051.0,176.0,875.0,933.0,955.0,,,0.8325404376784015,22.0,0.023579849946409433,,
06_037_601211,1133.0,133.0,1000.0,1075.0,1091.0,,,0.8826125330979699,16.0,0.014883720930232559,,
06_037_601501,1047.0,250.0,797.0,885.0,930.0,,,0.7612225405921681,45.0,0.05084745762711865,,
06_037_601801,858.0,264.0,594.0,1071.0,1266.0,,13.0,0.6923076923076923,195.0,0.18207282913165265,,
06_037_602002,829.0,360.0,469.0,1376.0,1328.0,48.0,45.0,0.5657418576598311,-48.0,-0.03488372093023256,-3.0,-0.0625
06_037_602105,1282.0,237.0,1045.0,1172.0,1154.0,,,0.8151326053042122,-18.0,-0.015358361774744027,,
06_037_620400,2025.0,1482.0,543.0,2234.0,2462.0,32.0,35.0,0.26814814814814814,228.0,0.10205908683974933,3.0,0.09375
06_037_650901,2478.0,1031.0,1447.0,1246.0,1398.0,52.0,54.0,0.5839386602098466,152.0,0.12199036918138041,2.0,0.038461538461538464
06_037_651222,2356.0,734.0,1622.0,1569.0,1578.0,,,0.6884550084889643,9.0,0.0057361376673040155,,
06_037_670100,2672.0,1163.0,1509.0,1299.0,1311.0,,,0.5647455089820359,12.0,0.009237875288683603,,
06_037_111100,911.0,606.0,305.0,1478.0,1740.0,36.0,35.0,0.33479692645444564,262.0,0.17726657645466848,-1.0,-0.027777777777777776
06_037_111302,1682.0,933.0,749.0,1389.0,1473.0,,25.0,0.44530321046373367,84.0,0.06047516198704104,,
06_037_111400,2724.0,1149.0,1575.0,1313.0,1403.0,,,0.5781938325991189,90.0,0.06854531607006854,,
06_037_209510,922.0,5.0,917.0,786.0,791.0,35.0,37.0,0.9945770065075922,5.0,0.006361323155216285,2.0,0.05714285714285714
06_037_531800,1172.0,494.0,678.0,875.0,907.0,,,0.5784982935153583,32.0,0.036571428571428574,,
06_037_532304,988.0,462.0,526.0,892.0,1034.0,,,0.5323886639676113,142.0,0.1591928251121076,,
06_037_532606,1191.0,158.0,1033.0,821.0,877.0,,,0.8673383711167086,56.0,0.0682095006090134,,
06_037_532800,926.0,230.0,696.0,859.0,936.0,,,0.7516198704103672,77.0,0.08963911525029103,,
06_037_532900,1529.0,438.0,1091.0,804.0,911.0,,,0.7135382603008502,107.0,0.13308457711442787,,
06_037_603102,1457.0,370.0,1087.0,1049.0,1084.0,,,0.7460535346602608,35.0,0.03336510962821735,,
06_037_551700,1718.0,955.0,763.0,1418.0,1462.0,8.0,6.0,0.44412107101280557,44.0,0.031029619181946404,-2.0,-0.25
06_037_552100,1877.0,1031.0,846.0,989.0,1077.0,22.0,34.0,0.4507192328183271,88.0,0.08897876643073811,12.0,0.5454545454545454
06_037_552601,1141.0,852.0,289.0,1437.0,1477.0,21.0,27.0,0.2532865907099036,40.0,0.027835768963117607,6.0,0.2857142857142857
06_037_552900,1921.0,1067.0,854.0,1412.0,1331.0,29.0,29.0,0.44456012493492975,-81.0,-0.05736543909348442,0.0,0.0
06_037_553100,1972.0,906.0,1066.0,1342.0,1591.0,9.0,14.0,0.5405679513184585,249.0,0.1855439642324888,5.0,0.5555555555555556
06_037_553701,938.0,426.0,512.0,1242.0,1211.0,,,0.5458422174840085,-31.0,-0.0249597423510467,,
06_037_553901,1742.0,1073.0,669.0,1228.0,1237.0,,,0.3840413318025258,9.0,0.007328990228013029,,
06_037_554516,1156.0,996.0,160.0,2204.0,2175.0,,,0.1384083044982699,-29.0,-0.013157894736842105,,
06_037_555104,1325.0,777.0,548.0,1600.0,1608.0,40.0,57.0,0.41358490566037737,8.0,0.005,17.0,0.425
06_037_570002,822.0,685.0,137.0,1767.0,1781.0,28.0,,0.16666666666666666,14.0,0.00792303338992643,,
06_037_570204,1024.0,363.0,661.0,1109.0,1163.0,19.0,18.0,0.6455078125,54.0,0.04869251577998197,-1.0,-0.05263157894736842
06_037_572002,1651.0,780.0,871.0,1521.0,1580.0,84.0,87.0,0.5275590551181102,59.0,0.03879026955950033,3.0,0.03571428571428571
06_037_572201,2079.0,1425.0,654.0,1743.0,1836.0,50.0,,0.31457431457431456,93.0,0.05335628227194492,,
06_037_573402,2282.0,941.0,1341.0,1208.0,1268.0,49.0,35.0,0.5876424189307625,60.0,0.04966887417218543,-14.0,-0.2857142857142857
06_037_574100,1922.0,1650.0,272.0,1866.0,2035.0,,,0.14151925078043703,169.0,0.09056806002143623,,
06_037_574400,1894.0,1644.0,250.0,1867.0,1974.0,,,0.13199577613516367,107.0,0.05731119442956615,,
06_037_143602,1920.0,921.0,999.0,1699.0,1516.0,,,0.5203125,-183.0,-0.10771041789287816,,
06_037_139303,1888.0,678.0,1210.0,1217.0,1299.0,79.0,55.0,0.6408898305084746,82.0,0.06737880032867707,-24.0,-0.3037974683544304
06_037_139600,2083.0,1420.0,663.0,1879.0,2061.0,141.0,143.0,0.3182909265482477,182.0,0.09686003193187866,2.0,0.014184397163120567
06_037_139701,1836.0,1512.0,324.0,3088.0,3109.0,,,0.17647058823529413,21.0,0.006800518134715026,,
06_037_183101,1317.0,823.0,494.0,1485.0,1456.0,,,0.37509491268033407,-29.0,-0.019528619528619527,,
06_037_185310,811.0,276.0,535.0,842.0,1005.0,,13.0,0.6596794081381011,163.0,0.19358669833729217,,
06_037_186401,988.0,180.0,808.0,986.0,981.0,,,0.8178137651821862,-5.0,-0.005070993914807302,,
06_037_189701,2212.0,1067.0,1145.0,1817.0,1799.0,,,0.5176311030741411,-18.0,-0.009906439185470555,,
06_037_190700,1622.0,114.0,1508.0,956.0,976.0,,,0.9297163995067818,20.0,0.02092050209205021,,
06_037_190902,1601.0,131.0,1470.0,923.0,923.0,,,0.9181761399125546,0.0,0.0,,
06_037_191110,1106.0,30.0,1076.0,906.0,935.0,,,0.972875226039783,29.0,0.03200883002207505,,
06_037_191500,1664.0,234.0,1430.0,915.0,946.0,,,0.859375,31.0,0.033879781420765025,,
06_037_192410,1718.0,516.0,1202.0,1281.0,1226.0,31.0,31.0,0.69965075669383,-55.0,-0.0429352068696331,0.0,0.0
06_037_192420,1404.0,208.0,1196.0,1197.0,1266.0,,,0.8518518518518519,69.0,0.05764411027568922,,
06_037_540700,744.0,373.0,371.0,1182.0,1271.0,,12.0,0.4986559139784946,89.0,0.07529610829103214,,
06_037_404702,1469.0,877.0,592.0,1405.0,1411.0,,,0.4029952348536419,6.0,0.004270462633451958,,
06_037_293301,1074.0,811.0,263.0,1466.0,1388.0,,15.0,0.24487895716945995,-78.0,-0.05320600272851296,,
06_037_294200,1346.0,871.0,475.0,1379.0,1421.0,,,0.35289747399702825,42.0,0.030456852791878174,,
06_037_294510,936.0,339.0,597.0,1083.0,1051.0,,,0.6378205128205128,-32.0,-0.029547553093259463,,
06_037_301400,1290.0,1186.0,104.0,2584.0,2721.0,25.0,23.0,0.08062015503875969,137.0,0.05301857585139319,-2.0,-0.08
06_037_301501,574.0,423.0,151.0,1714.0,2134.0,33.0,32.0,0.26306620209059234,420.0,0.24504084014002334,-1.0,-0.030303030303030304
06_037_301701,1061.0,610.0,451.0,1233.0,1225.0,31.0,26.0,0.42507068803016024,-8.0,-0.006488240064882401,-5.0,-0.16129032258064516
06_037_302104,1487.0,183.0,1304.0,1185.0,1198.0,,,0.8769334229993275,13.0,0.010970464135021098,,
06_037_480703,1307.0,805.0,502.0,1787.0,1740.0,,,0.3840856924254017,-47.0,-0.02630106323447118,,
06_037_480902,1419.0,192.0,1227.0,1074.0,1139.0,,,0.864693446088795,65.0,0.06052141527001862,,
06_037_127805,1129.0,272.0,857.0,1038.0,1133.0,,,0.7590788308237378,95.0,0.09152215799614644,,
06_037_127806,1235.0,263.0,972.0,1146.0,1179.0,,,0.7870445344129555,33.0,0.028795811518324606,,
06_037_128101,1298.0,531.0,767.0,1339.0,1403.0,,,0.5909090909090909,64.0,0.04779686333084392,,
06_037_980013,0.0,0.0,0.0,,,,,,,,,
06_037_980014,34.0,10.0,24.0,656.0,690.0,,,0.7058823529411765,34.0,0.051829268292682924,,
06_037_980015,132.0,0.0,132.0,770.0,864.0,,,1.0,94.0,0.12207792207792208,,
06_037_980018,0.0,0.0,0.0,,,,,,,,,
06_037_980019,37.0,37.0,0.0,2125.0,1213.0,,,0.0,-912.0,-0.42917647058823527,,
06_037_980020,0.0,0.0,0.0,,,,,,,,,
06_037_980021,0.0,0.0,0.0,,,,,,,,,
06_037_980022,0.0,0.0,0.0,,,,,,,,,
06_037_980023,0.0,0.0,0.0,,,,,,,,,
06_037_980025,0.0,0.0,0.0,,,,,,,,,
06_037_980030,0.0,0.0,0.0,,,,,,,,,
06_037_980031,45.0,20.0,25.0,827.0,910.0,,,0.5555555555555556,83.0,0.1003627569528416,,
06_037_980033,0.0,0.0,0.0,,,,,,,,,
06_037_980026,22.0,22.0,0.0,1721.0,1979.0,,,0.0,258.0,0.14991284137129576,,
06_037_980028,0.0,0.0,0.0,,,,,,,,,
06_037_990100,0.0,0.0,0.0,,,,,,,,,
06_037_990300,0.0,0.0,0.0,,,,,,,,,
06_037_990200,0.0,0.0,0.0,,,,,,,,,
06_037_670002,1409.0,555.0,854.0,1216.0,1306.0,,18.0,0.6061036195883606,90.0,0.07401315789473684,,
06_037_670202,914.0,897.0,17.0,3580.0,3705.0,,,0.018599562363238512,125.0,0.034916201117318434,,
06_037_800101,1912.0,1818.0,94.0,3107.0,3144.0,26.0,27.0,0.049163179916317995,37.0,0.011908593498551657,1.0,0.038461538461538464
06_037_920111,1040.0,852.0,188.0,2244.0,2275.0,,,0.18076923076923077,31.0,0.013814616755793227,,
06_037_531000,1292.0,538.0,754.0,928.0,985.0,,13.0,0.5835913312693498,57.0,0.061422413793103446,,
06_037_530004,1171.0,801.0,370.0,1183.0,1201.0,18.0,24.0,0.31596925704526047,18.0,0.015215553677092139,6.0,0.3333333333333333
06_037_530301,613.0,270.0,343.0,1216.0,1160.0,,,0.5595432300163132,-56.0,-0.046052631578947366,,
06_037_530901,909.0,376.0,533.0,1038.0,1211.0,27.0,24.0,0.5863586358635864,173.0,0.16666666666666666,-3.0,-0.1111111111111111
06_037_532001,1082.0,336.0,746.0,892.0,1060.0,,,0.6894639556377079,168.0,0.18834080717488788,,
06_037_532500,1094.0,414.0,680.0,899.0,944.0,15.0,19.0,0.6215722120658135,45.0,0.05005561735261402,4.0,0.26666666666666666
06_037_533403,675.0,283.0,392.0,970.0,1109.0,26.0,28.0,0.5807407407407408,139.0,0.14329896907216494,2.0,0.07692307692307693
06_037_533501,707.0,114.0,593.0,1001.0,1105.0,,,0.8387553041018387,104.0,0.1038961038961039,,
06_037_533601,1168.0,208.0,960.0,1082.0,1029.0,,,0.821917808219178,-53.0,-0.048983364140480594,,
06_037_534803,1179.0,535.0,644.0,1325.0,1216.0,,,0.546225614927905,-109.0,-0.08226415094339623,,
06_037_535603,868.0,319.0,549.0,960.0,986.0,,,0.6324884792626728,26.0,0.027083333333333334,,
06_037_535902,1562.0,1269.0,293.0,1490.0,1514.0,,,0.18758002560819462,24.0,0.016107382550335572,,
06_037_540102,1466.0,1123.0,343.0,1490.0,1572.0,26.0,24.0,0.2339699863574352,82.0,0.05503355704697987,-2.0,-0.07692307692307693
06_037_540502,1418.0,339.0,1079.0,954.0,1001.0,,,0.7609308885754584,47.0,0.049266247379454925,,
06_037_540800,1675.0,939.0,736.0,1064.0,1082.0,,11.0,0.4394029850746269,18.0,0.016917293233082706,,
06_037_541300,1453.0,1002.0,451.0,1429.0,1529.0,23.0,20.0,0.3103922918100482,100.0,0.06997900629811056,-3.0,-0.13043478260869565
06_037_541400,1589.0,748.0,841.0,1114.0,1020.0,12.0,13.0,0.5292636878539962,-94.0,-0.0843806104129264,1.0,0.08333333333333333
06_037_542900,735.0,481.0,254.0,1129.0,1128.0,,,0.345578231292517,-1.0,-0.0008857395925597874,,
06_037_550700,1997.0,1569.0,428.0,1858.0,1904.0,13.0,48.0,0.214321482223335,46.0,0.024757804090419805,35.0,2.6923076923076925
06_037_551800,2301.0,1244.0,1057.0,1272.0,1310.0,,,0.45936549326379833,38.0,0.029874213836477988,,
06_037_211410,1209.0,110.0,1099.0,913.0,900.0,,,0.9090157154673284,-13.0,-0.014238773274917854,,
06_037_211500,1780.0,665.0,1115.0,1180.0,1299.0,,,0.6264044943820225,119.0,0.10084745762711865,,
06_037_212420,1179.0,41.0,1138.0,918.0,991.0,24.0,15.0,0.9652247667514843,73.0,0.07952069716775599,-9.0,-0.375
06_037_212800,1278.0,497.0,781.0,1292.0,1460.0,,,0.6111111111111112,168.0,0.13003095975232198,,
06_037_213100,901.0,288.0,613.0,1121.0,1158.0,,,0.6803551609322974,37.0,0.03300624442462088,,
06_037_216300,2478.0,752.0,1726.0,1340.0,1409.0,,,0.6965294592413237,69.0,0.05149253731343283,,
06_037_219800,960.0,200.0,760.0,997.0,1098.0,,,0.7916666666666666,101.0,0.10130391173520562,,
06_037_222700,117.0,0.0,117.0,1221.0,1427.0,,,1.0,206.0,0.16871416871416872,,
06_037_224310,609.0,46.0,563.0,789.0,893.0,,,0.9244663382594417,104.0,0.13181242078580482,,
06_037_271600,1903.0,553.0,1350.0,1452.0,1472.0,,,0.7094062007356805,20.0,0.013774104683195593,,
06_037_463000,892.0,651.0,241.0,2112.0,2014.0,,,0.2701793721973094,-98.0,-0.04640151515151515,,
06_037_293302,1585.0,1088.0,497.0,1951.0,1976.0,,14.0,0.3135646687697161,25.0,0.012813941568426449,,
06_037_460502,1433.0,1361.0,72.0,3081.0,3354.0,30.0,55.0,0.05024424284717376,273.0,0.08860759493670886,25.0,0.8333333333333334
06_037_195710,1334.0,167.0,1167.0,896.0,926.0,,,0.8748125937031485,30.0,0.033482142857142856,,
06_037_139502,1182.0,738.0,444.0,1977.0,2290.0,55.0,29.0,0.3756345177664975,313.0,0.15832068791097623,-26.0,-0.4727272727272727
06_037_543603,1481.0,1396.0,85.0,1246.0,1266.0,,7.0,0.05739365293720459,20.0,0.016051364365971106,,
06_037_543703,945.0,767.0,178.0,1387.0,1813.0,,21.0,0.18835978835978837,426.0,0.30713770728190337,,
06_037_701201,1620.0,1455.0,165.0,3489.0,3413.0,34.0,35.0,0.10185185185185185,-76.0,-0.021782745772427628,1.0,0.029411764705882353
06_037_701702,1593.0,119.0,1474.0,1249.0,1239.0,,,0.9252981795354677,-10.0,-0.008006405124099279,,
06_037_554201,1150.0,676.0,474.0,1555.0,1523.0,,,0.4121739130434783,-32.0,-0.020578778135048232,,
06_037_555001,1501.0,1049.0,452.0,1366.0,1382.0,57.0,27.0,0.3011325782811459,16.0,0.01171303074670571,-30.0,-0.5263157894736842
06_037_570202,1573.0,1055.0,518.0,1603.0,1612.0,105.0,51.0,0.3293070565797839,9.0,0.0056144728633811605,-54.0,-0.5142857142857142
06_037_570203,1180.0,176.0,1004.0,1090.0,1125.0,,,0.8508474576271187,35.0,0.03211009174311927,,
06_037_570901,1796.0,1444.0,352.0,1992.0,2010.0,56.0,24.0,0.19599109131403117,18.0,0.009036144578313253,-32.0,-0.5714285714285714
06_037_570902,1246.0,917.0,329.0,1801.0,1831.0,,,0.2640449438202247,30.0,0.01665741254858412,,
06_037_571000,1931.0,1700.0,231.0,2036.0,2001.0,,,0.1196271361988607,-35.0,-0.01719056974459725,,
06_037_571701,1683.0,607.0,1076.0,1073.0,1146.0,83.0,91.0,0.6393345216874629,73.0,0.06803355079217148,8.0,0.0963855421686747
06_037_572700,1325.0,939.0,386.0,1392.0,1553.0,,29.0,0.29132075471698116,161.0,0.11566091954022989,,
06_037_573100,2441.0,633.0,1808.0,1112.0,1114.0,36.0,43.0,0.7406800491601803,2.0,0.0017985611510791368,7.0,0.19444444444444445
06_037_573401,523.0,159.0,364.0,1081.0,1134.0,,,0.6959847036328872,53.0,0.04902867715078631,,
06_037_574000,1972.0,1750.0,222.0,1903.0,1836.0,,,0.11257606490872211,-67.0,-0.03520756699947451,,
06_037_574700,0.0,0.0,0.0,,,,,,,,,
06_037_574901,1453.0,1172.0,281.0,2039.0,2122.0,,,0.19339298004129388,83.0,0.04070622854340363,,
06_037_575201,1311.0,276.0,1035.0,1025.0,1104.0,,,0.7894736842105263,79.0,0.07707317073170732,,
06_037_264102,1707.0,607.0,1100.0,1927.0,1935.0,,,0.6444053895723492,8.0,0.0041515308770108976,,
06_037_264103,1412.0,362.0,1050.0,1768.0,1805.0,44.0,47.0,0.7436260623229461,37.0,0.02092760180995475,3.0,0.06818181818181818
06_037_265201,902.0,574.0,328.0,1813.0,1881.0,86.0,98.0,0.36363636363636365,68.0,0.03750689464975179,12.0,0.13953488372093023
06_037_265202,1931.0,710.0,1221.0,2013.0,2072.0,,,0.6323148627654065,59.0,0.029309488325881768,,
06_037_265601,1469.0,764.0,705.0,2223.0,2226.0,34.0,26.0,0.47991831177671884,3.0,0.001349527665317139,-8.0,-0.23529411764705882
06_037_267403,1683.0,207.0,1476.0,1518.0,1567.0,,,0.8770053475935828,49.0,0.032279314888010543,,
06_037_267404,1685.0,158.0,1527.0,1888.0,1887.0,,,0.9062314540059347,-1.0,-0.0005296610169491525,,
06_037_265602,1583.0,996.0,587.0,2661.0,2693.0,44.0,117.0,0.3708149084017688,32.0,0.012025554302893648,73.0,1.6590909090909092
06_037_267901,1502.0,1148.0,354.0,3017.0,2883.0,141.0,147.0,0.23568575233022637,-134.0,-0.04441498176997017,6.0,0.0425531914893617
06_037_269602,1113.0,178.0,935.0,1310.0,1385.0,,,0.8400718778077269,75.0,0.05725190839694656,,
06_037_267902,1586.0,804.0,782.0,2219.0,2288.0,75.0,81.0,0.4930643127364439,69.0,0.031095087877422264,6.0,0.08
06_037_269601,1040.0,136.0,904.0,1183.0,1282.0,,,0.8692307692307693,99.0,0.08368554522400676,,
06_037_269903,1908.0,65.0,1843.0,1218.0,1292.0,,,0.9659329140461216,74.0,0.060755336617405585,,
06_037_269904,2082.0,92.0,1990.0,1184.0,1216.0,50.0,49.0,0.9558117195004803,32.0,0.02702702702702703,-1.0,-0.02
06_037_269905,1211.0,0.0,1211.0,1200.0,1328.0,,,1.0,128.0,0.10666666666666667,,
06_037_269906,1505.0,83.0,1422.0,1301.0,1503.0,,,0.9448504983388705,202.0,0.15526518063028438,,
06_037_269907,1376.0,176.0,1200.0,1306.0,1315.0,,,0.872093023255814,9.0,0.006891271056661562,,
06_037_271901,1332.0,430.0,902.0,1517.0,1739.0,,,0.6771771771771772,222.0,0.14634146341463414,,
06_037_271902,1748.0,521.0,1227.0,1214.0,1221.0,,,0.7019450800915332,7.0,0.005766062602965404,,
06_037_272201,1116.0,197.0,919.0,1221.0,1138.0,,,0.8234767025089605,-83.0,-0.06797706797706797,,
06_037_272202,1538.0,290.0,1248.0,1169.0,1300.0,,,0.811443433029909,131.0,0.11206159110350727,,
06_037_273402,2060.0,355.0,1705.0,1267.0,1451.0,,,0.8276699029126213,184.0,0.1452249408050513,,
06_037_273502,1869.0,382.0,1487.0,1423.0,1416.0,,,0.7956126270733013,-7.0,-0.004919184820801124,,
06_037_273902,2259.0,863.0,1396.0,2086.0,2221.0,,,0.6179725542275343,135.0,0.06471716203259828,,
06_037_275101,515.0,221.0,294.0,1583.0,1797.0,,,0.570873786407767,214.0,0.1351863550221099,,
06_037_274202,2159.0,1149.0,1010.0,2294.0,2466.0,94.0,138.0,0.4678091709124595,172.0,0.07497820401046207,44.0,0.46808510638297873
06_037_275102,1376.0,438.0,938.0,1222.0,1231.0,,,0.6816860465116279,9.0,0.007364975450081833,,
06_037_275602,3421.0,1402.0,2019.0,2308.0,2391.0,67.0,114.0,0.5901783104355451,83.0,0.03596187175043328,47.0,0.7014925373134329
06_037_276603,3196.0,1421.0,1775.0,1876.0,1912.0,42.0,54.0,0.5553817271589487,36.0,0.019189765458422176,12.0,0.2857142857142857
06_037_276604,2344.0,1002.0,1342.0,1675.0,1686.0,27.0,26.0,0.5725255972696246,11.0,0.006567164179104477,-1.0,-0.037037037037037035
06_037_275500,1592.0,465.0,1127.0,825.0,778.0,10.0,25.0,0.7079145728643216,-47.0,-0.05696969696969697,15.0,1.5
06_037_553801,1069.0,326.0,743.0,1113.0,1119.0,,,0.6950420954162769,6.0,0.005390835579514825,,
06_037_554511,1191.0,940.0,251.0,1890.0,1835.0,,,0.21074727120067172,-55.0,-0.0291005291005291,,
06_037_554515,1063.0,909.0,154.0,2260.0,2112.0,,,0.14487300094073377,-148.0,-0.06548672566371681,,
06_037_554517,1505.0,1071.0,434.0,1939.0,1884.0,12.0,11.0,0.28837209302325584,-55.0,-0.028365136668385766,-1.0,-0.08333333333333333
06_037_554519,1145.0,1066.0,79.0,1847.0,1785.0,18.0,14.0,0.06899563318777292,-62.0,-0.033567948023822416,-4.0,-0.2222222222222222
06_037_554900,2014.0,1168.0,846.0,1336.0,1442.0,,,0.4200595829195631,106.0,0.07934131736526946,,
06_037_212304,821.0,0.0,821.0,826.0,855.0,,,1.0,29.0,0.035108958837772396,,
06_037_530602,372.0,210.0,162.0,1012.0,903.0,,,0.43548387096774194,-109.0,-0.10770750988142293,,
06_037_532605,1074.0,219.0,855.0,750.0,842.0,,,0.7960893854748603,92.0,0.12266666666666666,,
06_037_535502,1249.0,372.0,877.0,1078.0,1118.0,,,0.7021617293835068,40.0,0.03710575139146568,,
06_037_540600,965.0,343.0,622.0,1144.0,1174.0,,,0.644559585492228,30.0,0.026223776223776224,,
06_037_543802,1875.0,984.0,891.0,1325.0,1410.0,18.0,96.0,0.4752,85.0,0.06415094339622641,78.0,4.333333333333333
06_037_551900,1516.0,1042.0,474.0,1337.0,1407.0,,,0.31266490765171506,70.0,0.05235602094240838,,
06_037_554001,1220.0,932.0,288.0,1661.0,1813.0,68.0,36.0,0.2360655737704918,152.0,0.09151113786875377,-32.0,-0.47058823529411764
06_037_602003,1272.0,476.0,796.0,1141.0,1163.0,,,0.6257861635220126,22.0,0.019281332164767746,,
06_037_553902,1575.0,575.0,1000.0,1122.0,1182.0,22.0,18.0,0.6349206349206349,60.0,0.053475935828877004,-4.0,-0.18181818181818182
06_037_910402,805.0,294.0,511.0,964.0,1006.0,25.0,51.0,0.6347826086956522,42.0,0.043568464730290454,26.0,1.04
06_037_920331,1520.0,1159.0,361.0,1798.0,1779.0,,,0.2375,-19.0,-0.010567296996662959,,
06_037_138000,1845.0,1607.0,238.0,2637.0,2718.0,25.0,,0.12899728997289972,81.0,0.030716723549488054,,
06_037_181600,986.0,470.0,516.0,1423.0,1516.0,,,0.5233265720081136,93.0,0.06535488404778636,,
06_037_187200,884.0,302.0,582.0,952.0,1075.0,27.0,28.0,0.6583710407239819,123.0,0.12920168067226892,1.0,0.037037037037037035
06_037_191420,1191.0,67.0,1124.0,895.0,944.0,,,0.943744752308984,49.0,0.054748603351955305,,
06_037_195500,2298.0,1242.0,1056.0,1469.0,1595.0,27.0,,0.4595300261096606,126.0,0.08577263444520082,,
06_037_139402,986.0,964.0,22.0,3096.0,3321.0,,,0.02231237322515213,225.0,0.07267441860465117,,
06_037_139503,2581.0,989.0,1592.0,1245.0,1327.0,,,0.6168151879116621,82.0,0.06586345381526104,,
06_037_139504,1760.0,567.0,1193.0,1508.0,1499.0,,,0.6778409090909091,-9.0,-0.005968169761273209,,
06_037_141101,2153.0,622.0,1531.0,1513.0,1615.0,,,0.7111007895959127,102.0,0.06741573033707865,,
06_037_141102,1350.0,645.0,705.0,1855.0,1949.0,,,0.5222222222222223,94.0,0.050673854447439354,,
06_037_141201,1860.0,312.0,1548.0,1396.0,1523.0,,,0.832258064516129,127.0,0.09097421203438395,,
06_037_141202,1401.0,500.0,901.0,1789.0,1674.0,,,0.643112062812277,-115.0,-0.06428172163219675,,
06_037_141303,1712.0,492.0,1220.0,1482.0,1587.0,,,0.7126168224299065,105.0,0.0708502024291498,,
06_037_403721,1567.0,1088.0,479.0,1344.0,1387.0,,,0.3056796426292278,43.0,0.031994047619047616,,
06_037_403901,925.0,677.0,248.0,1841.0,1992.0,,,0.2681081081081081,151.0,0.08202064095600217,,
06_037_404100,1372.0,1059.0,313.0,1494.0,1465.0,38.0,26.0,0.22813411078717202,-29.0,-0.019410977242302542,-12.0,-0.3157894736842105
06_037_404802,1050.0,533.0,517.0,1282.0,1290.0,,,0.49238095238095236,8.0,0.0062402496099844,,
06_037_405001,1315.0,1060.0,255.0,1388.0,1398.0,,,0.19391634980988592,10.0,0.007204610951008645,,
06_037_480903,990.0,532.0,458.0,1211.0,1349.0,,,0.4626262626262626,138.0,0.11395540875309662,,
06_037_481002,2001.0,636.0,1365.0,1250.0,1239.0,,,0.6821589205397302,-11.0,-0.0088,,
06_037_481102,1346.0,231.0,1115.0,1337.0,1369.0,,,0.8283803863298663,32.0,0.02393418100224383,,
06_037_481202,1843.0,1018.0,825.0,1245.0,1240.0,,52.0,0.44763971785132933,-5.0,-0.004016064257028112,,
06_037_481800,907.0,738.0,169.0,1321.0,1245.0,,,0.18632855567805953,-76.0,-0.05753217259651779,,
06_037_482001,990.0,805.0,185.0,782.0,774.0,,,0.18686868686868688,-8.0,-0.010230179028132993,,
06_037_482002,2359.0,1330.0,1029.0,1178.0,1144.0,,,0.4362017804154303,-34.0,-0.028862478777589132,,
06_037_482522,1434.0,1118.0,316.0,1404.0,1320.0,,30.0,0.2203626220362622,-84.0,-0.05982905982905983,,
06_037_500600,1414.0,977.0,437.0,1197.0,1194.0,27.0,31.0,0.30905233380480907,-3.0,-0.002506265664160401,4.0,0.14814814814814814
06_037_501200,1508.0,1025.0,483.0,1490.0,1493.0,35.0,30.0,0.3202917771883289,3.0,0.0020134228187919465,-5.0,-0.14285714285714285
06_037_502200,1729.0,1263.0,466.0,1357.0,1389.0,,,0.26951995373048004,32.0,0.023581429624170966,,
06_037_502700,1794.0,1138.0,656.0,1243.0,1222.0,14.0,13.0,0.3656633221850613,-21.0,-0.016894609814963796,-1.0,-0.07142857142857142
06_037_502901,1376.0,1101.0,275.0,1893.0,1803.0,30.0,84.0,0.1998546511627907,-90.0,-0.04754358161648178,54.0,1.8
06_037_503801,1193.0,955.0,238.0,1713.0,1712.0,,,0.1994970662196144,-1.0,-0.0005837711617046118,,
06_037_503901,818.0,735.0,83.0,2026.0,1843.0,,,0.10146699266503667,-183.0,-0.09032576505429418,,
06_037_543100,1728.0,1351.0,377.0,1541.0,1582.0,21.0,30.0,0.2181712962962963,41.0,0.026606099935107073,9.0,0.42857142857142855
06_037_543202,1130.0,465.0,665.0,1175.0,1178.0,15.0,26.0,0.588495575221239,3.0,0.002553191489361702,11.0,0.7333333333333333
06_037_543304,1932.0,1703.0,229.0,2181.0,2193.0,,32.0,0.11853002070393374,12.0,0.005502063273727648,,
06_037_543604,1397.0,1242.0,155.0,1814.0,2018.0,,,0.11095204008589836,204.0,0.11245865490628446,,
06_037_302002,1619.0,462.0,1157.0,1312.0,1335.0,,,0.7146386658431131,23.0,0.01753048780487805,,
06_037_503703,3001.0,2268.0,733.0,1766.0,1716.0,41.0,43.0,0.24425191602799068,-50.0,-0.028312570781426953,2.0,0.04878048780487805
06_037_224420,673.0,46.0,627.0,669.0,693.0,,,0.9316493313521546,24.0,0.03587443946188341,,
06_037_228220,904.0,309.0,595.0,1084.0,1160.0,,15.0,0.6581858407079646,76.0,0.07011070110701106,,
06_037_228320,767.0,253.0,514.0,1074.0,1128.0,,,0.6701434159061278,54.0,0.05027932960893855,,
06_037_228410,669.0,171.0,498.0,1051.0,1095.0,,,0.7443946188340808,44.0,0.04186489058039962,,
06_037_228420,687.0,134.0,553.0,941.0,947.0,,,0.8049490538573508,6.0,0.006376195536663124,,
06_037_228500,1057.0,388.0,669.0,1025.0,1031.0,,30.0,0.6329233680227058,6.0,0.005853658536585366,,
06_037_228900,805.0,168.0,637.0,606.0,704.0,,,0.7913043478260869,98.0,0.1617161716171617,,
06_037_229420,919.0,392.0,527.0,1225.0,1436.0,,13.0,0.573449401523395,211.0,0.17224489795918368,,
06_037_231220,1101.0,120.0,981.0,850.0,859.0,,,0.8910081743869209,9.0,0.010588235294117647,,
06_037_231500,1429.0,981.0,448.0,1226.0,1471.0,,,0.31350594821553535,245.0,0.199836867862969,,
06_037_143300,2912.0,1210.0,1702.0,1552.0,1570.0,50.0,86.0,0.584478021978022,18.0,0.011597938144329897,36.0,0.72
06_037_211910,1710.0,68.0,1642.0,987.0,989.0,26.0,23.0,0.960233918128655,2.0,0.002026342451874367,-3.0,-0.11538461538461539
06_037_213201,1346.0,64.0,1282.0,862.0,935.0,,,0.9524517087667161,73.0,0.08468677494199536,,
06_037_800324,2413.0,2092.0,321.0,2496.0,2638.0,,,0.13302942395358475,142.0,0.05689102564102564,,
06_037_800326,2016.0,1585.0,431.0,2518.0,2784.0,36.0,,0.21378968253968253,266.0,0.10563939634630659,,
06_037_701801,2482.0,526.0,1956.0,1185.0,982.0,,53.0,0.7880741337630943,-203.0,-0.17130801687763714,,
06_037_702600,2364.0,1847.0,517.0,2072.0,2202.0,43.0,44.0,0.21869712351945855,130.0,0.06274131274131274,1.0,0.023255813953488372
06_037_703200,2199.0,1722.0,477.0,2233.0,2309.0,68.0,65.0,0.21691678035470668,76.0,0.03403493058665472,-3.0,-0.04411764705882353
06_037_800325,1355.0,1096.0,259.0,2436.0,2643.0,44.0,35.0,0.19114391143911438,207.0,0.08497536945812807,-9.0,-0.20454545454545456
06_037_900102,259.0,153.0,106.0,1131.0,1169.0,73.0,98.0,0.4092664092664093,38.0,0.03359858532272325,25.0,0.3424657534246575
06_037_900501,1767.0,1146.0,621.0,1322.0,1220.0,120.0,115.0,0.35144312393887944,-102.0,-0.07715582450832073,-5.0,-0.041666666666666664
06_037_901205,3246.0,2485.0,761.0,1884.0,1825.0,205.0,283.0,0.23444239063462724,-59.0,-0.03131634819532909,78.0,0.3804878048780488
06_037_910602,1201.0,548.0,653.0,1098.0,1112.0,,,0.5437135720233139,14.0,0.012750455373406194,,
06_037_920314,950.0,835.0,115.0,2708.0,2552.0,,,0.12105263157894737,-156.0,-0.05760709010339734,,
06_037_920036,950.0,606.0,344.0,1994.0,1926.0,,,0.36210526315789476,-68.0,-0.034102306920762285,,
06_037_920313,1842.0,1604.0,238.0,1964.0,1928.0,,31.0,0.12920738327904452,-36.0,-0.018329938900203666,,
06_037_920334,2241.0,1680.0,561.0,2040.0,2050.0,,,0.250334672021419,10.0,0.004901960784313725,,
06_037_103101,917.0,780.0,137.0,1903.0,2282.0,24.0,23.0,0.14940021810250817,379.0,0.19915922228060956,-1.0,-0.041666666666666664
06_037_104201,891.0,677.0,214.0,1680.0,1811.0,,7.0,0.24017957351290684,131.0,0.07797619047619048,,
06_037_104320,1124.0,701.0,423.0,1305.0,1348.0,,,0.3763345195729537,43.0,0.03295019157088123,,
06_037_104620,751.0,447.0,304.0,1154.0,1183.0,20.0,,0.4047936085219707,29.0,0.02512998266897747,,
06_037_104701,913.0,219.0,694.0,889.0,911.0,,,0.76013143483023,22.0,0.024746906636670417,,
06_037_104810,1046.0,647.0,399.0,1427.0,1355.0,,,0.381453154875717,-72.0,-0.050455501051156273,,
06_037_106112,1461.0,1322.0,139.0,2097.0,2110.0,,,0.09514031485284052,13.0,0.00619933237958989,,
06_037_106113,883.0,750.0,133.0,1820.0,1889.0,27.0,24.0,0.1506228765571914,69.0,0.03791208791208791,-3.0,-0.1111111111111111
06_037_267501,2476.0,432.0,2044.0,1351.0,1452.0,,34.0,0.8255250403877221,101.0,0.07475943745373798,,
06_037_920031,2503.0,2203.0,300.0,1317.0,1216.0,,53.0,0.11985617259288853,-101.0,-0.07668944570994685,,
06_037_910401,2030.0,1341.0,689.0,1570.0,1675.0,34.0,16.0,0.3394088669950739,105.0,0.06687898089171974,-18.0,-0.5294117647058824
06_037_910804,970.0,848.0,122.0,2685.0,2722.0,50.0,86.0,0.12577319587628866,37.0,0.013780260707635009,36.0,0.72
06_037_920018,797.0,655.0,142.0,2287.0,2240.0,,,0.178168130489335,-47.0,-0.020550940096195888,,
06_037_601202,1056.0,465.0,591.0,988.0,1104.0,,19.0,0.5596590909090909,116.0,0.11740890688259109,,
06_037_601802,1001.0,381.0,620.0,991.0,1002.0,,,0.6193806193806194,11.0,0.011099899091826439,,
06_037_601900,1325.0,333.0,992.0,1128.0,1143.0,,,0.7486792452830189,15.0,0.013297872340425532,,
06_037_602302,1273.0,1154.0,119.0,1960.0,2252.0,,,0.09347996857816182,292.0,0.1489795918367347,,
06_037_602402,2106.0,915.0,1191.0,1076.0,1182.0,,41.0,0.5655270655270656,106.0,0.09851301115241635,,
06_037_701502,1948.0,290.0,1658.0,1239.0,1348.0,,,0.851129363449692,109.0,0.08797417271993543,,
06_037_543601,1035.0,736.0,299.0,1284.0,1435.0,32.0,25.0,0.28888888888888886,151.0,0.117601246105919,-7.0,-0.21875
06_037_575300,1190.0,221.0,969.0,928.0,968.0,20.0,21.0,0.8142857142857143,40.0,0.04310344827586207,1.0,0.05
06_037_575401,1130.0,60.0,1070.0,858.0,879.0,,,0.9469026548672567,21.0,0.024475524475524476,,
06_037_575500,11.0,0.0,11.0,,,,,1.0,,,,
06_037_206010,961.0,92.0,869.0,620.0,670.0,,,0.9042663891779397,50.0,0.08064516129032258,,
06_037_207900,1799.0,332.0,1467.0,1774.0,1876.0,14.0,,0.8154530294608116,102.0,0.05749718151071026,,
06_037_208902,558.0,0.0,558.0,775.0,818.0,,,1.0,43.0,0.05548387096774193,,
06_037_208904,1279.0,6.0,1273.0,702.0,731.0,,,0.9953088350273651,29.0,0.04131054131054131,,
06_037_209402,1072.0,24.0,1048.0,750.0,786.0,,,0.9776119402985075,36.0,0.048,,
06_037_211000,1645.0,1317.0,328.0,3197.0,3502.0,29.0,27.0,0.19939209726443768,305.0,0.09540193931811072,-2.0,-0.06896551724137931
06_037_211120,2077.0,103.0,1974.0,1167.0,1265.0,34.0,27.0,0.9504092441020703,98.0,0.08397600685518423,-7.0,-0.20588235294117646
06_037_211320,1297.0,122.0,1175.0,766.0,819.0,,,0.9059367771781033,53.0,0.06919060052219321,,
06_037_213401,1747.0,20.0,1727.0,883.0,923.0,,,0.9885518030910132,40.0,0.045300113250283124,,
06_037_213402,1551.0,108.0,1443.0,922.0,936.0,,,0.9303675048355899,14.0,0.015184381778741865,,
06_037_220100,1036.0,538.0,498.0,734.0,1044.0,26.0,22.0,0.4806949806949807,310.0,0.4223433242506812,-4.0,-0.15384615384615385
06_037_555202,1183.0,1030.0,153.0,1708.0,1727.0,,,0.1293322062552832,19.0,0.011124121779859485,,
06_037_555211,1327.0,680.0,647.0,1279.0,1238.0,,,0.4875659382064808,-41.0,-0.03205629397967162,,
06_037_555212,1215.0,655.0,560.0,1157.0,1188.0,,,0.4609053497942387,31.0,0.02679343128781331,,
06_037_570800,1818.0,1359.0,459.0,1645.0,1616.0,11.0,12.0,0.2524752475247525,-29.0,-0.01762917933130699,1.0,0.09090909090909091
06_037_407002,775.0,616.0,159.0,1565.0,1630.0,,,0.20516129032258065,65.0,0.04153354632587859,,
06_037_482702,795.0,582.0,213.0,908.0,894.0,,7.0,0.2679245283018868,-14.0,-0.015418502202643172,,
06_037_500201,1937.0,1741.0,196.0,1916.0,2292.0,,,0.10118740320082602,376.0,0.19624217118997914,,
06_037_500202,1485.0,1318.0,167.0,3354.0,3363.0,23.0,30.0,0.11245791245791245,9.0,0.0026833631484794273,7.0,0.30434782608695654
06_037_500300,1083.0,873.0,210.0,2102.0,2366.0,20.0,23.0,0.19390581717451524,264.0,0.12559467174119887,3.0,0.15
06_037_555103,1334.0,701.0,633.0,1602.0,1599.0,,,0.4745127436281859,-3.0,-0.0018726591760299626,,
06_037_570501,2209.0,1382.0,827.0,1412.0,1473.0,,,0.37437754640108645,61.0,0.04320113314447592,,
06_037_570502,1716.0,988.0,728.0,1441.0,1475.0,51.0,57.0,0.42424242424242425,34.0,0.02359472588480222,6.0,0.11764705882352941
06_037_571200,3011.0,1622.0,1389.0,1295.0,1310.0,,,0.46130853537030886,15.0,0.011583011583011582,,
06_037_571300,1440.0,1244.0,196.0,1949.0,2027.0,28.0,27.0,0.1361111111111111,78.0,0.04002052334530529,-1.0,-0.03571428571428571
06_037_571900,2384.0,1151.0,1233.0,1195.0,1211.0,,,0.5171979865771812,16.0,0.013389121338912133,,
06_037_572302,832.0,336.0,496.0,1219.0,1369.0,,,0.5961538461538461,150.0,0.12305168170631665,,
06_037_572500,1180.0,313.0,867.0,589.0,486.0,25.0,25.0,0.7347457627118644,-103.0,-0.17487266553480477,0.0,0.0
06_037_573403,1359.0,1064.0,295.0,2376.0,2384.0,,,0.21707137601177337,8.0,0.003367003367003367,,
06_037_574300,2096.0,1787.0,309.0,1897.0,1909.0,,43.0,0.1474236641221374,12.0,0.0063257775434897206,,
06_037_575101,1417.0,451.0,966.0,1114.0,1147.0,66.0,68.0,0.6817219477769937,33.0,0.0296229802513465,2.0,0.030303030303030304
06_037_575803,1078.0,95.0,983.0,764.0,774.0,,,0.911873840445269,10.0,0.013089005235602094,,
06_037_222600,1596.0,227.0,1369.0,945.0,944.0,,14.0,0.8577694235588973,-1.0,-0.0010582010582010583,,
06_037_533803,1576.0,511.0,1065.0,1004.0,1087.0,53.0,58.0,0.675761421319797,83.0,0.08266932270916334,5.0,0.09433962264150944
06_037_534101,538.0,232.0,306.0,966.0,1099.0,,,0.5687732342007435,133.0,0.13768115942028986,,
06_037_219010,813.0,333.0,480.0,1099.0,970.0,,,0.5904059040590406,-129.0,-0.11737943585077343,,
06_037_219020,1195.0,636.0,559.0,1187.0,1407.0,44.0,47.0,0.46778242677824267,220.0,0.18534119629317608,3.0,0.06818181818181818
06_037_231400,1245.0,573.0,672.0,1029.0,1249.0,21.0,,0.5397590361445783,220.0,0.21379980563654033,,
06_037_234700,1412.0,413.0,999.0,995.0,967.0,,,0.7075070821529745,-28.0,-0.02814070351758794,,
06_037_235202,1765.0,560.0,1205.0,1100.0,1118.0,,,0.6827195467422096,18.0,0.016363636363636365,,
06_037_237600,1173.0,315.0,858.0,1013.0,1027.0,,12.0,0.731457800511509,14.0,0.013820335636722606,,
06_037_237800,1333.0,827.0,506.0,1190.0,1359.0,,,0.37959489872468116,169.0,0.14201680672268907,,
06_037_239310,911.0,329.0,582.0,869.0,1020.0,42.0,21.0,0.6388583973655324,151.0,0.17376294591484465,-21.0,-0.5
06_037_239320,851.0,276.0,575.0,997.0,1030.0,,,0.6756756756756757,33.0,0.033099297893681046,,
06_037_240300,1503.0,414.0,1089.0,1025.0,1041.0,28.0,30.0,0.7245508982035929,16.0,0.015609756097560976,2.0,0.07142857142857142
06_037_240800,1022.0,445.0,577.0,1282.0,1301.0,32.0,21.0,0.5645792563600783,19.0,0.014820592823712949,-11.0,-0.34375
06_037_123104,1621.0,445.0,1176.0,1111.0,1127.0,,,0.7254780999383097,16.0,0.0144014401440144,,
06_037_124600,1350.0,641.0,709.0,1890.0,1878.0,,,0.5251851851851852,-12.0,-0.006349206349206349,,
06_037_127102,1535.0,470.0,1065.0,1290.0,1288.0,,,0.6938110749185668,-2.0,-0.0015503875968992248,,
06_037_128302,1403.0,206.0,1197.0,973.0,984.0,,,0.8531717747683535,11.0,0.011305241521068859,,
06_037_128702,2747.0,1044.0,1703.0,1417.0,1494.0,,,0.6199490353112487,77.0,0.05434015525758645,,
06_037_503202,1322.0,871.0,451.0,1350.0,1425.0,,,0.3411497730711044,75.0,0.05555555555555555,,
06_037_503501,1999.0,1174.0,825.0,1372.0,1473.0,,,0.41270635317658827,101.0,0.07361516034985423,,
06_037_503502,1243.0,1043.0,200.0,1768.0,1784.0,8.0,6.0,0.16090104585679807,16.0,0.00904977375565611,-2.0,-0.25
06_037_504102,0.0,0.0,0.0,,,,,,,,,
06_037_265700,2425.0,1146.0,1279.0,2370.0,2402.0,36.0,,0.5274226804123712,32.0,0.01350210970464135,,
06_037_267300,1906.0,183.0,1723.0,1176.0,1230.0,,,0.9039874081846799,54.0,0.04591836734693878,,
06_037_214000,1394.0,778.0,616.0,2490.0,2534.0,,,0.4418938307030129,44.0,0.017670682730923693,,
06_037_530102,1676.0,814.0,862.0,1023.0,1043.0,27.0,12.0,0.5143198090692124,20.0,0.019550342130987292,-15.0,-0.5555555555555556
06_037_104610,708.0,373.0,335.0,1450.0,1491.0,46.0,18.0,0.4731638418079096,41.0,0.028275862068965516,-28.0,-0.6086956521739131
06_037_106510,1403.0,1031.0,372.0,1840.0,1747.0,30.0,27.0,0.26514611546685674,-93.0,-0.050543478260869565,-3.0,-0.1
06_037_106641,768.0,712.0,56.0,2593.0,2659.0,,35.0,0.07291666666666667,66.0,0.02545314307751639,,
06_037_113213,1697.0,1128.0,569.0,2017.0,2035.0,,,0.3352975839717148,18.0,0.008924144769459593,,
06_037_113233,2236.0,771.0,1465.0,1178.0,1240.0,43.0,74.0,0.6551878354203936,62.0,0.05263157894736842,31.0,0.7209302325581395
06_037_113303,1399.0,1134.0,265.0,1761.0,1910.0,9.0,29.0,0.18942101501072195,149.0,0.08461101646791595,20.0,2.2222222222222223
06_037_115302,992.0,360.0,632.0,1195.0,1268.0,,,0.6370967741935484,73.0,0.06108786610878661,,
06_037_117302,1672.0,1320.0,352.0,1904.0,1955.0,21.0,24.0,0.21052631578947367,51.0,0.026785714285714284,3.0,0.14285714285714285
06_037_121900,1020.0,687.0,333.0,1734.0,1677.0,,,0.3264705882352941,-57.0,-0.0328719723183391,,
06_037_900606,1111.0,615.0,496.0,1072.0,1097.0,24.0,50.0,0.4464446444644464,25.0,0.02332089552238806,26.0,1.0833333333333333
06_037_900803,2439.0,1579.0,860.0,1641.0,1577.0,110.0,79.0,0.35260352603526035,-64.0,-0.039000609384521635,-31.0,-0.2818181818181818
06_037_901101,1722.0,1181.0,541.0,1289.0,1321.0,95.0,104.0,0.3141695702671312,32.0,0.02482544608223429,9.0,0.09473684210526316
06_037_910202,1637.0,1470.0,167.0,2038.0,2549.0,28.0,28.0,0.10201588271227856,511.0,0.2507360157016683,0.0,0.0
06_037_910404,952.0,556.0,396.0,1508.0,1435.0,54.0,47.0,0.41596638655462187,-73.0,-0.04840848806366048,-7.0,-0.12962962962962962
06_037_910601,1560.0,886.0,674.0,1328.0,1348.0,71.0,104.0,0.43205128205128207,20.0,0.015060240963855422,33.0,0.4647887323943662
06_037_910808,1130.0,1046.0,84.0,2283.0,2255.0,,,0.0743362831858407,-28.0,-0.012264564169951819,,
06_037_920013,1265.0,1156.0,109.0,1628.0,1727.0,,,0.08616600790513834,99.0,0.060810810810810814,,
06_037_920016,1530.0,1449.0,81.0,3083.0,3153.0,,,0.052941176470588235,70.0,0.02270515731430425,,
06_037_463300,836.0,485.0,351.0,1426.0,1683.0,,,0.41985645933014354,257.0,0.18022440392706873,,
06_037_236202,2172.0,19.0,2153.0,929.0,932.0,,,0.9912523020257827,3.0,0.0032292787944025836,,
06_037_236400,2112.0,1047.0,1065.0,1433.0,1502.0,,,0.5042613636363636,69.0,0.04815073272854152,,
06_037_237720,837.0,133.0,704.0,1008.0,1051.0,,,0.8410991636798089,43.0,0.04265873015873016,,
06_037_240500,1495.0,501.0,994.0,1254.0,1278.0,23.0,17.0,0.6648829431438127,24.0,0.019138755980861243,-6.0,-0.2608695652173913
06_037_240900,1271.0,521.0,750.0,1131.0,1139.0,,,0.5900865460267506,8.0,0.007073386383731211,,
06_037_261102,1711.0,1637.0,74.0,4001.0,4001.0,85.0,70.0,0.04324956165984804,0.0,0.0,-15.0,-0.17647058823529413
06_037_271400,1348.0,1244.0,104.0,2766.0,2845.0,11.0,,0.0771513353115727,79.0,0.02856109906001446,,
06_037_271701,2803.0,614.0,2189.0,1522.0,1486.0,,,0.7809489832322511,-36.0,-0.023653088042049936,,
06_037_271801,1776.0,330.0,1446.0,1317.0,1414.0,,,0.8141891891891891,97.0,0.07365223993925589,,
06_037_273800,1552.0,503.0,1049.0,1577.0,1691.0,,,0.6759020618556701,114.0,0.07228915662650602,,
06_037_276400,1580.0,1384.0,196.0,2668.0,2642.0,,,0.1240506329113924,-26.0,-0.009745127436281859,,
06_037_276500,703.0,523.0,180.0,2048.0,2090.0,,,0.25604551920341395,42.0,0.0205078125,,
06_037_277100,1108.0,944.0,164.0,2619.0,2600.0,,24.0,0.148014440433213,-19.0,-0.007254677357770141,,
06_037_293201,2028.0,706.0,1322.0,1184.0,1123.0,,,0.6518737672583826,-61.0,-0.05152027027027027,,
06_037_403317,1424.0,1228.0,196.0,2413.0,2372.0,,,0.13764044943820225,-41.0,-0.01699129714048902,,
06_037_403318,1887.0,1661.0,226.0,2131.0,2129.0,,,0.1197668256491786,-2.0,-0.0009385265133740028,,
06_037_403324,2169.0,1778.0,391.0,2136.0,2338.0,,,0.18026740433379437,202.0,0.0945692883895131,,
06_037_403405,486.0,486.0,0.0,1668.0,2467.0,,,0.0,799.0,0.4790167865707434,,
06_037_403703,1441.0,1310.0,131.0,2216.0,2315.0,69.0,64.0,0.09090909090909091,99.0,0.044675090252707585,-5.0,-0.07246376811594203
06_037_404501,588.0,388.0,200.0,1195.0,1109.0,55.0,32.0,0.3401360544217687,-86.0,-0.07196652719665272,-23.0,-0.41818181818181815
06_037_405201,1251.0,745.0,506.0,1337.0,1315.0,25.0,23.0,0.4044764188649081,-22.0,-0.016454749439042633,-2.0,-0.08
06_037_405202,1197.0,774.0,423.0,1314.0,1353.0,21.0,22.0,0.3533834586466165,39.0,0.02968036529680365,1.0,0.047619047619047616
06_037_406101,1084.0,519.0,565.0,1162.0,1208.0,20.0,,0.5212177121771218,46.0,0.039586919104991396,,
06_037_407200,1599.0,1200.0,399.0,1350.0,1308.0,,,0.24953095684803,-42.0,-0.03111111111111111,,
06_037_408202,478.0,284.0,194.0,1566.0,1375.0,,,0.40585774058577406,-191.0,-0.12196679438058748,,
06_037_408706,506.0,488.0,18.0,2727.0,2539.0,,,0.03557312252964427,-188.0,-0.06894022735606894,,
06_037_430301,1628.0,1399.0,229.0,1978.0,2084.0,,29.0,0.14066339066339067,106.0,0.05358948432760364,,
06_037_430302,2373.0,1520.0,853.0,1612.0,1693.0,,,0.3594605983986515,81.0,0.05024813895781638,,
06_037_432000,2347.0,1454.0,893.0,1436.0,1450.0,,,0.3804857264593098,14.0,0.009749303621169917,,
06_037_432101,1350.0,1027.0,323.0,1810.0,1905.0,,,0.23925925925925925,95.0,0.052486187845303865,,
06_037_432102,1649.0,1261.0,388.0,1814.0,1878.0,18.0,17.0,0.23529411764705882,64.0,0.03528114663726571,-1.0,-0.05555555555555555
06_037_432201,1269.0,716.0,553.0,1355.0,1393.0,30.0,60.0,0.43577620173364856,38.0,0.028044280442804426,30.0,1.0
06_037_433401,665.0,245.0,420.0,1178.0,1255.0,24.0,36.0,0.631578947368421,77.0,0.06536502546689305,12.0,0.5
06_037_433403,1173.0,232.0,941.0,976.0,956.0,,,0.8022165387894288,-20.0,-0.020491803278688523,,
06_037_433700,808.0,612.0,196.0,1102.0,1091.0,,,0.24257425742574257,-11.0,-0.009981851179673321,,
06_037_433801,1268.0,461.0,807.0,975.0,1001.0,,,0.636435331230284,26.0,0.02666666666666667,,
06_037_433901,1219.0,240.0,979.0,998.0,995.0,30.0,41.0,0.8031173092698933,-3.0,-0.003006012024048096,11.0,0.36666666666666664
06_037_461400,1272.0,438.0,834.0,1336.0,1477.0,22.0,23.0,0.6556603773584906,141.0,0.10553892215568862,1.0,0.045454545454545456
06_037_463400,2642.0,1041.0,1601.0,1477.0,1598.0,,,0.6059803179409539,121.0,0.08192281651997292,,
06_037_480202,882.0,757.0,125.0,2129.0,2288.0,25.0,,0.1417233560090703,159.0,0.07468294974166276,,
06_037_480400,2105.0,1086.0,1019.0,1409.0,1491.0,,55.0,0.4840855106888361,82.0,0.05819730305180979,,
06_037_127910,1462.0,268.0,1194.0,1017.0,998.0,,,0.8166894664842681,-19.0,-0.018682399213372666,,
06_037_127920,1272.0,518.0,754.0,1226.0,1294.0,,,0.5927672955974843,68.0,0.05546492659053834,,
06_037_572400,368.0,319.0,49.0,1395.0,1392.0,,,0.1331521739130435,-3.0,-0.002150537634408602,,
06_037_572800,318.0,0.0,318.0,541.0,612.0,,,1.0,71.0,0.13123844731977818,,
06_037_573201,1307.0,263.0,1044.0,1004.0,1025.0,16.0,16.0,0.7987758224942617,21.0,0.02091633466135458,0.0,0.0
06_037_573300,995.0,220.0,775.0,1065.0,1083.0,,,0.7788944723618091,18.0,0.016901408450704224,,
06_037_218210,1227.0,189.0,1038.0,1019.0,1092.0,,,0.8459657701711492,73.0,0.07163886162904809,,
06_037_218600,1104.0,410.0,694.0,1236.0,1402.0,16.0,14.0,0.6286231884057971,166.0,0.1343042071197411,-2.0,-0.125
06_037_218900,1935.0,340.0,1595.0,905.0,958.0,,,0.8242894056847545,53.0,0.05856353591160221,,
06_037_219300,1415.0,310.0,1105.0,999.0,1111.0,,,0.7809187279151943,112.0,0.11211211211211211,,
06_037_651402,2334.0,1471.0,863.0,1574.0,1778.0,45.0,44.0,0.369751499571551,204.0,0.12960609911054638,-1.0,-0.022222222222222223
06_037_670324,2001.0,1723.0,278.0,3654.0,4001.0,23.0,17.0,0.13893053473263367,347.0,0.09496442255062945,-6.0,-0.2608695652173913
06_037_670326,1366.0,1326.0,40.0,3416.0,3182.0,20.0,,0.029282576866764276,-234.0,-0.06850117096018736,,
06_037_670328,1617.0,1431.0,186.0,3169.0,3268.0,,19.0,0.1150278293135436,99.0,0.031240138845061535,,
06_037_670416,1474.0,1113.0,361.0,2222.0,1984.0,61.0,57.0,0.24491180461329715,-238.0,-0.10711071107110712,-4.0,-0.06557377049180328
06_037_670602,2862.0,2368.0,494.0,2876.0,3073.0,13.0,13.0,0.17260656883298392,197.0,0.06849791376912379,0.0,0.0
06_037_700101,3320.0,178.0,3142.0,1077.0,1137.0,,,0.9463855421686747,60.0,0.055710306406685235,,
06_037_700102,2451.0,169.0,2282.0,1073.0,1112.0,,,0.9310485516115871,39.0,0.036346691519105315,,
06_037_700501,2558.0,1261.0,1297.0,1691.0,1712.0,29.0,28.0,0.5070367474589523,21.0,0.012418687167356593,-1.0,-0.034482758620689655
06_037_700502,3076.0,1178.0,1898.0,1519.0,1566.0,45.0,41.0,0.61703511053316,47.0,0.030941408821593155,-4.0,-0.08888888888888889
06_037_700801,2656.0,759.0,1897.0,1882.0,1927.0,40.0,,0.7142319277108434,45.0,0.023910733262486716,,
06_037_700802,1779.0,497.0,1282.0,1783.0,1747.0,47.0,56.0,0.7206295671725689,-36.0,-0.020190689848569827,9.0,0.19148936170212766
06_037_430802,1423.0,1070.0,353.0,1698.0,1732.0,,,0.24806746310611386,34.0,0.020023557126030624,,
06_037_431900,1313.0,670.0,643.0,1217.0,1199.0,33.0,42.0,0.4897182025894897,-18.0,-0.014790468364831553,9.0,0.2727272727272727
06_037_460700,1628.0,1560.0,68.0,3361.0,3507.0,34.0,49.0,0.04176904176904177,146.0,0.043439452543885745,15.0,0.4411764705882353
06_037_462100,1722.0,632.0,1090.0,1228.0,1309.0,,,0.6329849012775842,81.0,0.06596091205211727,,
06_037_462400,1589.0,970.0,619.0,1528.0,1493.0,74.0,94.0,0.38955317809943363,-35.0,-0.022905759162303665,20.0,0.2702702702702703
06_037_203100,1142.0,186.0,956.0,723.0,785.0,,,0.8371278458844134,62.0,0.08575380359612725,,
06_037_203500,933.0,120.0,813.0,833.0,838.0,54.0,23.0,0.8713826366559485,5.0,0.006002400960384154,-31.0,-0.5740740740740741
06_037_203720,1127.0,212.0,915.0,825.0,961.0,,,0.8118899733806566,136.0,0.16484848484848486,,
06_037_204200,893.0,138.0,755.0,842.0,864.0,,,0.845464725643897,22.0,0.026128266033254157,,
06_037_204300,1263.0,389.0,874.0,898.0,933.0,32.0,36.0,0.6920031670625495,35.0,0.03897550111358575,4.0,0.125
06_037_209300,1824.0,36.0,1788.0,839.0,806.0,,,0.9802631578947368,-33.0,-0.03933253873659118,,
06_037_209820,781.0,176.0,605.0,842.0,875.0,,,0.7746478873239436,33.0,0.039192399049881234,,
06_037_403323,1662.0,1436.0,226.0,2406.0,2480.0,28.0,8.0,0.13598074608904934,74.0,0.030756442227763924,-20.0,-0.7142857142857143
06_037_403401,1414.0,1235.0,179.0,1964.0,1974.0,47.0,27.0,0.1265912305516266,10.0,0.0050916496945010185,-20.0,-0.425531914893617
06_037_404000,1309.0,858.0,451.0,1432.0,1438.0,33.0,27.0,0.3445378151260504,6.0,0.004189944134078212,-6.0,-0.18181818181818182
06_037_403802,1930.0,1298.0,632.0,1410.0,1368.0,74.0,27.0,0.32746113989637304,-42.0,-0.029787234042553193,-47.0,-0.6351351351351351
06_037_404901,1234.0,726.0,508.0,1434.0,1528.0,,,0.41166936790923825,94.0,0.06555090655509066,,
06_037_405500,1978.0,1387.0,591.0,1648.0,1694.0,,,0.2987866531850354,46.0,0.027912621359223302,,
06_037_408401,1191.0,859.0,332.0,1189.0,1394.0,27.0,20.0,0.2787573467674223,205.0,0.1724137931034483,-7.0,-0.25925925925925924
06_037_408402,1813.0,1668.0,145.0,1210.0,1287.0,75.0,24.0,0.07997793712079426,77.0,0.06363636363636363,-51.0,-0.68
06_037_430600,1427.0,1273.0,154.0,3035.0,3199.0,13.0,9.0,0.1079187105816398,164.0,0.05403624382207578,-4.0,-0.3076923076923077
06_037_431200,1545.0,1192.0,353.0,1349.0,1471.0,,19.0,0.2284789644012945,122.0,0.0904373610081542,,
06_037_128102,1317.0,139.0,1178.0,1012.0,1097.0,,,0.894457099468489,85.0,0.08399209486166008,,
06_037_128601,1541.0,397.0,1144.0,1065.0,1163.0,,41.0,0.7423750811161584,98.0,0.09201877934272301,,
06_037_128602,1303.0,682.0,621.0,1404.0,1688.0,33.0,62.0,0.476592478894858,284.0,0.2022792022792023,29.0,0.8787878787878788
06_037_128801,1839.0,494.0,1345.0,1363.0,1366.0,,,0.7313757476889614,3.0,0.0022010271460014674,,
06_037_128802,1913.0,637.0,1276.0,1495.0,1620.0,,,0.6670151594354418,125.0,0.08361204013377926,,
06_037_131701,1657.0,637.0,1020.0,1515.0,1525.0,,32.0,0.6155703077851539,10.0,0.006600660066006601,,
06_037_131702,1053.0,655.0,398.0,1572.0,1731.0,,,0.3779677113010446,159.0,0.10114503816793893,,
06_037_620901,1003.0,832.0,171.0,2607.0,2640.0,,,0.17048853439680958,33.0,0.012658227848101266,,
06_037_650001,2154.0,1405.0,749.0,1447.0,1449.0,11.0,12.0,0.3477251624883937,2.0,0.00138217000691085,1.0,0.09090909090909091
06_037_650501,1105.0,994.0,111.0,2071.0,2029.0,,,0.10045248868778281,-42.0,-0.020280057943022695,,
06_037_651102,1759.0,684.0,1075.0,1189.0,1213.0,,,0.611142694712905,24.0,0.020185029436501262,,
06_037_300702,1957.0,1898.0,59.0,3154.0,2998.0,29.0,43.0,0.030148185998978026,-156.0,-0.04946100190234623,14.0,0.4827586206896552
06_037_300902,729.0,682.0,47.0,2179.0,2399.0,,3.0,0.0644718792866941,220.0,0.10096374483708123,,
06_037_301300,722.0,706.0,16.0,3132.0,3179.0,,,0.0221606648199446,47.0,0.015006385696040868,,
06_037_123303,881.0,263.0,618.0,1039.0,1181.0,43.0,4.0,0.7014755959137344,142.0,0.136669874879692,-39.0,-0.9069767441860465
06_037_123420,1408.0,464.0,944.0,1017.0,1073.0,23.0,,0.6704545454545454,56.0,0.05506391347099312,,
06_037_127300,1604.0,612.0,992.0,1160.0,1200.0,101.0,71.0,0.6184538653366584,40.0,0.034482758620689655,-30.0,-0.297029702970297
06_037_127520,1150.0,21.0,1129.0,953.0,1029.0,,,0.9817391304347826,76.0,0.07974816369359916,,
06_037_128303,1063.0,66.0,997.0,968.0,1042.0,,,0.9379115710253998,74.0,0.07644628099173553,,
06_037_131100,975.0,881.0,94.0,1832.0,1913.0,,12.0,0.09641025641025641,81.0,0.04421397379912664,,
06_037_262200,1817.0,1562.0,255.0,3771.0,3923.0,52.0,24.0,0.14034122179416622,152.0,0.04030761071333864,-28.0,-0.5384615384615384
06_037_262301,950.0,894.0,56.0,4001.0,4001.0,,,0.05894736842105263,0.0,0.0,,
06_037_262400,1324.0,1229.0,95.0,4001.0,4001.0,,,0.07175226586102719,0.0,0.0,,
06_037_265100,1264.0,951.0,313.0,2405.0,2871.0,37.0,54.0,0.247626582278481,466.0,0.19376299376299377,17.0,0.4594594594594595
06_037_265301,0.0,0.0,0.0,,,,,,,,,
06_037_530700,447.0,181.0,266.0,893.0,1011.0,15.0,14.0,0.5950782997762863,118.0,0.13213885778275475,-1.0,-0.06666666666666667
06_037_531301,1282.0,300.0,982.0,820.0,919.0,,,0.765990639625585,99.0,0.12073170731707317,,
06_037_531502,834.0,192.0,642.0,940.0,997.0,,,0.7697841726618705,57.0,0.06063829787234042,,
06_037_103102,1572.0,1134.0,438.0,1728.0,1865.0,61.0,32.0,0.2786259541984733,137.0,0.07928240740740741,-29.0,-0.47540983606557374
06_037_531101,1274.0,497.0,777.0,915.0,879.0,,,0.6098901098901099,-36.0,-0.03934426229508197,,
06_037_277400,619.0,19.0,600.0,1171.0,1204.0,,,0.9693053311793215,33.0,0.028181041844577284,,
06_037_291300,987.0,779.0,208.0,1276.0,1237.0,30.0,31.0,0.21073961499493415,-39.0,-0.030564263322884012,1.0,0.03333333333333333
06_037_294120,544.0,223.0,321.0,1275.0,1317.0,20.0,12.0,0.5900735294117647,42.0,0.03294117647058824,-8.0,-0.4
06_037_294520,938.0,250.0,688.0,1000.0,904.0,19.0,,0.7334754797441365,-96.0,-0.096,,
06_037_294820,872.0,132.0,740.0,852.0,920.0,,,0.8486238532110092,68.0,0.07981220657276995,,
06_037_296220,1282.0,60.0,1222.0,530.0,625.0,58.0,53.0,0.953198127925117,95.0,0.1792452830188679,-5.0,-0.08620689655172414
06_037_297300,852.0,411.0,441.0,1445.0,1482.0,,,0.5176056338028169,37.0,0.02560553633217993,,
06_037_300600,3013.0,1559.0,1454.0,1651.0,1775.0,74.0,72.0,0.48257550614005973,124.0,0.07510599636583888,-2.0,-0.02702702702702703
06_037_300901,2235.0,1973.0,262.0,2743.0,2896.0,,,0.11722595078299776,153.0,0.05577834487787094,,
06_037_301100,2558.0,1073.0,1485.0,1425.0,1544.0,16.0,21.0,0.5805316653635653,119.0,0.08350877192982456,5.0,0.3125
06_037_302202,1780.0,297.0,1483.0,1149.0,1254.0,26.0,38.0,0.8331460674157304,105.0,0.09138381201044386,12.0,0.46153846153846156
06_037_302302,1782.0,152.0,1630.0,1142.0,1162.0,,,0.9147025813692481,20.0,0.017513134851138354,,
06_037_311300,1398.0,979.0,419.0,1840.0,1794.0,40.0,,0.29971387696709584,-46.0,-0.025,,
06_037_320000,0.0,0.0,0.0,,,,,,,,,
06_037_400604,978.0,708.0,270.0,1544.0,1587.0,,,0.27607361963190186,43.0,0.027849740932642485,,
06_037_401203,1605.0,1247.0,358.0,1586.0,1685.0,55.0,69.0,0.22305295950155762,99.0,0.06242118537200504,14.0,0.2545454545454545
06_037_401500,1718.0,1247.0,471.0,1129.0,1188.0,30.0,32.0,0.2741559953434226,59.0,0.05225863596102746,2.0,0.06666666666666667
06_037_401602,1751.0,892.0,859.0,1330.0,1362.0,37.0,30.0,0.4905768132495717,32.0,0.02406015037593985,-7.0,-0.1891891891891892
06_037_101110,1644.0,895.0,749.0,1286.0,1517.0,,,0.4555961070559611,231.0,0.1796267496111975,,
06_037_103200,2271.0,1539.0,732.0,1647.0,1671.0,,,0.32232496697490093,24.0,0.014571948998178506,,
06_037_104103,739.0,590.0,149.0,1664.0,1963.0,58.0,88.0,0.20162381596752368,299.0,0.1796875,30.0,0.5172413793103449
06_037_106603,992.0,912.0,80.0,2615.0,2579.0,7.0,,0.08064516129032258,-36.0,-0.013766730401529637,,
06_037_108102,1249.0,1006.0,243.0,2301.0,2366.0,24.0,,0.1945556445156125,65.0,0.02824858757062147,,
06_037_109601,1288.0,937.0,351.0,1902.0,1884.0,,9.0,0.27251552795031053,-18.0,-0.00946372239747634,,
06_037_109700,1337.0,1042.0,295.0,2116.0,1978.0,,,0.2206432311144353,-138.0,-0.06521739130434782,,
06_037_111201,1109.0,962.0,147.0,2190.0,2501.0,,,0.13255184851217314,311.0,0.14200913242009133,,
06_037_113232,1371.0,1140.0,231.0,2291.0,2151.0,,,0.16849015317286653,-140.0,-0.06110868616324749,,
06_037_434004,682.0,520.0,162.0,1044.0,1127.0,,,0.2375366568914956,83.0,0.07950191570881227,,
06_037_461501,1280.0,780.0,500.0,1209.0,1533.0,37.0,27.0,0.390625,324.0,0.2679900744416873,-10.0,-0.2702702702702703
06_037_460401,340.0,293.0,47.0,1575.0,1725.0,,,0.13823529411764707,150.0,0.09523809523809523,,
06_037_910205,380.0,364.0,16.0,2754.0,2068.0,29.0,27.0,0.042105263157894736,-686.0,-0.24909222948438633,-2.0,-0.06896551724137931
06_037_910302,1920.0,1768.0,152.0,2180.0,2117.0,25.0,55.0,0.07916666666666666,-63.0,-0.02889908256880734,30.0,1.2
06_037_920020,2145.0,1852.0,293.0,2242.0,2230.0,86.0,61.0,0.1365967365967366,-12.0,-0.0053523639607493305,-25.0,-0.29069767441860467
06_037_920015,1889.0,1692.0,197.0,2903.0,3075.0,33.0,,0.10428798305982001,172.0,0.059249052704099206,,
06_037_701304,3359.0,1723.0,1636.0,2209.0,2244.0,37.0,37.0,0.4870497171777315,35.0,0.015844273426889995,0.0,0.0
06_037_701402,4281.0,414.0,3867.0,1400.0,1502.0,12.0,12.0,0.9032936229852838,102.0,0.07285714285714286,0.0,0.0
06_037_701902,2504.0,25.0,2479.0,1429.0,1300.0,,,0.9900159744408946,-129.0,-0.09027291812456263,,
06_037_702002,3253.0,764.0,2489.0,1531.0,1557.0,34.0,33.0,0.7651398708884107,26.0,0.016982364467668192,-1.0,-0.029411764705882353
06_037_702102,3853.0,916.0,2937.0,1653.0,1769.0,,,0.7622631715546327,116.0,0.07017543859649122,,
06_037_800203,1917.0,1491.0,426.0,4001.0,4001.0,17.0,14.0,0.2222222222222222,0.0,0.0,-3.0,-0.17647058823529413
06_037_800204,2422.0,2114.0,308.0,3369.0,3280.0,,,0.12716763005780346,-89.0,-0.026417334520629266,,
06_037_800327,2001.0,1223.0,778.0,2341.0,2355.0,84.0,88.0,0.3888055972013993,14.0,0.00598035027765912,4.0,0.047619047619047616
06_037_800328,920.0,474.0,446.0,2411.0,2240.0,,,0.48478260869565215,-171.0,-0.07092492741600996,,
06_037_800329,2542.0,1614.0,928.0,2286.0,2299.0,30.0,31.0,0.36506687647521635,13.0,0.005686789151356081,1.0,0.03333333333333333
06_037_404801,1777.0,960.0,817.0,1136.0,1185.0,,,0.4597636465953855,49.0,0.043133802816901406,,
06_037_405002,677.0,455.0,222.0,1499.0,1502.0,,,0.32791728212703103,3.0,0.0020013342228152103,,
06_037_405800,1607.0,1104.0,503.0,1533.0,1555.0,,,0.31300560049782206,22.0,0.014350945857795172,,
06_037_406402,623.0,577.0,46.0,2219.0,2320.0,3.0,8.0,0.0738362760834671,101.0,0.04551599819738621,5.0,1.6666666666666667
06_037_406800,1296.0,1078.0,218.0,1818.0,1928.0,19.0,21.0,0.16820987654320987,110.0,0.06050605060506051,2.0,0.10526315789473684
06_037_261200,1617.0,1371.0,246.0,3303.0,3335.0,9.0,32.0,0.15213358070500926,32.0,0.009688162276718135,23.0,2.5555555555555554
06_037_229100,936.0,483.0,453.0,1321.0,1291.0,,,0.483974358974359,-30.0,-0.022710068130204392,,
06_037_271100,971.0,533.0,438.0,2110.0,2050.0,,,0.451081359423275,-60.0,-0.02843601895734597,,
06_037_275311,2207.0,1162.0,1045.0,1322.0,1372.0,61.0,59.0,0.47349342999546895,50.0,0.037821482602118005,-2.0,-0.03278688524590164
06_037_482102,927.0,636.0,291.0,1507.0,1319.0,,,0.313915857605178,-188.0,-0.12475116124751161,,
06_037_464100,2404.0,2260.0,144.0,2773.0,2628.0,,,0.059900166389351084,-145.0,-0.05228993869455464,,
06_037_408134,859.0,780.0,79.0,1948.0,1932.0,,,0.0919674039580908,-16.0,-0.008213552361396304,,
06_037_408301,1201.0,862.0,339.0,1357.0,1461.0,12.0,12.0,0.28226477935054123,104.0,0.07663964627855564,0.0,0.0
06_037_408627,899.0,732.0,167.0,2390.0,2313.0,49.0,50.0,0.185761957730812,-77.0,-0.03221757322175732,1.0,0.02040816326530612
06_037_408703,2016.0,1855.0,161.0,2799.0,2834.0,32.0,,0.0798611111111111,35.0,0.012504465880671669,,
06_037_430502,2878.0,1527.0,1351.0,1489.0,1646.0,41.0,43.0,0.4694232105628909,157.0,0.10543989254533244,2.0,0.04878048780487805
06_037_430723,1716.0,575.0,1141.0,1428.0,1526.0,,,0.664918414918415,98.0,0.06862745098039216,,
06_037_408212,1258.0,971.0,287.0,1780.0,1816.0,26.0,21.0,0.22813990461049286,36.0,0.020224719101123594,-5.0,-0.19230769230769232
06_037_408626,1580.0,860.0,720.0,1675.0,1722.0,,7.0,0.45569620253164556,47.0,0.028059701492537312,,
06_037_431800,1796.0,1093.0,703.0,1667.0,1691.0,,,0.3914253897550111,24.0,0.014397120575884824,,
06_037_460302,1400.0,1178.0,222.0,1965.0,1985.0,9.0,26.0,0.15857142857142856,20.0,0.010178117048346057,17.0,1.8888888888888888
06_037_463700,1015.0,692.0,323.0,1995.0,1991.0,,,0.31822660098522165,-4.0,-0.0020050125313283208,,
06_037_400205,995.0,917.0,78.0,4001.0,4001.0,55.0,62.0,0.07839195979899498,0.0,0.0,7.0,0.12727272727272726
06_037_402404,9.0,0.0,9.0,876.0,,,,1.0,,,,
06_037_108104,598.0,584.0,14.0,2697.0,2707.0,,,0.023411371237458192,10.0,0.0037078235076010383,,
06_037_113301,711.0,584.0,127.0,3287.0,2943.0,,,0.17862165963431786,-344.0,-0.10465470033465166,,
06_037_117303,1018.0,806.0,212.0,1925.0,2132.0,,,0.2082514734774067,207.0,0.10753246753246753,,
06_037_190510,1577.0,0.0,1577.0,994.0,967.0,,,1.0,-27.0,-0.02716297786720322,,
06_037_192620,1288.0,29.0,1259.0,829.0,887.0,,,0.9774844720496895,58.0,0.06996381182147166,,
06_037_197410,1674.0,746.0,928.0,1371.0,1471.0,,,0.5543608124253285,100.0,0.07293946024799416,,
06_037_203710,871.0,293.0,578.0,882.0,924.0,2.0,7.0,0.6636050516647531,42.0,0.047619047619047616,5.0,2.5
06_037_577000,3054.0,508.0,2546.0,1220.0,1239.0,37.0,38.0,0.83366077275704,19.0,0.01557377049180328,1.0,0.02702702702702703
06_037_599000,1300.0,461.0,839.0,970.0,1023.0,70.0,52.0,0.6453846153846153,53.0,0.05463917525773196,-18.0,-0.2571428571428571
06_037_601303,2087.0,243.0,1844.0,1038.0,1082.0,,,0.883564925730714,44.0,0.04238921001926782,,
06_037_602104,1776.0,360.0,1416.0,1038.0,1084.0,,,0.7972972972972973,46.0,0.04431599229287091,,
06_037_189500,2780.0,454.0,2326.0,1270.0,1244.0,30.0,39.0,0.8366906474820144,-26.0,-0.02047244094488189,9.0,0.3
06_037_650602,3007.0,492.0,2515.0,1420.0,1468.0,31.0,,0.8363817758563352,48.0,0.03380281690140845,,
06_037_650902,2490.0,1266.0,1224.0,1595.0,1627.0,,,0.491566265060241,32.0,0.02006269592476489,,
06_037_131200,1107.0,876.0,231.0,2059.0,2026.0,,,0.2086720867208672,-33.0,-0.016027197668771247,,
06_037_131600,1397.0,1049.0,348.0,2010.0,2168.0,32.0,28.0,0.24910522548317823,158.0,0.07860696517412935,-4.0,-0.125
06_037_132700,1465.0,745.0,720.0,1397.0,1440.0,,,0.49146757679180886,43.0,0.030780243378668574,,
06_037_181300,1300.0,964.0,336.0,1918.0,1880.0,43.0,49.0,0.25846153846153846,-38.0,-0.01981230448383733,6.0,0.13953488372093023
06_037_183300,1037.0,519.0,518.0,1448.0,1373.0,28.0,33.0,0.49951783992285437,-75.0,-0.05179558011049724,5.0,0.17857142857142858
06_037_183510,783.0,537.0,246.0,1500.0,1494.0,,,0.31417624521072796,-6.0,-0.004,,
06_037_183810,1205.0,168.0,1037.0,964.0,963.0,,,0.8605809128630706,-1.0,-0.001037344398340249,,
06_037_188100,1761.0,360.0,1401.0,1232.0,1261.0,,,0.7955706984667802,29.0,0.02353896103896104,,
06_037_406601,1556.0,1263.0,293.0,1815.0,1948.0,,,0.18830334190231363,133.0,0.07327823691460054,,
06_037_406602,1289.0,945.0,344.0,1736.0,1575.0,,,0.26687354538401864,-161.0,-0.09274193548387097,,
06_037_407301,1048.0,871.0,177.0,1410.0,1295.0,27.0,29.0,0.16889312977099236,-115.0,-0.08156028368794327,2.0,0.07407407407407407
06_037_407702,1638.0,1168.0,470.0,1378.0,1421.0,72.0,65.0,0.2869352869352869,43.0,0.031204644412191583,-7.0,-0.09722222222222222
06_037_123206,798.0,187.0,611.0,885.0,938.0,38.0,33.0,0.7656641604010025,53.0,0.059887005649717516,-5.0,-0.13157894736842105
06_037_123301,1573.0,683.0,890.0,1226.0,1182.0,,,0.5657978385251112,-44.0,-0.03588907014681892,,
06_037_534302,865.0,119.0,746.0,1084.0,1118.0,,,0.8624277456647399,34.0,0.03136531365313653,,
06_037_920029,1225.0,961.0,264.0,1753.0,1702.0,,30.0,0.21551020408163266,-51.0,-0.029092983456930975,,
06_037_920040,941.0,614.0,327.0,1893.0,2031.0,,,0.3475026567481403,138.0,0.07290015847860538,,
06_037_920043,1579.0,1413.0,166.0,3301.0,3276.0,24.0,14.0,0.10512982900569981,-25.0,-0.007573462587094819,-10.0,-0.4166666666666667
06_037_920104,878.0,829.0,49.0,2601.0,2409.0,,,0.05580865603644647,-192.0,-0.07381776239907728,,
06_037_534802,696.0,298.0,398.0,991.0,1061.0,,,0.5718390804597702,70.0,0.07063572149344097,,
06_037_534804,904.0,387.0,517.0,1063.0,1041.0,,,0.5719026548672567,-22.0,-0.020696142991533398,,
06_037_535200,1190.0,613.0,577.0,1222.0,1302.0,135.0,118.0,0.48487394957983193,80.0,0.06546644844517185,-17.0,-0.1259259259259259
06_037_535300,1424.0,581.0,843.0,1058.0,1115.0,,,0.5919943820224719,57.0,0.05387523629489603,,
06_037_535702,1366.0,400.0,966.0,1170.0,1175.0,55.0,51.0,0.7071742313323572,5.0,0.004273504273504274,-4.0,-0.07272727272727272
06_037_535803,1087.0,367.0,720.0,1130.0,1150.0,,,0.6623735050597976,20.0,0.017699115044247787,,
06_037_535901,1427.0,781.0,646.0,1220.0,1203.0,,,0.452697967764541,-17.0,-0.013934426229508197,,
06_037_541603,593.0,208.0,385.0,1103.0,898.0,23.0,43.0,0.6492411467116358,-205.0,-0.185856754306437,20.0,0.8695652173913043
06_037_541604,1425.0,503.0,922.0,931.0,1005.0,,,0.6470175438596492,74.0,0.079484425349087,,
06_037_542501,1172.0,631.0,541.0,1313.0,1320.0,,,0.4616040955631399,7.0,0.005331302361005331,,
06_037_543321,1736.0,1627.0,109.0,2003.0,2083.0,62.0,49.0,0.06278801843317973,80.0,0.0399400898652022,-13.0,-0.20967741935483872
06_037_543502,1341.0,957.0,384.0,1352.0,1847.0,30.0,59.0,0.28635346756152125,495.0,0.3661242603550296,29.0,0.9666666666666667
06_037_550100,1867.0,1467.0,400.0,1911.0,1688.0,28.0,21.0,0.21424745581146223,-223.0,-0.11669283097854527,-7.0,-0.25
06_037_550500,2315.0,1554.0,761.0,1454.0,1660.0,110.0,107.0,0.3287257019438445,206.0,0.14167812929848694,-3.0,-0.02727272727272727
06_037_551000,2184.0,1459.0,725.0,1478.0,1620.0,,,0.33195970695970695,142.0,0.09607577807848444,,
06_037_552200,1834.0,611.0,1223.0,1106.0,1180.0,25.0,22.0,0.6668484187568157,74.0,0.06690777576853527,-3.0,-0.12
06_037_132001,1171.0,715.0,456.0,2134.0,2156.0,,,0.38941076003415886,22.0,0.010309278350515464,,
06_037_132002,1045.0,781.0,264.0,1961.0,1712.0,,,0.25263157894736843,-249.0,-0.12697603263641,,
06_037_132101,1563.0,730.0,833.0,1359.0,1494.0,,,0.5329494561740243,135.0,0.09933774834437085,,
06_037_132102,2099.0,1198.0,901.0,1202.0,1360.0,20.0,22.0,0.4292520247737018,158.0,0.1314475873544093,2.0,0.1
06_037_600601,842.0,605.0,237.0,2085.0,2077.0,13.0,15.0,0.2814726840855107,-8.0,-0.0038369304556354917,2.0,0.15384615384615385
06_037_276100,3132.0,504.0,2628.0,1647.0,1708.0,94.0,56.0,0.8390804597701149,61.0,0.037037037037037035,-38.0,-0.40425531914893614
06_037_300100,1968.0,1785.0,183.0,2400.0,2416.0,32.0,35.0,0.09298780487804878,16.0,0.006666666666666667,3.0,0.09375
06_037_302201,1523.0,128.0,1395.0,942.0,1064.0,,,0.9159553512803676,122.0,0.12951167728237792,,
06_037_190301,2239.0,44.0,2195.0,940.0,1019.0,31.0,29.0,0.9803483698079499,79.0,0.08404255319148936,-2.0,-0.06451612903225806
06_037_197420,1227.0,409.0,818.0,974.0,1169.0,,,0.6666666666666666,195.0,0.2002053388090349,,
06_037_205110,859.0,0.0,859.0,1027.0,1034.0,,,1.0,7.0,0.006815968841285297,,
06_037_208000,2100.0,100.0,2000.0,930.0,981.0,30.0,27.0,0.9523809523809523,51.0,0.054838709677419356,-3.0,-0.1
06_037_209401,1343.0,0.0,1343.0,743.0,774.0,,,1.0,31.0,0.04172274562584118,,
06_037_214800,1360.0,399.0,961.0,1442.0,1560.0,,,0.7066176470588236,118.0,0.08183079056865465,,
06_037_221900,981.0,68.0,913.0,985.0,1017.0,,,0.9306829765545361,32.0,0.03248730964467005,,
06_037_229300,1229.0,228.0,1001.0,957.0,1000.0,32.0,32.0,0.8144833197721725,43.0,0.04493207941483804,0.0,0.0
06_037_236100,2548.0,352.0,2196.0,922.0,994.0,60.0,82.0,0.8618524332810047,72.0,0.07809110629067245,22.0,0.36666666666666664
06_037_241120,1086.0,323.0,763.0,1140.0,1182.0,,,0.7025782688766115,42.0,0.03684210526315789,,
06_037_301702,1902.0,483.0,1419.0,1333.0,1291.0,31.0,31.0,0.7460567823343849,-42.0,-0.03150787696924231,0.0,0.0
06_037_311400,939.0,479.0,460.0,1767.0,1846.0,,,0.4898828541001065,79.0,0.04470854555744199,,
06_037_554002,1759.0,771.0,988.0,1124.0,1167.0,,,0.5616827743035816,43.0,0.03825622775800712,,
06_037_190802,1340.0,156.0,1184.0,923.0,942.0,,,0.8835820895522388,19.0,0.020585048754062838,,
06_037_191301,975.0,69.0,906.0,1065.0,978.0,,,0.9292307692307692,-87.0,-0.08169014084507042,,
06_037_191302,921.0,63.0,858.0,909.0,882.0,25.0,26.0,0.9315960912052117,-27.0,-0.0297029702970297,1.0,0.04
06_037_191901,1922.0,54.0,1868.0,1182.0,1248.0,,,0.9719042663891779,66.0,0.05583756345177665,,
06_037_191902,1520.0,648.0,872.0,1993.0,1837.0,,,0.5736842105263158,-156.0,-0.07827395885599599,,
06_037_192001,1120.0,171.0,949.0,1501.0,1319.0,,,0.8473214285714286,-182.0,-0.12125249833444371,,
06_037_192002,1388.0,449.0,939.0,1726.0,1845.0,,,0.6765129682997119,119.0,0.06894553881807648,,
06_037_194101,1702.0,485.0,1217.0,1540.0,1567.0,,61.0,0.7150411280846063,27.0,0.01753246753246753,,
06_037_194102,1576.0,1368.0,208.0,4001.0,4001.0,,,0.1319796954314721,0.0,0.0,,
06_037_194401,1237.0,171.0,1066.0,1292.0,1383.0,76.0,64.0,0.8617623282134196,91.0,0.07043343653250773,-12.0,-0.15789473684210525
06_037_194402,2035.0,346.0,1689.0,1839.0,1836.0,50.0,46.0,0.82997542997543,-3.0,-0.0016313213703099511,-4.0,-0.08
06_037_195201,1631.0,295.0,1336.0,1451.0,1416.0,,,0.8191293684855917,-35.0,-0.024121295658166782,,
06_037_195202,1432.0,821.0,611.0,2097.0,2122.0,29.0,47.0,0.4266759776536313,25.0,0.011921793037672867,18.0,0.6206896551724138
06_037_195803,1113.0,292.0,821.0,1031.0,1184.0,29.0,28.0,0.7376460017969452,153.0,0.1483996120271581,-1.0,-0.034482758620689655
06_037_195804,1124.0,229.0,895.0,961.0,1043.0,,,0.7962633451957295,82.0,0.08532778355879292,,
06_037_195901,1145.0,56.0,1089.0,1022.0,1101.0,,13.0,0.9510917030567686,79.0,0.07729941291585127,,
06_037_234200,1168.0,694.0,474.0,1155.0,1250.0,,,0.4058219178082192,95.0,0.08225108225108226,,
06_037_143901,1685.0,1427.0,258.0,3439.0,3805.0,,,0.15311572700296736,366.0,0.10642628671125327,,
06_037_183220,1083.0,338.0,745.0,1025.0,1073.0,58.0,56.0,0.6879039704524469,48.0,0.04682926829268293,-2.0,-0.034482758620689655
06_037_185100,2201.0,1304.0,897.0,1509.0,1459.0,33.0,75.0,0.4075420263516583,-50.0,-0.03313452617627568,42.0,1.2727272727272727
06_037_185320,918.0,375.0,543.0,947.0,922.0,,,0.5915032679738562,-25.0,-0.026399155227032733,,
06_037_186100,1661.0,1019.0,642.0,1297.0,1356.0,,,0.38651414810355206,59.0,0.04548959136468774,,
06_037_261101,1407.0,1354.0,53.0,4001.0,4001.0,59.0,53.0,0.037668798862828715,0.0,0.0,-6.0,-0.1016949152542373
06_037_243000,1126.0,534.0,592.0,1306.0,1378.0,90.0,103.0,0.5257548845470693,72.0,0.055130168453292494,13.0,0.14444444444444443
06_037_262100,1299.0,1227.0,72.0,4001.0,4001.0,9.0,22.0,0.05542725173210162,0.0,0.0,13.0,1.4444444444444444
06_037_262303,1104.0,1026.0,78.0,4001.0,4001.0,44.0,62.0,0.07065217391304347,0.0,0.0,18.0,0.4090909090909091
06_037_262601,1393.0,1219.0,174.0,3933.0,3954.0,39.0,34.0,0.1249102656137832,21.0,0.005339435545385202,-5.0,-0.1282051282051282
06_037_400900,1308.0,831.0,477.0,1689.0,1796.0,48.0,58.0,0.3646788990825688,107.0,0.06335109532267615,10.0,0.20833333333333334
06_037_401102,1064.0,453.0,611.0,1319.0,1431.0,,,0.5742481203007519,112.0,0.08491281273692192,,
06_037_401312,1838.0,1684.0,154.0,1391.0,1434.0,82.0,66.0,0.08378672470076169,43.0,0.030913012221423435,-16.0,-0.1951219512195122
06_037_402200,2131.0,1558.0,573.0,1623.0,1617.0,,,0.2688878460816518,-6.0,-0.0036968576709796672,,
06_037_403312,1565.0,1236.0,329.0,1759.0,1731.0,,,0.21022364217252396,-28.0,-0.015918135304150087,,
06_037_238000,2121.0,1443.0,678.0,1363.0,1553.0,,55.0,0.31966053748231965,190.0,0.13939838591342626,,
06_037_238320,969.0,157.0,812.0,878.0,940.0,19.0,19.0,0.8379772961816305,62.0,0.07061503416856492,0.0,0.0
06_037_238400,1744.0,1014.0,730.0,1275.0,1262.0,16.0,27.0,0.41857798165137616,-13.0,-0.01019607843137255,11.0,0.6875
06_037_242600,1187.0,50.0,1137.0,468.0,465.0,,,0.95787700084246,-3.0,-0.00641025641025641,,
06_037_243100,1255.0,334.0,921.0,767.0,784.0,18.0,16.0,0.7338645418326694,17.0,0.02216427640156454,-2.0,-0.1111111111111111
06_037_264302,2936.0,1240.0,1696.0,1998.0,2066.0,63.0,54.0,0.5776566757493188,68.0,0.03403403403403404,-9.0,-0.14285714285714285
06_037_265305,1833.0,91.0,1742.0,1361.0,1409.0,,,0.950354609929078,48.0,0.03526818515797208,,
06_037_265420,722.0,544.0,178.0,2588.0,3000.0,,,0.24653739612188366,412.0,0.15919629057187018,,
06_037_267100,2598.0,1258.0,1340.0,2128.0,1954.0,33.0,72.0,0.5157813702848345,-174.0,-0.08176691729323309,39.0,1.1818181818181819
06_037_267800,1089.0,735.0,354.0,2318.0,2186.0,24.0,39.0,0.325068870523416,-132.0,-0.056945642795513375,15.0,0.625
06_037_269000,2164.0,1209.0,955.0,2178.0,2400.0,18.0,19.0,0.44131238447319776,222.0,0.10192837465564739,1.0,0.05555555555555555
06_037_269300,1540.0,1288.0,252.0,2873.0,2944.0,,,0.16363636363636364,71.0,0.024712843717368604,,
06_037_269500,1413.0,1379.0,34.0,3574.0,3631.0,,11.0,0.024062278839348902,57.0,0.01594851706771125,,
06_037_269800,1621.0,333.0,1288.0,1399.0,1404.0,,,0.7945712523133868,5.0,0.0035739814152966403,,
06_037_271802,2788.0,384.0,2404.0,1299.0,1441.0,,,0.8622668579626973,142.0,0.10931485758275597,,
06_037_221220,1017.0,133.0,884.0,842.0,858.0,,,0.8692232055063913,16.0,0.019002375296912115,,
06_037_221820,961.0,38.0,923.0,1120.0,1241.0,,,0.9604578563995838,121.0,0.10803571428571429,,
06_037_224010,1008.0,13.0,995.0,552.0,575.0,,,0.9871031746031746,23.0,0.041666666666666664,,
06_037_224600,832.0,125.0,707.0,820.0,836.0,17.0,19.0,0.8497596153846154,16.0,0.01951219512195122,2.0,0.11764705882352941
06_037_227010,989.0,275.0,714.0,1107.0,1127.0,,,0.7219413549039434,20.0,0.018066847335140017,,
06_037_228310,883.0,195.0,688.0,920.0,955.0,9.0,21.0,0.7791619479048698,35.0,0.03804347826086957,12.0,1.3333333333333333
06_037_228800,1221.0,393.0,828.0,971.0,888.0,,,0.6781326781326781,-83.0,-0.0854788877445932,,
06_037_229410,781.0,255.0,526.0,1261.0,1120.0,,,0.6734955185659411,-141.0,-0.11181601903251388,,
06_037_231900,1269.0,280.0,989.0,860.0,915.0,,,0.7793538219070134,55.0,0.06395348837209303,,
06_037_232120,1206.0,262.0,944.0,886.0,940.0,22.0,16.0,0.7827529021558872,54.0,0.060948081264108354,-6.0,-0.2727272727272727
06_037_297110,1501.0,335.0,1166.0,894.0,992.0,,,0.7768154563624251,98.0,0.10961968680089486,,
06_037_574201,1086.0,888.0,198.0,1893.0,1893.0,,23.0,0.18232044198895028,0.0,0.0,,
06_037_575002,1924.0,764.0,1160.0,1574.0,1653.0,10.0,11.0,0.6029106029106029,79.0,0.05019059720457433,1.0,0.1
06_037_575202,1175.0,258.0,917.0,1067.0,1097.0,,,0.7804255319148936,30.0,0.028116213683223992,,
06_037_576601,2826.0,693.0,2133.0,1082.0,1084.0,17.0,19.0,0.7547770700636943,2.0,0.0018484288354898336,2.0,0.11764705882352941
06_037_576802,1907.0,386.0,1521.0,1228.0,1271.0,15.0,13.0,0.7975878342947037,43.0,0.03501628664495114,-2.0,-0.13333333333333333
06_037_577602,1658.0,1023.0,635.0,1533.0,1671.0,55.0,64.0,0.38299155609167673,138.0,0.09001956947162426,9.0,0.16363636363636364
06_037_600201,1131.0,348.0,783.0,1034.0,1097.0,,,0.6923076923076923,63.0,0.0609284332688588,,
06_037_600801,1272.0,988.0,284.0,1385.0,1467.0,29.0,30.0,0.22327044025157233,82.0,0.0592057761732852,1.0,0.034482758620689655
06_037_600912,1489.0,789.0,700.0,1236.0,1182.0,,,0.47011417058428473,-54.0,-0.043689320388349516,,
06_037_601402,1348.0,712.0,636.0,1137.0,1143.0,,,0.47181008902077154,6.0,0.005277044854881266,,
06_037_601502,857.0,311.0,546.0,984.0,1059.0,,,0.6371061843640606,75.0,0.07621951219512195,,
06_037_602103,2042.0,319.0,1723.0,981.0,1019.0,22.0,22.0,0.8437806072477962,38.0,0.03873598369011213,0.0,0.0
06_037_602106,2098.0,322.0,1776.0,978.0,977.0,,,0.8465204957102002,-1.0,-0.0010224948875255625,,
06_037_602600,2806.0,1640.0,1166.0,1213.0,1141.0,30.0,33.0,0.4155381325730577,-72.0,-0.05935696619950536,3.0,0.1
06_037_602700,1075.0,926.0,149.0,1602.0,1645.0,63.0,52.0,0.1386046511627907,43.0,0.026841448189762796,-11.0,-0.1746031746031746
06_037_602900,1281.0,753.0,528.0,734.0,791.0,,,0.41217798594847777,57.0,0.0776566757493188,,
06_037_620101,2276.0,1262.0,1014.0,1831.0,1765.0,,,0.44551845342706503,-66.0,-0.03604587657018023,,
06_037_650102,783.0,555.0,228.0,1928.0,1867.0,,,0.29118773946360155,-61.0,-0.03163900414937759,,
06_037_650502,1598.0,1146.0,452.0,1700.0,1741.0,,,0.2828535669586984,41.0,0.02411764705882353,,
06_037_650603,1593.0,965.0,628.0,1589.0,1484.0,,,0.39422473320778406,-105.0,-0.06607929515418502,,
06_037_650800,2898.0,2229.0,669.0,2141.0,2187.0,83.0,101.0,0.2308488612836439,46.0,0.02148528724894909,18.0,0.21686746987951808
06_037_670406,661.0,547.0,114.0,3026.0,2920.0,,24.0,0.17246596066565809,-106.0,-0.03502974223397224,,
06_037_700700,1097.0,1053.0,44.0,4001.0,4001.0,42.0,54.0,0.040109389243391066,0.0,0.0,12.0,0.2857142857142857
06_037_702802,852.0,413.0,439.0,1379.0,1692.0,,,0.5152582159624414,313.0,0.22697606961566352,,
06_037_900605,2093.0,1626.0,467.0,930.0,1083.0,227.0,169.0,0.22312470138557094,153.0,0.16451612903225807,-58.0,-0.2555066079295154
06_037_900701,1590.0,827.0,763.0,1073.0,1098.0,41.0,19.0,0.479874213836478,25.0,0.023299161230195712,-22.0,-0.5365853658536586
06_037_201120,1205.0,504.0,701.0,1102.0,1292.0,,20.0,0.5817427385892117,190.0,0.1724137931034483,,
06_037_201200,701.0,201.0,500.0,1008.0,926.0,13.0,30.0,0.7132667617689016,-82.0,-0.08134920634920635,17.0,1.3076923076923077
06_037_201501,1541.0,653.0,888.0,1066.0,1081.0,19.0,16.0,0.5762491888384166,15.0,0.014071294559099437,-3.0,-0.15789473684210525
06_037_201700,1368.0,621.0,747.0,1036.0,1057.0,,,0.5460526315789473,21.0,0.02027027027027027,,
06_037_203300,427.0,46.0,381.0,938.0,860.0,30.0,15.0,0.892271662763466,-78.0,-0.08315565031982942,-15.0,-0.5
06_037_221500,1263.0,210.0,1053.0,803.0,824.0,29.0,19.0,0.833729216152019,21.0,0.026151930261519303,-10.0,-0.3448275862068966
06_037_221710,925.0,170.0,755.0,843.0,892.0,,,0.8162162162162162,49.0,0.05812574139976275,,
06_037_226410,811.0,140.0,671.0,777.0,836.0,,,0.8273736128236745,59.0,0.07593307593307594,,
06_037_228600,1010.0,254.0,756.0,975.0,1039.0,,,0.7485148514851485,64.0,0.06564102564102564,,
06_037_232110,811.0,224.0,587.0,957.0,945.0,,31.0,0.7237977805178791,-12.0,-0.012539184952978056,,
06_037_232200,869.0,344.0,525.0,930.0,946.0,,,0.6041426927502876,16.0,0.017204301075268817,,
06_037_234800,1053.0,794.0,259.0,1449.0,1605.0,59.0,62.0,0.2459639126305793,156.0,0.10766045548654245,3.0,0.05084745762711865
06_037_236000,2077.0,1601.0,476.0,1885.0,1912.0,,,0.22917669715936448,27.0,0.014323607427055704,,
06_037_238200,2041.0,801.0,1240.0,1020.0,1064.0,49.0,56.0,0.6075453209211171,44.0,0.043137254901960784,7.0,0.14285714285714285
06_037_239330,684.0,319.0,365.0,1230.0,1352.0,18.0,17.0,0.533625730994152,122.0,0.0991869918699187,-1.0,-0.05555555555555555
06_037_240200,1276.0,392.0,884.0,1157.0,1223.0,37.0,58.0,0.6927899686520376,66.0,0.05704407951598963,21.0,0.5675675675675675
06_037_132900,1262.0,652.0,610.0,1728.0,1690.0,31.0,16.0,0.48335974643423135,-38.0,-0.02199074074074074,-15.0,-0.4838709677419355
06_037_133100,1903.0,912.0,991.0,1417.0,1498.0,45.0,19.0,0.5207566999474514,81.0,0.05716302046577276,-26.0,-0.5777777777777777
06_037_134104,1288.0,669.0,619.0,1503.0,1397.0,17.0,,0.4805900621118012,-106.0,-0.07052561543579508,,
06_037_212305,1006.0,0.0,1006.0,900.0,815.0,,,1.0,-85.0,-0.09444444444444444,,
06_037_212620,1766.0,181.0,1585.0,1072.0,1078.0,,,0.8975084937712344,6.0,0.005597014925373134,,
06_037_213320,999.0,76.0,923.0,747.0,781.0,,,0.923923923923924,34.0,0.04551539491298527,,
06_037_214700,1262.0,563.0,699.0,1964.0,1943.0,,,0.5538827258320127,-21.0,-0.010692464358452138,,
06_037_216800,1545.0,541.0,1004.0,2060.0,2017.0,,,0.6498381877022654,-43.0,-0.02087378640776699,,
06_037_217200,1509.0,407.0,1102.0,1188.0,1165.0,,,0.730284956925116,-23.0,-0.01936026936026936,,
06_037_221810,944.0,135.0,809.0,950.0,968.0,,,0.8569915254237288,18.0,0.018947368421052633,,
06_037_222100,1083.0,336.0,747.0,958.0,942.0,,,0.6897506925207756,-16.0,-0.016701461377870562,,
06_037_106407,739.0,294.0,445.0,1409.0,1300.0,,,0.6021650879566982,-109.0,-0.0773598296664301,,
06_037_106408,884.0,201.0,683.0,1196.0,1196.0,58.0,58.0,0.7726244343891403,0.0,0.0,0.0,0.0
06_037_106645,1164.0,1117.0,47.0,2483.0,2527.0,,,0.040378006872852236,44.0,0.017720499395892066,,
06_037_106646,948.0,897.0,51.0,1933.0,2188.0,10.0,9.0,0.05379746835443038,255.0,0.13191929643041903,-1.0,-0.1
06_037_106648,923.0,575.0,348.0,1340.0,1380.0,16.0,15.0,0.37703141928494044,40.0,0.029850746268656716,-1.0,-0.0625
06_037_106649,686.0,617.0,69.0,2360.0,2287.0,,9.0,0.10058309037900874,-73.0,-0.03093220338983051,,
06_037_108201,1927.0,1762.0,165.0,2981.0,2934.0,,,0.08562532433834977,-47.0,-0.01576652130157665,,
06_037_108202,1674.0,1130.0,544.0,3841.0,3579.0,24.0,26.0,0.3249701314217443,-262.0,-0.06821140328039572,2.0,0.08333333333333333
06_037_109603,1341.0,771.0,570.0,1620.0,1467.0,,,0.4250559284116331,-153.0,-0.09444444444444444,,
06_037_109604,921.0,735.0,186.0,2116.0,2143.0,,,0.20195439739413681,27.0,0.01275992438563327,,
06_037_111205,1402.0,857.0,545.0,1821.0,2022.0,21.0,35.0,0.38873038516405134,201.0,0.11037891268533773,14.0,0.6666666666666666
06_037_111206,1419.0,1295.0,124.0,2596.0,2675.0,47.0,35.0,0.08738548273431994,79.0,0.030431432973805857,-12.0,-0.2553191489361702
06_037_113101,1133.0,1056.0,77.0,2148.0,2171.0,20.0,20.0,0.06796116504854369,23.0,0.010707635009310988,0.0,0.0
06_037_113102,920.0,893.0,27.0,3466.0,3495.0,,,0.029347826086956522,29.0,0.008366993652625505,,
06_037_113235,713.0,568.0,145.0,1343.0,1331.0,34.0,42.0,0.20336605890603085,-12.0,-0.008935219657483246,8.0,0.23529411764705882
06_037_113237,1311.0,891.0,420.0,2119.0,1918.0,37.0,34.0,0.32036613272311215,-201.0,-0.09485606418121756,-3.0,-0.08108108108108109
06_037_115103,81.0,0.0,81.0,1200.0,1588.0,,,1.0,388.0,0.3233333333333333,,
06_037_115104,1563.0,367.0,1196.0,1423.0,1514.0,,,0.7651951375559821,91.0,0.06394940267041462,,
06_037_117201,1207.0,454.0,753.0,1097.0,1064.0,,,0.623860811930406,-33.0,-0.0300820419325433,,
06_037_115403,1014.0,219.0,795.0,1114.0,1125.0,,,0.7840236686390533,11.0,0.009874326750448833,,
06_037_115404,829.0,409.0,420.0,1481.0,1642.0,24.0,18.0,0.5066344993968637,161.0,0.1087103308575287,-6.0,-0.25
06_037_117101,1285.0,937.0,348.0,2164.0,2361.0,,33.0,0.2708171206225681,197.0,0.09103512014787431,,
06_037_117102,820.0,738.0,82.0,2186.0,2133.0,,1.0,0.1,-53.0,-0.0242451967063129,,
06_037_117407,787.0,17.0,770.0,1012.0,1039.0,,,0.9783989834815756,27.0,0.0266798418972332,,
06_037_117408,887.0,148.0,739.0,958.0,1010.0,,,0.8331454340473506,52.0,0.054279749478079335,,
06_037_117202,693.0,592.0,101.0,2105.0,2220.0,,10.0,0.14574314574314573,115.0,0.05463182897862233,,
06_037_119001,941.0,748.0,193.0,2068.0,1797.0,13.0,37.0,0.2051009564293305,-271.0,-0.13104448742746616,24.0,1.8461538461538463
06_037_119002,1407.0,990.0,417.0,1763.0,1751.0,,,0.29637526652452023,-12.0,-0.006806579693703914,,
06_037_119201,874.0,646.0,228.0,1630.0,1613.0,,,0.2608695652173913,-17.0,-0.010429447852760737,,
06_037_119202,933.0,671.0,262.0,1488.0,1693.0,44.0,39.0,0.2808145766345123,205.0,0.13776881720430106,-5.0,-0.11363636363636363
06_037_119341,764.0,229.0,535.0,1247.0,1279.0,23.0,22.0,0.7002617801047121,32.0,0.02566158781074579,-1.0,-0.043478260869565216
06_037_119342,768.0,390.0,378.0,1566.0,1487.0,,,0.4921875,-79.0,-0.05044699872286079,,
06_037_120103,854.0,43.0,811.0,1006.0,1016.0,,,0.949648711943794,10.0,0.009940357852882704,,
06_037_500500,901.0,647.0,254.0,1117.0,1148.0,,,0.28190899001109876,31.0,0.02775290957923008,,
06_037_500900,1567.0,895.0,672.0,961.0,878.0,,,0.4288449266113593,-83.0,-0.08636836628511967,,
06_037_501400,1154.0,353.0,801.0,1211.0,1287.0,,,0.6941074523396881,76.0,0.06275805119735756,,
06_037_501501,802.0,728.0,74.0,2063.0,2108.0,23.0,40.0,0.09226932668329177,45.0,0.021812893843916627,17.0,0.7391304347826086
06_037_501802,1170.0,513.0,657.0,1476.0,1514.0,,,0.5615384615384615,38.0,0.025745257452574527,,
06_037_501900,1349.0,1123.0,226.0,1735.0,1866.0,,,0.167531504818384,131.0,0.07550432276657061,,
06_037_502401,1300.0,981.0,319.0,1457.0,1442.0,,,0.2453846153846154,-15.0,-0.01029512697323267,,
06_037_401202,1317.0,1168.0,149.0,1848.0,1894.0,19.0,30.0,0.11313591495823842,46.0,0.024891774891774892,11.0,0.5789473684210527
06_037_401311,2342.0,1363.0,979.0,1613.0,1613.0,53.0,55.0,0.4180187873612297,0.0,0.0,2.0,0.03773584905660377
06_037_401703,1391.0,573.0,818.0,1375.0,1381.0,26.0,19.0,0.5880661394680087,6.0,0.004363636363636364,-7.0,-0.2692307692307692
06_037_122410,1057.0,85.0,972.0,971.0,994.0,,,0.9195837275307474,23.0,0.02368692070030896,,
06_037_123103,1540.0,655.0,885.0,1144.0,1242.0,,,0.5746753246753247,98.0,0.08566433566433566,,
06_037_120020,1139.0,279.0,860.0,1087.0,1101.0,,,0.7550482879719052,14.0,0.012879484820607176,,
06_037_119900,1195.0,908.0,287.0,1849.0,1796.0,,,0.2401673640167364,-53.0,-0.028664142779881017,,
06_037_120300,1416.0,1049.0,367.0,1879.0,1915.0,42.0,33.0,0.259180790960452,36.0,0.019159127195316657,-9.0,-0.21428571428571427
06_037_121210,741.0,550.0,191.0,1500.0,1766.0,,,0.25775978407557354,266.0,0.17733333333333334,,
06_037_125600,1191.0,684.0,507.0,1810.0,2021.0,,,0.4256926952141058,211.0,0.11657458563535912,,
06_037_123410,1212.0,286.0,926.0,886.0,914.0,,,0.764026402640264,28.0,0.03160270880361174,,
06_037_124700,1980.0,988.0,992.0,1544.0,1737.0,43.0,44.0,0.501010101010101,193.0,0.125,1.0,0.023255813953488372
06_037_125320,2306.0,87.0,2219.0,1110.0,1165.0,,,0.9622723330442324,55.0,0.04954954954954955,,
06_037_128210,1439.0,34.0,1405.0,987.0,1007.0,,,0.9763724808895066,20.0,0.020263424518743668,,
06_037_128220,1138.0,340.0,798.0,1021.0,1064.0,,,0.7012302284710018,43.0,0.04211557296767875,,
06_037_123601,1892.0,692.0,1200.0,1167.0,1167.0,,,0.6342494714587738,0.0,0.0,,
06_037_123510,1430.0,393.0,1037.0,996.0,1041.0,,41.0,0.7251748251748251,45.0,0.045180722891566265,,
06_037_123520,904.0,275.0,629.0,929.0,1061.0,,,0.6957964601769911,132.0,0.14208826695371368,,
06_037_123700,1443.0,634.0,809.0,1180.0,1224.0,,,0.5606375606375607,44.0,0.03728813559322034,,
06_037_124102,1276.0,370.0,906.0,1150.0,1232.0,19.0,20.0,0.7100313479623824,82.0,0.07130434782608695,1.0,0.05263157894736842
06_037_124201,1098.0,630.0,468.0,1256.0,1365.0,22.0,20.0,0.4262295081967213,109.0,0.08678343949044585,-2.0,-0.09090909090909091
06_037_204120,678.0,243.0,435.0,975.0,981.0,,3.0,0.6415929203539823,6.0,0.006153846153846154,,
06_037_204410,574.0,82.0,492.0,860.0,958.0,,,0.8571428571428571,98.0,0.11395348837209303,,
06_037_204910,741.0,200.0,541.0,983.0,978.0,,,0.7300944669365722,-5.0,-0.00508646998982706,,
06_037_205120,895.0,62.0,833.0,807.0,818.0,,,0.9307262569832402,11.0,0.013630731102850062,,
06_037_206050,697.0,9.0,688.0,693.0,832.0,,,0.9870875179340028,139.0,0.20057720057720058,,
06_037_216200,2487.0,711.0,1776.0,1452.0,1635.0,,,0.7141133896260555,183.0,0.12603305785123967,,
06_037_216900,2502.0,1007.0,1495.0,1522.0,1411.0,,17.0,0.5975219824140687,-111.0,-0.07293035479632064,,
06_037_218800,858.0,221.0,637.0,1092.0,1094.0,,,0.7424242424242424,2.0,0.0018315018315018315,,
06_037_311500,2363.0,1101.0,1262.0,1466.0,1502.0,,,0.5340668641557342,36.0,0.02455661664392906,,
06_037_302103,1968.0,448.0,1520.0,1287.0,1351.0,,,0.7723577235772358,64.0,0.04972804972804973,,
06_037_310800,2039.0,1221.0,818.0,1376.0,1579.0,,,0.4011770475723394,203.0,0.14752906976744187,,
06_037_310900,2445.0,1750.0,695.0,1898.0,1852.0,,,0.2842535787321063,-46.0,-0.02423603793466807,,
06_037_320100,1692.0,1136.0,556.0,1721.0,1620.0,73.0,61.0,0.32860520094562645,-101.0,-0.058686809994189425,-12.0,-0.1643835616438356
06_037_481402,2083.0,1181.0,902.0,1279.0,1430.0,20.0,31.0,0.4330292846855497,151.0,0.11806098514464425,11.0,0.55
06_037_482800,1271.0,996.0,275.0,1764.0,1733.0,,18.0,0.21636506687647522,-31.0,-0.017573696145124718,,
06_037_503201,1169.0,1082.0,87.0,1859.0,2124.0,,,0.07442258340461934,265.0,0.14254975793437333,,
06_037_651001,1859.0,1510.0,349.0,1405.0,1503.0,44.0,75.0,0.18773534158149544,98.0,0.06975088967971531,31.0,0.7045454545454546
06_037_670411,1509.0,1375.0,134.0,3034.0,2796.0,9.0,30.0,0.08880053015241882,-238.0,-0.07844429795649308,21.0,2.3333333333333335
06_037_701000,2622.0,792.0,1830.0,2195.0,2236.0,13.0,12.0,0.6979405034324943,41.0,0.01867881548974943,-1.0,-0.07692307692307693
06_037_702901,5680.0,413.0,5267.0,1987.0,2051.0,,,0.9272887323943662,64.0,0.03220936084549572,,
06_037_901102,1807.0,1312.0,495.0,1346.0,1446.0,88.0,88.0,0.27393469839513007,100.0,0.07429420505200594,0.0,0.0
06_037_273600,1153.0,624.0,529.0,1891.0,2030.0,,,0.4588031222896791,139.0,0.07350608143839238,,
06_037_274100,2357.0,990.0,1367.0,2458.0,2550.0,67.0,35.0,0.5799745439117522,92.0,0.03742880390561432,-32.0,-0.47761194029850745
06_037_267502,1594.0,398.0,1196.0,1479.0,1590.0,,,0.7503136762860728,111.0,0.07505070993914807,,
06_037_267700,1588.0,416.0,1172.0,1410.0,1621.0,25.0,32.0,0.7380352644836272,211.0,0.14964539007092198,7.0,0.28
06_037_270200,1266.0,449.0,817.0,1299.0,1337.0,,,0.6453396524486572,38.0,0.029253271747498075,,
06_037_271200,1096.0,202.0,894.0,1380.0,1494.0,26.0,35.0,0.8156934306569343,114.0,0.08260869565217391,9.0,0.34615384615384615
06_037_272100,1763.0,1190.0,573.0,1668.0,1774.0,27.0,53.0,0.32501418037436186,106.0,0.06354916067146282,26.0,0.9629629629629629
06_037_272301,1357.0,630.0,727.0,1459.0,1508.0,,,0.5357406042741342,49.0,0.033584647018505824,,
06_037_272302,1943.0,298.0,1645.0,1091.0,1272.0,8.0,7.0,0.8466289243437982,181.0,0.16590284142988085,-1.0,-0.125
06_037_275400,1430.0,841.0,589.0,2295.0,2550.0,,,0.41188811188811186,255.0,0.1111111111111111,,
06_037_276601,1684.0,1150.0,534.0,2125.0,2126.0,13.0,,0.3171021377672209,1.0,0.00047058823529411766,,
06_037_189300,1301.0,1178.0,123.0,3265.0,3370.0,102.0,100.0,0.09454265949269793,105.0,0.03215926493108729,-2.0,-0.0196078431372549
06_037_189800,2211.0,636.0,1575.0,1309.0,1371.0,7.0,9.0,0.7123473541383989,62.0,0.04736440030557677,2.0,0.2857142857142857
06_037_191000,1401.0,128.0,1273.0,957.0,1081.0,60.0,62.0,0.9086366880799429,124.0,0.12957157784743992,2.0,0.03333333333333333
06_037_191201,1636.0,103.0,1533.0,845.0,912.0,,,0.937041564792176,67.0,0.07928994082840236,,
06_037_191710,1301.0,102.0,1199.0,810.0,897.0,,,0.921598770176787,87.0,0.10740740740740741,,
06_037_192700,1082.0,111.0,971.0,967.0,998.0,,,0.8974121996303143,31.0,0.03205791106514995,,
06_037_194200,1747.0,1194.0,553.0,2862.0,2779.0,45.0,54.0,0.31654264453348596,-83.0,-0.029000698812019568,9.0,0.2
06_037_197300,1732.0,465.0,1267.0,1177.0,1240.0,21.0,39.0,0.7315242494226328,63.0,0.05352591333899745,18.0,0.8571428571428571
06_037_197500,1432.0,202.0,1230.0,1114.0,1158.0,22.0,22.0,0.8589385474860335,44.0,0.03949730700179533,0.0,0.0
06_037_197600,850.0,155.0,695.0,933.0,980.0,,,0.8176470588235294,47.0,0.05037513397642015,,
06_037_199202,817.0,298.0,519.0,880.0,989.0,,,0.6352509179926561,109.0,0.12386363636363637,,
06_037_201302,2001.0,1421.0,580.0,1740.0,1774.0,60.0,34.0,0.2898550724637681,34.0,0.01954022988505747,-26.0,-0.43333333333333335
06_037_408133,1502.0,699.0,803.0,1490.0,1529.0,25.0,22.0,0.5346205059920106,39.0,0.026174496644295303,-3.0,-0.12
06_037_408135,1202.0,650.0,552.0,1773.0,1720.0,,28.0,0.45923460898502494,-53.0,-0.029892836999435984,,
06_037_320202,1562.0,972.0,590.0,1428.0,1415.0,,,0.37772087067861715,-13.0,-0.009103641456582634,,
06_037_311801,1349.0,276.0,1073.0,1341.0,1341.0,47.0,32.0,0.7954040029651593,0.0,0.0,-15.0,-0.3191489361702128
06_037_311802,1372.0,146.0,1226.0,1158.0,1241.0,,,0.8935860058309038,83.0,0.07167530224525043,,
06_037_400207,1498.0,1430.0,68.0,2510.0,2592.0,,34.0,0.04539385847797063,82.0,0.03266932270916335,,
06_037_400403,1291.0,927.0,364.0,1919.0,2102.0,16.0,13.0,0.2819519752130132,183.0,0.09536216779572694,-3.0,-0.1875
06_037_400404,1455.0,1307.0,148.0,2194.0,2193.0,37.0,33.0,0.10171821305841924,-1.0,-0.00045578851412944393,-4.0,-0.10810810810810811
06_037_400501,704.0,654.0,50.0,2815.0,2500.0,,5.0,0.07102272727272728,-315.0,-0.11190053285968028,,
06_037_401303,765.0,668.0,97.0,2769.0,2799.0,,,0.12679738562091503,30.0,0.010834236186348862,,
06_037_401304,2217.0,1917.0,300.0,1645.0,1760.0,,,0.13531799729364005,115.0,0.06990881458966565,,
06_037_402001,1074.0,500.0,574.0,1186.0,1171.0,,,0.5344506517690876,-15.0,-0.012647554806070826,,
06_037_402002,1504.0,809.0,695.0,1356.0,1229.0,,,0.4621010638297872,-127.0,-0.09365781710914454,,
06_037_402303,1107.0,374.0,733.0,1108.0,1071.0,14.0,12.0,0.6621499548328816,-37.0,-0.033393501805054154,-2.0,-0.14285714285714285
06_037_402304,1008.0,232.0,776.0,819.0,808.0,,,0.7698412698412699,-11.0,-0.013431013431013432,,
06_037_402405,662.0,539.0,123.0,1448.0,1628.0,,,0.18580060422960726,180.0,0.12430939226519337,,
06_037_402705,895.0,783.0,112.0,1817.0,1826.0,,,0.12513966480446928,9.0,0.0049532195927352776,,
06_037_402706,923.0,651.0,272.0,1737.0,1801.0,24.0,29.0,0.29469122426868904,64.0,0.03684513529073115,5.0,0.20833333333333334
06_037_402406,1043.0,573.0,470.0,1387.0,1332.0,79.0,49.0,0.4506232023010546,-55.0,-0.03965392934390771,-30.0,-0.379746835443038
06_037_402803,711.0,281.0,430.0,995.0,1167.0,,,0.6047819971870605,172.0,0.1728643216080402,,
06_037_402804,962.0,301.0,661.0,1187.0,1156.0,,,0.6871101871101871,-31.0,-0.02611625947767481,,
06_037_402903,958.0,528.0,430.0,1578.0,1730.0,23.0,,0.4488517745302714,152.0,0.09632446134347275,,
06_037_402904,851.0,716.0,135.0,1660.0,1567.0,,,0.15863689776733256,-93.0,-0.05602409638554217,,
06_037_404201,1018.0,496.0,522.0,1178.0,1192.0,,,0.5127701375245579,14.0,0.011884550084889643,,
06_037_404202,879.0,350.0,529.0,1139.0,1192.0,,,0.6018202502844141,53.0,0.046532045654082525,,
06_037_404503,732.0,553.0,179.0,1393.0,1694.0,,,0.24453551912568305,301.0,0.21608040201005024,,
06_037_404504,1285.0,510.0,775.0,1154.0,1181.0,,,0.603112840466926,27.0,0.02339688041594454,,
06_037_405301,1089.0,374.0,715.0,1294.0,1196.0,,,0.6565656565656566,-98.0,-0.07573415765069552,,
06_037_195902,1024.0,176.0,848.0,1122.0,1166.0,45.0,45.0,0.828125,44.0,0.0392156862745098,0.0,0.0
06_037_195903,1024.0,79.0,945.0,1037.0,1108.0,,,0.9228515625,71.0,0.06846673095467695,,
06_037_206031,1285.0,525.0,760.0,2123.0,2319.0,38.0,51.0,0.5914396887159533,196.0,0.09232218558643429,13.0,0.34210526315789475
06_037_201601,668.0,425.0,243.0,1361.0,1265.0,,,0.36377245508982037,-96.0,-0.07053637031594416,,
06_037_201602,796.0,435.0,361.0,1155.0,1249.0,,,0.4535175879396985,94.0,0.08138528138528138,,
06_037_206032,1462.0,191.0,1271.0,841.0,873.0,23.0,24.0,0.8693570451436389,32.0,0.03804994054696789,1.0,0.043478260869565216
06_037_207101,1107.0,18.0,1089.0,897.0,986.0,,,0.983739837398374,89.0,0.09921962095875139,,
06_037_207102,917.0,14.0,903.0,601.0,600.0,,,0.9847328244274809,-1.0,-0.0016638935108153079,,
06_037_207103,819.0,42.0,777.0,864.0,932.0,,,0.9487179487179487,68.0,0.0787037037037037,,
06_037_207301,2662.0,243.0,2419.0,407.0,507.0,11.0,12.0,0.9087152516904583,100.0,0.2457002457002457,1.0,0.09090909090909091
06_037_207302,1880.0,180.0,1700.0,1324.0,1397.0,,,0.9042553191489362,73.0,0.05513595166163142,,
06_037_207501,1381.0,255.0,1126.0,1486.0,1449.0,,,0.8153511947863866,-37.0,-0.02489905787348587,,
06_037_207502,1651.0,0.0,1651.0,481.0,549.0,,,1.0,68.0,0.14137214137214138,,
06_037_208301,534.0,21.0,513.0,789.0,879.0,,,0.9606741573033708,90.0,0.11406844106463879,,
06_037_208302,1492.0,157.0,1335.0,722.0,770.0,,,0.8947721179624665,48.0,0.0664819944598338,,
06_037_273200,1539.0,438.0,1101.0,1629.0,1569.0,32.0,27.0,0.7153996101364523,-60.0,-0.03683241252302026,-5.0,-0.15625
06_037_275200,1577.0,353.0,1224.0,1234.0,1295.0,25.0,24.0,0.7761572606214331,61.0,0.04943273905996758,-1.0,-0.04
06_037_293304,1462.0,438.0,1024.0,1027.0,1082.0,,,0.7004103967168263,55.0,0.053554040895813046,,
06_037_264301,2972.0,560.0,2412.0,1729.0,1784.0,,,0.8115746971736204,55.0,0.031810294968189705,,
06_037_540901,1182.0,662.0,520.0,1248.0,1316.0,,,0.43993231810490696,68.0,0.05448717948717949,,
06_037_541200,1843.0,1241.0,602.0,1414.0,1476.0,71.0,69.0,0.32664134563212155,62.0,0.04384724186704385,-2.0,-0.028169014084507043
06_037_541605,1243.0,632.0,611.0,1108.0,1154.0,94.0,79.0,0.4915526950925181,46.0,0.04151624548736462,-15.0,-0.1595744680851064
06_037_901007,683.0,626.0,57.0,1758.0,1648.0,,57.0,0.08345534407027819,-110.0,-0.06257110352673492,,
06_037_273100,854.0,607.0,247.0,1853.0,2099.0,27.0,31.0,0.2892271662763466,246.0,0.13275769023205614,4.0,0.14814814814814814
06_037_265303,1533.0,68.0,1465.0,1587.0,1616.0,25.0,24.0,0.9556425309849967,29.0,0.018273471959672338,-1.0,-0.04
06_037_267402,2291.0,412.0,1879.0,1452.0,1519.0,47.0,90.0,0.8201658664338717,67.0,0.046143250688705235,43.0,0.9148936170212766
06_037_273300,1516.0,358.0,1158.0,1411.0,1704.0,76.0,48.0,0.7638522427440633,293.0,0.2076541459957477,-28.0,-0.3684210526315789
06_037_920026,71.0,60.0,11.0,2081.0,2653.0,,,0.15492957746478872,572.0,0.2748678519942335,,
06_037_920035,2194.0,1704.0,490.0,1902.0,1774.0,57.0,,0.22333637192342753,-128.0,-0.06729758149316509,,
06_037_700901,1492.0,640.0,852.0,1925.0,2130.0,,,0.5710455764075067,205.0,0.10649350649350649,,
06_037_701100,19.0,3.0,16.0,,1385.0,,,0.8421052631578947,,,,
06_037_195802,973.0,219.0,754.0,974.0,1061.0,,,0.774922918807811,87.0,0.08932238193018481,,
06_037_191120,1536.0,148.0,1388.0,913.0,963.0,25.0,24.0,0.9036458333333334,50.0,0.054764512595837894,-1.0,-0.04
06_037_191410,1722.0,62.0,1660.0,819.0,861.0,,,0.9639953542392566,42.0,0.05128205128205128,,
06_037_195400,2306.0,894.0,1412.0,1547.0,1479.0,14.0,14.0,0.6123156981786644,-68.0,-0.04395604395604396,0.0,0.0
06_037_197700,1744.0,313.0,1431.0,878.0,931.0,10.0,,0.8205275229357798,53.0,0.06036446469248292,,
06_037_199000,1413.0,338.0,1075.0,910.0,978.0,32.0,67.0,0.7607926397735315,68.0,0.07472527472527472,35.0,1.09375
06_037_199300,1159.0,737.0,422.0,1321.0,1360.0,35.0,30.0,0.364106988783434,39.0,0.029523088569265707,-5.0,-0.14285714285714285
06_037_199700,943.0,247.0,696.0,953.0,1006.0,,,0.7380699893955461,53.0,0.055613850996852045,,
06_037_201402,1391.0,880.0,511.0,958.0,1022.0,,,0.36736161035226456,64.0,0.06680584551148225,,
06_037_203900,721.0,266.0,455.0,1010.0,1065.0,,,0.6310679611650486,55.0,0.054455445544554455,,
06_037_603200,1162.0,835.0,327.0,1292.0,1330.0,37.0,44.0,0.28141135972461273,38.0,0.029411764705882353,7.0,0.1891891891891892
06_037_609900,687.0,386.0,301.0,1248.0,1399.0,,,0.438136826783115,151.0,0.12099358974358974,,
06_037_620303,1712.0,1375.0,337.0,2958.0,3050.0,,,0.19684579439252337,92.0,0.03110209601081812,,
06_037_552800,1634.0,997.0,637.0,1614.0,1626.0,50.0,65.0,0.3898408812729498,12.0,0.007434944237918215,15.0,0.3
06_037_553300,980.0,805.0,175.0,947.0,1001.0,,,0.17857142857142858,54.0,0.057022175290390706,,
06_037_553601,1242.0,591.0,651.0,1179.0,1339.0,,26.0,0.5241545893719807,160.0,0.13570822731128074,,
06_037_403407,520.0,493.0,27.0,2964.0,3237.0,,,0.051923076923076926,273.0,0.09210526315789473,,
06_037_122120,1100.0,650.0,450.0,1232.0,1435.0,,,0.4090909090909091,203.0,0.16477272727272727,,
06_037_123010,1039.0,355.0,684.0,1104.0,1152.0,,,0.65832531280077,48.0,0.043478260869565216,,
06_037_128910,1787.0,751.0,1036.0,1601.0,1778.0,,,0.5797425853385563,177.0,0.11055590256089944,,
06_037_134305,1070.0,17.0,1053.0,1062.0,1127.0,,,0.9841121495327103,65.0,0.06120527306967985,,
06_037_134710,1557.0,347.0,1210.0,1013.0,1077.0,23.0,,0.7771355170199101,64.0,0.0631786771964462,,
06_037_135202,1483.0,1200.0,283.0,2100.0,2200.0,,,0.19082939986513822,100.0,0.047619047619047616,,
06_037_137302,1625.0,1520.0,105.0,2457.0,2573.0,,,0.06461538461538462,116.0,0.04721204721204721,,
06_037_139802,1351.0,1250.0,101.0,3746.0,4001.0,13.0,11.0,0.07475943745373798,255.0,0.06807261078483716,-2.0,-0.15384615384615385
06_037_141302,2951.0,776.0,2175.0,1730.0,1794.0,78.0,69.0,0.7370382921043714,64.0,0.03699421965317919,-9.0,-0.11538461538461539
06_037_143100,2038.0,835.0,1203.0,1689.0,1852.0,17.0,64.0,0.5902845927379784,163.0,0.09650680876258141,47.0,2.764705882352941
06_037_143800,2372.0,1364.0,1008.0,1842.0,1888.0,,,0.42495784148397975,46.0,0.0249728555917481,,
06_037_402702,1520.0,435.0,1085.0,947.0,995.0,,,0.7138157894736842,48.0,0.050686378035902854,,
06_037_402703,1170.0,771.0,399.0,1756.0,1562.0,,19.0,0.34102564102564104,-194.0,-0.11047835990888383,,
06_037_403200,0.0,0.0,0.0,,,,,,,,,
06_037_403303,760.0,657.0,103.0,1252.0,1313.0,13.0,13.0,0.1355263157894737,61.0,0.048722044728434506,0.0,0.0
06_037_403702,1090.0,929.0,161.0,1739.0,1783.0,,,0.14770642201834863,44.0,0.025301897642323174,,
06_037_119800,1341.0,941.0,400.0,1767.0,1679.0,22.0,28.0,0.29828486204325133,-88.0,-0.04980192416525184,6.0,0.2727272727272727
06_037_206020,176.0,3.0,173.0,1611.0,1689.0,,,0.9829545454545454,78.0,0.048417132216014895,,
06_037_208610,1364.0,234.0,1130.0,1011.0,990.0,,,0.8284457478005866,-21.0,-0.020771513353115726,,
06_037_208620,1693.0,136.0,1557.0,984.0,959.0,22.0,25.0,0.919669226225635,-25.0,-0.02540650406504065,3.0,0.13636363636363635
06_037_209102,1738.0,87.0,1651.0,758.0,781.0,,,0.9499424626006905,23.0,0.030343007915567283,,
06_037_211701,1143.0,335.0,808.0,1468.0,1535.0,,,0.7069116360454943,67.0,0.04564032697547684,,
06_037_135201,872.0,695.0,177.0,2125.0,2376.0,,,0.2029816513761468,251.0,0.11811764705882354,,
06_037_137501,1543.0,770.0,773.0,1781.0,1836.0,,,0.5009721322099806,55.0,0.030881527231892195,,
06_037_651002,1705.0,1083.0,622.0,1641.0,1717.0,,,0.36480938416422287,76.0,0.04631322364411944,,
06_037_651201,1730.0,1469.0,261.0,2539.0,2364.0,15.0,18.0,0.1508670520231214,-175.0,-0.06892477353288697,3.0,0.2
06_037_651221,1241.0,451.0,790.0,1225.0,1338.0,,,0.636583400483481,113.0,0.09224489795918367,,
06_037_670403,904.0,832.0,72.0,2955.0,1904.0,,,0.07964601769911504,-1051.0,-0.355668358714044,,
06_037_670413,1786.0,1446.0,340.0,2399.0,2426.0,,,0.19036954087346025,27.0,0.011254689453939141,,
06_037_670701,2396.0,1841.0,555.0,1969.0,2016.0,,27.0,0.23163606010016694,47.0,0.023869984763839513,,
06_037_700300,3830.0,1434.0,2396.0,1413.0,1464.0,34.0,37.0,0.6255874673629243,51.0,0.036093418259023353,3.0,0.08823529411764706
06_037_701501,2671.0,560.0,2111.0,1382.0,1433.0,,,0.7903406963684013,51.0,0.03690303907380608,,
06_037_701701,1831.0,388.0,1443.0,1491.0,1549.0,9.0,,0.7880939377389404,58.0,0.038900067069081154,,
06_037_702201,2275.0,620.0,1655.0,1551.0,1590.0,,,0.7274725274725274,39.0,0.025145067698259187,,
06_037_702700,1268.0,1076.0,192.0,2317.0,2411.0,,,0.15141955835962145,94.0,0.04056970220112214,,
06_037_702801,2029.0,676.0,1353.0,1432.0,1479.0,,,0.6668309512074914,47.0,0.03282122905027933,,
06_037_703001,3109.0,1740.0,1369.0,1761.0,1804.0,,,0.44033451270504986,43.0,0.02441794434980125,,
06_037_900504,1544.0,943.0,601.0,1670.0,1570.0,136.0,152.0,0.38924870466321243,-100.0,-0.059880239520958084,16.0,0.11764705882352941
06_037_900602,1641.0,1144.0,497.0,631.0,654.0,53.0,79.0,0.3028641072516758,23.0,0.03645007923930269,26.0,0.49056603773584906
06_037_900703,1657.0,382.0,1275.0,978.0,1006.0,27.0,27.0,0.7694628847314424,28.0,0.028629856850715747,0.0,0.0
06_037_910201,1100.0,763.0,337.0,1457.0,1550.0,28.0,33.0,0.30636363636363634,93.0,0.06382978723404255,5.0,0.17857142857142858
06_037_213202,1232.0,138.0,1094.0,911.0,942.0,,23.0,0.887987012987013,31.0,0.03402854006586169,,
06_037_214100,1626.0,588.0,1038.0,2491.0,2637.0,41.0,49.0,0.6383763837638377,146.0,0.0586109995985548,8.0,0.1951219512195122
06_037_217100,2306.0,539.0,1767.0,1169.0,1309.0,14.0,19.0,0.7662619254119688,140.0,0.11976047904191617,5.0,0.35714285714285715
06_037_218300,1941.0,514.0,1427.0,1189.0,1211.0,31.0,,0.7351880473982483,22.0,0.018502943650126155,,
06_037_218400,1553.0,565.0,988.0,1075.0,1179.0,,,0.6361880231809401,104.0,0.09674418604651162,,
06_037_219700,1313.0,494.0,819.0,995.0,1141.0,20.0,12.0,0.6237623762376238,146.0,0.14673366834170853,-8.0,-0.4
06_037_220000,1964.0,747.0,1217.0,990.0,1042.0,,,0.619653767820774,52.0,0.052525252525252523,,
06_037_224700,710.0,0.0,710.0,1134.0,1286.0,,,1.0,152.0,0.13403880070546736,,
06_037_294810,997.0,194.0,803.0,949.0,1019.0,,,0.8054162487462387,70.0,0.0737618545837724,,
06_037_300701,2121.0,1846.0,275.0,2665.0,2647.0,31.0,28.0,0.12965582272512965,-18.0,-0.00675422138836773,-3.0,-0.0967741935483871
06_037_301502,2598.0,282.0,2316.0,1423.0,1425.0,,,0.8914549653579676,2.0,0.0014054813773717498,,
06_037_301601,2301.0,249.0,2052.0,1251.0,1279.0,,,0.8917861799217731,28.0,0.02238209432454037,,
06_037_302102,2483.0,831.0,1652.0,1197.0,1252.0,39.0,37.0,0.6653242045912203,55.0,0.04594820384294068,-2.0,-0.05128205128205128
06_037_143902,1303.0,794.0,509.0,1787.0,1828.0,77.0,82.0,0.3906369915579432,41.0,0.02294348069390039,5.0,0.06493506493506493
06_037_183620,1006.0,296.0,710.0,1000.0,1041.0,,,0.705765407554672,41.0,0.041,,
06_037_187300,1565.0,627.0,938.0,1665.0,1683.0,19.0,,0.5993610223642173,18.0,0.010810810810810811,,
06_037_189702,1438.0,597.0,841.0,2088.0,2149.0,36.0,18.0,0.5848400556328234,61.0,0.02921455938697318,-18.0,-0.5
06_037_199110,742.0,372.0,370.0,899.0,986.0,,9.0,0.49865229110512127,87.0,0.0967741935483871,,
06_037_191720,1360.0,101.0,1259.0,868.0,943.0,,,0.9257352941176471,75.0,0.08640552995391705,,
06_037_197200,1157.0,479.0,678.0,1029.0,1082.0,,,0.5859982713915298,53.0,0.05150631681243926,,
06_037_199900,805.0,149.0,656.0,721.0,805.0,,,0.8149068322981367,84.0,0.11650485436893204,,
06_037_650101,2078.0,1767.0,311.0,1442.0,1522.0,,,0.1496631376323388,80.0,0.05547850208044383,,
06_037_574800,1435.0,803.0,632.0,1215.0,1325.0,31.0,32.0,0.44041811846689893,110.0,0.09053497942386832,1.0,0.03225806451612903
06_037_574902,1837.0,499.0,1338.0,1493.0,1552.0,,,0.7283614589003811,59.0,0.03951774949765573,,
06_037_575103,2002.0,372.0,1630.0,1089.0,1122.0,,,0.8141858141858141,33.0,0.030303030303030304,,
06_037_575902,2495.0,453.0,2042.0,835.0,927.0,71.0,63.0,0.818436873747495,92.0,0.11017964071856287,-8.0,-0.11267605633802817
06_037_576401,1148.0,182.0,966.0,980.0,977.0,8.0,15.0,0.8414634146341463,-3.0,-0.003061224489795918,7.0,0.875
06_037_600202,2106.0,502.0,1604.0,947.0,997.0,,,0.761633428300095,50.0,0.05279831045406547,,
06_037_600400,1487.0,787.0,700.0,1279.0,1280.0,,38.0,0.47074646940147946,1.0,0.0007818608287724785,,
06_037_600602,727.0,29.0,698.0,972.0,1005.0,,,0.9601100412654745,33.0,0.033950617283950615,,
06_037_601600,1039.0,404.0,635.0,1056.0,1105.0,,,0.6111645813282002,49.0,0.04640151515151515,,
06_037_120104,795.0,86.0,709.0,1031.0,1178.0,,,0.8918238993710692,147.0,0.1425800193986421,,
06_037_120105,834.0,310.0,524.0,837.0,985.0,,,0.6282973621103117,148.0,0.1768219832735962,,
06_037_120106,1161.0,96.0,1065.0,1001.0,991.0,,,0.917312661498708,-10.0,-0.00999000999000999,,
06_037_910713,1236.0,975.0,261.0,1671.0,1627.0,84.0,73.0,0.2111650485436893,-44.0,-0.026331538001196888,-11.0,-0.13095238095238096
06_037_910714,866.0,669.0,197.0,1403.0,1415.0,47.0,28.0,0.22748267898383373,12.0,0.008553100498930863,-19.0,-0.40425531914893614
06_037_910715,1762.0,1144.0,618.0,1648.0,1590.0,68.0,107.0,0.3507377979568672,-58.0,-0.03519417475728155,39.0,0.5735294117647058
06_037_910716,1564.0,1179.0,385.0,2061.0,2066.0,73.0,41.0,0.24616368286445012,5.0,0.0024260067928190197,-32.0,-0.4383561643835616
06_037_125200,1723.0,535.0,1188.0,1164.0,1209.0,,,0.689495066744051,45.0,0.03865979381443299,,
06_037_125310,1726.0,322.0,1404.0,1262.0,1515.0,65.0,,0.813441483198146,253.0,0.2004754358161648,,
06_037_127210,1760.0,671.0,1089.0,1189.0,1251.0,25.0,,0.61875,62.0,0.05214465937762826,,
06_037_131020,1510.0,804.0,706.0,1586.0,1569.0,52.0,78.0,0.4675496688741722,-17.0,-0.010718789407313998,26.0,0.5
06_037_480011,1842.0,784.0,1058.0,1349.0,1322.0,,,0.5743756786102063,-27.0,-0.02001482579688658,,
06_037_480600,3258.0,982.0,2276.0,1363.0,1417.0,,,0.6985880908532842,54.0,0.03961848862802641,,
06_037_481712,1544.0,462.0,1082.0,1075.0,1147.0,,,0.7007772020725389,72.0,0.06697674418604652,,
06_037_481713,749.0,313.0,436.0,1147.0,1153.0,,,0.582109479305741,6.0,0.0052310374891020054,,
06_037_482303,1581.0,459.0,1122.0,1162.0,1251.0,,,0.7096774193548387,89.0,0.076592082616179,,
06_037_482304,955.0,190.0,765.0,995.0,1068.0,,,0.8010471204188482,73.0,0.07336683417085427,,
06_037_500800,1403.0,1013.0,390.0,1479.0,1460.0,,,0.27797576621525305,-19.0,-0.012846517917511832,,
06_037_503601,1186.0,959.0,227.0,1658.0,1745.0,,6.0,0.19139966273187184,87.0,0.05247285886610374,,
06_037_503602,1215.0,1145.0,70.0,2134.0,2185.0,,,0.05761316872427984,51.0,0.023898781630740395,,
06_037_503702,1583.0,1070.0,513.0,1572.0,1472.0,,,0.3240682248894504,-100.0,-0.06361323155216285,,
06_037_504002,1628.0,1230.0,398.0,1662.0,1640.0,,,0.24447174447174447,-22.0,-0.013237063778580024,,
06_037_480201,1302.0,1147.0,155.0,2333.0,2397.0,,,0.11904761904761904,64.0,0.02743249035576511,,
06_037_400204,2155.0,2119.0,36.0,2639.0,2670.0,,,0.016705336426914155,31.0,0.011746873815839333,,
06_037_400302,1174.0,718.0,456.0,1404.0,1487.0,,,0.38841567291311757,83.0,0.05911680911680912,,
06_037_401101,1865.0,786.0,1079.0,1371.0,1348.0,,,0.5785522788203753,-23.0,-0.016776075857038657,,
06_037_401201,1091.0,828.0,263.0,2036.0,2265.0,,,0.24106324472960586,229.0,0.112475442043222,,
06_037_401601,2077.0,1679.0,398.0,1162.0,1102.0,,,0.19162253249879635,-60.0,-0.05163511187607573,,
06_037_402101,1112.0,884.0,228.0,1560.0,1586.0,,,0.20503597122302158,26.0,0.016666666666666666,,
06_037_291110,1147.0,377.0,770.0,1009.0,1108.0,,,0.6713164777680907,99.0,0.0981169474727453,,
06_037_291120,654.0,196.0,458.0,918.0,950.0,,,0.7003058103975535,32.0,0.034858387799564274,,
06_037_294610,1171.0,334.0,837.0,949.0,990.0,,,0.7147736976942783,41.0,0.04320337197049526,,
06_037_294620,1065.0,457.0,608.0,1125.0,996.0,,,0.5708920187793427,-129.0,-0.11466666666666667,,
06_037_294830,974.0,193.0,781.0,754.0,789.0,,,0.8018480492813141,35.0,0.046419098143236075,,
06_037_296500,1302.0,486.0,816.0,1125.0,1169.0,16.0,21.0,0.6267281105990783,44.0,0.03911111111111111,5.0,0.3125
06_037_620702,2571.0,1795.0,776.0,2366.0,2510.0,,,0.3018280824581875,144.0,0.060862214708368556,,
06_037_621400,1911.0,1003.0,908.0,1795.0,1873.0,21.0,20.0,0.47514390371533227,78.0,0.043454038997214485,-1.0,-0.047619047619047616
06_037_405302,1517.0,1094.0,423.0,1692.0,1459.0,19.0,20.0,0.27883981542518127,-233.0,-0.13770685579196218,1.0,0.05263157894736842
06_037_405701,1022.0,543.0,479.0,1382.0,1440.0,,,0.46868884540117417,58.0,0.041968162083936326,,
06_037_405702,1463.0,1076.0,387.0,1238.0,1360.0,,,0.26452494873547505,122.0,0.09854604200323101,,
06_037_406701,957.0,561.0,396.0,1416.0,1413.0,,,0.41379310344827586,-3.0,-0.00211864406779661,,
06_037_406702,1694.0,1038.0,656.0,1436.0,1455.0,,,0.3872491145218418,19.0,0.013231197771587743,,
06_037_406901,1217.0,741.0,476.0,1237.0,1415.0,,,0.39112571898110104,178.0,0.1438965238480194,,
06_037_406902,853.0,681.0,172.0,1663.0,1658.0,39.0,38.0,0.20164126611957797,-5.0,-0.003006614552014432,-1.0,-0.02564102564102564
06_037_407501,1022.0,631.0,391.0,1588.0,1682.0,,,0.38258317025440314,94.0,0.05919395465994962,,
06_037_407502,860.0,532.0,328.0,1375.0,1485.0,19.0,22.0,0.3813953488372093,110.0,0.08,3.0,0.15789473684210525
06_037_407601,1209.0,408.0,801.0,1139.0,1115.0,,,0.6625310173697271,-24.0,-0.021071115013169446,,
06_037_432402,1718.0,529.0,1189.0,1061.0,1080.0,29.0,,0.6920838183934808,19.0,0.017907634307257305,,
06_037_432801,795.0,164.0,631.0,877.0,860.0,,,0.7937106918238994,-17.0,-0.019384264538198404,,
06_037_460000,1787.0,1543.0,244.0,2591.0,2637.0,24.0,23.0,0.1365416899832121,46.0,0.01775376302585874,-1.0,-0.041666666666666664
06_037_460501,1931.0,1801.0,130.0,3853.0,3854.0,,33.0,0.06732263076126359,1.0,0.0002595380223202699,,
06_037_131300,1128.0,885.0,243.0,2084.0,2186.0,30.0,34.0,0.2154255319148936,102.0,0.04894433781190019,4.0,0.13333333333333333
06_037_131400,1773.0,948.0,825.0,1519.0,1498.0,59.0,42.0,0.4653130287648054,-21.0,-0.013824884792626729,-17.0,-0.288135593220339
06_037_131900,1265.0,1042.0,223.0,1888.0,2067.0,60.0,69.0,0.17628458498023716,179.0,0.0948093220338983,9.0,0.15
06_037_132300,2299.0,682.0,1617.0,990.0,1048.0,,,0.7033492822966507,58.0,0.05858585858585859,,
06_037_133000,1133.0,819.0,314.0,1815.0,1749.0,69.0,37.0,0.27714033539276256,-66.0,-0.03636363636363636,-32.0,-0.463768115942029
06_037_134101,1491.0,959.0,532.0,1553.0,1526.0,,,0.3568075117370892,-27.0,-0.017385705086928525,,
06_037_480704,1920.0,693.0,1227.0,1354.0,1481.0,,,0.6390625,127.0,0.09379615952732644,,
06_037_480803,1223.0,885.0,338.0,1581.0,1786.0,,,0.276369582992641,205.0,0.12966476913345984,,
06_037_481201,1137.0,501.0,636.0,1398.0,1242.0,38.0,,0.5593667546174143,-156.0,-0.11158798283261803,,
06_037_482521,1504.0,1110.0,394.0,1246.0,1501.0,39.0,,0.261968085106383,255.0,0.20465489566613163,,
06_037_502301,1362.0,1142.0,220.0,1643.0,1571.0,,31.0,0.16152716593245228,-72.0,-0.04382227632379793,,
06_037_482502,833.0,404.0,429.0,1165.0,1190.0,61.0,67.0,0.5150060024009604,25.0,0.02145922746781116,6.0,0.09836065573770492
06_037_501300,2272.0,1345.0,927.0,1610.0,1616.0,27.0,58.0,0.4080105633802817,6.0,0.0037267080745341614,31.0,1.1481481481481481
06_037_501700,1266.0,886.0,380.0,1575.0,1441.0,,,0.3001579778830964,-134.0,-0.08507936507936507,,
06_037_134800,1855.0,1406.0,449.0,1900.0,2123.0,,,0.24204851752021564,223.0,0.11736842105263158,,
06_037_134901,1125.0,639.0,486.0,1545.0,1594.0,,,0.432,49.0,0.03171521035598705,,
06_037_113422,2069.0,1091.0,978.0,1320.0,1449.0,,,0.47269212179797004,129.0,0.09772727272727273,,
06_037_115202,1801.0,753.0,1048.0,1404.0,1412.0,,,0.5818989450305386,8.0,0.005698005698005698,,
06_037_115401,1998.0,751.0,1247.0,1211.0,1210.0,64.0,65.0,0.6241241241241241,-1.0,-0.0008257638315441783,1.0,0.015625
06_037_120010,694.0,517.0,177.0,1673.0,1615.0,12.0,23.0,0.25504322766570603,-58.0,-0.034668260609683206,11.0,0.9166666666666666
06_037_122200,867.0,421.0,446.0,1284.0,1332.0,,,0.5144175317185697,48.0,0.037383177570093455,,
06_037_122420,1343.0,417.0,926.0,1058.0,1115.0,,,0.6895011169024572,57.0,0.05387523629489603,,
06_037_404402,1249.0,794.0,455.0,1426.0,1435.0,,,0.36429143314651724,9.0,0.006311360448807854,,
06_037_406300,1662.0,1227.0,435.0,1698.0,1625.0,12.0,11.0,0.26173285198555957,-73.0,-0.04299175500588928,-1.0,-0.08333333333333333
06_037_800330,330.0,283.0,47.0,4001.0,3558.0,60.0,23.0,0.14242424242424243,-443.0,-0.11072231942014496,-37.0,-0.6166666666666667
06_037_554302,1121.0,260.0,861.0,969.0,1154.0,,,0.768064228367529,185.0,0.19091847265221878,,
06_037_554405,1319.0,217.0,1102.0,945.0,990.0,,,0.8354814253222138,45.0,0.047619047619047616,,
06_037_554406,1726.0,888.0,838.0,1376.0,1477.0,40.0,29.0,0.4855156431054461,101.0,0.07340116279069768,-11.0,-0.275
06_037_570403,1060.0,364.0,696.0,1099.0,1023.0,42.0,44.0,0.6566037735849056,-76.0,-0.06915377616014559,2.0,0.047619047619047616
06_037_571703,1063.0,404.0,659.0,1098.0,1064.0,56.0,63.0,0.6199435559736595,-34.0,-0.030965391621129327,7.0,0.125
06_037_571704,1100.0,609.0,491.0,1319.0,1343.0,15.0,12.0,0.44636363636363635,24.0,0.01819560272934041,-3.0,-0.2
06_037_570404,867.0,488.0,379.0,1356.0,1394.0,,,0.4371395617070358,38.0,0.028023598820058997,,
06_037_571503,1177.0,682.0,495.0,1603.0,1635.0,27.0,33.0,0.4205607476635514,32.0,0.019962570180910792,6.0,0.2222222222222222
06_037_571504,1752.0,675.0,1077.0,1347.0,1357.0,,,0.6147260273972602,10.0,0.007423904974016332,,
06_037_601700,1318.0,436.0,882.0,1015.0,1058.0,,,0.669195751138088,43.0,0.042364532019704436,,
06_037_602200,2317.0,1188.0,1129.0,1356.0,1443.0,35.0,,0.4872680189900734,87.0,0.06415929203539823,,
06_037_603101,1599.0,586.0,1013.0,1156.0,1186.0,19.0,37.0,0.6335209505941213,30.0,0.025951557093425604,18.0,0.9473684210526315
06_037_603400,1439.0,850.0,589.0,1158.0,1162.0,57.0,62.0,0.40931202223766505,4.0,0.0034542314335060447,5.0,0.08771929824561403
06_037_620001,1580.0,831.0,749.0,1873.0,1489.0,12.0,12.0,0.4740506329113924,-384.0,-0.20501868659903896,0.0,0.0
06_037_620002,1525.0,520.0,1005.0,1599.0,1606.0,,,0.659016393442623,7.0,0.004377736085053158,,
06_037_620201,786.0,185.0,601.0,2144.0,1944.0,,,0.7646310432569975,-200.0,-0.09328358208955224,,
06_037_232600,1762.0,755.0,1007.0,1033.0,1130.0,40.0,42.0,0.5715096481271282,97.0,0.09390125847047434,2.0,0.05
06_037_234000,2061.0,1226.0,835.0,1342.0,1410.0,19.0,,0.4051431344007763,68.0,0.05067064083457526,,
06_037_234300,2288.0,412.0,1876.0,1064.0,1076.0,,66.0,0.8199300699300699,12.0,0.011278195488721804,,
06_037_237300,1833.0,992.0,841.0,1176.0,1302.0,33.0,47.0,0.45881069285324605,126.0,0.10714285714285714,14.0,0.42424242424242425
06_037_237500,786.0,132.0,654.0,881.0,1017.0,,14.0,0.8320610687022901,136.0,0.1543700340522134,,
06_037_199120,966.0,237.0,729.0,843.0,930.0,,,0.7546583850931677,87.0,0.10320284697508897,,
06_037_201301,924.0,397.0,527.0,1055.0,1186.0,,,0.5703463203463204,131.0,0.12417061611374408,,
06_037_203600,1355.0,283.0,1072.0,858.0,902.0,,,0.7911439114391144,44.0,0.05128205128205128,,
06_037_204110,765.0,202.0,563.0,772.0,930.0,,,0.7359477124183007,158.0,0.20466321243523317,,
06_037_204420,907.0,100.0,807.0,851.0,915.0,,,0.8897464167585446,64.0,0.07520564042303172,,
06_037_204600,991.0,360.0,631.0,979.0,1107.0,,,0.6367305751765893,128.0,0.13074565883554648,,
06_037_204920,584.0,237.0,347.0,1320.0,1368.0,,,0.5941780821917808,48.0,0.03636363636363636,,
06_037_206300,1853.0,12.0,1841.0,288.0,294.0,,,0.9935240151106314,6.0,0.020833333333333332,,
06_037_920023,724.0,640.0,84.0,1288.0,1290.0,44.0,36.0,0.11602209944751381,2.0,0.0015527950310559005,-8.0,-0.18181818181818182
06_037_920033,202.0,137.0,65.0,1084.0,1069.0,,,0.3217821782178218,-15.0,-0.013837638376383764,,
06_037_920039,598.0,588.0,10.0,2200.0,2089.0,,,0.016722408026755852,-111.0,-0.05045454545454545,,
06_037_920041,909.0,352.0,557.0,1949.0,1972.0,,,0.6127612761276128,23.0,0.011800923550538737,,
06_037_920200,0.0,0.0,0.0,,,,,,,,,
06_037_920303,505.0,251.0,254.0,2418.0,2361.0,,12.0,0.502970297029703,-57.0,-0.02357320099255583,,
06_037_920322,1104.0,786.0,318.0,1867.0,1710.0,25.0,19.0,0.28804347826086957,-157.0,-0.08409212640599893,-6.0,-0.24
06_037_910603,1877.0,1212.0,665.0,1515.0,1478.0,67.0,60.0,0.3542887586574321,-37.0,-0.02442244224422442,-7.0,-0.1044776119402985
06_037_910705,2470.0,2033.0,437.0,1890.0,1975.0,75.0,70.0,0.17692307692307693,85.0,0.04497354497354497,-5.0,-0.06666666666666667
06_037_920028,1648.0,1423.0,225.0,2675.0,2551.0,,,0.13652912621359223,-124.0,-0.04635514018691589,,
06_037_920032,796.0,729.0,67.0,2682.0,2790.0,,,0.08417085427135679,108.0,0.040268456375838924,,
06_037_920034,1136.0,829.0,307.0,2100.0,2129.0,22.0,41.0,0.27024647887323944,29.0,0.01380952380952381,19.0,0.8636363636363636
06_037_920312,1868.0,966.0,902.0,1225.0,1421.0,,,0.4828693790149893,196.0,0.16,,
06_037_920330,2342.0,1674.0,668.0,2031.0,2116.0,,,0.2852263023057216,85.0,0.041851304775972424,,
06_037_930200,177.0,146.0,31.0,1289.0,2025.0,,,0.1751412429378531,736.0,0.5709852598913887,,
06_037_540000,1526.0,693.0,833.0,1222.0,1198.0,,,0.5458715596330275,-24.0,-0.019639934533551555,,
06_037_540902,1462.0,759.0,703.0,1374.0,1258.0,,,0.48084815321477425,-116.0,-0.08442503639010189,,
06_037_541500,1256.0,449.0,807.0,1031.0,985.0,,,0.642515923566879,-46.0,-0.0446168768186227,,
06_037_542401,1206.0,740.0,466.0,1279.0,1333.0,,,0.3864013266998342,54.0,0.04222048475371384,,
06_037_543201,937.0,548.0,389.0,1551.0,1502.0,,6.0,0.4151547491995731,-49.0,-0.03159252095422308,,
06_037_543602,2504.0,1513.0,991.0,1236.0,1239.0,,41.0,0.3957667731629393,3.0,0.0024271844660194173,,
06_037_551202,2079.0,918.0,1161.0,1434.0,1415.0,25.0,29.0,0.5584415584415584,-19.0,-0.013249651324965132,4.0,0.16
06_037_553602,1162.0,506.0,656.0,1433.0,1433.0,15.0,17.0,0.5645438898450946,0.0,0.0,2.0,0.13333333333333333
06_037_553702,1093.0,618.0,475.0,1152.0,1140.0,10.0,10.0,0.434583714547118,-12.0,-0.010416666666666666,0.0,0.0
06_037_480901,1566.0,390.0,1176.0,1100.0,1108.0,,,0.7509578544061303,8.0,0.007272727272727273,,
06_037_481300,824.0,579.0,245.0,1676.0,1786.0,,,0.2973300970873786,110.0,0.06563245823389022,,
06_037_481603,1270.0,440.0,830.0,1099.0,1140.0,,,0.6535433070866141,41.0,0.0373066424021838,,
06_037_481714,880.0,273.0,607.0,974.0,1079.0,,,0.6897727272727273,105.0,0.10780287474332649,,
06_037_482301,1284.0,522.0,762.0,1238.0,1354.0,,,0.5934579439252337,116.0,0.09369951534733441,,
06_037_482401,965.0,503.0,462.0,995.0,1099.0,,,0.47875647668393784,104.0,0.10452261306532663,,
06_037_482600,2245.0,1761.0,484.0,1215.0,1520.0,60.0,49.0,0.2155902004454343,305.0,0.25102880658436216,-11.0,-0.18333333333333332
06_037_407001,1207.0,993.0,214.0,1229.0,1346.0,32.0,43.0,0.17729908864954433,117.0,0.0951993490642799,11.0,0.34375
06_037_480804,1887.0,493.0,1394.0,1203.0,1240.0,,,0.7387387387387387,37.0,0.030756442227763924,,
06_037_463101,851.0,538.0,313.0,1153.0,1325.0,,,0.36780258519388953,172.0,0.1491760624457936,,
06_037_480102,1347.0,964.0,383.0,1431.0,1418.0,39.0,37.0,0.28433556050482556,-13.0,-0.009084556254367574,-2.0,-0.05128205128205128
06_037_480302,1628.0,607.0,1021.0,1214.0,1247.0,28.0,22.0,0.6271498771498771,33.0,0.027182866556836903,-6.0,-0.21428571428571427
06_037_481001,1270.0,504.0,766.0,1035.0,1033.0,,,0.6031496062992125,-2.0,-0.001932367149758454,,
06_037_481500,1500.0,998.0,502.0,1388.0,1441.0,,,0.33466666666666667,53.0,0.03818443804034582,,
06_037_481604,1253.0,408.0,845.0,1154.0,1182.0,30.0,27.0,0.6743814844373504,28.0,0.024263431542461005,-3.0,-0.1
06_037_481711,1430.0,290.0,1140.0,1158.0,1163.0,,,0.7972027972027972,5.0,0.004317789291882556,,
06_037_481901,1926.0,1411.0,515.0,1426.0,1438.0,48.0,49.0,0.26739356178608514,12.0,0.008415147265077139,1.0,0.020833333333333332
06_037_431001,2702.0,839.0,1863.0,1309.0,1356.0,43.0,17.0,0.6894892672094745,47.0,0.03590527119938885,-26.0,-0.6046511627906976
06_037_432202,1272.0,715.0,557.0,1236.0,1314.0,,,0.4378930817610063,78.0,0.06310679611650485,,
06_037_432602,1144.0,712.0,432.0,1250.0,1398.0,,,0.3776223776223776,148.0,0.1184,,
06_037_432802,1491.0,299.0,1192.0,1024.0,1007.0,,,0.7994634473507712,-17.0,-0.0166015625,,
06_037_433601,1177.0,619.0,558.0,1259.0,1232.0,,,0.47408666100254887,-27.0,-0.021445591739475776,,
06_037_461600,1662.0,764.0,898.0,1080.0,1129.0,18.0,44.0,0.5403128760529483,49.0,0.04537037037037037,26.0,1.4444444444444444
06_037_462800,1116.0,530.0,586.0,1352.0,1442.0,44.0,65.0,0.525089605734767,90.0,0.06656804733727811,21.0,0.4772727272727273
06_037_670500,612.0,597.0,15.0,4001.0,4001.0,38.0,47.0,0.024509803921568627,0.0,0.0,9.0,0.23684210526315788
06_037_701202,1854.0,494.0,1360.0,1890.0,1873.0,31.0,,0.7335490830636462,-17.0,-0.008994708994708995,,
06_037_702300,3027.0,1469.0,1558.0,1414.0,1635.0,12.0,12.0,0.5147010241162867,221.0,0.1562942008486563,0.0,0.0
06_037_703002,2959.0,2087.0,872.0,2280.0,2107.0,,,0.29469415343021294,-173.0,-0.07587719298245614,,
06_037_800202,2128.0,1864.0,264.0,4001.0,4001.0,,33.0,0.12406015037593984,0.0,0.0,,
06_037_900300,1174.0,935.0,239.0,991.0,796.0,63.0,71.0,0.20357751277683134,-195.0,-0.19677093844601412,8.0,0.12698412698412698
06_037_910709,435.0,376.0,59.0,2081.0,1898.0,,,0.135632183908046,-183.0,-0.08793849111004325,,
06_037_572900,1339.0,438.0,901.0,997.0,1050.0,,,0.672890216579537,53.0,0.05315947843530592,,
06_037_573700,1772.0,1443.0,329.0,2071.0,2181.0,32.0,1.0,0.18566591422121898,110.0,0.05311443746982134,-31.0,-0.96875
06_037_574500,2280.0,2016.0,264.0,1873.0,2069.0,,40.0,0.11578947368421053,196.0,0.10464495461825948,,
06_037_533502,521.0,268.0,253.0,1033.0,1042.0,,9.0,0.4856046065259117,9.0,0.008712487899322363,,
06_037_533503,439.0,135.0,304.0,981.0,1020.0,,,0.6924829157175398,39.0,0.039755351681957186,,
06_037_533701,987.0,192.0,795.0,982.0,956.0,,,0.8054711246200608,-26.0,-0.026476578411405296,,
06_037_534002,978.0,390.0,588.0,988.0,1026.0,20.0,33.0,0.6012269938650306,38.0,0.038461538461538464,13.0,0.65
06_037_534102,1473.0,267.0,1206.0,980.0,1082.0,,,0.8187372708757638,102.0,0.10408163265306122,,
06_037_535605,1130.0,259.0,871.0,890.0,948.0,,,0.7707964601769911,58.0,0.0651685393258427,,
06_037_530801,1433.0,551.0,882.0,987.0,1005.0,15.0,23.0,0.6154919748778785,18.0,0.0182370820668693,8.0,0.5333333333333333
06_037_530802,857.0,434.0,423.0,1064.0,1009.0,18.0,52.0,0.4935822637106184,-55.0,-0.05169172932330827,34.0,1.8888888888888888
06_037_531302,1390.0,434.0,956.0,927.0,984.0,,18.0,0.6877697841726619,57.0,0.061488673139158574,,
06_037_532302,1030.0,574.0,456.0,1140.0,1099.0,34.0,51.0,0.44271844660194176,-41.0,-0.035964912280701755,17.0,0.5
06_037_532603,756.0,159.0,597.0,949.0,928.0,,,0.7896825396825397,-21.0,-0.022128556375131718,,
06_037_533104,1233.0,127.0,1106.0,787.0,862.0,,,0.8969991889699919,75.0,0.09529860228716645,,
06_037_533201,651.0,90.0,561.0,856.0,937.0,,,0.8617511520737328,81.0,0.09462616822429906,,
06_037_533300,787.0,187.0,600.0,1073.0,1068.0,21.0,23.0,0.7623888182973316,-5.0,-0.004659832246039142,2.0,0.09523809523809523
06_037_533702,808.0,195.0,613.0,1118.0,1152.0,16.0,14.0,0.7586633663366337,34.0,0.03041144901610018,-2.0,-0.125
06_037_241400,875.0,376.0,499.0,1632.0,1546.0,,,0.5702857142857143,-86.0,-0.05269607843137255,,
06_037_242200,1491.0,610.0,881.0,1143.0,1160.0,40.0,40.0,0.590878604963112,17.0,0.014873140857392825,0.0,0.0
06_037_262302,1299.0,1088.0,211.0,3526.0,4001.0,,8.0,0.1624326404926867,475.0,0.13471355643788996,,
06_037_265520,2303.0,661.0,1642.0,2095.0,2077.0,15.0,15.0,0.7129830655666521,-18.0,-0.008591885441527447,0.0,0.0
06_037_143700,1856.0,1346.0,510.0,2873.0,2861.0,,,0.27478448275862066,-12.0,-0.004176818656456666,,
06_037_181500,1308.0,950.0,358.0,1839.0,2014.0,29.0,15.0,0.27370030581039756,175.0,0.09516041326808047,-14.0,-0.4827586206896552
06_037_183820,911.0,115.0,796.0,957.0,962.0,,,0.8737650933040615,5.0,0.00522466039707419,,
06_037_189600,2030.0,685.0,1345.0,1239.0,1337.0,15.0,17.0,0.6625615763546798,98.0,0.07909604519774012,2.0,0.13333333333333333
06_037_503000,1176.0,483.0,693.0,1407.0,1520.0,26.0,17.0,0.5892857142857143,113.0,0.08031272210376687,-9.0,-0.34615384615384615
06_037_571502,1748.0,970.0,778.0,1234.0,1215.0,36.0,27.0,0.4450800915331808,-19.0,-0.01539708265802269,-9.0,-0.25
06_037_571600,762.0,55.0,707.0,393.0,406.0,,,0.9278215223097113,13.0,0.03307888040712468,,
06_037_573202,1417.0,517.0,900.0,1048.0,1002.0,91.0,85.0,0.6351446718419196,-46.0,-0.04389312977099236,-6.0,-0.06593406593406594
06_037_228210,802.0,228.0,574.0,1093.0,1120.0,,9.0,0.71571072319202,27.0,0.024702653247941447,,
06_037_231210,1146.0,94.0,1052.0,956.0,925.0,,,0.9179755671902269,-31.0,-0.032426778242677826,,
06_037_231720,1422.0,306.0,1116.0,797.0,865.0,25.0,30.0,0.7848101265822784,68.0,0.08531994981179424,5.0,0.2
06_037_231800,1327.0,200.0,1127.0,849.0,836.0,,17.0,0.8492840994724944,-13.0,-0.015312131919905771,,
06_037_554514,1390.0,995.0,395.0,1890.0,1722.0,,,0.2841726618705036,-168.0,-0.08888888888888889,,
06_037_531901,1685.0,692.0,993.0,936.0,971.0,,8.0,0.5893175074183976,35.0,0.03739316239316239,,
06_037_533107,970.0,238.0,732.0,829.0,882.0,,,0.7546391752577319,53.0,0.06393244873341375,,
06_037_533703,1016.0,193.0,823.0,1020.0,1051.0,,,0.8100393700787402,31.0,0.030392156862745098,,
06_037_534201,1096.0,273.0,823.0,851.0,943.0,,,0.7509124087591241,92.0,0.10810810810810811,,
06_037_300800,2727.0,1590.0,1137.0,1678.0,1699.0,,,0.41694169416941695,21.0,0.012514898688915376,,
06_037_310702,3414.0,585.0,2829.0,1299.0,1373.0,40.0,45.0,0.828646748681898,74.0,0.05696689761354888,5.0,0.125
06_037_311700,2455.0,1392.0,1063.0,1469.0,1688.0,107.0,94.0,0.4329938900203666,219.0,0.14908100748808714,-13.0,-0.12149532710280374
06_037_401002,1610.0,822.0,788.0,1306.0,1291.0,,,0.4894409937888199,-15.0,-0.011485451761102604,,
06_037_402102,1238.0,825.0,413.0,1413.0,1624.0,35.0,56.0,0.33360258481421645,211.0,0.14932767162066526,21.0,0.6
06_037_403305,688.0,580.0,108.0,2166.0,2006.0,,34.0,0.1569767441860465,-160.0,-0.07386888273314866,,
06_037_403321,1900.0,1655.0,245.0,1950.0,1938.0,,,0.12894736842105264,-12.0,-0.006153846153846154,,
06_037_119700,1210.0,847.0,363.0,1663.0,1530.0,,,0.3,-133.0,-0.07997594708358388,,
06_037_117530,1528.0,465.0,1063.0,1177.0,1176.0,,,0.6956806282722513,-1.0,-0.0008496176720475786,,
06_037_119310,1026.0,683.0,343.0,1681.0,1715.0,,,0.33430799220272905,34.0,0.020226055919095775,,
06_037_119400,1135.0,906.0,229.0,1852.0,1837.0,,,0.20176211453744494,-15.0,-0.008099352051835854,,
06_037_109200,899.0,716.0,183.0,1859.0,1745.0,,,0.203559510567297,-114.0,-0.06132329209252286,,
06_037_113212,1061.0,617.0,444.0,1866.0,1681.0,,,0.4184731385485391,-185.0,-0.09914255091103966,,
06_037_113231,788.0,621.0,167.0,2519.0,2678.0,,,0.21192893401015228,159.0,0.06312028582770941,,
06_037_482101,1481.0,694.0,787.0,1405.0,1437.0,8.0,,0.5313977042538826,32.0,0.022775800711743774,,
06_037_482201,1251.0,525.0,726.0,1142.0,1177.0,,,0.580335731414868,35.0,0.03064798598949212,,
06_037_482202,1482.0,683.0,799.0,1324.0,1408.0,46.0,26.0,0.5391363022941971,84.0,0.0634441087613293,-20.0,-0.43478260869565216
06_037_482503,945.0,360.0,585.0,1190.0,1241.0,21.0,27.0,0.6190476190476191,51.0,0.04285714285714286,6.0,0.2857142857142857
06_037_482701,1302.0,723.0,579.0,1386.0,1389.0,32.0,29.0,0.4447004608294931,3.0,0.0021645021645021645,-3.0,-0.09375
06_037_500402,1158.0,537.0,621.0,1048.0,1056.0,,,0.5362694300518135,8.0,0.007633587786259542,,
06_037_502100,1588.0,922.0,666.0,1157.0,1244.0,19.0,19.0,0.4193954659949622,87.0,0.07519446845289542,0.0,0.0
06_037_503302,1940.0,1156.0,784.0,1309.0,1347.0,,,0.4041237113402062,38.0,0.029029793735676088,,
06_037_101210,2224.0,420.0,1804.0,1180.0,1199.0,35.0,,0.8111510791366906,19.0,0.016101694915254237,,
06_037_106010,881.0,774.0,107.0,1962.0,1873.0,36.0,34.0,0.12145289443813848,-89.0,-0.045361875637105,-2.0,-0.05555555555555555
06_037_106020,1239.0,1045.0,194.0,2272.0,2327.0,147.0,164.0,0.1565778853914447,55.0,0.02420774647887324,17.0,0.11564625850340136
06_037_106111,1481.0,1194.0,287.0,1967.0,1980.0,37.0,,0.1937879810938555,13.0,0.0066090493136756485,,
06_037_106114,1457.0,723.0,734.0,1427.0,1352.0,21.0,36.0,0.5037748798901853,-75.0,-0.05255781359495445,15.0,0.7142857142857143
06_037_106642,1067.0,991.0,76.0,2557.0,2382.0,,,0.07122774133083412,-175.0,-0.06843957763003519,,
06_037_108103,1072.0,989.0,83.0,3652.0,3609.0,,,0.07742537313432836,-43.0,-0.011774370208105149,,
06_037_242300,1027.0,273.0,754.0,1066.0,1148.0,,,0.7341772151898734,82.0,0.07692307692307693,,
06_037_407701,1209.0,534.0,675.0,1199.0,1248.0,,,0.5583126550868487,49.0,0.0408673894912427,,
06_037_406200,1762.0,722.0,1040.0,1076.0,1154.0,11.0,10.0,0.5902383654937571,78.0,0.0724907063197026,-1.0,-0.09090909090909091
06_037_540203,1251.0,259.0,992.0,1092.0,1117.0,9.0,11.0,0.7929656274980016,25.0,0.022893772893772892,2.0,0.2222222222222222
06_037_541002,1008.0,939.0,69.0,843.0,868.0,35.0,30.0,0.06845238095238096,25.0,0.02965599051008304,-5.0,-0.14285714285714285
06_037_541802,1126.0,724.0,402.0,1223.0,1311.0,,,0.35701598579040855,88.0,0.07195421095666395,,
06_037_543000,1235.0,823.0,412.0,1365.0,1300.0,23.0,25.0,0.33360323886639676,-65.0,-0.047619047619047616,2.0,0.08695652173913043
06_037_113211,1524.0,1340.0,184.0,2164.0,2064.0,112.0,71.0,0.12073490813648294,-100.0,-0.04621072088724584,-41.0,-0.36607142857142855
06_037_113234,1434.0,751.0,683.0,1141.0,1180.0,58.0,80.0,0.47629009762900976,39.0,0.03418054338299737,22.0,0.3793103448275862
06_037_115201,2772.0,602.0,2170.0,1174.0,1243.0,,46.0,0.7828282828282829,69.0,0.05877342419080068,,
06_037_408629,962.0,867.0,95.0,2244.0,2262.0,,,0.09875259875259876,18.0,0.008021390374331552,,
06_037_430724,2001.0,538.0,1463.0,1373.0,1481.0,,,0.7311344327836082,108.0,0.0786598689002185,,
06_037_431100,2101.0,850.0,1251.0,1269.0,1314.0,13.0,29.0,0.595430747263208,45.0,0.03546099290780142,16.0,1.2307692307692308
06_037_432300,1157.0,804.0,353.0,1384.0,1459.0,20.0,,0.3050993949870354,75.0,0.054190751445086706,,
06_037_432401,975.0,428.0,547.0,1205.0,1205.0,,,0.561025641025641,0.0,0.0,,
06_037_433200,1567.0,731.0,836.0,1014.0,1055.0,,,0.5335035098915124,41.0,0.04043392504930966,,
06_037_460100,2474.0,2226.0,248.0,2106.0,2315.0,,,0.10024252223120453,209.0,0.09924026590693258,,
06_037_461300,2507.0,1456.0,1051.0,1481.0,1515.0,32.0,,0.41922616673314717,34.0,0.022957461174881837,,
06_037_575802,1493.0,258.0,1235.0,902.0,970.0,,,0.8271935699933021,68.0,0.07538802660753881,,
06_037_183610,963.0,178.0,785.0,1040.0,1025.0,17.0,19.0,0.8151609553478713,-15.0,-0.014423076923076924,2.0,0.11764705882352941
06_037_574602,578.0,526.0,52.0,1914.0,1875.0,,,0.08996539792387544,-39.0,-0.02037617554858934,,
06_037_575402,1008.0,114.0,894.0,854.0,858.0,10.0,7.0,0.8869047619047619,4.0,0.00468384074941452,-3.0,-0.3
06_037_576602,2556.0,488.0,2068.0,1328.0,1287.0,28.0,89.0,0.809076682316119,-41.0,-0.030873493975903613,61.0,2.1785714285714284
06_037_503301,1036.0,850.0,186.0,1784.0,1839.0,23.0,8.0,0.17953667953667954,55.0,0.030829596412556053,-15.0,-0.6521739130434783
06_037_504001,1023.0,765.0,258.0,2013.0,1917.0,35.0,30.0,0.25219941348973607,-96.0,-0.04769001490312966,-5.0,-0.14285714285714285
06_037_530006,1461.0,234.0,1227.0,1275.0,1347.0,,,0.839835728952772,72.0,0.05647058823529412,,
06_037_530202,1242.0,776.0,466.0,1348.0,1389.0,,,0.3752012882447665,41.0,0.030415430267062313,,
06_037_530601,802.0,368.0,434.0,1039.0,1146.0,,,0.5411471321695761,107.0,0.10298363811357074,,
06_037_531102,876.0,262.0,614.0,715.0,756.0,,,0.7009132420091324,41.0,0.057342657342657345,,
06_037_531602,1149.0,205.0,944.0,883.0,943.0,20.0,25.0,0.8215839860748477,60.0,0.06795016987542468,5.0,0.25
06_037_531702,1204.0,326.0,878.0,870.0,1010.0,,,0.729235880398671,140.0,0.16091954022988506,,
06_037_531902,1179.0,486.0,693.0,973.0,989.0,,,0.5877862595419847,16.0,0.01644398766700925,,
06_037_532200,1811.0,663.0,1148.0,1120.0,1147.0,,,0.6339039204859194,27.0,0.024107142857142858,,
06_037_532303,1228.0,566.0,662.0,1004.0,990.0,,,0.5390879478827362,-14.0,-0.013944223107569721,,
06_037_532700,621.0,156.0,465.0,1045.0,1008.0,,,0.748792270531401,-37.0,-0.0354066985645933,,
06_037_533103,842.0,87.0,755.0,890.0,858.0,,,0.8966745843230404,-32.0,-0.035955056179775284,,
06_037_533203,436.0,118.0,318.0,891.0,965.0,,,0.7293577981651376,74.0,0.08305274971941638,,
06_037_533602,1391.0,315.0,1076.0,940.0,1026.0,29.0,29.0,0.7735442127965493,86.0,0.09148936170212765,0.0,0.0
06_037_535400,677.0,355.0,322.0,1079.0,1181.0,,29.0,0.4756277695716396,102.0,0.09453197405004633,,
06_037_535607,986.0,576.0,410.0,981.0,1098.0,25.0,21.0,0.4158215010141988,117.0,0.11926605504587157,-4.0,-0.16
06_037_540101,1453.0,856.0,597.0,1294.0,1307.0,11.0,,0.41087405368203717,13.0,0.010046367851622875,,
06_037_408211,1785.0,961.0,824.0,1281.0,1194.0,,2.0,0.461624649859944,-87.0,-0.06791569086651054,,
06_037_408303,1192.0,1036.0,156.0,1699.0,1805.0,,,0.13087248322147652,106.0,0.06238964096527369,,
06_037_408623,1032.0,751.0,281.0,1684.0,1681.0,23.0,18.0,0.27228682170542634,-3.0,-0.0017814726840855108,-5.0,-0.21739130434782608
06_037_408625,1337.0,1110.0,227.0,2047.0,2139.0,54.0,29.0,0.16978309648466716,92.0,0.0449438202247191,-25.0,-0.46296296296296297
06_037_408704,996.0,477.0,519.0,1161.0,1148.0,12.0,14.0,0.5210843373493976,-13.0,-0.01119724375538329,2.0,0.16666666666666666
06_037_430102,1275.0,901.0,374.0,1374.0,1417.0,,,0.29333333333333333,43.0,0.03129548762736536,,
06_037_430701,1933.0,1256.0,677.0,2008.0,2164.0,,,0.3502327987584066,156.0,0.07768924302788845,,
06_037_431700,2051.0,1559.0,492.0,1977.0,1692.0,67.0,33.0,0.23988298391028767,-285.0,-0.1441578148710167,-34.0,-0.5074626865671642
06_037_432700,1175.0,592.0,583.0,1231.0,1297.0,,,0.49617021276595746,66.0,0.05361494719740049,,
06_037_433902,914.0,487.0,427.0,1131.0,1088.0,,,0.4671772428884026,-43.0,-0.03801945181255526,,
06_037_434001,1000.0,549.0,451.0,1065.0,1130.0,49.0,66.0,0.451,65.0,0.06103286384976526,17.0,0.3469387755102041
06_037_460301,1753.0,1565.0,188.0,2536.0,2441.0,,,0.10724472333143183,-95.0,-0.03746056782334385,,
06_037_460800,1331.0,1295.0,36.0,3294.0,3070.0,,,0.027047332832456798,-224.0,-0.06800242865816636,,
06_037_461200,1709.0,1443.0,266.0,2325.0,2402.0,,,0.1556465769455822,77.0,0.033118279569892474,,
06_037_462700,2037.0,813.0,1224.0,1228.0,1321.0,,,0.6008836524300442,93.0,0.07573289902280131,,
06_037_463200,1372.0,819.0,553.0,1494.0,1733.0,24.0,32.0,0.4030612244897959,239.0,0.15997322623828647,8.0,0.3333333333333333
06_037_463800,1664.0,1533.0,131.0,2708.0,2827.0,,24.0,0.07872596153846154,119.0,0.04394387001477105,,
06_037_464000,2676.0,1552.0,1124.0,1775.0,2030.0,103.0,108.0,0.4200298953662182,255.0,0.14366197183098592,5.0,0.04854368932038835
06_037_430501,1715.0,1312.0,403.0,1847.0,1868.0,,,0.23498542274052478,21.0,0.01136978884677856,,
06_037_430801,2252.0,809.0,1443.0,1473.0,1592.0,56.0,19.0,0.6407637655417406,119.0,0.08078750848608282,-37.0,-0.6607142857142857
06_037_430803,1718.0,1421.0,297.0,1606.0,1742.0,,32.0,0.1728754365541327,136.0,0.08468244084682441,,
06_037_431002,1288.0,789.0,499.0,1240.0,1432.0,25.0,,0.38742236024844723,192.0,0.15483870967741936,,
06_037_431300,847.0,647.0,200.0,1721.0,1716.0,18.0,22.0,0.2361275088547816,-5.0,-0.002905287623474724,4.0,0.2222222222222222
06_037_432601,1661.0,803.0,858.0,1117.0,1163.0,,,0.5165562913907285,46.0,0.04118173679498657,,
06_037_433302,376.0,138.0,238.0,933.0,996.0,,,0.6329787234042553,63.0,0.06752411575562701,,
06_037_433501,527.0,184.0,343.0,745.0,758.0,,,0.650853889943074,13.0,0.0174496644295302,,
06_037_460200,2152.0,1602.0,550.0,1897.0,2004.0,,,0.2555762081784387,107.0,0.05640484976278334,,
06_037_101220,1180.0,473.0,707.0,984.0,1094.0,88.0,53.0,0.5991525423728814,110.0,0.11178861788617886,-35.0,-0.3977272727272727
06_037_103400,2480.0,1599.0,881.0,1243.0,1570.0,,,0.35524193548387095,327.0,0.26307320997586486,,
06_037_104105,1369.0,578.0,791.0,971.0,1105.0,9.0,21.0,0.5777940102264426,134.0,0.1380020597322348,12.0,1.3333333333333333
06_037_194300,1473.0,1168.0,305.0,3431.0,3703.0,88.0,106.0,0.20706042090970808,272.0,0.07927717866511222,18.0,0.20454545454545456
06_037_209403,1210.0,0.0,1210.0,694.0,675.0,,,1.0,-19.0,-0.027377521613832854,,
06_037_209520,875.0,69.0,806.0,795.0,833.0,20.0,20.0,0.9211428571428572,38.0,0.04779874213836478,0.0,0.0
06_037_553200,2053.0,1462.0,591.0,1599.0,1697.0,28.0,28.0,0.28787140769605457,98.0,0.06128830519074421,0.0,0.0
06_037_553502,1284.0,407.0,877.0,1064.0,1132.0,39.0,40.0,0.6830218068535826,68.0,0.06390977443609022,1.0,0.02564102564102564
06_037_554403,1770.0,417.0,1353.0,1103.0,1158.0,,,0.764406779661017,55.0,0.04986400725294651,,
06_037_554404,1399.0,228.0,1171.0,1201.0,1177.0,,,0.8370264474624732,-24.0,-0.019983347210657785,,
06_037_554521,1893.0,1342.0,551.0,1934.0,1679.0,,22.0,0.2910723718964606,-255.0,-0.13185108583247157,,
06_037_570003,1375.0,1159.0,216.0,2265.0,2222.0,,,0.1570909090909091,-43.0,-0.018984547461368653,,
06_037_570100,770.0,592.0,178.0,1658.0,1702.0,,,0.23116883116883116,44.0,0.026537997587454766,,
06_037_570304,1417.0,316.0,1101.0,996.0,1021.0,,,0.7769936485532816,25.0,0.025100401606425703,,
06_037_570601,1573.0,792.0,781.0,1335.0,1395.0,,28.0,0.4965034965034965,60.0,0.0449438202247191,,
06_037_570602,1790.0,771.0,1019.0,1163.0,1167.0,39.0,41.0,0.5692737430167598,4.0,0.0034393809114359416,2.0,0.05128205128205128
06_037_570701,2485.0,1431.0,1054.0,1523.0,1662.0,,,0.42414486921529176,139.0,0.0912672357189757,,
06_037_571400,1633.0,1235.0,398.0,1671.0,1659.0,41.0,28.0,0.24372320881812615,-12.0,-0.00718132854578097,-13.0,-0.3170731707317073
06_037_571800,1379.0,1064.0,315.0,2127.0,2120.0,30.0,,0.22842639593908629,-7.0,-0.003291020216267043,,
06_037_572100,333.0,270.0,63.0,1863.0,1153.0,,,0.1891891891891892,-710.0,-0.38110574342458403,,
06_037_134201,1150.0,816.0,334.0,1945.0,2006.0,,,0.29043478260869565,61.0,0.031362467866323906,,
06_037_310701,1116.0,134.0,982.0,1184.0,1277.0,,,0.8799283154121864,93.0,0.0785472972972973,,
06_037_311000,1435.0,846.0,589.0,1608.0,1536.0,,,0.41045296167247386,-72.0,-0.04477611940298507,,
06_037_703100,2412.0,1623.0,789.0,1596.0,1634.0,,,0.3271144278606965,38.0,0.023809523809523808,,
06_037_910403,629.0,105.0,524.0,856.0,814.0,,,0.8330683624801272,-42.0,-0.04906542056074766,,
06_037_910807,1777.0,1396.0,381.0,2189.0,2227.0,51.0,49.0,0.2144063027574564,38.0,0.01735952489721334,-2.0,-0.0392156862745098
06_037_910810,833.0,782.0,51.0,3150.0,3224.0,,,0.061224489795918366,74.0,0.02349206349206349,,
06_037_501503,1865.0,380.0,1485.0,1113.0,1169.0,,,0.7962466487935657,56.0,0.050314465408805034,,
06_037_530003,926.0,849.0,77.0,1938.0,1899.0,,,0.08315334773218143,-39.0,-0.020123839009287926,,
06_037_530902,1114.0,336.0,778.0,757.0,833.0,,,0.6983842010771992,76.0,0.10039630118890357,,
06_037_531604,888.0,174.0,714.0,837.0,850.0,30.0,18.0,0.8040540540540541,13.0,0.015531660692951015,-12.0,-0.4
06_037_533105,604.0,153.0,451.0,885.0,948.0,,,0.7466887417218543,63.0,0.0711864406779661,,
06_037_533106,391.0,230.0,161.0,1050.0,1169.0,,,0.4117647058823529,119.0,0.11333333333333333,,
06_037_541606,547.0,117.0,430.0,1018.0,1149.0,,,0.7861060329067642,131.0,0.12868369351669942,,
06_037_570402,924.0,765.0,159.0,1703.0,1701.0,67.0,61.0,0.17207792207792208,-2.0,-0.0011743981209630064,-6.0,-0.08955223880597014
06_037_572001,2095.0,1331.0,764.0,1819.0,1791.0,,,0.3646778042959427,-28.0,-0.015393073117097306,,
06_037_407101,1191.0,803.0,388.0,1400.0,1411.0,21.0,20.0,0.32577665827036106,11.0,0.007857142857142858,-1.0,-0.047619047619047616
06_037_400402,1355.0,1049.0,306.0,1810.0,1786.0,10.0,38.0,0.22583025830258302,-24.0,-0.013259668508287293,28.0,2.8
06_037_402402,1962.0,1081.0,881.0,1455.0,1453.0,,50.0,0.4490316004077472,-2.0,-0.0013745704467353953,,
06_037_405102,1370.0,664.0,706.0,1193.0,1281.0,,,0.5153284671532846,88.0,0.07376362112321877,,
06_037_430002,2390.0,1685.0,705.0,1507.0,1630.0,27.0,31.0,0.29497907949790797,123.0,0.08161911081619111,4.0,0.14814814814814814
06_037_431600,1279.0,1039.0,240.0,1554.0,1722.0,,8.0,0.18764659890539484,168.0,0.10810810810810811,,
06_037_117510,1053.0,153.0,900.0,1062.0,1086.0,,16.0,0.8547008547008547,24.0,0.022598870056497175,,
06_037_134422,1529.0,1198.0,331.0,2151.0,2215.0,28.0,37.0,0.21648136036625246,64.0,0.029753602975360297,9.0,0.32142857142857145
06_037_141700,1280.0,1249.0,31.0,3846.0,4001.0,21.0,17.0,0.02421875,155.0,0.04030161206448258,-4.0,-0.19047619047619047
06_037_131010,1999.0,568.0,1431.0,1160.0,1220.0,26.0,23.0,0.7158579289644822,60.0,0.05172413793103448,-3.0,-0.11538461538461539
06_037_920110,1580.0,1111.0,469.0,2459.0,2461.0,,,0.2968354430379747,2.0,0.0008133387555917039,,
06_037_574601,0.0,0.0,0.0,,,,,,,,,
06_037_577501,1681.0,1211.0,470.0,1814.0,1765.0,9.0,9.0,0.27959547888161806,-49.0,-0.02701212789415656,0.0,0.0
06_037_407302,726.0,526.0,200.0,1633.0,1615.0,,,0.27548209366391185,-18.0,-0.011022657685241886,,
06_037_408501,779.0,455.0,324.0,1367.0,1379.0,,,0.4159178433889602,12.0,0.008778346744696415,,
06_037_430721,1136.0,660.0,476.0,1739.0,1715.0,29.0,33.0,0.41901408450704225,-24.0,-0.013801035077630822,4.0,0.13793103448275862
06_037_432901,1264.0,662.0,602.0,1184.0,1224.0,,,0.4762658227848101,40.0,0.033783783783783786,,
06_037_460600,1467.0,1277.0,190.0,2981.0,3239.0,33.0,26.0,0.12951601908657123,258.0,0.08654813820865481,-7.0,-0.21212121212121213
06_037_700200,4362.0,376.0,3986.0,1236.0,1337.0,85.0,82.0,0.9138010087116002,101.0,0.08171521035598706,-3.0,-0.03529411764705882
06_037_601301,730.0,501.0,229.0,1446.0,1654.0,14.0,16.0,0.3136986301369863,208.0,0.14384508990318118,2.0,0.14285714285714285
06_037_603004,693.0,189.0,504.0,991.0,1001.0,,,0.7272727272727273,10.0,0.010090817356205853,,
06_037_920109,1458.0,924.0,534.0,2313.0,2316.0,33.0,37.0,0.3662551440329218,3.0,0.0012970168612191958,4.0,0.12121212121212122
06_037_403403,1474.0,1446.0,28.0,2752.0,2785.0,,,0.018995929443690638,33.0,0.011991279069767442,,
06_037_535802,1727.0,914.0,813.0,1145.0,1200.0,,,0.4707585408222351,55.0,0.048034934497816595,,
06_037_402501,1193.0,314.0,879.0,1007.0,1039.0,73.0,61.0,0.7367979882648784,32.0,0.031777557100297914,-12.0,-0.1643835616438356
06_037_402600,2472.0,1103.0,1369.0,1134.0,1255.0,12.0,42.0,0.5538025889967637,121.0,0.10670194003527336,30.0,2.5
06_037_402902,1462.0,743.0,719.0,1114.0,1189.0,21.0,16.0,0.49179206566347466,75.0,0.06732495511669659,-5.0,-0.23809523809523808
06_037_403000,1555.0,916.0,639.0,1194.0,1158.0,,,0.41093247588424436,-36.0,-0.03015075376884422,,
06_037_403322,1256.0,957.0,299.0,1908.0,1950.0,,,0.23805732484076433,42.0,0.0220125786163522,,
06_037_403325,1465.0,1227.0,238.0,2194.0,2324.0,,,0.16245733788395905,130.0,0.059252506836827715,,
06_037_403600,2075.0,1461.0,614.0,1598.0,1741.0,32.0,36.0,0.2959036144578313,143.0,0.08948685857321652,4.0,0.125
06_037_573902,907.0,776.0,131.0,1801.0,1627.0,32.0,,0.1444321940463065,-174.0,-0.0966129927817879,,
06_037_576403,1455.0,262.0,1193.0,1058.0,1081.0,,,0.8199312714776632,23.0,0.021739130434782608,,
06_037_576501,1412.0,169.0,1243.0,897.0,942.0,19.0,22.0,0.8803116147308782,45.0,0.05016722408026756,3.0,0.15789473684210525
06_037_141304,1500.0,588.0,912.0,1661.0,1707.0,,,0.608,46.0,0.027694160144491272,,
06_037_143604,1856.0,113.0,1743.0,1721.0,1807.0,,,0.9391163793103449,86.0,0.04997094712376525,,
06_037_183103,1426.0,241.0,1185.0,1116.0,1232.0,,,0.8309957924263675,116.0,0.1039426523297491,,
06_037_143603,1215.0,422.0,793.0,1378.0,1477.0,,,0.6526748971193416,99.0,0.07184325108853411,,
06_037_183221,1062.0,589.0,473.0,1221.0,1163.0,,,0.4453860640301318,-58.0,-0.0475020475020475,,
06_037_183104,760.0,491.0,269.0,1398.0,1405.0,,,0.3539473684210526,7.0,0.005007153075822604,,
06_037_407602,968.0,682.0,286.0,1515.0,1542.0,,,0.29545454545454547,27.0,0.01782178217821782,,
06_037_407801,1092.0,913.0,179.0,1502.0,1634.0,,,0.16391941391941392,132.0,0.08788282290279627,,
06_037_407802,824.0,631.0,193.0,1597.0,1622.0,,,0.2342233009708738,25.0,0.015654351909830933,,
06_037_408003,1358.0,1152.0,206.0,1593.0,1823.0,31.0,22.0,0.15169366715758467,230.0,0.14438166980539863,-9.0,-0.2903225806451613
06_037_408004,745.0,426.0,319.0,1605.0,1637.0,12.0,29.0,0.42818791946308726,32.0,0.019937694704049845,17.0,1.4166666666666667
06_037_408005,1614.0,1282.0,332.0,2105.0,2115.0,47.0,,0.2057001239157373,10.0,0.004750593824228029,,
06_037_408006,1081.0,441.0,640.0,1392.0,1526.0,,,0.5920444033302498,134.0,0.09626436781609195,,
06_037_408136,1015.0,833.0,182.0,1601.0,1544.0,27.0,57.0,0.1793103448275862,-57.0,-0.03560274828232355,30.0,1.1111111111111112
06_037_408137,1307.0,641.0,666.0,1492.0,1463.0,,,0.5095638867635807,-29.0,-0.01943699731903485,,
06_037_408138,1330.0,964.0,366.0,1156.0,1131.0,,,0.27518796992481204,-25.0,-0.02162629757785467,,
06_037_408139,687.0,591.0,96.0,1209.0,1319.0,42.0,11.0,0.13973799126637554,110.0,0.09098428453267163,-31.0,-0.7380952380952381
06_037_408140,761.0,582.0,179.0,1399.0,1567.0,,,0.2352168199737188,168.0,0.12008577555396711,,
06_037_408141,1130.0,816.0,314.0,1351.0,1359.0,,34.0,0.2778761061946903,8.0,0.005921539600296077,,
06_037_408504,1465.0,1006.0,459.0,1679.0,1706.0,46.0,35.0,0.31331058020477814,27.0,0.016081000595592615,-11.0,-0.2391304347826087
06_037_408505,809.0,701.0,108.0,2224.0,1787.0,,,0.1334981458590853,-437.0,-0.19649280575539568,,
06_037_408630,547.0,404.0,143.0,1420.0,1608.0,,,0.26142595978062155,188.0,0.1323943661971831,,
06_037_408631,1434.0,1216.0,218.0,1635.0,1774.0,30.0,,0.15202231520223153,139.0,0.08501529051987768,,
06_037_910811,98.0,68.0,30.0,2386.0,1914.0,,,0.30612244897959184,-472.0,-0.1978206202849958,,
06_037_910812,148.0,143.0,5.0,2111.0,2170.0,,,0.033783783783783786,59.0,0.02794883941260066,,
06_037_910813,1151.0,1042.0,109.0,3272.0,3045.0,43.0,45.0,0.0947002606429192,-227.0,-0.0693765281173594,2.0,0.046511627906976744
06_037_911001,1602.0,1258.0,344.0,1183.0,1041.0,46.0,39.0,0.21473158551810237,-142.0,-0.12003381234150465,-7.0,-0.15217391304347827
06_037_920011,45.0,36.0,9.0,1025.0,1263.0,,,0.2,238.0,0.23219512195121952,,
06_037_920012,439.0,348.0,91.0,1483.0,1433.0,,,0.2072892938496583,-50.0,-0.033715441672285906,,
06_037_920044,920.0,745.0,175.0,1884.0,1838.0,,,0.19021739130434784,-46.0,-0.024416135881104035,,
06_037_920045,1401.0,1343.0,58.0,2598.0,2752.0,59.0,56.0,0.04139900071377588,154.0,0.059276366435719784,-3.0,-0.05084745762711865
06_037_920114,2366.0,1113.0,1253.0,2032.0,2212.0,41.0,,0.5295857988165681,180.0,0.08858267716535433,,
06_037_920102,1856.0,958.0,898.0,1773.0,1802.0,31.0,30.0,0.4838362068965517,29.0,0.016356457980823462,-1.0,-0.03225806451612903
06_037_920115,1216.0,939.0,277.0,2451.0,2150.0,,,0.22779605263157895,-301.0,-0.12280701754385964,,
06_037_920116,1584.0,1451.0,133.0,2552.0,2565.0,51.0,30.0,0.08396464646464646,13.0,0.005094043887147335,-21.0,-0.4117647058823529
06_037_920118,1820.0,1636.0,184.0,2660.0,2546.0,59.0,49.0,0.1010989010989011,-114.0,-0.04285714285714286,-10.0,-0.1694915254237288
06_037_920119,486.0,431.0,55.0,3121.0,3492.0,,,0.11316872427983539,371.0,0.11887215636014098,,
06_037_920336,1563.0,530.0,1033.0,1221.0,1158.0,99.0,97.0,0.6609085092770314,-63.0,-0.051597051597051594,-2.0,-0.020202020202020204
06_037_920337,1883.0,463.0,1420.0,1500.0,1441.0,,,0.7541157727031333,-59.0,-0.03933333333333333,,
06_037_920338,1735.0,1661.0,74.0,3608.0,3778.0,,,0.04265129682997118,170.0,0.04711751662971175,,
06_037_920339,2151.0,1673.0,478.0,2793.0,2868.0,,,0.2222222222222222,75.0,0.02685284640171858,,
06_037_930101,80.0,69.0,11.0,1463.0,1850.0,,,0.1375,387.0,0.26452494873547505,,
06_037_930301,275.0,222.0,53.0,970.0,1295.0,,,0.19272727272727272,325.0,0.33505154639175255,,
06_037_930401,912.0,761.0,151.0,3107.0,2791.0,24.0,27.0,0.16557017543859648,-316.0,-0.10170582555519794,3.0,0.125
06_037_980001,0.0,0.0,0.0,,,,,,,,,
06_037_980002,0.0,0.0,0.0,,,,,,,,,
06_037_980003,0.0,0.0,0.0,,,,,,,,,
06_037_980004,12.0,0.0,12.0,,,,,1.0,,,,
06_037_980008,42.0,13.0,29.0,1164.0,1069.0,,,0.6904761904761905,-95.0,-0.08161512027491409,,
06_037_980005,0.0,0.0,0.0,,,,,,,,,
06_037_980006,0.0,0.0,0.0,,,,,,,,,
06_037_980007,0.0,0.0,0.0,,,,,,,,,
06_037_980009,0.0,0.0,0.0,1667.0,,,,,,,,
06_037_980024,46.0,46.0,0.0,2229.0,3321.0,,,0.0,1092.0,0.4899057873485868,,
06_037_980010,59.0,17.0,42.0,1530.0,1145.0,,,0.711864406779661,-385.0,-0.25163398692810457,,
06_037_504101,1417.0,867.0,550.0,1549.0,1527.0,,,0.3881439661256175,-22.0,-0.014202711426726921,,
06_037_530005,1440.0,1268.0,172.0,1540.0,1403.0,,,0.11944444444444445,-137.0,-0.08896103896103896,,
06_037_530204,1041.0,461.0,580.0,1268.0,1298.0,10.0,20.0,0.5571565802113353,30.0,0.02365930599369085,10.0,1.0
06_037_533402,1017.0,219.0,798.0,940.0,980.0,18.0,15.0,0.7846607669616519,40.0,0.0425531914893617,-3.0,-0.16666666666666666
06_037_531603,835.0,338.0,497.0,965.0,1104.0,,,0.5952095808383233,139.0,0.14404145077720207,,
06_037_502005,1257.0,875.0,382.0,1283.0,1446.0,,,0.3038981702466189,163.0,0.1270459859703819,,
06_037_502801,1617.0,1277.0,340.0,1792.0,1761.0,43.0,47.0,0.21026592455163884,-31.0,-0.017299107142857144,4.0,0.09302325581395349
06_037_502802,775.0,43.0,732.0,958.0,1044.0,,,0.944516129032258,86.0,0.08977035490605428,,
06_037_503103,1031.0,831.0,200.0,1601.0,1612.0,94.0,90.0,0.19398642095053345,11.0,0.006870705808869456,-4.0,-0.0425531914893617
06_037_503104,619.0,294.0,325.0,1278.0,1381.0,,,0.5250403877221325,103.0,0.08059467918622848,,
06_037_503105,1007.0,476.0,531.0,1556.0,1545.0,44.0,47.0,0.5273088381330685,-11.0,-0.007069408740359897,3.0,0.06818181818181818
06_037_503106,1110.0,632.0,478.0,1224.0,1588.0,,,0.4306306306306306,364.0,0.2973856209150327,,
06_037_531503,753.0,268.0,485.0,876.0,1031.0,,16.0,0.6440903054448871,155.0,0.1769406392694064,,
06_037_531504,1066.0,353.0,713.0,951.0,1010.0,,,0.6688555347091932,59.0,0.06203995793901157,,
06_037_533001,965.0,356.0,609.0,901.0,974.0,21.0,23.0,0.6310880829015544,73.0,0.08102108768035517,2.0,0.09523809523809523
06_037_533002,594.0,270.0,324.0,939.0,993.0,17.0,19.0,0.5454545454545454,54.0,0.05750798722044728,2.0,0.11764705882352941
06_037_533805,940.0,272.0,668.0,1008.0,1031.0,28.0,27.0,0.7106382978723405,23.0,0.022817460317460316,-1.0,-0.03571428571428571
06_037_533806,1034.0,298.0,736.0,981.0,1026.0,,,0.7117988394584139,45.0,0.045871559633027525,,
06_037_403319,1541.0,1142.0,399.0,1768.0,1836.0,,,0.2589227774172615,68.0,0.038461538461538464,,
06_037_403408,1848.0,1680.0,168.0,2071.0,2008.0,76.0,40.0,0.09090909090909091,-63.0,-0.03042008691453404,-36.0,-0.47368421052631576
06_037_404902,848.0,708.0,140.0,1688.0,1650.0,26.0,27.0,0.1650943396226415,-38.0,-0.022511848341232227,1.0,0.038461538461538464
06_037_405203,738.0,457.0,281.0,1359.0,1442.0,52.0,54.0,0.3807588075880759,83.0,0.061074319352465045,2.0,0.038461538461538464
06_037_405400,1310.0,1138.0,172.0,1874.0,2034.0,,,0.13129770992366413,160.0,0.08537886872998933,,
06_037_406102,2219.0,631.0,1588.0,1181.0,1197.0,,,0.7156376746282109,16.0,0.013547840812870448,,
06_037_406500,2066.0,1174.0,892.0,1529.0,1629.0,,,0.4317521781219748,100.0,0.06540222367560497,,
06_037_407900,1495.0,1255.0,240.0,1794.0,1781.0,26.0,27.0,0.1605351170568562,-13.0,-0.007246376811594203,1.0,0.038461538461538464
06_037_408628,1940.0,1425.0,515.0,1389.0,1317.0,46.0,22.0,0.2654639175257732,-72.0,-0.05183585313174946,-24.0,-0.5217391304347826
06_037_408705,1519.0,1066.0,453.0,1699.0,1530.0,55.0,52.0,0.29822251481237655,-169.0,-0.09947027663331372,-3.0,-0.05454545454545454
06_037_408800,1223.0,203.0,1020.0,940.0,985.0,,21.0,0.8340147179067866,45.0,0.047872340425531915,,
06_037_123204,996.0,133.0,863.0,964.0,1004.0,,,0.8664658634538153,40.0,0.04149377593360996,,
06_037_123205,730.0,107.0,623.0,989.0,1098.0,,,0.8534246575342466,109.0,0.1102123356926188,,
06_037_238310,1375.0,165.0,1210.0,924.0,963.0,,,0.88,39.0,0.04220779220779221,,
06_037_240010,922.0,158.0,764.0,784.0,914.0,,,0.8286334056399133,130.0,0.16581632653061223,,
06_037_240600,1182.0,325.0,857.0,1050.0,1042.0,28.0,24.0,0.7250423011844331,-8.0,-0.007619047619047619,-4.0,-0.14285714285714285
06_037_240700,1552.0,792.0,760.0,1317.0,1295.0,,21.0,0.4896907216494845,-22.0,-0.016704631738800303,,
06_037_242100,699.0,0.0,699.0,559.0,577.0,,,1.0,18.0,0.03220035778175313,,
06_037_603703,862.0,734.0,128.0,1866.0,1935.0,,,0.14849187935034802,69.0,0.03697749196141479,,
06_037_620501,2028.0,1406.0,622.0,2093.0,2147.0,35.0,35.0,0.3067061143984221,54.0,0.025800286669851888,0.0,0.0
06_037_620601,2295.0,1055.0,1240.0,1699.0,1785.0,95.0,38.0,0.5403050108932462,86.0,0.050618010594467334,-57.0,-0.6
06_037_620800,2760.0,2084.0,676.0,2852.0,2700.0,10.0,11.0,0.24492753623188407,-152.0,-0.05329593267882188,1.0,0.1
06_037_621001,1985.0,1180.0,805.0,1981.0,2025.0,,,0.40554156171284633,44.0,0.02221100454316002,,
06_037_621201,2583.0,1539.0,1044.0,1988.0,1948.0,34.0,35.0,0.40418118466898956,-40.0,-0.02012072434607646,1.0,0.029411764705882353
06_037_651101,1887.0,1121.0,766.0,1679.0,1746.0,,,0.4059353471118177,67.0,0.039904705181655745,,
06_037_670003,2192.0,1000.0,1192.0,1285.0,1265.0,,37.0,0.5437956204379562,-20.0,-0.01556420233463035,,
06_037_670201,1527.0,1300.0,227.0,2360.0,2528.0,25.0,24.0,0.14865749836280287,168.0,0.0711864406779661,-1.0,-0.04
06_037_670407,2183.0,1267.0,916.0,2181.0,2224.0,,,0.4196060467246908,43.0,0.019715726730857405,,
06_037_670702,1949.0,1891.0,58.0,2815.0,2733.0,,,0.029758850692662903,-82.0,-0.029129662522202487,,
06_037_700600,1720.0,1568.0,152.0,4001.0,4001.0,20.0,16.0,0.08837209302325581,0.0,0.0,-4.0,-0.2
06_037_700902,2968.0,617.0,2351.0,1882.0,1920.0,43.0,39.0,0.7921159029649596,38.0,0.020191285866099893,-4.0,-0.09302325581395349
06_037_701601,1860.0,1064.0,796.0,2000.0,2185.0,,,0.42795698924731185,185.0,0.0925,,
06_037_502500,1126.0,674.0,452.0,1242.0,1224.0,,,0.40142095914742454,-18.0,-0.014492753623188406,,
06_037_502601,1849.0,1603.0,246.0,1569.0,1657.0,,,0.13304488912925905,88.0,0.05608667941363926,,
06_037_502602,1282.0,770.0,512.0,1217.0,1291.0,,,0.3993759750390016,74.0,0.06080525883319639,,
06_037_502902,919.0,378.0,541.0,1133.0,1155.0,,,0.588683351468988,22.0,0.019417475728155338,,
06_037_503402,1367.0,1212.0,155.0,1673.0,1909.0,,,0.11338697878566203,236.0,0.14106395696353854,,
06_037_503701,1697.0,927.0,770.0,1313.0,1214.0,,,0.45374189746611665,-99.0,-0.0753998476770754,,
06_037_503802,1500.0,1246.0,254.0,1753.0,1815.0,,,0.16933333333333334,62.0,0.03536794067313177,,
06_037_530101,1678.0,495.0,1183.0,1012.0,1109.0,,,0.7050059594755661,97.0,0.0958498023715415,,
06_037_530500,1191.0,481.0,710.0,991.0,1001.0,,,0.5961376994122586,10.0,0.010090817356205853,,
06_037_550800,2255.0,1402.0,853.0,1441.0,1549.0,,,0.3782705099778271,108.0,0.07494795281054822,,
06_037_570301,2040.0,766.0,1274.0,975.0,997.0,22.0,23.0,0.6245098039215686,22.0,0.022564102564102566,1.0,0.045454545454545456
06_037_604100,2010.0,722.0,1288.0,1338.0,1403.0,24.0,,0.6407960199004975,65.0,0.04857997010463378,,
06_037_573800,1548.0,1344.0,204.0,1746.0,1907.0,,,0.13178294573643412,161.0,0.09221076746849943,,
06_037_576801,1837.0,269.0,1568.0,1072.0,1072.0,50.0,32.0,0.8535655960805661,0.0,0.0,-18.0,-0.36
06_037_601212,2075.0,380.0,1695.0,969.0,1011.0,,,0.8168674698795181,42.0,0.043343653250773995,,
06_037_650702,1595.0,1387.0,208.0,2197.0,2220.0,,,0.1304075235109718,23.0,0.010468821119708694,,
06_037_106604,1089.0,546.0,543.0,1361.0,1467.0,62.0,73.0,0.4986225895316804,106.0,0.07788390889052167,11.0,0.1774193548387097
06_037_113321,2471.0,773.0,1698.0,1332.0,1407.0,,,0.6871711857547551,75.0,0.05630630630630631,,
06_037_541100,900.0,469.0,431.0,1193.0,1200.0,27.0,25.0,0.47888888888888886,7.0,0.00586756077116513,-2.0,-0.07407407407407407
06_037_542800,957.0,782.0,175.0,1478.0,1343.0,,,0.18286311389759666,-135.0,-0.09133964817320704,,
06_037_550300,2067.0,1597.0,470.0,1537.0,1629.0,82.0,75.0,0.2273826802128689,92.0,0.05985686402081978,-7.0,-0.08536585365853659
06_037_553802,1970.0,844.0,1126.0,1031.0,1080.0,,,0.5715736040609137,49.0,0.0475266731328807,,
06_037_555102,1968.0,731.0,1237.0,1304.0,1384.0,,,0.6285569105691057,80.0,0.06134969325153374,,
06_037_275603,1214.0,616.0,598.0,1186.0,1189.0,,,0.4925864909390445,3.0,0.002529510961214165,,
06_037_278001,974.0,437.0,537.0,1418.0,1486.0,,,0.5513347022587269,68.0,0.047954866008462625,,
06_037_278102,1573.0,726.0,847.0,2221.0,2316.0,,,0.5384615384615384,95.0,0.04277352543899145,,
06_037_293306,828.0,620.0,208.0,1736.0,1706.0,,,0.25120772946859904,-30.0,-0.01728110599078341,,
06_037_293307,824.0,257.0,567.0,1231.0,1197.0,,,0.6881067961165048,-34.0,-0.02761982128350934,,
06_037_294301,672.0,509.0,163.0,1453.0,1470.0,,,0.2425595238095238,17.0,0.01169993117687543,,
06_037_294701,843.0,156.0,687.0,742.0,769.0,,11.0,0.8149466192170819,27.0,0.03638814016172507,,
06_037_294302,1339.0,581.0,758.0,1019.0,1002.0,10.0,,0.5660941000746826,-17.0,-0.016683022571148183,,
06_037_294421,950.0,260.0,690.0,955.0,1016.0,22.0,23.0,0.7263157894736842,61.0,0.06387434554973823,1.0,0.045454545454545456
06_037_540201,604.0,70.0,534.0,1044.0,1270.0,,,0.8841059602649006,226.0,0.2164750957854406,,
06_037_218220,1495.0,479.0,1016.0,1086.0,1173.0,10.0,9.0,0.6795986622073579,87.0,0.08011049723756906,-1.0,-0.1
06_037_222200,1158.0,239.0,919.0,838.0,942.0,,,0.7936096718480138,104.0,0.12410501193317422,,
06_037_228100,1080.0,291.0,789.0,864.0,931.0,21.0,41.0,0.7305555555555555,67.0,0.0775462962962963,20.0,0.9523809523809523
06_037_232400,1926.0,773.0,1153.0,1054.0,1083.0,,,0.59865005192108,29.0,0.027514231499051234,,
06_037_241300,698.0,266.0,432.0,989.0,966.0,,16.0,0.6189111747851003,-23.0,-0.023255813953488372,,
06_037_481103,1460.0,902.0,558.0,1240.0,1234.0,31.0,,0.3821917808219178,-6.0,-0.004838709677419355,,
06_037_500100,1191.0,1155.0,36.0,2814.0,2810.0,,,0.030226700251889168,-4.0,-0.0014214641080312722,,
06_037_920038,1553.0,680.0,873.0,1151.0,1125.0,34.0,28.0,0.562137797810689,-26.0,-0.022589052997393572,-6.0,-0.17647058823529413
06_037_480002,1107.0,961.0,146.0,2352.0,2547.0,,14.0,0.13188798554652212,195.0,0.08290816326530612,,
06_037_500700,1655.0,1158.0,497.0,1388.0,1352.0,69.0,69.0,0.3003021148036254,-36.0,-0.025936599423631124,0.0,0.0
06_037_670405,1150.0,810.0,340.0,2523.0,2800.0,,,0.2956521739130435,277.0,0.10978993261989695,,
06_037_601302,2994.0,723.0,2271.0,1170.0,1206.0,56.0,52.0,0.7585170340681363,36.0,0.03076923076923077,-4.0,-0.07142857142857142
06_037_310100,1967.0,1769.0,198.0,2340.0,2432.0,49.0,43.0,0.10066090493136756,92.0,0.039316239316239315,-6.0,-0.12244897959183673
06_037_310400,1328.0,795.0,533.0,1458.0,1233.0,,,0.401355421686747,-225.0,-0.15432098765432098,,
06_037_320300,1864.0,943.0,921.0,1091.0,1196.0,62.0,19.0,0.49409871244635195,105.0,0.09624197983501374,-43.0,-0.6935483870967742
06_037_401603,1210.0,933.0,277.0,1121.0,1212.0,,,0.22892561983471074,91.0,0.08117752007136485,,
06_037_401701,1561.0,1238.0,323.0,1229.0,1183.0,61.0,67.0,0.20691864189622036,-46.0,-0.03742880390561432,6.0,0.09836065573770492
06_037_401901,191.0,36.0,155.0,1167.0,1214.0,,,0.8115183246073299,47.0,0.04027420736932305,,
06_037_402801,1056.0,361.0,695.0,1117.0,1111.0,21.0,21.0,0.6581439393939394,-6.0,-0.005371530886302597,0.0,0.0
06_037_403304,1555.0,1408.0,147.0,2451.0,2407.0,,,0.09453376205787781,-44.0,-0.01795185638514892,,
06_037_403316,2364.0,1865.0,499.0,1873.0,1791.0,,,0.21108291032148901,-82.0,-0.04378003203416978,,
06_037_403320,1626.0,1349.0,277.0,2346.0,2284.0,31.0,24.0,0.17035670356703567,-62.0,-0.026427962489343565,-7.0,-0.22580645161290322
06_037_403404,746.0,701.0,45.0,2566.0,2674.0,,,0.06032171581769437,108.0,0.042088854247856584,,
06_037_403406,799.0,523.0,276.0,1596.0,1699.0,,,0.3454317897371715,103.0,0.06453634085213032,,
06_037_403801,1865.0,1224.0,641.0,1495.0,1663.0,27.0,46.0,0.34369973190348524,168.0,0.11237458193979934,19.0,0.7037037037037037
06_037_403902,1455.0,1026.0,429.0,1373.0,1417.0,96.0,79.0,0.2948453608247423,44.0,0.032046613255644577,-17.0,-0.17708333333333334
06_037_404301,1385.0,392.0,993.0,1128.0,1199.0,27.0,26.0,0.7169675090252707,71.0,0.06294326241134751,-1.0,-0.037037037037037035
06_037_404803,422.0,312.0,110.0,1306.0,1258.0,20.0,19.0,0.26066350710900477,-48.0,-0.036753445635528334,-1.0,-0.05
06_037_404903,592.0,432.0,160.0,1450.0,1392.0,46.0,58.0,0.2702702702702703,-58.0,-0.04,12.0,0.2608695652173913
06_037_190520,1610.0,120.0,1490.0,869.0,907.0,,,0.9254658385093167,38.0,0.04372842347525892,,
06_037_190901,1460.0,90.0,1370.0,899.0,922.0,,,0.9383561643835616,23.0,0.025583982202447165,,
06_037_191203,1181.0,99.0,1082.0,872.0,921.0,,,0.9161727349703641,49.0,0.05619266055045872,,
06_037_191610,1400.0,245.0,1155.0,1036.0,1080.0,,6.0,0.825,44.0,0.04247104247104247,,
06_037_191810,1341.0,80.0,1261.0,930.0,966.0,26.0,21.0,0.9403430275913497,36.0,0.03870967741935484,-5.0,-0.19230769230769232
06_037_403722,1607.0,682.0,925.0,1192.0,1195.0,,,0.5756067205973865,3.0,0.0025167785234899327,,
06_037_404701,1289.0,919.0,370.0,1462.0,1456.0,23.0,21.0,0.287044220325834,-6.0,-0.004103967168262654,-2.0,-0.08695652173913043
06_037_404703,685.0,321.0,364.0,1226.0,1265.0,16.0,22.0,0.5313868613138686,39.0,0.03181076672104405,6.0,0.375
06_037_183222,1310.0,697.0,613.0,1166.0,1247.0,,,0.4679389312977099,81.0,0.06946826758147513,,
06_037_183401,833.0,420.0,413.0,1442.0,1392.0,,,0.4957983193277311,-50.0,-0.03467406380027739,,
06_037_408722,1188.0,1041.0,147.0,1945.0,2172.0,77.0,80.0,0.12373737373737374,227.0,0.1167095115681234,3.0,0.03896103896103896
06_037_533202,628.0,259.0,369.0,1372.0,1317.0,,,0.5875796178343949,-55.0,-0.04008746355685131,,
06_037_534404,995.0,249.0,746.0,993.0,1043.0,,,0.749748743718593,50.0,0.050352467270896276,,
06_037_541700,1435.0,1098.0,337.0,1479.0,1489.0,,,0.2348432055749129,10.0,0.0067613252197430695,,
06_037_543400,983.0,765.0,218.0,1626.0,1656.0,,,0.22177009155645983,30.0,0.01845018450184502,,
06_037_143200,1925.0,393.0,1532.0,1418.0,1435.0,,48.0,0.7958441558441558,17.0,0.011988716502115656,,
06_037_128400,1750.0,839.0,911.0,1479.0,1468.0,,,0.5205714285714286,-11.0,-0.0074374577417173765,,
06_037_294900,568.0,227.0,341.0,1088.0,1159.0,,,0.6003521126760564,71.0,0.06525735294117647,,
06_037_300200,1919.0,1380.0,539.0,2025.0,2051.0,26.0,26.0,0.2808754559666493,26.0,0.012839506172839505,0.0,0.0
06_037_218110,1249.0,337.0,912.0,969.0,1077.0,,,0.7301841473178543,108.0,0.11145510835913312,,
06_037_219500,741.0,476.0,265.0,971.0,1210.0,37.0,11.0,0.3576248313090418,239.0,0.24613800205973224,-26.0,-0.7027027027027027
06_037_226700,1285.0,380.0,905.0,962.0,1038.0,17.0,20.0,0.7042801556420234,76.0,0.079002079002079,3.0,0.17647058823529413
06_037_231100,671.0,148.0,523.0,792.0,805.0,,,0.7794336810730254,13.0,0.016414141414141416,,
06_037_235201,942.0,695.0,247.0,1358.0,1432.0,,,0.262208067940552,74.0,0.054491899852724596,,
06_037_502402,987.0,732.0,255.0,1200.0,1371.0,28.0,48.0,0.25835866261398177,171.0,0.1425,20.0,0.7142857142857143
06_037_503902,1380.0,1162.0,218.0,1615.0,1772.0,,,0.15797101449275364,157.0,0.09721362229102168,,
06_037_531701,1375.0,662.0,713.0,1206.0,1221.0,,,0.5185454545454545,15.0,0.012437810945273632,,
06_037_301900,3108.0,1118.0,1990.0,1434.0,1496.0,,,0.6402831402831403,62.0,0.043235704323570434,,
06_037_400603,1809.0,1247.0,562.0,1518.0,1527.0,,20.0,0.3106688778330569,9.0,0.005928853754940711,,
06_037_403402,972.0,867.0,105.0,1988.0,2050.0,,,0.10802469135802469,62.0,0.03118712273641851,,
06_037_404401,947.0,528.0,419.0,1261.0,1336.0,,,0.4424498416050686,75.0,0.05947660586835844,,
06_037_407102,1251.0,786.0,465.0,1281.0,1282.0,6.0,21.0,0.37170263788968827,1.0,0.00078064012490242,15.0,2.5
06_037_201110,693.0,396.0,297.0,910.0,966.0,,,0.42857142857142855,56.0,0.06153846153846154,,
06_037_209810,610.0,26.0,584.0,624.0,686.0,,,0.9573770491803278,62.0,0.09935897435897435,,
06_037_212410,1656.0,86.0,1570.0,1122.0,1135.0,17.0,33.0,0.9480676328502415,13.0,0.011586452762923352,16.0,0.9411764705882353
06_037_910501,1828.0,36.0,1792.0,800.0,803.0,,,0.9803063457330415,3.0,0.00375,,
06_037_920106,829.0,572.0,257.0,1474.0,1540.0,,,0.3100120627261761,66.0,0.04477611940298507,,
06_037_401001,1028.0,932.0,96.0,2132.0,2198.0,,,0.0933852140077821,66.0,0.03095684803001876,,
06_037_292000,1867.0,598.0,1269.0,1169.0,1251.0,,,0.6797000535618639,82.0,0.07014542343883662,,
06_037_620701,2776.0,1540.0,1236.0,1903.0,2052.0,,54.0,0.4452449567723343,149.0,0.07829742511823437,,
06_037_621102,1235.0,685.0,550.0,2562.0,2469.0,3.0,,0.44534412955465585,-93.0,-0.03629976580796253,,
06_037_621301,3008.0,1540.0,1468.0,2032.0,1993.0,20.0,21.0,0.488031914893617,-39.0,-0.019192913385826772,1.0,0.05
06_037_650200,1837.0,1364.0,473.0,1583.0,1644.0,,24.0,0.25748502994011974,61.0,0.03853442830069488,,
06_037_650300,2488.0,1199.0,1289.0,1546.0,1518.0,,,0.5180868167202572,-28.0,-0.018111254851228976,,
06_037_670001,1214.0,689.0,525.0,1211.0,1334.0,38.0,28.0,0.43245469522240526,123.0,0.10156895127993394,-10.0,-0.2631578947368421
06_037_701302,2888.0,524.0,2364.0,1681.0,1686.0,,,0.8185595567867036,5.0,0.00297441998810232,,
06_037_701602,2014.0,566.0,1448.0,1382.0,1564.0,,,0.7189672293942403,182.0,0.1316931982633864,,
06_037_701802,1897.0,254.0,1643.0,1340.0,1384.0,28.0,,0.8661043753294676,44.0,0.03283582089552239,,
06_037_702202,1727.0,931.0,796.0,2218.0,2285.0,32.0,33.0,0.4609148812970469,67.0,0.030207394048692517,1.0,0.03125
06_037_554522,1426.0,1262.0,164.0,2227.0,2012.0,21.0,29.0,0.1150070126227209,-215.0,-0.09654243376740008,8.0,0.38095238095238093
06_037_554600,1274.0,763.0,511.0,1336.0,1231.0,,,0.4010989010989011,-105.0,-0.07859281437125748,,
06_037_570001,1439.0,913.0,526.0,1553.0,1652.0,26.0,26.0,0.3655316191799861,99.0,0.06374758531873792,0.0,0.0
06_037_572202,1013.0,647.0,366.0,1347.0,1564.0,54.0,59.0,0.36130306021717673,217.0,0.16109873793615442,5.0,0.09259259259259259
06_037_572600,1308.0,948.0,360.0,1526.0,1627.0,,,0.27522935779816515,101.0,0.06618610747051114,,
06_037_573002,1073.0,96.0,977.0,960.0,984.0,,,0.9105312208760484,24.0,0.025,,
06_037_574202,719.0,266.0,453.0,1412.0,1415.0,,,0.6300417246175244,3.0,0.002124645892351275,,
06_037_575001,1661.0,468.0,1193.0,1629.0,1627.0,,17.0,0.7182420228777845,-2.0,-0.0012277470841006752,,
06_037_575801,674.0,92.0,582.0,935.0,925.0,,,0.8635014836795252,-10.0,-0.0106951871657754,,
06_037_577400,1627.0,580.0,1047.0,1296.0,1316.0,51.0,58.0,0.6435156730178242,20.0,0.015432098765432098,7.0,0.13725490196078433
06_037_599100,121.0,0.0,121.0,932.0,549.0,,,1.0,-383.0,-0.41094420600858367,,
06_037_600902,2494.0,433.0,2061.0,1000.0,1076.0,13.0,48.0,0.826383319967923,76.0,0.076,35.0,2.6923076923076925
06_037_601100,2151.0,128.0,2023.0,978.0,1012.0,,,0.9404927940492794,34.0,0.034764826175869123,,
06_037_603500,965.0,762.0,203.0,1643.0,1326.0,,,0.21036269430051813,-317.0,-0.1929397443700548,,
06_037_603704,2050.0,431.0,1619.0,1025.0,1081.0,,,0.7897560975609756,56.0,0.054634146341463415,,
06_037_603900,2511.0,1130.0,1381.0,1243.0,1268.0,30.0,41.0,0.5499800876144962,25.0,0.02011263073209976,11.0,0.36666666666666664
06_037_573003,649.0,330.0,319.0,1121.0,1405.0,,,0.4915254237288136,284.0,0.25334522747546834,,
06_037_573004,1426.0,126.0,1300.0,975.0,1052.0,,,0.9116409537166901,77.0,0.07897435897435898,,
06_037_573601,2294.0,1827.0,467.0,2110.0,1994.0,,,0.2035745422842197,-116.0,-0.054976303317535544,,
06_037_576001,2788.0,1051.0,1737.0,1626.0,1813.0,20.0,,0.6230272596843616,187.0,0.11500615006150061,,
06_037_576301,1526.0,314.0,1212.0,1051.0,992.0,23.0,24.0,0.7942332896461337,-59.0,-0.056137012369172214,1.0,0.043478260869565216
06_037_576302,1247.0,183.0,1064.0,917.0,961.0,,,0.8532477947072975,44.0,0.04798255179934569,,
06_037_576903,1334.0,126.0,1208.0,1020.0,1093.0,,,0.9055472263868066,73.0,0.07156862745098039,,
06_037_576904,1259.0,220.0,1039.0,1008.0,978.0,,,0.8252581413820492,-30.0,-0.02976190476190476,,
06_037_577504,800.0,332.0,468.0,1684.0,1799.0,,10.0,0.585,115.0,0.06828978622327792,,
06_037_577604,686.0,606.0,80.0,2073.0,2135.0,29.0,33.0,0.11661807580174927,62.0,0.029908345393150026,4.0,0.13793103448275862
06_037_408723,795.0,689.0,106.0,1803.0,1763.0,,24.0,0.13333333333333333,-40.0,-0.022185246810870772,,
06_037_408724,1441.0,29.0,1412.0,1176.0,1225.0,,,0.9798750867453158,49.0,0.041666666666666664,,
06_037_430003,1529.0,1462.0,67.0,2163.0,2045.0,38.0,57.0,0.04381948986265533,-118.0,-0.0545538603791031,19.0,0.5
06_037_430901,1581.0,496.0,1085.0,1385.0,1462.0,71.0,31.0,0.6862745098039216,77.0,0.0555956678700361,-40.0,-0.5633802816901409
06_037_430902,1657.0,733.0,924.0,1428.0,1455.0,30.0,28.0,0.5576342788171395,27.0,0.018907563025210083,-2.0,-0.06666666666666667
06_037_431501,1466.0,832.0,634.0,1140.0,1243.0,15.0,37.0,0.4324693042291951,103.0,0.09035087719298246,22.0,1.4666666666666666
06_037_431502,1471.0,1072.0,399.0,1793.0,1850.0,,,0.27124405166553367,57.0,0.03179029559397657,,
06_037_433102,1183.0,310.0,873.0,1043.0,1129.0,17.0,16.0,0.7379543533389687,86.0,0.08245445829338446,-1.0,-0.058823529411764705
06_037_433304,1334.0,369.0,965.0,1074.0,1044.0,30.0,26.0,0.7233883058470765,-30.0,-0.027932960893854747,-4.0,-0.13333333333333333
06_037_433305,1110.0,336.0,774.0,1134.0,1100.0,,29.0,0.6972972972972973,-34.0,-0.029982363315696647,,
06_037_433101,609.0,374.0,235.0,788.0,834.0,,,0.38587848932676516,46.0,0.0583756345177665,,
06_037_433306,725.0,268.0,457.0,1338.0,1304.0,28.0,26.0,0.6303448275862069,-34.0,-0.025411061285500747,-2.0,-0.07142857142857142
06_037_433307,742.0,421.0,321.0,1377.0,1350.0,19.0,,0.4326145552560647,-27.0,-0.0196078431372549,,
06_037_433503,651.0,252.0,399.0,1259.0,1299.0,,,0.6129032258064516,40.0,0.03177124702144559,,
06_037_433504,1044.0,221.0,823.0,1061.0,1113.0,,,0.7883141762452107,52.0,0.049010367577756835,,
06_037_434003,1000.0,332.0,668.0,1207.0,1108.0,,,0.668,-99.0,-0.0820215410107705,,
06_037_207710,1359.0,165.0,1194.0,928.0,1426.0,58.0,61.0,0.8785871964679912,498.0,0.5366379310344828,3.0,0.05172413793103448
06_037_208710,1887.0,213.0,1674.0,1116.0,1171.0,,20.0,0.8871224165341812,55.0,0.0492831541218638,,
06_037_211310,1345.0,41.0,1304.0,878.0,912.0,,,0.9695167286245353,34.0,0.0387243735763098,,
06_037_212900,1453.0,123.0,1330.0,822.0,808.0,10.0,9.0,0.9153475567790778,-14.0,-0.0170316301703163,-1.0,-0.1
06_037_900607,1179.0,512.0,667.0,971.0,1003.0,51.0,73.0,0.5657336726039016,32.0,0.032955715756951595,22.0,0.43137254901960786
06_037_901003,0.0,0.0,0.0,,,,,,,,,
06_037_901004,3399.0,2669.0,730.0,2136.0,2161.0,208.0,202.0,0.21476904972050603,25.0,0.011704119850187267,-6.0,-0.028846153846153848
06_037_910706,1294.0,1026.0,268.0,1773.0,1747.0,68.0,98.0,0.2071097372488408,-26.0,-0.014664410603496898,30.0,0.4411764705882353
06_037_502302,673.0,253.0,420.0,1101.0,1178.0,19.0,15.0,0.6240713224368499,77.0,0.06993642143505904,-4.0,-0.21052631578947367
06_037_920329,2218.0,1380.0,838.0,1675.0,1679.0,,,0.37781785392245265,4.0,0.0023880597014925373,,
06_037_920332,660.0,576.0,84.0,1956.0,2038.0,,,0.12727272727272726,82.0,0.041922290388548056,,
06_037_101400,1387.0,986.0,401.0,1661.0,1698.0,,,0.2891131939437635,37.0,0.022275737507525588,,
06_037_104310,895.0,651.0,244.0,1405.0,1572.0,,,0.27262569832402234,167.0,0.11886120996441281,,
06_037_106403,756.0,622.0,134.0,1458.0,1578.0,82.0,92.0,0.17724867724867724,120.0,0.0823045267489712,10.0,0.12195121951219512
06_037_106520,1390.0,1098.0,292.0,1301.0,1126.0,29.0,28.0,0.21007194244604316,-175.0,-0.1345119139123751,-1.0,-0.034482758620689655
06_037_571101,1538.0,1260.0,278.0,1829.0,1892.0,,,0.18075422626788037,63.0,0.03444505194095134,,
06_037_571102,1318.0,1143.0,175.0,1662.0,1908.0,,,0.13277693474962063,246.0,0.148014440433213,,
06_037_600304,930.0,232.0,698.0,963.0,956.0,,,0.7505376344086021,-7.0,-0.007268951194184839,,
06_037_600303,1217.0,154.0,1063.0,856.0,944.0,,,0.8734593262119967,88.0,0.102803738317757,,
06_037_602504,1698.0,143.0,1555.0,968.0,992.0,,,0.9157832744405182,24.0,0.024793388429752067,,
06_037_602505,1563.0,48.0,1515.0,945.0,935.0,,,0.9692898272552783,-10.0,-0.010582010582010581,,
06_037_602506,1620.0,128.0,1492.0,996.0,1041.0,29.0,,0.9209876543209876,45.0,0.045180722891566265,,
06_037_602507,1554.0,257.0,1297.0,909.0,953.0,32.0,22.0,0.8346203346203346,44.0,0.0484048404840484,-10.0,-0.3125
06_037_602508,2373.0,373.0,2000.0,949.0,991.0,,,0.8428150021070375,42.0,0.044257112750263436,,
06_037_602509,1077.0,261.0,816.0,1218.0,1274.0,,,0.7576601671309192,56.0,0.04597701149425287,,
06_037_310300,993.0,845.0,148.0,1507.0,1710.0,28.0,33.0,0.14904330312185296,203.0,0.13470471134704712,5.0,0.17857142857142858
06_037_400206,1788.0,1679.0,109.0,2408.0,2462.0,57.0,63.0,0.06096196868008948,54.0,0.022425249169435217,6.0,0.10526315789473684
06_037_461502,1646.0,651.0,995.0,1279.0,1443.0,,,0.6044957472660997,164.0,0.12822517591868648,,
06_037_461901,1594.0,309.0,1285.0,1242.0,1233.0,,,0.8061480552070264,-9.0,-0.007246376811594203,,
06_037_461902,941.0,12.0,929.0,1284.0,1613.0,,,0.9872476089266737,329.0,0.2562305295950156,,
06_037_462001,1253.0,377.0,876.0,1208.0,1317.0,,,0.699122106943336,109.0,0.0902317880794702,,
06_037_462002,1072.0,199.0,873.0,931.0,936.0,,,0.8143656716417911,5.0,0.0053705692803437165,,
06_037_462201,1835.0,206.0,1629.0,977.0,1029.0,,,0.8877384196185286,52.0,0.05322415557830092,,
06_037_462202,1481.0,189.0,1292.0,1786.0,1775.0,,,0.8723835246455098,-11.0,-0.006159014557670772,,
06_037_462301,1860.0,378.0,1482.0,1291.0,1373.0,,,0.7967741935483871,82.0,0.06351665375677769,,
06_037_462302,1423.0,301.0,1122.0,1527.0,1658.0,89.0,76.0,0.7884750527055516,131.0,0.08578912901113293,-13.0,-0.14606741573033707
06_037_463601,3496.0,781.0,2715.0,1533.0,1703.0,34.0,,0.7766018306636155,170.0,0.11089367253750815,,
06_037_463602,3038.0,517.0,2521.0,1606.0,1556.0,,,0.8298222514812377,-50.0,-0.031133250311332503,,
06_037_480303,1450.0,257.0,1193.0,1266.0,1338.0,,,0.8227586206896552,72.0,0.05687203791469194,,
06_037_481605,1047.0,513.0,534.0,1272.0,1427.0,,,0.5100286532951289,155.0,0.12185534591194969,,
06_037_481606,1544.0,449.0,1095.0,1279.0,1213.0,,,0.7091968911917098,-66.0,-0.05160281469898358,,
06_037_500403,1018.0,872.0,146.0,1138.0,730.0,,,0.14341846758349705,-408.0,-0.3585237258347979,,
06_037_500404,1246.0,821.0,425.0,1645.0,1672.0,,,0.34109149277688605,27.0,0.01641337386018237,,
06_037_501001,699.0,545.0,154.0,1200.0,1439.0,,,0.22031473533619456,239.0,0.19916666666666666,,
06_037_501803,1496.0,183.0,1313.0,975.0,1043.0,,25.0,0.8776737967914439,68.0,0.06974358974358974,,
06_037_501804,731.0,207.0,524.0,1030.0,1014.0,,,0.7168262653898769,-16.0,-0.015533980582524271,,
06_037_480304,1627.0,236.0,1391.0,1071.0,1186.0,,,0.8549477566072526,115.0,0.10737628384687208,,
06_037_501002,1441.0,1155.0,286.0,1779.0,1762.0,,,0.1984732824427481,-17.0,-0.00955593029792018,,
06_037_502003,785.0,346.0,439.0,1187.0,1310.0,,,0.5592356687898089,123.0,0.10362257792754845,,
06_037_502004,908.0,560.0,348.0,1453.0,1516.0,50.0,45.0,0.3832599118942731,63.0,0.043358568479008944,-5.0,-0.1
06_037_295103,2031.0,1646.0,385.0,1938.0,2170.0,,,0.189561792220581,232.0,0.1197110423116615,,
06_037_296401,1171.0,1067.0,104.0,1610.0,1834.0,92.0,84.0,0.0888129803586678,224.0,0.1391304347826087,-8.0,-0.08695652173913043
06_037_296402,1115.0,762.0,353.0,1415.0,1428.0,40.0,57.0,0.3165919282511211,13.0,0.009187279151943463,17.0,0.425
06_037_296901,1470.0,246.0,1224.0,930.0,932.0,,,0.8326530612244898,2.0,0.002150537634408602,,
06_037_296902,1449.0,227.0,1222.0,1104.0,1186.0,,,0.8433402346445825,82.0,0.07427536231884058,,
06_037_297201,1287.0,434.0,853.0,1095.0,1195.0,60.0,34.0,0.6627816627816627,100.0,0.091324200913242,-26.0,-0.43333333333333335
06_037_297202,1407.0,502.0,905.0,1135.0,1155.0,,,0.6432125088841507,20.0,0.01762114537444934,,
06_037_301206,1864.0,762.0,1102.0,1608.0,1677.0,30.0,55.0,0.5912017167381974,69.0,0.04291044776119403,25.0,0.8333333333333334
06_037_297601,1217.0,226.0,991.0,1551.0,1577.0,,,0.8142974527526705,26.0,0.016763378465506126,,
06_037_297602,1660.0,611.0,1049.0,1395.0,1473.0,22.0,30.0,0.6319277108433735,78.0,0.05591397849462366,8.0,0.36363636363636365
06_037_300301,2138.0,1866.0,272.0,2485.0,2537.0,49.0,48.0,0.12722170252572498,52.0,0.020925553319919517,-1.0,-0.02040816326530612
06_037_301205,735.0,594.0,141.0,2469.0,1922.0,,,0.19183673469387755,-547.0,-0.22154718509518023,,
06_037_301801,1687.0,414.0,1273.0,1189.0,1179.0,,,0.7545939537640782,-10.0,-0.008410428931875526,,
06_037_301802,1265.0,361.0,904.0,1224.0,1293.0,,,0.7146245059288537,69.0,0.056372549019607844,,
06_037_302003,1351.0,228.0,1123.0,1356.0,1381.0,30.0,,0.8312361213915618,25.0,0.018436578171091445,,
06_037_302004,1633.0,136.0,1497.0,1173.0,1187.0,,,0.9167176974892836,14.0,0.011935208866155157,,
06_037_302401,2208.0,244.0,1964.0,959.0,1007.0,,,0.8894927536231884,48.0,0.05005213764337852,,
06_037_302503,1465.0,137.0,1328.0,1163.0,1234.0,,,0.9064846416382253,71.0,0.061049011177987965,,
06_037_302504,1474.0,204.0,1270.0,1113.0,1122.0,,,0.8616010854816825,9.0,0.008086253369272238,,
06_037_310201,2043.0,1003.0,1040.0,1627.0,1675.0,,,0.5090553108174254,48.0,0.02950215119852489,,
06_037_702400,1853.0,736.0,1117.0,1331.0,1370.0,35.0,40.0,0.6028062601187264,39.0,0.029301277235161533,5.0,0.14285714285714285
06_037_702502,2112.0,1606.0,506.0,1669.0,1796.0,,,0.23958333333333334,127.0,0.07609346914319952,,
06_037_800102,2876.0,2344.0,532.0,2869.0,2858.0,,,0.18497913769123783,-11.0,-0.0038340885325897525,,
06_037_232300,1066.0,554.0,512.0,1108.0,1033.0,,21.0,0.4803001876172608,-75.0,-0.06768953068592058,,
06_037_235100,1658.0,1248.0,410.0,1654.0,1657.0,,,0.24728588661037396,3.0,0.0018137847642079807,,
06_037_237710,1028.0,257.0,771.0,1049.0,1013.0,,7.0,0.75,-36.0,-0.034318398474737846,,
06_037_238100,1709.0,852.0,857.0,1286.0,1186.0,,,0.5014628437682855,-100.0,-0.07776049766718507,,
06_037_240020,1273.0,612.0,661.0,1265.0,1154.0,29.0,22.0,0.5192458758837392,-111.0,-0.08774703557312254,-7.0,-0.2413793103448276
06_037_241110,704.0,331.0,373.0,1342.0,1462.0,,7.0,0.5298295454545454,120.0,0.08941877794336811,,
06_037_920030,1931.0,1425.0,506.0,2030.0,2119.0,20.0,,0.26204039357845677,89.0,0.04384236453201971,,
06_037_910805,1478.0,1323.0,155.0,2331.0,2284.0,,24.0,0.10487144790257104,-47.0,-0.020163020163020164,,
06_037_910809,649.0,584.0,65.0,3409.0,3473.0,36.0,60.0,0.10015408320493066,64.0,0.018773833968905838,24.0,0.6666666666666666
06_037_535606,502.0,149.0,353.0,862.0,955.0,,,0.703187250996016,93.0,0.10788863109048724,,
06_037_534202,1260.0,209.0,1051.0,1086.0,1072.0,,,0.8341269841269842,-14.0,-0.01289134438305709,,
06_037_534900,1534.0,529.0,1005.0,1062.0,1096.0,,,0.6551499348109517,34.0,0.032015065913371,,
06_037_535102,920.0,412.0,508.0,1041.0,1064.0,,,0.5521739130434783,23.0,0.022094140249759846,,
06_037_535701,1516.0,566.0,950.0,1292.0,1329.0,,,0.6266490765171504,37.0,0.02863777089783282,,
06_037_113322,1353.0,1239.0,114.0,2482.0,2484.0,12.0,11.0,0.08425720620842572,2.0,0.0008058017727639,-1.0,-0.08333333333333333
06_037_113421,1923.0,455.0,1468.0,1259.0,1326.0,24.0,26.0,0.7633905356214249,67.0,0.05321683876092136,2.0,0.08333333333333333
06_037_117301,1215.0,1064.0,151.0,2133.0,2138.0,27.0,31.0,0.1242798353909465,5.0,0.0023441162681669013,4.0,0.14814814814814814
06_037_117404,1303.0,1025.0,278.0,2064.0,1912.0,,,0.21335379892555642,-152.0,-0.07364341085271318,,
06_037_121010,1219.0,881.0,338.0,1872.0,1771.0,,,0.27727645611156687,-101.0,-0.053952991452991456,,
06_037_121600,766.0,685.0,81.0,2102.0,2131.0,,20.0,0.10574412532637076,29.0,0.01379638439581351,,
06_037_231600,1915.0,686.0,1229.0,1069.0,1051.0,,12.0,0.64177545691906,-18.0,-0.01683816651075772,,
06_037_224410,1014.0,114.0,900.0,1024.0,984.0,,,0.8875739644970414,-40.0,-0.0390625,,
06_037_226420,1090.0,166.0,924.0,939.0,922.0,,,0.8477064220183487,-17.0,-0.01810436634717785,,
06_037_228710,960.0,220.0,740.0,914.0,999.0,,,0.7708333333333334,85.0,0.09299781181619256,,
06_037_232500,1416.0,529.0,887.0,1035.0,1027.0,,,0.626412429378531,-8.0,-0.007729468599033816,,
06_037_620301,1658.0,1375.0,283.0,3097.0,3641.0,28.0,26.0,0.1706875753920386,544.0,0.1756538585728124,-2.0,-0.07142857142857142
06_037_620522,1745.0,1033.0,712.0,1860.0,1967.0,,35.0,0.4080229226361031,107.0,0.057526881720430106,,
06_037_117520,873.0,156.0,717.0,1070.0,1182.0,7.0,8.0,0.8213058419243986,112.0,0.10467289719626169,1.0,0.14285714285714285
06_037_106643,1283.0,1269.0,14.0,3481.0,3553.0,34.0,38.0,0.010911925175370226,72.0,0.02068371157713301,4.0,0.11764705882352941
06_037_109100,735.0,668.0,67.0,1279.0,1248.0,12.0,13.0,0.09115646258503401,-31.0,-0.024237685691946835,1.0,0.08333333333333333
06_037_109500,1073.0,640.0,433.0,1274.0,1429.0,,,0.40354147250698974,155.0,0.12166405023547881,,
06_037_111202,1757.0,1160.0,597.0,1754.0,1940.0,31.0,33.0,0.3397837222538418,186.0,0.10604332953249715,2.0,0.06451612903225806
06_037_111301,2679.0,915.0,1764.0,1395.0,1460.0,,,0.658454647256439,65.0,0.04659498207885305,,
06_037_115101,1691.0,1615.0,76.0,2919.0,2835.0,27.0,7.0,0.0449438202247191,-84.0,-0.02877697841726619,-20.0,-0.7407407407407407
06_037_119340,961.0,20.0,941.0,1093.0,1120.0,,,0.9791883454734651,27.0,0.024702653247941447,,
06_037_120400,1929.0,511.0,1418.0,1186.0,1224.0,,,0.7350959046137895,38.0,0.03204047217537943,,
06_037_123203,1015.0,180.0,835.0,920.0,945.0,21.0,22.0,0.8226600985221675,25.0,0.02717391304347826,1.0,0.047619047619047616
06_037_123602,1327.0,595.0,732.0,1154.0,1188.0,,,0.5516201959306707,34.0,0.029462738301559793,,
06_037_124400,1611.0,825.0,786.0,1257.0,1450.0,,,0.48789571694599626,193.0,0.15354017501988862,,
06_037_127400,1752.0,381.0,1371.0,1123.0,1162.0,,,0.7825342465753424,39.0,0.034728406055209264,,
06_037_128500,1838.0,724.0,1114.0,1323.0,1385.0,52.0,44.0,0.6060935799782372,62.0,0.04686318972033258,-8.0,-0.15384615384615385
06_037_221401,1327.0,204.0,1123.0,742.0,797.0,,,0.8462697814619442,55.0,0.07412398921832884,,
06_037_221602,765.0,75.0,690.0,765.0,773.0,,,0.9019607843137255,8.0,0.01045751633986928,,
06_037_221402,939.0,147.0,792.0,952.0,1008.0,,,0.8434504792332268,56.0,0.058823529411764705,,
06_037_221601,927.0,230.0,697.0,896.0,955.0,,,0.7518878101402373,59.0,0.06584821428571429,,
06_037_222001,860.0,494.0,366.0,1219.0,1380.0,,,0.4255813953488372,161.0,0.1320754716981132,,
06_037_234501,900.0,384.0,516.0,1143.0,1193.0,,19.0,0.5733333333333334,50.0,0.04374453193350831,,
06_037_234502,1065.0,300.0,765.0,1015.0,1028.0,,3.0,0.7183098591549296,13.0,0.012807881773399015,,
06_037_222002,1242.0,443.0,799.0,997.0,1075.0,,,0.643317230273752,78.0,0.07823470411233702,,
06_037_226001,512.0,171.0,341.0,1116.0,1073.0,,,0.666015625,-43.0,-0.03853046594982079,,
06_037_226002,741.0,95.0,646.0,511.0,659.0,19.0,18.0,0.8717948717948718,148.0,0.2896281800391389,-1.0,-0.05263157894736842
06_037_234901,1119.0,83.0,1036.0,877.0,899.0,,,0.9258266309204647,22.0,0.02508551881413911,,
06_037_234902,1495.0,239.0,1256.0,855.0,930.0,,,0.8401337792642141,75.0,0.08771929824561403,,
06_037_236203,1457.0,0.0,1457.0,917.0,1008.0,,,1.0,91.0,0.09923664122137404,,
06_037_236204,1333.0,0.0,1333.0,939.0,988.0,,,1.0,49.0,0.05218317358892439,,
06_037_237101,1134.0,368.0,766.0,981.0,1122.0,43.0,37.0,0.6754850088183422,141.0,0.1437308868501529,-6.0,-0.13953488372093023
06_037_237102,919.0,256.0,663.0,892.0,944.0,,,0.721436343852013,52.0,0.05829596412556054,,
06_037_237201,941.0,452.0,489.0,1442.0,1392.0,16.0,15.0,0.5196599362380446,-50.0,-0.03467406380027739,-1.0,-0.0625
06_037_237202,1306.0,597.0,709.0,1166.0,1274.0,32.0,28.0,0.5428790199081164,108.0,0.09262435677530018,-4.0,-0.125
06_037_237401,953.0,591.0,362.0,1213.0,1292.0,30.0,28.0,0.37985309548793283,79.0,0.0651277823577906,-2.0,-0.06666666666666667
06_037_237402,1045.0,544.0,501.0,1053.0,753.0,,,0.47942583732057414,-300.0,-0.2849002849002849,,
06_037_239201,868.0,227.0,641.0,1075.0,1177.0,,,0.738479262672811,102.0,0.09488372093023256,,
06_037_239202,1025.0,364.0,661.0,1072.0,1161.0,,21.0,0.6448780487804878,89.0,0.0830223880597015,,
06_037_239501,838.0,297.0,541.0,960.0,1015.0,19.0,29.0,0.6455847255369929,55.0,0.057291666666666664,10.0,0.5263157894736842
06_037_239502,830.0,259.0,571.0,1119.0,1020.0,15.0,15.0,0.6879518072289157,-99.0,-0.08847184986595175,0.0,0.0
06_037_239601,830.0,238.0,592.0,1153.0,1137.0,,13.0,0.7132530120481928,-16.0,-0.013876843018213356,,
06_037_239602,821.0,184.0,637.0,857.0,887.0,12.0,18.0,0.7758830694275274,30.0,0.03500583430571762,6.0,0.5
06_037_239701,1045.0,357.0,688.0,1054.0,1000.0,,,0.6583732057416268,-54.0,-0.051233396584440226,,
06_037_239801,857.0,346.0,511.0,1066.0,1131.0,,,0.5962660443407235,65.0,0.06097560975609756,,
06_037_240401,1272.0,411.0,861.0,1023.0,1074.0,,,0.6768867924528302,51.0,0.04985337243401759,,
06_037_239702,1027.0,390.0,637.0,1078.0,1164.0,,,0.620253164556962,86.0,0.07977736549165121,,
06_037_239802,1116.0,428.0,688.0,972.0,1057.0,27.0,24.0,0.6164874551971327,85.0,0.0874485596707819,-3.0,-0.1111111111111111
06_037_311100,1328.0,883.0,445.0,1804.0,1826.0,,,0.33509036144578314,22.0,0.012195121951219513,,
06_037_400304,2481.0,1248.0,1233.0,1450.0,1452.0,86.0,16.0,0.4969770253929867,2.0,0.001379310344827586,-70.0,-0.813953488372093
06_037_294110,1083.0,788.0,295.0,1477.0,1555.0,,21.0,0.2723915050784857,78.0,0.052809749492213946,,
06_037_296300,1803.0,1141.0,662.0,1849.0,1903.0,,,0.36716583471991127,54.0,0.029204975662520283,,
06_037_920037,2171.0,168.0,2003.0,1498.0,1528.0,,,0.9226163058498388,30.0,0.020026702269692925,,
06_037_920042,2899.0,1709.0,1190.0,1844.0,1774.0,,,0.41048637461193516,-70.0,-0.03796095444685466,,
06_037_920107,1025.0,949.0,76.0,3943.0,4001.0,31.0,24.0,0.07414634146341463,58.0,0.014709611970580776,-7.0,-0.22580645161290322
06_037_920328,742.0,303.0,439.0,2385.0,2060.0,44.0,,0.5916442048517521,-325.0,-0.13626834381551362,,
06_037_900804,946.0,558.0,388.0,1158.0,1167.0,73.0,20.0,0.41014799154334036,9.0,0.007772020725388601,-53.0,-0.726027397260274
06_037_551201,1115.0,566.0,549.0,1315.0,1359.0,8.0,9.0,0.4923766816143498,44.0,0.033460076045627375,1.0,0.125
06_037_551600,0.0,0.0,0.0,,,,,,,,,
06_037_208802,1345.0,45.0,1300.0,796.0,826.0,,,0.966542750929368,30.0,0.03768844221105527,,
06_037_209103,1019.0,0.0,1019.0,747.0,753.0,,,1.0,6.0,0.008032128514056224,,
06_037_209104,812.0,0.0,812.0,714.0,721.0,,,1.0,7.0,0.00980392156862745,,
06_037_211121,891.0,28.0,863.0,1177.0,1168.0,,,0.9685746352413019,-9.0,-0.0076465590484282074,,
06_037_211122,1196.0,8.0,1188.0,1097.0,1064.0,,,0.9933110367892977,-33.0,-0.0300820419325433,,
06_037_211201,947.0,76.0,871.0,1066.0,1088.0,,,0.9197465681098205,22.0,0.020637898686679174,,
06_037_211202,951.0,66.0,885.0,771.0,838.0,,,0.9305993690851735,67.0,0.08690012970168612,,
06_037_211703,2063.0,172.0,1891.0,1005.0,1033.0,21.0,60.0,0.9166262724188076,28.0,0.027860696517412936,39.0,1.8571428571428572
06_037_211704,1726.0,139.0,1587.0,1081.0,1122.0,19.0,23.0,0.9194669756662804,41.0,0.037927844588344126,4.0,0.21052631578947367
06_037_211803,1701.0,231.0,1470.0,1133.0,1193.0,,25.0,0.8641975308641975,60.0,0.0529567519858782,,
06_037_211804,1351.0,16.0,1335.0,1039.0,1086.0,,,0.9881569207994079,47.0,0.04523580365736285,,
06_037_211921,977.0,0.0,977.0,952.0,1008.0,,,1.0,56.0,0.058823529411764705,,
06_037_211922,1337.0,35.0,1302.0,1091.0,1121.0,,,0.9738219895287958,30.0,0.027497708524289642,,
06_037_212101,1198.0,155.0,1043.0,1088.0,1247.0,,31.0,0.8706176961602671,159.0,0.14613970588235295,,
06_037_212102,1263.0,12.0,1251.0,871.0,949.0,,,0.9904988123515439,78.0,0.08955223880597014,,
06_037_576502,2093.0,454.0,1639.0,1041.0,1080.0,32.0,36.0,0.7830864787386527,39.0,0.037463976945244955,4.0,0.125
06_037_576503,1774.0,256.0,1518.0,935.0,952.0,,,0.8556933483652762,17.0,0.01818181818181818,,
06_037_576901,1718.0,229.0,1489.0,1007.0,1017.0,52.0,46.0,0.8667054714784633,10.0,0.009930486593843098,-6.0,-0.11538461538461539
06_037_577300,3042.0,778.0,2264.0,1189.0,1254.0,,,0.7442472057856673,65.0,0.054667788057190914,,
06_037_600100,1928.0,395.0,1533.0,1023.0,1081.0,17.0,,0.7951244813278008,58.0,0.056695992179863146,,
06_037_600302,1066.0,663.0,403.0,1317.0,1278.0,,,0.3780487804878049,-39.0,-0.029612756264236904,,
06_037_600703,907.0,883.0,24.0,1890.0,1857.0,43.0,26.0,0.026460859977949284,-33.0,-0.01746031746031746,-17.0,-0.3953488372093023
06_037_600802,1196.0,627.0,569.0,1177.0,1411.0,,,0.47575250836120403,234.0,0.1988105352591334,,
06_037_183402,907.0,253.0,654.0,1049.0,1144.0,,,0.721058434399118,95.0,0.0905624404194471,,
06_037_536000,1013.0,237.0,776.0,960.0,997.0,,,0.7660414610069102,37.0,0.03854166666666667,,
06_037_536102,1030.0,688.0,342.0,1254.0,1320.0,,,0.3320388349514563,66.0,0.05263157894736842,,
06_037_536200,1886.0,1227.0,659.0,1347.0,1341.0,24.0,23.0,0.3494167550371156,-6.0,-0.004454342984409799,-1.0,-0.041666666666666664
06_037_540400,439.0,219.0,220.0,1259.0,1458.0,,,0.5011389521640092,199.0,0.1580619539316918,,
06_037_107010,721.0,539.0,182.0,1420.0,1468.0,27.0,30.0,0.2524271844660194,48.0,0.03380281690140845,3.0,0.1111111111111111
06_037_108101,817.0,773.0,44.0,2669.0,2597.0,,,0.05385556915544676,-72.0,-0.026976395653802922,,
06_037_109300,883.0,739.0,144.0,1912.0,1971.0,41.0,,0.16308040770101925,59.0,0.03085774058577406,,
06_037_109400,1020.0,769.0,251.0,1804.0,1925.0,37.0,12.0,0.246078431372549,121.0,0.06707317073170732,-25.0,-0.6756756756756757
06_037_109800,1379.0,1109.0,270.0,1814.0,1921.0,,,0.19579405366207397,107.0,0.05898566703417861,,
06_037_111204,1902.0,1793.0,109.0,2897.0,2948.0,31.0,29.0,0.057308096740273394,51.0,0.017604418363824648,-2.0,-0.06451612903225806
06_037_113401,1634.0,1184.0,450.0,1908.0,1898.0,55.0,10.0,0.27539779681762544,-10.0,-0.005241090146750524,-45.0,-0.8181818181818182
06_037_115301,1623.0,999.0,624.0,1755.0,1594.0,38.0,69.0,0.3844731977818854,-161.0,-0.09173789173789174,31.0,0.8157894736842105
06_037_117405,757.0,46.0,711.0,957.0,984.0,,,0.9392338177014531,27.0,0.02821316614420063,,
06_037_119320,1017.0,257.0,760.0,1380.0,1399.0,57.0,48.0,0.7472959685349065,19.0,0.013768115942028985,-9.0,-0.15789473684210525
06_037_120030,664.0,40.0,624.0,919.0,986.0,,,0.9397590361445783,67.0,0.07290533188248095,,
06_037_121020,922.0,459.0,463.0,1252.0,1302.0,30.0,21.0,0.5021691973969631,50.0,0.039936102236421724,-9.0,-0.3
06_037_122000,1470.0,1031.0,439.0,1652.0,1585.0,,34.0,0.29863945578231293,-67.0,-0.04055690072639225,,
06_037_123020,740.0,462.0,278.0,1640.0,1439.0,,,0.37567567567567567,-201.0,-0.1225609756097561,,
06_037_123800,2311.0,855.0,1456.0,1337.0,1366.0,,,0.6300302899177845,29.0,0.02169035153328347,,
06_037_124000,1992.0,1164.0,828.0,1453.0,1548.0,,,0.41566265060240964,95.0,0.0653819683413627,,
06_037_124300,1276.0,427.0,849.0,1155.0,1156.0,,29.0,0.6653605015673981,1.0,0.0008658008658008658,,
06_037_124500,1217.0,578.0,639.0,1451.0,1492.0,,,0.5250616269515201,41.0,0.028256374913852515,,
06_037_125100,2744.0,841.0,1903.0,1252.0,1374.0,47.0,47.0,0.6935131195335277,122.0,0.09744408945686901,0.0,0.0
06_037_127220,1617.0,476.0,1141.0,969.0,1000.0,,,0.7056277056277056,31.0,0.03199174406604747,,
06_037_554518,1606.0,1293.0,313.0,2065.0,2030.0,,,0.19489414694894147,-35.0,-0.01694915254237288,,
06_037_552400,586.0,426.0,160.0,1427.0,1423.0,12.0,14.0,0.27303754266211605,-4.0,-0.002803083391730904,2.0,0.16666666666666666
06_037_552602,1130.0,783.0,347.0,1471.0,1470.0,,,0.3070796460176991,-1.0,-0.0006798096532970768,,
06_037_552700,1734.0,1286.0,448.0,1627.0,1741.0,,,0.25836216839677045,114.0,0.07006760909649662,,
06_037_554700,972.0,818.0,154.0,1426.0,1475.0,27.0,31.0,0.15843621399176955,49.0,0.034361851332398316,4.0,0.14814814814814814
06_037_131800,1504.0,750.0,754.0,1394.0,1615.0,42.0,81.0,0.5013297872340425,221.0,0.15853658536585366,39.0,0.9285714285714286
06_037_134304,779.0,565.0,214.0,1856.0,1541.0,33.0,44.0,0.27471116816431324,-315.0,-0.1697198275862069,11.0,0.3333333333333333
06_037_134306,1162.0,578.0,584.0,1306.0,1336.0,,,0.5025817555938038,30.0,0.022970903522205207,,
06_037_135102,1192.0,1016.0,176.0,2414.0,2077.0,,,0.1476510067114094,-337.0,-0.1396023198011599,,
06_037_135203,2518.0,2228.0,290.0,2247.0,2278.0,28.0,,0.11517077045274027,31.0,0.013796172674677348,,
06_037_139301,1591.0,1333.0,258.0,2733.0,2817.0,28.0,41.0,0.16216216216216217,84.0,0.030735455543358946,13.0,0.4642857142857143
06_037_141400,1925.0,1015.0,910.0,2185.0,2152.0,,42.0,0.4727272727272727,-33.0,-0.015102974828375287,,
06_037_141500,1129.0,1062.0,67.0,3728.0,3880.0,,,0.05934455270150576,152.0,0.0407725321888412,,
06_037_123304,1571.0,294.0,1277.0,994.0,1005.0,,,0.8128580521960534,11.0,0.011066398390342052,,
06_037_296600,1924.0,482.0,1442.0,1055.0,1101.0,,,0.7494802494802495,46.0,0.043601895734597156,,
06_037_297500,2129.0,1371.0,758.0,1437.0,1525.0,39.0,18.0,0.35603569751056835,88.0,0.061238691718858734,-21.0,-0.5384615384615384
06_037_300400,1942.0,1439.0,503.0,1878.0,1890.0,114.0,76.0,0.2590113285272915,12.0,0.006389776357827476,-38.0,-0.3333333333333333
06_037_265510,2192.0,385.0,1807.0,1694.0,1732.0,32.0,36.0,0.8243613138686131,38.0,0.02243211334120425,4.0,0.125
06_037_102104,1309.0,1003.0,306.0,2698.0,2593.0,,,0.23376623376623376,-105.0,-0.038917716827279465,,
06_037_102107,1216.0,855.0,361.0,1690.0,1860.0,84.0,30.0,0.296875,170.0,0.10059171597633136,-54.0,-0.6428571428571429
06_037_101122,1256.0,1106.0,150.0,2060.0,2290.0,,27.0,0.11942675159235669,230.0,0.11165048543689321,,
06_037_102105,577.0,413.0,164.0,1383.0,1490.0,,,0.28422876949740034,107.0,0.07736804049168475,,
06_037_102103,659.0,541.0,118.0,2358.0,2047.0,,,0.17905918057663125,-311.0,-0.131891433418151,,
06_037_104124,1135.0,933.0,202.0,1694.0,1787.0,45.0,60.0,0.17797356828193833,93.0,0.05489964580873672,15.0,0.3333333333333333
06_037_104108,1248.0,469.0,779.0,1291.0,1363.0,,,0.624198717948718,72.0,0.055770720371804805,,
06_037_104203,1039.0,447.0,592.0,1250.0,1362.0,83.0,75.0,0.5697786333012512,112.0,0.0896,-8.0,-0.0963855421686747
06_037_104204,678.0,445.0,233.0,1133.0,1153.0,,14.0,0.34365781710914456,20.0,0.0176522506619594,,
06_037_104403,614.0,331.0,283.0,1217.0,1354.0,28.0,34.0,0.4609120521172638,137.0,0.11257189811010682,6.0,0.21428571428571427
06_037_104404,590.0,221.0,369.0,994.0,1078.0,,,0.6254237288135593,84.0,0.08450704225352113,,
06_037_104703,504.0,200.0,304.0,1206.0,1283.0,,,0.6031746031746031,77.0,0.06384742951907131,,
06_037_104704,1069.0,721.0,348.0,1446.0,1632.0,75.0,82.0,0.3255378858746492,186.0,0.12863070539419086,7.0,0.09333333333333334
06_037_104821,713.0,262.0,451.0,1344.0,1298.0,26.0,29.0,0.6325385694249649,-46.0,-0.03422619047619048,3.0,0.11538461538461539
06_037_104822,513.0,160.0,353.0,1281.0,1376.0,,,0.6881091617933723,95.0,0.0741608118657299,,
06_037_106405,928.0,581.0,347.0,1464.0,1729.0,,,0.3739224137931034,265.0,0.18101092896174864,,
06_037_106406,1465.0,1314.0,151.0,2063.0,1867.0,30.0,32.0,0.10307167235494881,-196.0,-0.09500727096461464,2.0,0.06666666666666667
06_037_800331,235.0,209.0,26.0,2816.0,2686.0,,,0.11063829787234042,-130.0,-0.04616477272727273,,
06_037_800332,2177.0,2050.0,127.0,3159.0,2894.0,65.0,60.0,0.058337161231051905,-265.0,-0.08388730610952833,-5.0,-0.07692307692307693
06_037_800406,825.0,619.0,206.0,3383.0,3296.0,39.0,39.0,0.2496969696969697,-87.0,-0.025716819391073013,0.0,0.0
06_037_800408,2807.0,2284.0,523.0,3079.0,2563.0,68.0,76.0,0.1863199144994656,-516.0,-0.16758687885677168,8.0,0.11764705882352941
06_037_800410,637.0,455.0,182.0,3217.0,3329.0,11.0,10.0,0.2857142857142857,112.0,0.034815045073049423,-1.0,-0.09090909090909091
06_037_240402,1106.0,599.0,507.0,1185.0,1209.0,,,0.45840867992766726,24.0,0.020253164556962026,,
06_037_241001,1082.0,485.0,597.0,1283.0,1234.0,,,0.5517560073937153,-49.0,-0.03819173811379579,,
06_037_241002,940.0,432.0,508.0,1134.0,1310.0,,,0.5404255319148936,176.0,0.15520282186948853,,
06_037_241201,830.0,397.0,433.0,948.0,1000.0,46.0,,0.5216867469879518,52.0,0.05485232067510549,,
06_037_241202,1452.0,652.0,800.0,1006.0,1102.0,22.0,25.0,0.5509641873278237,96.0,0.09542743538767395,3.0,0.13636363636363635
06_037_535001,962.0,438.0,524.0,936.0,993.0,17.0,,0.5446985446985447,57.0,0.060897435897435896,,
06_037_535002,755.0,273.0,482.0,1052.0,1100.0,38.0,42.0,0.6384105960264901,48.0,0.045627376425855515,4.0,0.10526315789473684
06_037_536103,1469.0,937.0,532.0,1254.0,1404.0,31.0,38.0,0.36215112321307014,150.0,0.11961722488038277,7.0,0.22580645161290322
06_037_536104,956.0,418.0,538.0,1123.0,1137.0,,,0.5627615062761506,14.0,0.012466607301869992,,
06_037_542103,794.0,395.0,399.0,1137.0,1169.0,,,0.5025188916876574,32.0,0.028144239226033423,,
06_037_542104,685.0,401.0,284.0,1396.0,1470.0,14.0,16.0,0.4145985401459854,74.0,0.05300859598853868,2.0,0.14285714285714285
06_037_542105,1040.0,439.0,601.0,1164.0,1126.0,,,0.5778846153846153,-38.0,-0.03264604810996564,,
06_037_542106,624.0,376.0,248.0,1220.0,1254.0,14.0,20.0,0.3974358974358974,34.0,0.027868852459016394,6.0,0.42857142857142855
06_037_543306,1944.0,1305.0,639.0,1701.0,1718.0,51.0,28.0,0.3287037037037037,17.0,0.009994121105232217,-23.0,-0.45098039215686275
06_037_550201,739.0,314.0,425.0,1174.0,1274.0,,63.0,0.5751014884979703,100.0,0.08517887563884156,,
06_037_550202,1452.0,1281.0,171.0,1543.0,1628.0,41.0,38.0,0.11776859504132231,85.0,0.05508749189889825,-3.0,-0.07317073170731707
06_037_543905,954.0,560.0,394.0,1459.0,1436.0,35.0,41.0,0.4129979035639413,-23.0,-0.015764222069910898,6.0,0.17142857142857143
06_037_544001,1234.0,799.0,435.0,1183.0,1248.0,,20.0,0.3525121555915721,65.0,0.054945054945054944,,
06_037_544002,799.0,653.0,146.0,1613.0,1689.0,31.0,32.0,0.18272841051314143,76.0,0.047117172969621826,1.0,0.03225806451612903
06_037_550601,1668.0,892.0,776.0,1223.0,1426.0,37.0,,0.46522781774580335,203.0,0.16598528209321342,,
06_037_550602,1262.0,1143.0,119.0,2581.0,2132.0,,,0.09429477020602219,-449.0,-0.17396358000774895,,
06_037_550901,1296.0,347.0,949.0,1203.0,1230.0,,,0.7322530864197531,27.0,0.022443890274314215,,
06_037_550902,1805.0,435.0,1370.0,1150.0,1235.0,,,0.7590027700831025,85.0,0.07391304347826087,,
06_037_551101,1195.0,376.0,819.0,1221.0,1217.0,,,0.6853556485355649,-4.0,-0.003276003276003276,,
06_037_551102,1675.0,159.0,1516.0,1165.0,1182.0,,,0.9050746268656716,17.0,0.014592274678111588,,
06_037_551401,1462.0,432.0,1030.0,1057.0,1164.0,,,0.7045143638850889,107.0,0.10122989593188268,,
06_037_551402,1196.0,861.0,335.0,1531.0,1382.0,25.0,33.0,0.2801003344481605,-149.0,-0.09732201175702156,8.0,0.32
06_037_551501,1413.0,785.0,628.0,1244.0,1329.0,29.0,25.0,0.4444444444444444,85.0,0.06832797427652733,-4.0,-0.13793103448275862
06_037_551502,1268.0,750.0,518.0,1129.0,1226.0,,,0.4085173501577287,97.0,0.08591674047829938,,
06_037_552001,1008.0,806.0,202.0,1661.0,1489.0,,,0.2003968253968254,-172.0,-0.10355207706201083,,
06_037_552002,984.0,418.0,566.0,1412.0,1437.0,,,0.5752032520325203,25.0,0.017705382436260624,,
06_037_552301,1283.0,866.0,417.0,1629.0,1650.0,,,0.3250194855806703,21.0,0.01289134438305709,,
06_037_552302,1158.0,556.0,602.0,1249.0,1172.0,55.0,60.0,0.5198618307426598,-77.0,-0.06164931945556445,5.0,0.09090909090909091
06_037_463900,1525.0,945.0,580.0,1936.0,1756.0,46.0,76.0,0.380327868852459,-180.0,-0.09297520661157024,30.0,0.6521739130434783
06_037_464200,2000.0,1799.0,201.0,2903.0,2800.0,,,0.1005,-103.0,-0.03548053737512918,,
06_037_297120,1131.0,183.0,948.0,948.0,978.0,,,0.8381962864721485,30.0,0.03164556962025317,,
06_037_297400,1590.0,1441.0,149.0,1773.0,1805.0,,,0.09371069182389936,32.0,0.01804850535815003,,
06_037_300501,1259.0,720.0,539.0,1523.0,1771.0,,25.0,0.42811755361397935,248.0,0.16283650689428758,,
06_037_300502,2507.0,883.0,1624.0,1343.0,1460.0,,50.0,0.6477861986437974,117.0,0.08711839166046165,,
06_037_301000,1957.0,772.0,1185.0,1417.0,1445.0,,,0.6055186509964231,28.0,0.019760056457304165,,
06_037_301602,1623.0,647.0,976.0,1228.0,1233.0,9.0,,0.6013555144793592,5.0,0.004071661237785016,,
06_037_302301,1326.0,336.0,990.0,1400.0,1446.0,26.0,26.0,0.746606334841629,46.0,0.032857142857142856,0.0,0.0
06_037_311200,1136.0,674.0,462.0,1580.0,1649.0,,,0.40669014084507044,69.0,0.043670886075949364,,
06_037_400800,881.0,606.0,275.0,1360.0,1400.0,,,0.31214528944381387,40.0,0.029411764705882353,,
06_037_401704,1979.0,960.0,1019.0,1041.0,1184.0,,,0.5149065184436584,143.0,0.1373679154658982,,
06_037_401800,2758.0,2045.0,713.0,1787.0,1818.0,,54.0,0.2585206671501088,31.0,0.017347509792949075,,
06_037_541801,1122.0,512.0,610.0,1164.0,1255.0,50.0,24.0,0.5436720142602496,91.0,0.0781786941580756,-26.0,-0.52
06_037_542200,1569.0,1001.0,568.0,1408.0,1347.0,6.0,13.0,0.3620140216698534,-61.0,-0.04332386363636364,7.0,1.1666666666666667
06_037_542402,725.0,523.0,202.0,1531.0,1324.0,63.0,34.0,0.2786206896551724,-207.0,-0.13520574787720444,-29.0,-0.4603174603174603
06_037_542700,1263.0,709.0,554.0,1163.0,1211.0,59.0,63.0,0.4386381631037213,48.0,0.0412725709372313,4.0,0.06779661016949153
06_037_543305,989.0,938.0,51.0,1211.0,1258.0,30.0,37.0,0.05156723963599596,47.0,0.038810900082576386,7.0,0.23333333333333334
06_037_543501,2056.0,1084.0,972.0,1186.0,1268.0,,40.0,0.4727626459143969,82.0,0.06913996627318718,,
06_037_543903,940.0,779.0,161.0,1780.0,1645.0,9.0,14.0,0.17127659574468085,-135.0,-0.07584269662921349,5.0,0.5555555555555556
06_037_550000,175.0,154.0,21.0,1278.0,1382.0,,,0.12,104.0,0.081377151799687,,
06_037_401902,2582.0,1037.0,1545.0,1365.0,1477.0,,44.0,0.5983733539891557,112.0,0.08205128205128205,,
06_037_602404,1930.0,264.0,1666.0,1093.0,1118.0,,7.0,0.8632124352331606,25.0,0.022872827081427266,,
06_037_702803,1179.0,478.0,701.0,1243.0,1384.0,,,0.5945716709075488,141.0,0.11343523732904263,,
06_037_900806,1616.0,116.0,1500.0,714.0,697.0,23.0,22.0,0.9282178217821783,-17.0,-0.023809523809523808,-1.0,-0.043478260869565216
06_037_271500,1359.0,724.0,635.0,1722.0,1766.0,,,0.4672553348050037,44.0,0.025551684088269456,,
06_037_277200,1139.0,161.0,978.0,1286.0,1344.0,,,0.858647936786655,58.0,0.04510108864696734,,
06_037_201401,1400.0,726.0,674.0,1119.0,1161.0,,,0.48142857142857143,42.0,0.03753351206434316,,
06_037_212202,1228.0,99.0,1129.0,842.0,840.0,,,0.9193811074918566,-2.0,-0.0023752969121140144,,
06_037_432500,2212.0,1500.0,712.0,1489.0,1540.0,,,0.321880650994575,51.0,0.03425117528542646,,
06_037_433802,699.0,575.0,124.0,1359.0,1465.0,,,0.17739628040057226,106.0,0.07799852832965416,,
06_037_462900,1389.0,1132.0,257.0,1381.0,1413.0,,,0.18502519798416125,32.0,0.023171614771904415,,
06_037_404302,581.0,374.0,207.0,1559.0,1531.0,,,0.35628227194492257,-28.0,-0.01796023091725465,,
06_037_433402,1080.0,298.0,782.0,965.0,973.0,24.0,25.0,0.7240740740740741,8.0,0.008290155440414507,1.0,0.041666666666666664
06_037_461000,1697.0,1105.0,592.0,1443.0,1559.0,8.0,9.0,0.34885091337654683,116.0,0.08038808038808039,1.0,0.125
06_037_480702,1723.0,1274.0,449.0,1613.0,1719.0,13.0,12.0,0.2605919907138712,106.0,0.0657160570365778,-1.0,-0.07692307692307693
06_037_530302,1788.0,612.0,1176.0,1000.0,975.0,,,0.6577181208053692,-25.0,-0.025,,
06_037_532102,993.0,671.0,322.0,1368.0,1561.0,,,0.324269889224572,193.0,0.14108187134502925,,
06_037_201503,880.0,237.0,643.0,909.0,949.0,47.0,40.0,0.7306818181818182,40.0,0.04400440044004401,-7.0,-0.14893617021276595
06_037_207400,0.0,0.0,0.0,,,,,,,,,
06_037_208903,1063.0,11.0,1052.0,817.0,813.0,,,0.9896519285042333,-4.0,-0.004895960832313341,,
06_037_209200,986.0,59.0,927.0,837.0,813.0,,1.0,0.9401622718052738,-24.0,-0.02867383512544803,,
06_037_210010,1170.0,114.0,1056.0,620.0,705.0,,,0.9025641025641026,85.0,0.13709677419354838,,
06_037_211420,1222.0,240.0,982.0,909.0,1000.0,,,0.8036006546644845,91.0,0.1001100110011001,,
06_037_212203,1099.0,6.0,1093.0,641.0,740.0,,,0.9945404913557779,99.0,0.1544461778471139,,
06_037_212610,1702.0,264.0,1438.0,938.0,988.0,,,0.8448883666274971,50.0,0.053304904051172705,,
06_037_214400,1623.0,20.0,1603.0,1649.0,1701.0,,,0.9876771410967344,52.0,0.031534263189812006,,
06_037_214600,1318.0,331.0,987.0,1624.0,1668.0,,,0.7488619119878603,44.0,0.027093596059113302,,
06_037_218120,1392.0,279.0,1113.0,1011.0,1056.0,7.0,21.0,0.7995689655172413,45.0,0.04451038575667656,14.0,2.0
06_037_218500,1011.0,349.0,662.0,1102.0,1191.0,,,0.6547972304648862,89.0,0.08076225045372051,,
06_037_221210,876.0,260.0,616.0,971.0,994.0,,,0.7031963470319634,23.0,0.02368692070030896,,
06_037_221302,1287.0,201.0,1086.0,859.0,1063.0,,,0.8438228438228438,204.0,0.23748544819557627,,
06_037_224200,706.0,103.0,603.0,652.0,727.0,,,0.8541076487252125,75.0,0.11503067484662577,,
06_037_463500,2487.0,755.0,1732.0,1483.0,1518.0,137.0,147.0,0.6964213912344189,35.0,0.023600809170600135,10.0,0.072992700729927
06_037_460900,1935.0,1153.0,782.0,1337.0,1379.0,26.0,55.0,0.4041343669250646,42.0,0.031413612565445025,29.0,1.1153846153846154
06_037_461100,1563.0,893.0,670.0,1483.0,1517.0,20.0,31.0,0.4286628278950736,34.0,0.022926500337154418,11.0,0.55
06_037_297000,2223.0,1070.0,1153.0,1344.0,1311.0,110.0,46.0,0.5186684660368871,-33.0,-0.024553571428571428,-64.0,-0.5818181818181818
06_037_301203,1879.0,758.0,1121.0,1572.0,1504.0,,,0.5965939329430548,-68.0,-0.043256997455470736,,
06_037_310703,2120.0,243.0,1877.0,1328.0,1355.0,14.0,,0.8853773584905661,27.0,0.02033132530120482,,
06_037_400602,1433.0,784.0,649.0,1175.0,1192.0,,,0.4528960223307746,17.0,0.01446808510638298,,
06_037_575901,1179.0,351.0,828.0,1148.0,1199.0,40.0,67.0,0.7022900763358778,51.0,0.04442508710801394,27.0,0.675
06_037_900704,1263.0,54.0,1209.0,1049.0,987.0,,,0.9572446555819477,-62.0,-0.05910390848427073,,
06_037_900805,1384.0,1066.0,318.0,1367.0,1335.0,71.0,57.0,0.22976878612716764,-32.0,-0.023408924652523776,-14.0,-0.19718309859154928
06_037_900900,1163.0,1005.0,158.0,1919.0,2038.0,134.0,172.0,0.1358555460017197,119.0,0.06201146430432517,38.0,0.2835820895522388
06_037_910206,987.0,795.0,192.0,2626.0,2645.0,78.0,76.0,0.1945288753799392,19.0,0.0072353389185072356,-2.0,-0.02564102564102564
06_037_910301,1384.0,1227.0,157.0,1811.0,1819.0,36.0,41.0,0.11343930635838151,8.0,0.004417448923246825,5.0,0.1388888888888889
06_037_910502,1086.0,405.0,681.0,1010.0,1030.0,,16.0,0.6270718232044199,20.0,0.019801980198019802,,
06_037_910707,1382.0,869.0,513.0,1200.0,1163.0,7.0,37.0,0.3712011577424023,-37.0,-0.030833333333333334,30.0,4.285714285714286
06_037_920017,1397.0,1171.0,226.0,2148.0,2014.0,,,0.16177523264137436,-134.0,-0.06238361266294227,,
06_037_543701,673.0,534.0,139.0,1704.0,1787.0,,,0.2065378900445765,83.0,0.04870892018779343,,
06_037_543702,1735.0,1215.0,520.0,1458.0,1437.0,59.0,80.0,0.29971181556195964,-21.0,-0.01440329218106996,21.0,0.3559322033898305
06_037_543801,1472.0,1216.0,256.0,1174.0,1113.0,,,0.17391304347826086,-61.0,-0.051959114139693355,,
06_037_551300,1777.0,486.0,1291.0,1112.0,1168.0,,,0.7265053460889139,56.0,0.050359712230215826,,
06_037_120107,999.0,63.0,936.0,958.0,1046.0,,,0.9369369369369369,88.0,0.0918580375782881,,
06_037_120108,1174.0,485.0,689.0,1365.0,1396.0,86.0,52.0,0.5868824531516184,31.0,0.02271062271062271,-34.0,-0.3953488372093023
06_037_121101,923.0,344.0,579.0,1169.0,1228.0,,,0.6273022751895991,59.0,0.0504704875962361,,
06_037_121102,804.0,525.0,279.0,1576.0,1576.0,,,0.34701492537313433,0.0,0.0,,
06_037_121221,532.0,390.0,142.0,1558.0,1560.0,36.0,22.0,0.2669172932330827,2.0,0.0012836970474967907,-14.0,-0.3888888888888889
06_037_121222,1240.0,411.0,829.0,1245.0,1252.0,,,0.6685483870967742,7.0,0.005622489959839358,,
06_037_121801,1101.0,291.0,810.0,1156.0,1182.0,20.0,,0.7356948228882834,26.0,0.02249134948096886,,
06_037_121802,679.0,493.0,186.0,1588.0,1539.0,,,0.27393225331369664,-49.0,-0.030856423173803528,,
06_037_122121,731.0,229.0,502.0,1315.0,1372.0,,,0.6867305061559508,57.0,0.04334600760456274,,
06_037_122122,645.0,169.0,476.0,863.0,1010.0,,,0.737984496124031,147.0,0.17033603707995365,,
06_037_123901,1525.0,433.0,1092.0,1198.0,1196.0,,,0.7160655737704918,-2.0,-0.001669449081803005,,
06_037_123902,1033.0,360.0,673.0,1344.0,1585.0,21.0,,0.6515004840271055,241.0,0.1793154761904762,,
06_037_124103,584.0,280.0,304.0,996.0,1261.0,,,0.5205479452054794,265.0,0.2660642570281124,,
06_037_124104,1042.0,129.0,913.0,930.0,1004.0,,,0.8761996161228407,74.0,0.07956989247311828,,
06_037_405101,1168.0,836.0,332.0,1432.0,1539.0,33.0,,0.2842465753424658,107.0,0.07472067039106145,,
06_037_405600,1643.0,1284.0,359.0,1434.0,1458.0,30.0,7.0,0.21850273889227023,24.0,0.016736401673640166,-23.0,-0.7666666666666667
06_037_405900,1185.0,813.0,372.0,1730.0,1690.0,35.0,,0.3139240506329114,-40.0,-0.023121387283236993,,
06_037_406000,1519.0,1115.0,404.0,1578.0,1674.0,,,0.26596445029624755,96.0,0.060836501901140684,,
06_037_406411,506.0,429.0,77.0,1932.0,2226.0,,,0.15217391304347827,294.0,0.15217391304347827,,
06_037_406412,828.0,669.0,159.0,2059.0,2071.0,,,0.19202898550724637,12.0,0.005828071879553181,,
06_037_407400,520.0,452.0,68.0,1872.0,1753.0,20.0,,0.13076923076923078,-119.0,-0.06356837606837606,,
06_037_408302,1067.0,880.0,187.0,1724.0,1877.0,,,0.17525773195876287,153.0,0.08874709976798144,,
06_037_408503,1997.0,1817.0,180.0,1975.0,1899.0,,,0.09013520280420631,-76.0,-0.03848101265822785,,
06_037_408624,1008.0,905.0,103.0,1790.0,1726.0,,,0.10218253968253968,-64.0,-0.035754189944134075,,
06_037_480012,1745.0,955.0,790.0,1168.0,1220.0,,24.0,0.45272206303724927,52.0,0.04452054794520548,,
06_037_462500,2224.0,1480.0,744.0,1668.0,1707.0,29.0,23.0,0.3345323741007194,39.0,0.023381294964028777,-6.0,-0.20689655172413793
06_037_462600,890.0,744.0,146.0,1968.0,2253.0,,5.0,0.16404494382022472,285.0,0.1448170731707317,,
06_037_480500,2110.0,1199.0,911.0,1674.0,1919.0,34.0,37.0,0.4317535545023697,245.0,0.14635603345280765,3.0,0.08823529411764706
06_037_481101,1425.0,292.0,1133.0,1222.0,1233.0,,,0.7950877192982456,11.0,0.00900163666121113,,
06_037_481401,1835.0,866.0,969.0,1186.0,1305.0,,,0.5280653950953679,119.0,0.10033726812816189,,
06_037_481902,1180.0,606.0,574.0,1395.0,1178.0,,,0.4864406779661017,-217.0,-0.15555555555555556,,
06_037_208401,1390.0,29.0,1361.0,805.0,854.0,,,0.979136690647482,49.0,0.06086956521739131,,
06_037_208402,865.0,85.0,780.0,962.0,983.0,,,0.9017341040462428,21.0,0.02182952182952183,,
06_037_208501,852.0,52.0,800.0,1022.0,1158.0,,,0.9389671361502347,136.0,0.13307240704500978,,
06_037_208502,1241.0,70.0,1171.0,833.0,922.0,,,0.943593875906527,89.0,0.10684273709483794,,
06_037_208801,1122.0,0.0,1122.0,745.0,812.0,,,1.0,67.0,0.08993288590604027,,
06_037_183701,1225.0,277.0,948.0,1091.0,1308.0,,,0.7738775510204081,217.0,0.19890009165902842,,
06_037_183702,1108.0,536.0,572.0,1501.0,1602.0,,,0.516245487364621,101.0,0.06728847435043304,,
06_037_185203,921.0,457.0,464.0,1259.0,1286.0,,,0.503800217155266,27.0,0.021445591739475776,,
06_037_185204,655.0,559.0,96.0,2075.0,1793.0,,26.0,0.1465648854961832,-282.0,-0.13590361445783133,,
06_037_186201,1105.0,281.0,824.0,1033.0,1173.0,,,0.7457013574660634,140.0,0.1355275895450145,,
06_037_186202,626.0,307.0,319.0,1147.0,1265.0,,,0.5095846645367412,118.0,0.1028770706190061,,
06_037_186203,1120.0,840.0,280.0,1961.0,2000.0,,,0.25,39.0,0.01988781234064253,,
06_037_186301,904.0,259.0,645.0,1155.0,1043.0,,,0.713495575221239,-112.0,-0.09696969696969697,,
06_037_186302,1749.0,1165.0,584.0,1647.0,1521.0,32.0,34.0,0.33390508862206975,-126.0,-0.07650273224043716,2.0,0.0625
06_037_186403,839.0,284.0,555.0,1237.0,1180.0,,,0.6615017878426699,-57.0,-0.046079223928860144,,
06_037_186404,634.0,201.0,433.0,952.0,1080.0,,,0.6829652996845426,128.0,0.13445378151260504,,
06_037_187101,1303.0,642.0,661.0,1167.0,1197.0,,,0.5072908672294705,30.0,0.02570694087403599,,
06_037_187102,1122.0,393.0,729.0,1308.0,1301.0,,,0.6497326203208557,-7.0,-0.005351681957186544,,
06_037_188201,1926.0,311.0,1615.0,1450.0,1458.0,,,0.8385254413291796,8.0,0.005517241379310344,,
06_037_188202,1229.0,763.0,466.0,1700.0,1650.0,35.0,18.0,0.3791700569568755,-50.0,-0.029411764705882353,-17.0,-0.4857142857142857
06_037_189101,1521.0,265.0,1256.0,1505.0,1573.0,,,0.8257725180802103,68.0,0.045182724252491695,,
06_037_189102,1628.0,424.0,1204.0,1437.0,1504.0,,,0.7395577395577395,67.0,0.04662491301322199,,
06_037_189201,1877.0,95.0,1782.0,1036.0,1089.0,10.0,11.0,0.9493873201917954,53.0,0.05115830115830116,1.0,0.1
06_037_189202,1238.0,613.0,625.0,1871.0,2004.0,31.0,32.0,0.5048465266558966,133.0,0.07108498129342597,1.0,0.03225806451612903
06_037_189903,1381.0,367.0,1014.0,1508.0,1595.0,,,0.7342505430847213,87.0,0.057692307692307696,,
06_037_189904,1496.0,0.0,1496.0,1190.0,1248.0,,,1.0,58.0,0.04873949579831933,,
06_037_189905,1467.0,283.0,1184.0,1409.0,1463.0,,,0.8070892978868439,54.0,0.0383250532292406,,
06_037_190201,1506.0,0.0,1506.0,950.0,925.0,,,1.0,-25.0,-0.02631578947368421,,
06_037_190202,2014.0,61.0,1953.0,1013.0,1054.0,,,0.9697120158887785,41.0,0.040473840078973346,,
06_037_190401,1655.0,0.0,1655.0,923.0,977.0,,,1.0,54.0,0.05850487540628386,,
06_037_190402,1352.0,0.0,1352.0,930.0,1011.0,,,1.0,81.0,0.08709677419354839,,
06_037_190801,1358.0,41.0,1317.0,827.0,703.0,,,0.9698085419734904,-124.0,-0.14993954050785974,,
06_037_577603,3755.0,2544.0,1211.0,1976.0,1962.0,,,0.32250332889480693,-14.0,-0.00708502024291498,,
06_037_601002,2152.0,542.0,1610.0,1057.0,1036.0,,,0.7481412639405205,-21.0,-0.019867549668874173,,
06_037_601401,1489.0,541.0,948.0,1071.0,1148.0,,,0.6366689053055742,77.0,0.0718954248366013,,
06_037_602004,970.0,588.0,382.0,1279.0,1411.0,9.0,15.0,0.3938144329896907,132.0,0.10320562939796717,6.0,0.6666666666666666
06_037_602301,1889.0,1416.0,473.0,1577.0,1656.0,,,0.25039703546850184,79.0,0.05009511731135067,,
06_037_602403,1788.0,353.0,1435.0,1099.0,1042.0,,,0.8025727069351231,-57.0,-0.051865332120109194,,
06_037_603001,2456.0,840.0,1616.0,886.0,1007.0,11.0,12.0,0.6579804560260586,121.0,0.136568848758465,1.0,0.09090909090909091
06_037_503401,2236.0,1525.0,711.0,1568.0,1641.0,,,0.31797853309481217,73.0,0.046556122448979595,,
06_037_532400,25.0,5.0,20.0,855.0,963.0,,,0.8,108.0,0.12631578947368421,,
06_037_402502,1668.0,480.0,1188.0,1157.0,1197.0,,43.0,0.7122302158273381,40.0,0.03457216940363008,,
06_037_404600,372.0,256.0,116.0,1177.0,1207.0,,,0.3118279569892473,30.0,0.025488530161427356,,
06_037_301204,2059.0,231.0,1828.0,1552.0,1558.0,,,0.8878096163186012,6.0,0.003865979381443299,,
06_037_311600,3591.0,1015.0,2576.0,1540.0,1637.0,38.0,34.0,0.7173489278752436,97.0,0.06298701298701298,-4.0,-0.10526315789473684
06_037_553503,831.0,338.0,493.0,1386.0,1368.0,,,0.5932611311672683,-18.0,-0.012987012987012988,,
06_037_553504,1334.0,726.0,608.0,1453.0,1389.0,8.0,25.0,0.45577211394302847,-64.0,-0.0440467997247075,17.0,2.125
06_037_554103,445.0,269.0,176.0,1199.0,1729.0,,,0.3955056179775281,530.0,0.44203502919099247,,
06_037_554104,791.0,182.0,609.0,1295.0,1193.0,10.0,12.0,0.7699115044247787,-102.0,-0.07876447876447877,2.0,0.2
06_037_554105,1671.0,111.0,1560.0,1074.0,1156.0,,,0.933572710951526,82.0,0.07635009310986965,,
06_037_554203,1108.0,344.0,764.0,1185.0,1189.0,,,0.6895306859205776,4.0,0.0033755274261603376,,
06_037_554204,1593.0,112.0,1481.0,986.0,973.0,,,0.9296924042686755,-13.0,-0.013184584178498986,,
06_037_554301,996.0,424.0,572.0,1239.0,1322.0,39.0,41.0,0.5742971887550201,83.0,0.06698950766747377,2.0,0.05128205128205128
06_037_403500,647.0,435.0,212.0,2570.0,2561.0,,,0.3276661514683153,-9.0,-0.003501945525291829,,
06_037_555002,1094.0,537.0,557.0,1359.0,1380.0,,12.0,0.5091407678244972,21.0,0.01545253863134658,,
06_037_572301,977.0,424.0,553.0,1046.0,1301.0,51.0,27.0,0.5660184237461617,255.0,0.24378585086042065,-24.0,-0.47058823529411764
06_037_575102,1219.0,256.0,963.0,971.0,1026.0,,,0.7899917965545529,55.0,0.05664263645726056,,
06_037_600911,1070.0,493.0,577.0,1191.0,1208.0,,,0.5392523364485982,17.0,0.014273719563392108,,
06_037_603600,1413.0,1063.0,350.0,1836.0,1764.0,,,0.24769992922859166,-72.0,-0.0392156862745098,,
06_037_621002,498.0,166.0,332.0,2182.0,2151.0,,,0.6666666666666666,-31.0,-0.014207149404216315,,
06_037_700400,3109.0,601.0,2508.0,1496.0,1578.0,52.0,84.0,0.8066902541009972,82.0,0.05481283422459893,32.0,0.6153846153846154
06_037_702501,2048.0,1015.0,1033.0,1507.0,1711.0,31.0,21.0,0.50439453125,204.0,0.1353682813536828,-10.0,-0.3225806451612903
06_037_900705,2139.0,768.0,1371.0,1018.0,1045.0,34.0,44.0,0.6409537166900421,27.0,0.026522593320235755,10.0,0.29411764705882354
06_037_463102,1154.0,907.0,247.0,1858.0,1994.0,,17.0,0.21403812824956672,136.0,0.07319698600645856,,
06_037_482402,2085.0,1186.0,899.0,1343.0,1379.0,,,0.43117505995203836,36.0,0.02680565897244974,,
06_037_533401,1140.0,434.0,706.0,1040.0,979.0,8.0,24.0,0.6192982456140351,-61.0,-0.058653846153846154,16.0,2.0
06_037_534301,1135.0,221.0,914.0,1082.0,1096.0,33.0,19.0,0.8052863436123348,14.0,0.012939001848428836,-14.0,-0.42424242424242425
06_037_542000,1107.0,666.0,441.0,1504.0,1444.0,23.0,47.0,0.3983739837398374,-60.0,-0.0398936170212766,24.0,1.0434782608695652
06_037_277000,2058.0,1743.0,315.0,2749.0,2734.0,142.0,110.0,0.15306122448979592,-15.0,-0.005456529647144416,-32.0,-0.22535211267605634
06_037_291130,970.0,788.0,182.0,1437.0,1522.0,73.0,50.0,0.18762886597938144,85.0,0.05915100904662491,-23.0,-0.3150684931506849
06_037_291220,1016.0,432.0,584.0,1053.0,1017.0,22.0,22.0,0.5748031496062992,-36.0,-0.03418803418803419,0.0,0.0
06_037_294410,1699.0,769.0,930.0,1387.0,1447.0,,,0.5473808122424956,60.0,0.043258832011535686,,
06_037_296210,951.0,133.0,818.0,845.0,828.0,,,0.8601472134595163,-17.0,-0.020118343195266272,,
06_037_134103,1280.0,790.0,490.0,1544.0,1532.0,42.0,55.0,0.3828125,-12.0,-0.007772020725388601,13.0,0.30952380952380953
06_037_432902,892.0,676.0,216.0,1757.0,1707.0,,,0.242152466367713,-50.0,-0.028457598178713718,,
06_037_433602,812.0,386.0,426.0,916.0,953.0,,,0.5246305418719212,37.0,0.04039301310043668,,
06_037_920108,1182.0,829.0,353.0,2750.0,2761.0,39.0,35.0,0.2986463620981388,11.0,0.004,-4.0,-0.10256410256410256
06_037_920112,1666.0,1100.0,566.0,1900.0,1959.0,27.0,20.0,0.3397358943577431,59.0,0.03105263157894737,-7.0,-0.25925925925925924
06_037_920326,2225.0,1219.0,1006.0,2173.0,2167.0,,,0.4521348314606742,-6.0,-0.0027611596870685687,,
06_037_101300,1512.0,1324.0,188.0,1918.0,2223.0,66.0,,0.12433862433862433,305.0,0.15901981230448384,,
06_037_103300,1306.0,1116.0,190.0,2269.0,2390.0,7.0,27.0,0.14548238897396631,121.0,0.05332745702952843,20.0,2.857142857142857
06_037_104401,610.0,414.0,196.0,1139.0,1337.0,65.0,69.0,0.32131147540983607,198.0,0.17383669885864794,4.0,0.06153846153846154
06_037_104500,644.0,337.0,307.0,1294.0,1288.0,,20.0,0.4767080745341615,-6.0,-0.00463678516228748,,
06_037_107020,1231.0,991.0,240.0,1745.0,2023.0,,,0.19496344435418358,278.0,0.15931232091690545,,
06_037_310202,1800.0,699.0,1101.0,1565.0,1559.0,,,0.6116666666666667,-6.0,-0.0038338658146964857,,
06_037_310501,1053.0,192.0,861.0,1233.0,1280.0,,,0.8176638176638177,47.0,0.038118410381184104,,
06_037_302505,1298.0,102.0,1196.0,1137.0,1149.0,,,0.9214175654853621,12.0,0.010554089709762533,,
06_037_302506,1375.0,518.0,857.0,1352.0,1494.0,,,0.6232727272727273,142.0,0.10502958579881656,,
06_037_310601,2276.0,648.0,1628.0,1413.0,1446.0,14.0,14.0,0.7152899824253075,33.0,0.02335456475583864,0.0,0.0
06_037_310602,1096.0,363.0,733.0,1522.0,1572.0,2.0,9.0,0.6687956204379562,50.0,0.0328515111695138,7.0,3.5
06_037_320201,1090.0,294.0,796.0,1104.0,1071.0,,,0.7302752293577982,-33.0,-0.029891304347826088,,
06_037_461700,718.0,703.0,15.0,2583.0,2783.0,,,0.020891364902506964,200.0,0.07742934572202866,,
06_037_480101,1237.0,742.0,495.0,1719.0,1773.0,,,0.40016168148746967,54.0,0.031413612565445025,,
06_037_480802,1031.0,589.0,442.0,1305.0,1342.0,,,0.42870999030067897,37.0,0.028352490421455937,,
06_037_501504,1504.0,157.0,1347.0,894.0,908.0,,,0.8956117021276596,14.0,0.015659955257270694,,
06_037_501600,2301.0,1495.0,806.0,1393.0,1437.0,,,0.3502824858757062,44.0,0.03158650394831299,,
06_037_530203,1076.0,279.0,797.0,1037.0,1025.0,,,0.7407063197026023,-12.0,-0.011571841851494697,,
06_037_530400,1177.0,478.0,699.0,575.0,574.0,,,0.5938827527612575,-1.0,-0.0017391304347826088,,
06_037_531201,1252.0,390.0,862.0,868.0,929.0,,,0.6884984025559105,61.0,0.07027649769585254,,
06_037_531202,1141.0,272.0,869.0,939.0,992.0,,,0.761612620508326,53.0,0.05644302449414271,,
06_037_264000,1232.0,1031.0,201.0,3151.0,2694.0,46.0,13.0,0.16314935064935066,-457.0,-0.14503332275468106,-33.0,-0.717391304347826
06_037_265304,1007.0,6.0,1001.0,1486.0,1469.0,,,0.9940417080436942,-17.0,-0.011440107671601614,,
06_037_265410,618.0,316.0,302.0,1899.0,1917.0,8.0,9.0,0.4886731391585761,18.0,0.009478672985781991,1.0,0.125
06_037_269100,1999.0,837.0,1162.0,1705.0,1821.0,,,0.5812906453226613,116.0,0.06803519061583578,,
06_037_269700,1677.0,754.0,923.0,1538.0,1592.0,31.0,31.0,0.5503875968992248,54.0,0.035110533159947985,0.0,0.0
06_037_270300,931.0,573.0,358.0,1447.0,1402.0,,18.0,0.3845327604726101,-45.0,-0.031098825155494125,,
06_037_271702,1805.0,377.0,1428.0,1396.0,1426.0,,44.0,0.7911357340720222,30.0,0.02148997134670487,,
06_037_273700,1195.0,698.0,497.0,1953.0,2027.0,,23.0,0.41589958158995816,74.0,0.03789042498719918,,
06_037_275302,2520.0,1653.0,867.0,2149.0,2193.0,11.0,39.0,0.34404761904761905,44.0,0.02047463936714751,28.0,2.5454545454545454
06_037_603301,1651.0,507.0,1144.0,990.0,1013.0,,,0.6929133858267716,23.0,0.023232323232323233,,
06_037_603302,1544.0,732.0,812.0,1030.0,1052.0,,,0.5259067357512953,22.0,0.021359223300970873,,
06_037_603702,1667.0,1365.0,302.0,1845.0,1883.0,,,0.1811637672465507,38.0,0.020596205962059622,,
06_037_620102,1713.0,413.0,1300.0,1504.0,1603.0,,,0.7589025102159953,99.0,0.06582446808510638,,
06_037_620521,1719.0,802.0,917.0,1755.0,1731.0,,7.0,0.5334496800465387,-24.0,-0.013675213675213675,,
06_037_620602,2029.0,1496.0,533.0,2122.0,2305.0,,,0.2626909807787087,183.0,0.08623939679547597,,
06_037_650701,914.0,776.0,138.0,2197.0,2123.0,31.0,29.0,0.15098468271334792,-74.0,-0.033682294037323625,-2.0,-0.06451612903225806
06_037_651302,2400.0,1911.0,489.0,2007.0,2055.0,,53.0,0.20375,48.0,0.02391629297458894,,
06_037_532002,816.0,412.0,404.0,1004.0,1071.0,24.0,36.0,0.4950980392156863,67.0,0.06673306772908366,12.0,0.5
06_037_532101,1727.0,420.0,1307.0,1076.0,1129.0,18.0,25.0,0.7568037058482918,53.0,0.04925650557620818,7.0,0.3888888888888889
06_037_532604,663.0,150.0,513.0,979.0,1051.0,,,0.7737556561085973,72.0,0.0735444330949949,,
06_037_533804,1187.0,470.0,717.0,1020.0,1033.0,,,0.6040438079191238,13.0,0.012745098039215686,,
06_037_533901,1449.0,278.0,1171.0,1072.0,1098.0,,13.0,0.8081435472739821,26.0,0.024253731343283583,,
06_037_534001,1305.0,406.0,899.0,1051.0,1086.0,,,0.6888888888888889,35.0,0.03330161750713606,,
06_037_534403,735.0,171.0,564.0,1043.0,1112.0,,,0.7673469387755102,69.0,0.06615532118887824,,
06_037_534406,1014.0,51.0,963.0,1122.0,1150.0,12.0,15.0,0.9497041420118343,28.0,0.024955436720142603,3.0,0.25
06_037_534502,1000.0,509.0,491.0,1166.0,1240.0,27.0,30.0,0.491,74.0,0.0634648370497427,3.0,0.1111111111111111
06_037_535101,1693.0,723.0,970.0,1079.0,1153.0,32.0,16.0,0.5729474305965742,74.0,0.0685820203892493,-16.0,-0.5
06_037_535503,586.0,78.0,508.0,909.0,964.0,,,0.8668941979522184,55.0,0.06050605060506051,,
06_037_535604,1038.0,493.0,545.0,985.0,1017.0,,,0.5250481695568401,32.0,0.03248730964467005,,
06_037_271300,1960.0,1099.0,861.0,1893.0,1823.0,23.0,22.0,0.4392857142857143,-70.0,-0.036978341257263604,-1.0,-0.043478260869565216
06_037_901010,1867.0,1160.0,707.0,1497.0,1431.0,83.0,33.0,0.3786823781467595,-66.0,-0.04408817635270541,-50.0,-0.6024096385542169
06_037_901011,1978.0,1112.0,866.0,1397.0,1299.0,,,0.4378159757330637,-98.0,-0.07015032211882606,,
06_037_901209,502.0,408.0,94.0,1211.0,1366.0,48.0,49.0,0.18725099601593626,155.0,0.12799339388934763,1.0,0.020833333333333332
06_037_901210,546.0,508.0,38.0,1744.0,1711.0,21.0,28.0,0.0695970695970696,-33.0,-0.018922018348623854,7.0,0.3333333333333333
06_037_602801,1151.0,222.0,929.0,899.0,944.0,26.0,22.0,0.8071242397914856,45.0,0.05005561735261402,-4.0,-0.15384615384615385
06_037_602802,1177.0,808.0,369.0,1419.0,1304.0,,,0.3135089209855565,-115.0,-0.08104298801973221,,
06_037_603005,1809.0,631.0,1178.0,1059.0,1121.0,53.0,58.0,0.6511885019347706,62.0,0.05854579792256846,5.0,0.09433962264150944
06_037_603006,967.0,355.0,612.0,842.0,794.0,,,0.6328852119958635,-48.0,-0.057007125890736345,,
06_037_603801,1376.0,286.0,1090.0,1197.0,1222.0,22.0,27.0,0.7921511627906976,25.0,0.020885547201336674,5.0,0.22727272727272727
06_037_603802,1182.0,310.0,872.0,1451.0,1332.0,,,0.7377326565143824,-119.0,-0.08201240523776705,,
06_037_604001,1327.0,328.0,999.0,1453.0,1442.0,,,0.7528259231348907,-11.0,-0.007570543702684102,,
06_037_604002,1549.0,346.0,1203.0,1507.0,1491.0,,,0.776630083925113,-16.0,-0.010617120106171201,,
06_037_620305,2733.0,1448.0,1285.0,2576.0,2594.0,,,0.4701792901573363,18.0,0.006987577639751553,,
06_037_270100,2414.0,251.0,2163.0,1271.0,1349.0,,,0.896023198011599,78.0,0.06136900078678206,,
06_037_276000,2138.0,1697.0,441.0,2168.0,2287.0,44.0,47.0,0.20626753975678203,119.0,0.05488929889298893,3.0,0.06818181818181818
06_037_291210,1428.0,602.0,826.0,1153.0,1139.0,47.0,28.0,0.5784313725490197,-14.0,-0.012142237640936688,-19.0,-0.40425531914893614
06_037_293202,1795.0,343.0,1452.0,976.0,981.0,24.0,21.0,0.8089136490250697,5.0,0.005122950819672131,-3.0,-0.125
06_037_576402,1354.0,258.0,1096.0,977.0,1056.0,,,0.8094534711964549,79.0,0.08085977482088025,,
06_037_576700,2198.0,1012.0,1186.0,1324.0,1359.0,21.0,,0.5395814376706096,35.0,0.026435045317220542,,
06_037_430101,1757.0,734.0,1023.0,1101.0,1055.0,14.0,9.0,0.5822424587364826,-46.0,-0.04178019981834696,-5.0,-0.35714285714285715
06_037_430200,355.0,291.0,64.0,3705.0,3644.0,20.0,20.0,0.18028169014084508,-61.0,-0.016464237516869096,0.0,0.0
06_037_430400,1498.0,1265.0,233.0,2560.0,2475.0,15.0,13.0,0.15554072096128171,-85.0,-0.033203125,-2.0,-0.13333333333333333
06_037_431400,1335.0,1181.0,154.0,1721.0,1934.0,,,0.11535580524344569,213.0,0.12376525276002324,,
06_037_533603,1595.0,355.0,1240.0,945.0,969.0,,,0.7774294670846394,24.0,0.025396825396825397,,
06_037_533902,978.0,316.0,662.0,1190.0,1213.0,,,0.6768916155419223,23.0,0.019327731092436976,,
06_037_534203,863.0,203.0,660.0,1102.0,1118.0,,,0.764774044032445,16.0,0.014519056261343012,,
06_037_262501,1359.0,1188.0,171.0,3971.0,4001.0,24.0,29.0,0.12582781456953643,30.0,0.007554772097708386,5.0,0.20833333333333334
06_037_262604,2390.0,2103.0,287.0,2694.0,2947.0,38.0,40.0,0.1200836820083682,253.0,0.09391239792130661,2.0,0.05263157894736842
06_037_262704,1516.0,983.0,533.0,2288.0,2568.0,13.0,7.0,0.35158311345646437,280.0,0.12237762237762238,-6.0,-0.46153846153846156
06_037_262706,1296.0,1022.0,274.0,3302.0,3240.0,56.0,56.0,0.21141975308641975,-62.0,-0.01877649909145972,0.0,0.0
06_037_262802,1572.0,1280.0,292.0,3407.0,3581.0,,,0.18575063613231552,174.0,0.05107132374523041,,
06_037_553000,1255.0,1035.0,220.0,1752.0,1867.0,,,0.1752988047808765,115.0,0.0656392694063927,,
06_037_553400,1000.0,623.0,377.0,1038.0,1134.0,,,0.377,96.0,0.09248554913294797,,
06_037_132501,1071.0,513.0,558.0,1228.0,1445.0,36.0,24.0,0.5210084033613446,217.0,0.1767100977198697,-12.0,-0.3333333333333333
06_037_132502,1230.0,779.0,451.0,1264.0,1428.0,,,0.36666666666666664,164.0,0.12974683544303797,,
06_037_134001,900.0,290.0,610.0,1249.0,1236.0,,,0.6777777777777778,-13.0,-0.010408326661329063,,
06_037_134521,623.0,66.0,557.0,1097.0,1155.0,29.0,28.0,0.8940609951845907,58.0,0.0528714676390155,-1.0,-0.034482758620689655
06_037_134903,1695.0,0.0,1695.0,1196.0,1286.0,,,1.0,90.0,0.07525083612040134,,
06_037_134002,996.0,507.0,489.0,1375.0,1542.0,,,0.49096385542168675,167.0,0.12145454545454545,,
06_037_134423,1233.0,915.0,318.0,2218.0,2269.0,,,0.25790754257907544,51.0,0.022993688007213707,,
06_037_134424,951.0,951.0,0.0,3195.0,3333.0,,,0.0,138.0,0.0431924882629108,,
06_037_134522,1296.0,307.0,989.0,1101.0,1110.0,,,0.7631172839506173,9.0,0.008174386920980926,,
06_037_134905,1054.0,187.0,867.0,1818.0,1886.0,,,0.8225806451612904,68.0,0.0374037403740374,,
06_037_135113,1208.0,181.0,1027.0,2106.0,2035.0,,11.0,0.8501655629139073,-71.0,-0.033713200379867046,,
06_037_135114,2317.0,408.0,1909.0,1381.0,1386.0,68.0,76.0,0.8239102287440656,5.0,0.003620564808110065,8.0,0.11764705882352941
06_037_137103,1895.0,1172.0,723.0,2229.0,2125.0,404.0,309.0,0.38153034300791555,-104.0,-0.04665769403319874,-95.0,-0.23514851485148514
06_037_139001,1945.0,910.0,1035.0,1738.0,1781.0,80.0,78.0,0.532133676092545,43.0,0.02474108170310702,-2.0,-0.025
06_037_134904,1484.0,712.0,772.0,1616.0,1536.0,,,0.5202156334231806,-80.0,-0.04950495049504951,,
06_037_137104,1053.0,926.0,127.0,2597.0,2744.0,33.0,36.0,0.12060778727445394,147.0,0.05660377358490566,3.0,0.09090909090909091
06_037_139401,1211.0,330.0,881.0,1390.0,1620.0,,,0.7274979355904211,230.0,0.16546762589928057,,
06_037_137301,749.0,710.0,39.0,3025.0,3084.0,,,0.0520694259012016,59.0,0.019504132231404958,,
06_037_139302,1902.0,552.0,1350.0,1203.0,1206.0,34.0,77.0,0.7097791798107256,3.0,0.0024937655860349127,43.0,1.2647058823529411
06_037_137401,1600.0,1273.0,327.0,2610.0,2631.0,,,0.204375,21.0,0.008045977011494253,,
06_037_137402,1929.0,1467.0,462.0,2464.0,2372.0,39.0,57.0,0.23950233281493002,-92.0,-0.037337662337662336,18.0,0.46153846153846156
06_037_139200,2250.0,910.0,1340.0,1573.0,1702.0,,,0.5955555555555555,129.0,0.08200890019071837,,
06_037_139703,987.0,892.0,95.0,3617.0,3817.0,,,0.09625126646403243,200.0,0.055294442908487694,,
06_037_139801,1159.0,1060.0,99.0,3429.0,3733.0,52.0,62.0,0.08541846419327007,304.0,0.08865558471857685,10.0,0.19230769230769232
06_037_212501,849.0,0.0,849.0,1004.0,997.0,,,1.0,-7.0,-0.0069721115537848604,,
06_037_212701,833.0,331.0,502.0,1280.0,1334.0,,,0.602641056422569,54.0,0.0421875,,
06_037_212502,1160.0,108.0,1052.0,1073.0,1005.0,19.0,19.0,0.906896551724138,-68.0,-0.06337371854613234,0.0,0.0
06_037_212702,1517.0,780.0,737.0,1883.0,1935.0,25.0,30.0,0.4858272907053395,52.0,0.027615507169410514,5.0,0.2
06_037_214501,1477.0,51.0,1426.0,2197.0,2176.0,,,0.965470548408937,-21.0,-0.009558488848429678,,
06_037_214502,2502.0,0.0,2502.0,1911.0,1957.0,,,1.0,46.0,0.024071166928309785,,
06_037_214503,1613.0,0.0,1613.0,1898.0,1889.0,,,1.0,-9.0,-0.004741833508956797,,
06_037_214901,2007.0,466.0,1541.0,1860.0,1948.0,27.0,29.0,0.7678126557050324,88.0,0.047311827956989246,2.0,0.07407407407407407
06_037_214902,1511.0,241.0,1270.0,1612.0,1642.0,34.0,41.0,0.8405029781601588,30.0,0.018610421836228287,7.0,0.20588235294117646
06_037_215101,1573.0,0.0,1573.0,1271.0,1331.0,,,1.0,60.0,0.04720692368214005,,
06_037_215102,2050.0,0.0,2050.0,1396.0,1459.0,,,1.0,63.0,0.04512893982808023,,
06_037_216401,2193.0,298.0,1895.0,1341.0,1463.0,,,0.8641130870953032,122.0,0.09097688292319164,,
06_037_216402,1330.0,265.0,1065.0,1510.0,1587.0,30.0,26.0,0.8007518796992481,77.0,0.05099337748344371,-4.0,-0.13333333333333333
06_037_217001,1086.0,395.0,691.0,1680.0,1703.0,,,0.6362799263351749,23.0,0.01369047619047619,,
06_037_217002,2204.0,676.0,1528.0,1477.0,1580.0,,,0.6932849364791288,103.0,0.06973595125253892,,
06_037_218701,832.0,378.0,454.0,972.0,995.0,,,0.5456730769230769,23.0,0.023662551440329218,,
06_037_242000,863.0,377.0,486.0,1066.0,1110.0,,,0.5631517960602549,44.0,0.04127579737335835,,
06_037_242700,1164.0,496.0,668.0,1141.0,1345.0,,20.0,0.5738831615120275,204.0,0.17879053461875546,,
06_037_267200,2798.0,1010.0,1788.0,1689.0,1825.0,41.0,51.0,0.6390278770550393,136.0,0.08052101835405566,10.0,0.24390243902439024
06_037_267600,1239.0,503.0,736.0,1440.0,1470.0,10.0,14.0,0.5940274414850686,30.0,0.020833333333333332,4.0,0.4
06_037_402301,1294.0,720.0,574.0,1365.0,1308.0,,,0.4435857805255023,-57.0,-0.041758241758241756,,
06_037_402403,985.0,786.0,199.0,1109.0,1139.0,,10.0,0.2020304568527919,30.0,0.027051397655545536,,
06_037_134302,1265.0,1086.0,179.0,2167.0,2277.0,,,0.14150197628458497,110.0,0.050761421319796954,,
06_037_134303,1692.0,1247.0,445.0,1818.0,1911.0,72.0,63.0,0.26300236406619387,93.0,0.05115511551155116,-9.0,-0.125
06_037_134421,1377.0,1280.0,97.0,2988.0,3040.0,,4.0,0.07044299201161947,52.0,0.01740294511378849,,
06_037_134520,1684.0,334.0,1350.0,1089.0,1152.0,20.0,20.0,0.8016627078384798,63.0,0.05785123966942149,0.0,0.0
06_037_135111,1119.0,603.0,516.0,1727.0,1682.0,67.0,64.0,0.46112600536193027,-45.0,-0.02605674580196873,-3.0,-0.04477611940298507
06_037_570303,1161.0,470.0,691.0,1078.0,1092.0,,,0.595176571920758,14.0,0.012987012987012988,,
06_037_570603,1506.0,259.0,1247.0,1062.0,1055.0,,,0.8280212483399735,-7.0,-0.006591337099811676,,
06_037_570702,811.0,732.0,79.0,1798.0,2003.0,,,0.09741060419235512,205.0,0.11401557285873193,,
06_037_576200,2727.0,409.0,2318.0,942.0,996.0,90.0,90.0,0.85001833516685,54.0,0.05732484076433121,0.0,0.0
06_037_577100,3197.0,939.0,2258.0,1196.0,1207.0,93.0,93.0,0.7062871441976853,11.0,0.00919732441471572,0.0,0.0
06_037_577200,3223.0,658.0,2565.0,1223.0,1209.0,,,0.7958423828730996,-14.0,-0.011447260834014717,,
06_037_600501,920.0,552.0,368.0,1613.0,1610.0,,,0.4,-3.0,-0.0018598884066955983,,
06_037_600502,662.0,400.0,262.0,1409.0,1408.0,,,0.3957703927492447,-1.0,-0.0007097232079489,,
06_037_600702,1305.0,887.0,418.0,1598.0,1718.0,,,0.3203065134099617,120.0,0.07509386733416772,,
06_037_901213,1230.0,1119.0,111.0,2299.0,2388.0,,,0.09024390243902439,89.0,0.03871248368856024,,
06_037_910001,1366.0,1213.0,153.0,1395.0,1364.0,33.0,33.0,0.11200585651537336,-31.0,-0.022222222222222223,0.0,0.0
06_037_910002,2033.0,1457.0,576.0,1338.0,1371.0,29.0,28.0,0.28332513526807673,33.0,0.02466367713004484,-1.0,-0.034482758620689655
06_037_910101,390.0,186.0,204.0,882.0,944.0,,,0.5230769230769231,62.0,0.07029478458049887,,
06_037_910207,1600.0,1349.0,251.0,2128.0,2031.0,48.0,41.0,0.156875,-97.0,-0.045582706766917294,-7.0,-0.14583333333333334
06_037_910208,1788.0,1264.0,524.0,1835.0,1819.0,116.0,116.0,0.2930648769574944,-16.0,-0.008719346049046322,0.0,0.0
06_037_910209,1310.0,1193.0,117.0,2091.0,2027.0,31.0,85.0,0.08931297709923663,-64.0,-0.030607364897178385,54.0,1.7419354838709677
06_037_910504,1131.0,715.0,416.0,1217.0,1224.0,66.0,62.0,0.367816091954023,7.0,0.005751848808545604,-4.0,-0.06060606060606061
06_037_910505,713.0,404.0,309.0,1643.0,1630.0,56.0,48.0,0.43338008415147267,-13.0,-0.007912355447352405,-8.0,-0.14285714285714285
06_037_910210,2071.0,1824.0,247.0,2253.0,2434.0,51.0,,0.11926605504587157,181.0,0.08033732800710164,,
06_037_910605,1113.0,789.0,324.0,1186.0,1256.0,114.0,48.0,0.29110512129380056,70.0,0.05902192242833052,-66.0,-0.5789473684210527
06_037_910606,674.0,576.0,98.0,1376.0,1553.0,,,0.14540059347181009,177.0,0.12863372093023256,,
06_037_910711,2136.0,1405.0,731.0,1287.0,1164.0,99.0,107.0,0.34222846441947563,-123.0,-0.09557109557109557,8.0,0.08080808080808081
06_037_910712,650.0,579.0,71.0,2006.0,1967.0,76.0,83.0,0.10923076923076923,-39.0,-0.019441674975074777,7.0,0.09210526315789473
06_065_45117,1994.0,1083.0,911.0,1304.0,1377.0,164.0,159.0,0.45687061183550653,73.0,0.05598159509202454,-5.0,-0.03048780487804878
06_065_45120,1741.0,826.0,915.0,1344.0,1433.0,111.0,45.0,0.5255600229753016,89.0,0.0662202380952381,-66.0,-0.5945945945945946
06_065_45118,1193.0,651.0,542.0,949.0,914.0,,13.0,0.4543168482816429,-35.0,-0.0368809272918862,,
06_065_45119,1196.0,997.0,199.0,1526.0,1536.0,,,0.16638795986622074,10.0,0.00655307994757536,,
06_065_40815,1049.0,643.0,406.0,1821.0,1780.0,78.0,81.0,0.38703527168732127,-41.0,-0.022515101592531575,3.0,0.038461538461538464
06_065_40816,757.0,611.0,146.0,2502.0,2339.0,62.0,89.0,0.1928665785997358,-163.0,-0.06514788169464429,27.0,0.43548387096774194
06_065_40821,1766.0,824.0,942.0,1619.0,1794.0,7.0,54.0,0.5334088335220838,175.0,0.10809141445336627,47.0,6.714285714285714
06_065_41101,1120.0,186.0,934.0,989.0,974.0,,,0.8339285714285715,-15.0,-0.015166835187057633,,
06_065_41102,931.0,537.0,394.0,1431.0,1438.0,40.0,43.0,0.42320085929108486,7.0,0.004891684136967156,3.0,0.075
06_065_41301,797.0,506.0,291.0,1486.0,1472.0,19.0,19.0,0.36511919698870765,-14.0,-0.009421265141318977,0.0,0.0
06_065_41302,1043.0,539.0,504.0,1299.0,1227.0,,5.0,0.48322147651006714,-72.0,-0.05542725173210162,,
06_065_41910,2221.0,1784.0,437.0,1685.0,1665.0,25.0,26.0,0.19675821701936064,-20.0,-0.011869436201780416,1.0,0.04
06_065_41911,3344.0,2887.0,457.0,2792.0,2746.0,326.0,304.0,0.13666267942583732,-46.0,-0.0164756446991404,-22.0,-0.06748466257668712
06_065_45121,2540.0,1941.0,599.0,1823.0,1948.0,122.0,119.0,0.2358267716535433,125.0,0.06856829402084476,-3.0,-0.02459016393442623
06_065_45122,682.0,518.0,164.0,1539.0,1544.0,39.0,25.0,0.2404692082111437,5.0,0.003248862897985705,-14.0,-0.358974358974359
06_065_45123,1191.0,969.0,222.0,1879.0,1753.0,67.0,90.0,0.18639798488664988,-126.0,-0.0670569451836083,23.0,0.34328358208955223
06_065_45124,893.0,792.0,101.0,835.0,772.0,36.0,30.0,0.11310190369540873,-63.0,-0.07544910179640718,-6.0,-0.16666666666666666
06_065_45125,1289.0,1066.0,223.0,1902.0,1737.0,94.0,93.0,0.1730023273855702,-165.0,-0.08675078864353312,-1.0,-0.010638297872340425
06_065_45212,1144.0,922.0,222.0,1591.0,1100.0,,,0.19405594405594406,-491.0,-0.30861093651791327,,
06_065_45213,1828.0,1656.0,172.0,1404.0,1521.0,41.0,36.0,0.09409190371991247,117.0,0.08333333333333333,-5.0,-0.12195121951219512
06_065_45214,1821.0,1451.0,370.0,2170.0,2221.0,85.0,149.0,0.2031850631521142,51.0,0.023502304147465437,64.0,0.7529411764705882
06_065_45215,2913.0,2323.0,590.0,1928.0,1999.0,117.0,123.0,0.20254033642293168,71.0,0.03682572614107884,6.0,0.05128205128205128
06_065_45216,831.0,780.0,51.0,1493.0,1387.0,56.0,52.0,0.061371841155234655,-106.0,-0.0709979906229069,-4.0,-0.07142857142857142
06_065_45217,1628.0,1176.0,452.0,1560.0,1398.0,70.0,128.0,0.27764127764127766,-162.0,-0.10384615384615385,58.0,0.8285714285714286
06_065_45222,681.0,648.0,33.0,439.0,463.0,31.0,31.0,0.048458149779735685,24.0,0.05466970387243736,0.0,0.0
06_065_45224,1639.0,1401.0,238.0,2022.0,2008.0,97.0,68.0,0.1452104942037828,-14.0,-0.006923837784371909,-29.0,-0.29896907216494845
06_065_45226,1384.0,1200.0,184.0,2228.0,1835.0,49.0,40.0,0.1329479768786127,-393.0,-0.17639138240574506,-9.0,-0.1836734693877551
06_065_45228,985.0,605.0,380.0,1863.0,2005.0,27.0,27.0,0.38578680203045684,142.0,0.0762211486849168,0.0,0.0
06_065_45233,1755.0,779.0,976.0,1281.0,1381.0,,,0.5561253561253561,100.0,0.078064012490242,,
06_065_45304,2143.0,1741.0,402.0,2517.0,2435.0,165.0,120.0,0.18758749416705553,-82.0,-0.03257846642828764,-45.0,-0.2727272727272727
06_065_45303,740.0,284.0,456.0,859.0,856.0,21.0,21.0,0.6162162162162163,-3.0,-0.0034924330616996507,0.0,0.0
06_065_45606,893.0,753.0,140.0,2347.0,2113.0,71.0,141.0,0.15677491601343785,-234.0,-0.09970174691095014,70.0,0.9859154929577465
06_065_45608,1387.0,1283.0,104.0,2566.0,2674.0,194.0,230.0,0.07498197548666186,108.0,0.042088854247856584,36.0,0.18556701030927836
06_065_45609,1653.0,1033.0,620.0,654.0,684.0,48.0,22.0,0.37507562008469447,30.0,0.045871559633027525,-26.0,-0.5416666666666666
06_065_45707,1432.0,1071.0,361.0,1113.0,1124.0,21.0,20.0,0.2520949720670391,11.0,0.009883198562443846,-1.0,-0.047619047619047616
06_065_46500,1427.0,31.0,1396.0,981.0,997.0,,,0.9782761037140855,16.0,0.0163098878695209,,
06_065_46601,194.0,127.0,67.0,1833.0,1850.0,,,0.34536082474226804,17.0,0.009274413529732678,,
06_065_46602,1112.0,963.0,149.0,2218.0,2215.0,26.0,17.0,0.13399280575539568,-3.0,-0.001352569882777277,-9.0,-0.34615384615384615
06_065_46700,1163.0,251.0,912.0,1261.0,1303.0,53.0,55.0,0.7841788478073947,42.0,0.03330689928628073,2.0,0.03773584905660377
06_065_941200,1075.0,809.0,266.0,1364.0,1394.0,78.0,79.0,0.2474418604651163,30.0,0.021994134897360705,1.0,0.01282051282051282
06_065_941300,1704.0,1128.0,576.0,1245.0,1240.0,75.0,87.0,0.3380281690140845,-5.0,-0.004016064257028112,12.0,0.16
06_065_941400,1635.0,584.0,1051.0,897.0,916.0,58.0,73.0,0.6428134556574924,19.0,0.021181716833890748,15.0,0.25862068965517243
06_065_941500,1277.0,961.0,316.0,1214.0,1205.0,61.0,31.0,0.24745497259201252,-9.0,-0.007413509060955519,-30.0,-0.4918032786885246
06_065_980004,0.0,0.0,0.0,,,,,,,,,
06_065_981000,0.0,0.0,0.0,,,,,,,,,
06_065_41804,1205.0,1103.0,102.0,2729.0,2704.0,,,0.08464730290456432,-25.0,-0.009160864785635764,,
06_065_41806,1161.0,1065.0,96.0,2755.0,2735.0,23.0,23.0,0.082687338501292,-20.0,-0.007259528130671506,0.0,0.0
06_065_42005,1356.0,1249.0,107.0,3106.0,2980.0,47.0,77.0,0.07890855457227139,-126.0,-0.04056664520283323,30.0,0.6382978723404256
06_065_42512,898.0,345.0,553.0,1135.0,1176.0,20.0,21.0,0.6158129175946548,41.0,0.03612334801762115,1.0,0.05
06_065_42507,1113.0,835.0,278.0,1763.0,1773.0,81.0,65.0,0.24977538185085355,10.0,0.005672149744753261,-16.0,-0.19753086419753085
06_065_42509,710.0,610.0,100.0,1170.0,1275.0,59.0,46.0,0.14084507042253522,105.0,0.08974358974358974,-13.0,-0.22033898305084745
06_065_42513,788.0,605.0,183.0,1595.0,1479.0,,,0.23223350253807107,-116.0,-0.07272727272727272,,
06_065_42520,1230.0,466.0,764.0,1189.0,1153.0,,14.0,0.6211382113821138,-36.0,-0.030277544154751892,,
06_065_42521,1122.0,849.0,273.0,1478.0,1458.0,40.0,82.0,0.24331550802139038,-20.0,-0.013531799729364006,42.0,1.05
06_065_42714,1257.0,1050.0,207.0,2293.0,2304.0,,,0.16467780429594273,11.0,0.004797208896641954,,
06_065_42719,1338.0,853.0,485.0,1255.0,1202.0,125.0,105.0,0.3624813153961136,-53.0,-0.04223107569721116,-20.0,-0.16
06_065_42800,2665.0,984.0,1681.0,1031.0,1035.0,90.0,50.0,0.6307692307692307,4.0,0.0038797284190106693,-40.0,-0.4444444444444444
06_065_43211,1637.0,1408.0,229.0,1957.0,1958.0,,18.0,0.13989004276114844,1.0,0.000510986203372509,,
06_065_43218,1698.0,1430.0,268.0,2155.0,2097.0,45.0,76.0,0.15783274440518258,-58.0,-0.02691415313225058,31.0,0.6888888888888889
06_065_43220,1561.0,441.0,1120.0,1293.0,1275.0,22.0,25.0,0.7174887892376681,-18.0,-0.013921113689095127,3.0,0.13636363636363635
06_065_43503,2162.0,994.0,1168.0,739.0,783.0,54.0,50.0,0.5402405180388529,44.0,0.05953991880920163,-4.0,-0.07407407407407407
06_065_43809,1373.0,1242.0,131.0,862.0,869.0,57.0,60.0,0.09541150764748725,7.0,0.008120649651972157,3.0,0.05263157894736842
06_065_44102,1007.0,580.0,427.0,1009.0,938.0,29.0,20.0,0.4240317775571003,-71.0,-0.07036669970267592,-9.0,-0.3103448275862069
06_065_44402,2321.0,1852.0,469.0,1074.0,1136.0,,,0.2020680741059888,62.0,0.05772811918063315,,
06_065_44509,1348.0,451.0,897.0,818.0,745.0,68.0,55.0,0.6654302670623146,-73.0,-0.08924205378973105,-13.0,-0.19117647058823528
06_065_44602,1743.0,892.0,851.0,1029.0,886.0,,,0.48823866896156054,-143.0,-0.13896987366375121,,
06_065_42410,1322.0,1141.0,181.0,1902.0,1858.0,32.0,28.0,0.13691376701966718,-44.0,-0.023133543638275498,-4.0,-0.125
06_065_42213,1520.0,884.0,636.0,1332.0,1343.0,,,0.41842105263157897,11.0,0.008258258258258258,,
06_065_42411,712.0,599.0,113.0,2085.0,1884.0,59.0,69.0,0.15870786516853932,-201.0,-0.09640287769784173,10.0,0.1694915254237288
06_065_42412,1439.0,1277.0,162.0,2328.0,2220.0,55.0,27.0,0.11257817929117443,-108.0,-0.04639175257731959,-28.0,-0.509090909090909
06_065_31701,817.0,579.0,238.0,1106.0,1192.0,,,0.2913096695226438,86.0,0.07775768535262206,,
06_065_42617,2790.0,1841.0,949.0,1346.0,1398.0,,40.0,0.34014336917562726,52.0,0.03863298662704309,,
06_065_42618,1895.0,1448.0,447.0,1570.0,1561.0,91.0,94.0,0.23588390501319262,-9.0,-0.005732484076433121,3.0,0.03296703296703297
06_065_42619,2406.0,1885.0,521.0,2122.0,1969.0,193.0,169.0,0.21654197838736491,-153.0,-0.07210179076343072,-24.0,-0.12435233160621761
06_065_42620,2191.0,1732.0,459.0,1861.0,1881.0,185.0,240.0,0.2094933820173437,20.0,0.010746910263299301,55.0,0.2972972972972973
06_065_42621,1635.0,1048.0,587.0,1664.0,1621.0,18.0,,0.35902140672782873,-43.0,-0.025841346153846152,,
06_065_42622,1055.0,668.0,387.0,1806.0,1815.0,60.0,42.0,0.36682464454976305,9.0,0.0049833887043189366,-18.0,-0.3
06_065_42623,1162.0,779.0,383.0,2109.0,1942.0,32.0,44.0,0.32960413080895007,-167.0,-0.07918444760550024,12.0,0.375
06_065_42624,1016.0,921.0,95.0,2366.0,2461.0,65.0,60.0,0.09350393700787402,95.0,0.04015215553677092,-5.0,-0.07692307692307693
06_065_42724,807.0,700.0,107.0,2504.0,2194.0,81.0,70.0,0.1325898389095415,-310.0,-0.12380191693290735,-11.0,-0.13580246913580246
06_065_42728,658.0,581.0,77.0,1818.0,1590.0,128.0,142.0,0.11702127659574468,-228.0,-0.1254125412541254,14.0,0.109375
06_065_42729,3674.0,2793.0,881.0,1168.0,1141.0,155.0,131.0,0.23979314099074578,-27.0,-0.023116438356164382,-24.0,-0.15483870967741936
06_065_42730,1277.0,1015.0,262.0,1276.0,1582.0,53.0,91.0,0.20516836335160532,306.0,0.23981191222570533,38.0,0.7169811320754716
06_065_42726,1444.0,1192.0,252.0,1710.0,1982.0,,,0.1745152354570637,272.0,0.15906432748538013,,
06_065_41203,955.0,455.0,500.0,1136.0,1055.0,,,0.5235602094240838,-81.0,-0.07130281690140845,,
06_065_41812,1014.0,942.0,72.0,1979.0,1924.0,29.0,33.0,0.07100591715976332,-55.0,-0.027791814047498736,4.0,0.13793103448275862
06_065_42008,2064.0,1912.0,152.0,2434.0,2545.0,35.0,34.0,0.07364341085271318,111.0,0.04560394412489729,-1.0,-0.02857142857142857
06_065_42206,2095.0,691.0,1404.0,1345.0,1364.0,24.0,,0.6701670644391408,19.0,0.01412639405204461,,
06_065_42901,1844.0,1311.0,533.0,1120.0,1102.0,45.0,88.0,0.2890455531453362,-18.0,-0.01607142857142857,43.0,0.9555555555555556
06_065_42902,1362.0,740.0,622.0,837.0,843.0,28.0,,0.4566813509544787,6.0,0.007168458781362007,,
06_065_43216,2620.0,1006.0,1614.0,1385.0,1374.0,,,0.6160305343511451,-11.0,-0.007942238267148015,,
06_065_31002,1190.0,843.0,347.0,1208.0,1263.0,,,0.2915966386554622,55.0,0.04552980132450331,,
06_065_41411,806.0,601.0,205.0,1078.0,1169.0,,,0.2543424317617866,91.0,0.08441558441558442,,
06_065_41702,1305.0,996.0,309.0,1739.0,1657.0,,,0.2367816091954023,-82.0,-0.047153536515238646,,
06_065_42508,1177.0,806.0,371.0,1316.0,1321.0,21.0,17.0,0.31520815632965166,5.0,0.003799392097264438,-4.0,-0.19047619047619047
06_065_43703,929.0,728.0,201.0,839.0,1046.0,24.0,28.0,0.2163616792249731,207.0,0.2467222884386174,4.0,0.16666666666666666
06_065_41803,1618.0,1397.0,221.0,2867.0,2929.0,29.0,55.0,0.1365883807169345,62.0,0.021625392396232995,26.0,0.896551724137931
06_065_42405,1740.0,243.0,1497.0,1067.0,1063.0,11.0,29.0,0.8603448275862069,-4.0,-0.0037488284910965324,18.0,1.6363636363636365
06_065_43304,2530.0,2254.0,276.0,1129.0,1193.0,111.0,89.0,0.10909090909090909,64.0,0.0566873339238264,-22.0,-0.1981981981981982
06_065_42003,1572.0,1474.0,98.0,2071.0,2173.0,,,0.062340966921119595,102.0,0.04925156929019797,,
06_065_42711,2717.0,2096.0,621.0,758.0,836.0,107.0,142.0,0.22856091277143908,78.0,0.10290237467018469,35.0,0.32710280373831774
06_065_43702,1759.0,1406.0,353.0,978.0,914.0,40.0,37.0,0.2006822057987493,-64.0,-0.065439672801636,-3.0,-0.075
06_065_31502,2528.0,1733.0,795.0,1198.0,1280.0,33.0,67.0,0.31447784810126583,82.0,0.06844741235392321,34.0,1.0303030303030303
06_065_40902,1524.0,1270.0,254.0,1590.0,1521.0,10.0,13.0,0.16666666666666666,-69.0,-0.04339622641509434,3.0,0.3
06_065_42208,945.0,855.0,90.0,2077.0,1919.0,,,0.09523809523809523,-158.0,-0.07607125662012518,,
06_065_42406,1268.0,1045.0,223.0,1599.0,1536.0,38.0,38.0,0.17586750788643532,-63.0,-0.039399624765478425,0.0,0.0
06_065_42407,835.0,590.0,245.0,1593.0,1507.0,27.0,48.0,0.2934131736526946,-86.0,-0.05398618957940992,21.0,0.7777777777777778
06_065_42506,2674.0,1068.0,1606.0,1451.0,1421.0,,,0.600598354525056,-30.0,-0.02067539627842867,,
06_065_42515,996.0,167.0,829.0,951.0,952.0,,,0.8323293172690763,1.0,0.0010515247108307045,,
06_065_42708,1398.0,1162.0,236.0,1747.0,1663.0,29.0,29.0,0.1688125894134478,-84.0,-0.048082427017744706,0.0,0.0
06_065_42904,2174.0,1275.0,899.0,979.0,1041.0,28.0,64.0,0.4135234590616375,62.0,0.06332992849846783,36.0,1.2857142857142858
06_065_43003,1877.0,805.0,1072.0,1177.0,1145.0,27.0,59.0,0.5711241342567928,-32.0,-0.027187765505522515,32.0,1.1851851851851851
06_065_43308,953.0,340.0,613.0,921.0,914.0,,,0.6432318992654774,-7.0,-0.00760043431053203,,
06_065_43312,1260.0,911.0,349.0,1215.0,1176.0,58.0,75.0,0.276984126984127,-39.0,-0.03209876543209877,17.0,0.29310344827586204
06_065_43405,1790.0,1043.0,747.0,561.0,579.0,101.0,69.0,0.4173184357541899,18.0,0.03208556149732621,-32.0,-0.31683168316831684
06_065_43506,2250.0,1899.0,351.0,1135.0,1141.0,80.0,120.0,0.156,6.0,0.0052863436123348016,40.0,0.5
06_065_43701,1379.0,1084.0,295.0,711.0,735.0,133.0,139.0,0.2139231327048586,24.0,0.03375527426160337,6.0,0.045112781954887216
06_065_42401,578.0,502.0,76.0,1974.0,1933.0,25.0,16.0,0.1314878892733564,-41.0,-0.02077001013171226,-9.0,-0.36
06_065_42408,751.0,568.0,183.0,1707.0,1747.0,31.0,43.0,0.2436750998668442,40.0,0.023432923257176334,12.0,0.3870967741935484
06_065_43206,2405.0,1328.0,1077.0,1504.0,1464.0,83.0,90.0,0.44781704781704784,-40.0,-0.026595744680851064,7.0,0.08433734939759036
06_065_43307,2565.0,1417.0,1148.0,724.0,792.0,77.0,41.0,0.4475633528265107,68.0,0.09392265193370165,-36.0,-0.4675324675324675
06_065_43309,945.0,318.0,627.0,962.0,908.0,19.0,20.0,0.6634920634920635,-54.0,-0.056133056133056136,1.0,0.05263157894736842
06_065_43311,667.0,454.0,213.0,1291.0,1312.0,,,0.3193403298350825,21.0,0.016266460108443067,,
06_065_43404,1381.0,875.0,506.0,457.0,575.0,69.0,67.0,0.3664011585807386,118.0,0.25820568927789933,-2.0,-0.028985507246376812
06_065_30700,2309.0,1456.0,853.0,1244.0,1284.0,,,0.3694239930705933,40.0,0.03215434083601286,,
06_065_31300,605.0,441.0,164.0,999.0,1048.0,33.0,26.0,0.27107438016528923,49.0,0.04904904904904905,-7.0,-0.21212121212121213
06_065_46800,1433.0,1213.0,220.0,1589.0,1648.0,64.0,55.0,0.15352407536636428,59.0,0.037130270610446825,-9.0,-0.140625
06_065_46900,740.0,489.0,251.0,577.0,556.0,35.0,47.0,0.33918918918918917,-21.0,-0.036395147313691506,12.0,0.34285714285714286
06_065_47000,650.0,377.0,273.0,696.0,786.0,28.0,29.0,0.42,90.0,0.12931034482758622,1.0,0.03571428571428571
06_065_47201,1350.0,1204.0,146.0,373.0,381.0,121.0,50.0,0.10814814814814815,8.0,0.021447721179624665,-71.0,-0.5867768595041323
06_065_47202,747.0,547.0,200.0,617.0,590.0,43.0,43.0,0.2677376171352075,-27.0,-0.04376012965964344,0.0,0.0
06_065_47900,3065.0,2812.0,253.0,2776.0,2778.0,213.0,150.0,0.08254486133768352,2.0,0.0007204610951008645,-63.0,-0.29577464788732394
06_065_48100,1806.0,1688.0,118.0,3100.0,3038.0,90.0,45.0,0.06533776301218161,-62.0,-0.02,-45.0,-0.5
06_065_48200,1172.0,1034.0,138.0,2310.0,2251.0,17.0,64.0,0.11774744027303755,-59.0,-0.02554112554112554,47.0,2.764705882352941
06_065_41912,1744.0,1502.0,242.0,2453.0,2368.0,37.0,51.0,0.13876146788990826,-85.0,-0.03465144720750102,14.0,0.3783783783783784
06_065_41913,1823.0,1375.0,448.0,2042.0,2124.0,120.0,106.0,0.24574876577070762,82.0,0.040156709108716944,-14.0,-0.11666666666666667
06_065_42012,2074.0,1264.0,810.0,1622.0,1708.0,139.0,108.0,0.390549662487946,86.0,0.0530209617755857,-31.0,-0.22302158273381295
06_065_42014,2747.0,2294.0,453.0,2583.0,2549.0,39.0,,0.1649071714597743,-34.0,-0.01316298877274487,,
06_065_42013,2235.0,1934.0,301.0,2327.0,2343.0,78.0,58.0,0.13467561521252797,16.0,0.006875805758487323,-20.0,-0.2564102564102564
06_065_42217,2007.0,1572.0,435.0,1873.0,1904.0,96.0,77.0,0.21674140508221226,31.0,0.016550987720234916,-19.0,-0.19791666666666666
06_065_40402,1092.0,759.0,333.0,1357.0,1389.0,,,0.30494505494505497,32.0,0.023581429624170966,,
06_065_40501,1859.0,1433.0,426.0,1374.0,1277.0,,,0.2291554599246907,-97.0,-0.07059679767103348,,
06_065_42514,818.0,371.0,447.0,1426.0,1409.0,28.0,24.0,0.5464547677261614,-17.0,-0.011921458625525946,-4.0,-0.14285714285714285
06_065_42404,551.0,391.0,160.0,1246.0,1174.0,,,0.29038112522686027,-72.0,-0.05778491171749599,,
06_065_42505,816.0,326.0,490.0,1002.0,978.0,26.0,31.0,0.6004901960784313,-24.0,-0.023952095808383235,5.0,0.19230769230769232
06_065_42510,1133.0,812.0,321.0,1482.0,1451.0,53.0,49.0,0.2833186231244484,-31.0,-0.020917678812415654,-4.0,-0.07547169811320754
06_065_42518,897.0,541.0,356.0,1259.0,1334.0,43.0,64.0,0.39687848383500557,75.0,0.059571088165210485,21.0,0.4883720930232558
06_065_42519,513.0,144.0,369.0,1009.0,1023.0,,,0.7192982456140351,14.0,0.013875123885034688,,
06_065_42720,1265.0,842.0,423.0,1072.0,1086.0,,,0.33438735177865614,14.0,0.013059701492537313,,
06_065_43006,1280.0,629.0,651.0,1197.0,1123.0,52.0,57.0,0.50859375,-74.0,-0.061821219715956555,5.0,0.09615384615384616
06_065_48300,1617.0,1137.0,480.0,2084.0,2032.0,228.0,212.0,0.29684601113172543,-52.0,-0.02495201535508637,-16.0,-0.07017543859649122
06_065_48700,1103.0,946.0,157.0,2346.0,2346.0,83.0,33.0,0.14233907524932005,0.0,0.0,-50.0,-0.6024096385542169
06_065_48800,1045.0,665.0,380.0,1586.0,1584.0,99.0,93.0,0.36363636363636365,-2.0,-0.0012610340479192938,-6.0,-0.06060606060606061
06_065_42731,1585.0,1375.0,210.0,2080.0,1707.0,147.0,124.0,0.13249211356466878,-373.0,-0.17932692307692308,-23.0,-0.1564625850340136
06_065_42732,1660.0,1433.0,227.0,2112.0,2043.0,30.0,41.0,0.13674698795180723,-69.0,-0.032670454545454544,11.0,0.36666666666666664
06_065_41905,847.0,452.0,395.0,1311.0,1563.0,,,0.46635182998819363,252.0,0.19221967963386727,,
06_065_41909,1374.0,1053.0,321.0,1495.0,1677.0,37.0,39.0,0.2336244541484716,182.0,0.12173913043478261,2.0,0.05405405405405406
06_065_42007,1371.0,1266.0,105.0,1887.0,1743.0,49.0,90.0,0.07658643326039387,-144.0,-0.07631160572337042,41.0,0.8367346938775511
06_065_42009,1641.0,1193.0,448.0,1765.0,1585.0,120.0,141.0,0.2730042656916514,-180.0,-0.10198300283286119,21.0,0.175
06_065_42212,1877.0,1192.0,685.0,1564.0,1492.0,106.0,77.0,0.3649440596696857,-72.0,-0.04603580562659847,-29.0,-0.27358490566037735
06_065_42517,824.0,651.0,173.0,1431.0,1406.0,33.0,36.0,0.2099514563106796,-25.0,-0.017470300489168415,3.0,0.09090909090909091
06_065_42715,3451.0,2620.0,831.0,2370.0,2295.0,249.0,206.0,0.2407997681831353,-75.0,-0.03164556962025317,-43.0,-0.17269076305220885
06_065_42903,1352.0,1000.0,352.0,1379.0,1261.0,,,0.2603550295857988,-118.0,-0.08556925308194344,,
06_065_43310,1024.0,462.0,562.0,968.0,955.0,31.0,12.0,0.548828125,-13.0,-0.013429752066115703,-19.0,-0.6129032258064516
06_065_43505,1740.0,872.0,868.0,786.0,781.0,57.0,47.0,0.49885057471264366,-5.0,-0.006361323155216285,-10.0,-0.17543859649122806
06_065_43507,2528.0,902.0,1626.0,738.0,753.0,65.0,83.0,0.6431962025316456,15.0,0.02032520325203252,18.0,0.27692307692307694
06_065_44103,2577.0,1840.0,737.0,868.0,889.0,97.0,100.0,0.28599146294140476,21.0,0.024193548387096774,3.0,0.030927835051546393
06_065_44104,1036.0,912.0,124.0,1133.0,1253.0,,,0.11969111969111969,120.0,0.1059135039717564,,
06_065_44507,1794.0,1094.0,700.0,923.0,899.0,132.0,125.0,0.39018952062430323,-24.0,-0.02600216684723727,-7.0,-0.05303030303030303
06_065_44604,1713.0,1370.0,343.0,1474.0,1416.0,131.0,105.0,0.20023350846468185,-58.0,-0.03934871099050204,-26.0,-0.1984732824427481
06_065_44916,1502.0,925.0,577.0,1153.0,1304.0,119.0,78.0,0.3841544607190413,151.0,0.13096270598438856,-41.0,-0.3445378151260504
06_065_41808,1738.0,1536.0,202.0,2839.0,2872.0,,,0.11622554660529344,33.0,0.011623811201127158,,
06_065_42214,1779.0,1488.0,291.0,1927.0,1926.0,27.0,30.0,0.163575042158516,-1.0,-0.0005189413596263622,3.0,0.1111111111111111
06_065_42403,1111.0,981.0,130.0,1871.0,1785.0,62.0,24.0,0.11701170117011701,-86.0,-0.04596472474612507,-38.0,-0.6129032258064516
06_065_42409,908.0,645.0,263.0,1651.0,1527.0,83.0,65.0,0.289647577092511,-124.0,-0.07510599636583888,-18.0,-0.21686746987951808
06_065_42511,900.0,595.0,305.0,1424.0,1387.0,40.0,38.0,0.3388888888888889,-37.0,-0.02598314606741573,-2.0,-0.05
06_065_42733,1168.0,934.0,234.0,1885.0,2102.0,141.0,171.0,0.20034246575342465,217.0,0.11511936339522547,30.0,0.2127659574468085
06_065_42737,654.0,573.0,81.0,2187.0,2553.0,68.0,67.0,0.12385321100917432,366.0,0.1673525377229081,-1.0,-0.014705882352941176
06_065_42738,1733.0,1035.0,698.0,1885.0,1611.0,202.0,120.0,0.40276976341604154,-274.0,-0.1453580901856764,-82.0,-0.40594059405940597
06_065_42739,1840.0,1593.0,247.0,2819.0,2944.0,52.0,60.0,0.1342391304347826,125.0,0.044341965235899256,8.0,0.15384615384615385
06_065_42740,1200.0,1068.0,132.0,666.0,702.0,26.0,70.0,0.11,36.0,0.05405405405405406,44.0,1.6923076923076923
06_065_42741,1484.0,1118.0,366.0,602.0,674.0,,,0.24663072776280323,72.0,0.11960132890365449,,
06_065_42742,1149.0,985.0,164.0,1958.0,1939.0,76.0,23.0,0.14273281114012185,-19.0,-0.009703779366700716,-53.0,-0.6973684210526315
06_065_42744,786.0,652.0,134.0,1653.0,1653.0,,,0.17048346055979643,0.0,0.0,,
06_065_43008,1548.0,1086.0,462.0,1812.0,1794.0,176.0,165.0,0.29844961240310075,-18.0,-0.009933774834437087,-11.0,-0.0625
06_065_42743,456.0,428.0,28.0,2126.0,1927.0,,,0.06140350877192982,-199.0,-0.0936030103480715,,
06_065_42745,1846.0,1614.0,232.0,1171.0,1176.0,108.0,105.0,0.1256771397616468,5.0,0.004269854824935952,-3.0,-0.027777777777777776
06_065_43007,2097.0,1941.0,156.0,2514.0,2455.0,,74.0,0.07439198855507868,-59.0,-0.023468575974542563,,
06_065_43009,1317.0,1153.0,164.0,2162.0,2228.0,37.0,37.0,0.12452543659832954,66.0,0.030527289546716005,0.0,0.0
06_065_43010,1604.0,1362.0,242.0,2047.0,2169.0,,34.0,0.15087281795511223,122.0,0.05959941377625794,,
06_065_43227,1830.0,1153.0,677.0,2311.0,2205.0,94.0,87.0,0.3699453551912568,-106.0,-0.04586758978797058,-7.0,-0.07446808510638298
06_065_43228,1304.0,543.0,761.0,1711.0,1748.0,,,0.5835889570552147,37.0,0.02162478082992402,,
06_065_43235,1159.0,963.0,196.0,2509.0,2745.0,41.0,,0.16911130284728215,236.0,0.0940613790354723,,
06_065_43229,2256.0,1893.0,363.0,926.0,1148.0,37.0,48.0,0.16090425531914893,222.0,0.23974082073434125,11.0,0.2972972972972973
06_065_43239,2050.0,1862.0,188.0,2204.0,2246.0,45.0,40.0,0.09170731707317073,42.0,0.019056261343012703,-5.0,-0.1111111111111111
06_065_43240,2527.0,1805.0,722.0,2416.0,2251.0,76.0,82.0,0.2857142857142857,-165.0,-0.06829470198675497,6.0,0.07894736842105263
06_065_43242,2302.0,2174.0,128.0,2548.0,2540.0,141.0,110.0,0.05560382276281494,-8.0,-0.0031397174254317113,-31.0,-0.2198581560283688
06_065_42516,929.0,489.0,440.0,1159.0,1221.0,13.0,16.0,0.4736275565123789,62.0,0.05349439171699741,3.0,0.23076923076923078
06_065_42706,1861.0,1268.0,593.0,1380.0,1401.0,104.0,131.0,0.3186458893068243,21.0,0.015217391304347827,27.0,0.25961538461538464
06_065_42709,2074.0,1669.0,405.0,1135.0,1060.0,95.0,156.0,0.195274831243973,-75.0,-0.06607929515418502,61.0,0.6421052631578947
06_065_42717,1424.0,1072.0,352.0,1796.0,1713.0,29.0,22.0,0.24719101123595505,-83.0,-0.04621380846325167,-7.0,-0.2413793103448276
06_065_43314,1083.0,855.0,228.0,1655.0,1540.0,82.0,115.0,0.21052631578947367,-115.0,-0.06948640483383686,33.0,0.4024390243902439
06_065_43315,602.0,510.0,92.0,1239.0,1237.0,45.0,40.0,0.15282392026578073,-2.0,-0.0016142050040355124,-5.0,-0.1111111111111111
06_065_43807,1961.0,1545.0,416.0,1266.0,1354.0,,,0.21213666496685366,88.0,0.06951026856240126,,
06_065_44101,1065.0,402.0,663.0,764.0,681.0,20.0,,0.6225352112676056,-83.0,-0.10863874345549739,,
06_065_44200,1685.0,834.0,851.0,926.0,913.0,24.0,24.0,0.5050445103857567,-13.0,-0.014038876889848811,0.0,0.0
06_065_44806,1214.0,571.0,643.0,965.0,900.0,55.0,30.0,0.5296540362438221,-65.0,-0.06735751295336788,-25.0,-0.45454545454545453
06_065_44807,812.0,271.0,541.0,1067.0,1000.0,29.0,30.0,0.666256157635468,-67.0,-0.06279287722586692,1.0,0.034482758620689655
06_065_44907,1306.0,529.0,777.0,1142.0,1133.0,,,0.5949464012251149,-9.0,-0.00788091068301226,,
06_065_30400,1582.0,767.0,815.0,800.0,856.0,76.0,78.0,0.5151706700379267,56.0,0.07,2.0,0.02631578947368421
06_065_45209,1600.0,622.0,978.0,1016.0,1006.0,,18.0,0.61125,-10.0,-0.00984251968503937,,
06_065_45502,1141.0,333.0,808.0,874.0,848.0,19.0,23.0,0.708150744960561,-26.0,-0.029748283752860413,4.0,0.21052631578947367
06_065_45704,679.0,431.0,248.0,886.0,900.0,17.0,,0.36524300441826213,14.0,0.01580135440180587,,
06_065_45705,1536.0,419.0,1117.0,879.0,921.0,,,0.7272135416666666,42.0,0.04778156996587031,,
06_065_46405,1115.0,915.0,200.0,1550.0,1498.0,50.0,73.0,0.17937219730941703,-52.0,-0.03354838709677419,23.0,0.46
06_065_41201,990.0,739.0,251.0,1377.0,1312.0,,,0.25353535353535356,-65.0,-0.04720406681190995,,
06_065_41406,1955.0,805.0,1150.0,1423.0,1425.0,,,0.5882352941176471,2.0,0.0014054813773717498,,
06_065_41809,2004.0,966.0,1038.0,1475.0,1436.0,,,0.5179640718562875,-39.0,-0.026440677966101694,,
06_065_41906,1875.0,1187.0,688.0,1354.0,1362.0,52.0,30.0,0.36693333333333333,8.0,0.005908419497784343,-22.0,-0.4230769230769231
06_065_30300,1315.0,191.0,1124.0,796.0,869.0,,,0.8547528517110267,73.0,0.09170854271356783,,
06_065_30800,2424.0,1682.0,742.0,1179.0,1243.0,44.0,38.0,0.3061056105610561,64.0,0.0542832909245123,-6.0,-0.13636363636363635
06_065_31100,1601.0,1036.0,565.0,1303.0,1396.0,,,0.3529044347282948,93.0,0.0713737528779739,,
06_065_40301,2276.0,1379.0,897.0,968.0,1000.0,22.0,,0.39411247803163446,32.0,0.03305785123966942,,
06_065_40605,737.0,385.0,352.0,1237.0,1308.0,25.0,48.0,0.47761194029850745,71.0,0.05739692805173808,23.0,0.92
06_065_40901,2041.0,860.0,1181.0,1463.0,1491.0,73.0,53.0,0.5786379225869672,28.0,0.019138755980861243,-20.0,-0.273972602739726
06_065_41404,966.0,830.0,136.0,1861.0,1790.0,13.0,17.0,0.14078674948240166,-71.0,-0.03815153143471252,4.0,0.3076923076923077
06_065_41405,1184.0,1051.0,133.0,1422.0,1370.0,55.0,81.0,0.11233108108108109,-52.0,-0.03656821378340366,26.0,0.4727272727272727
06_065_30200,1794.0,816.0,978.0,1003.0,1047.0,109.0,125.0,0.5451505016722408,44.0,0.04386839481555334,16.0,0.14678899082568808
06_065_30601,1693.0,1602.0,91.0,2860.0,2940.0,25.0,39.0,0.05375073833431778,80.0,0.027972027972027972,14.0,0.56
06_065_44403,1515.0,1170.0,345.0,885.0,1017.0,74.0,133.0,0.22772277227722773,132.0,0.14915254237288136,59.0,0.7972972972972973
06_065_44915,1814.0,487.0,1327.0,1107.0,1135.0,18.0,17.0,0.7315325248070562,28.0,0.025293586269196026,-1.0,-0.05555555555555555
06_065_45103,2046.0,1433.0,613.0,1074.0,1176.0,56.0,20.0,0.29960899315738027,102.0,0.09497206703910614,-36.0,-0.6428571428571429
06_065_44510,1633.0,512.0,1121.0,929.0,930.0,125.0,86.0,0.6864666258420086,1.0,0.001076426264800861,-39.0,-0.312
06_065_44300,1396.0,840.0,556.0,908.0,885.0,,,0.3982808022922636,-23.0,-0.025330396475770924,,
06_065_45000,1457.0,852.0,605.0,1108.0,998.0,120.0,116.0,0.4152367879203844,-110.0,-0.09927797833935018,-4.0,-0.03333333333333333
06_065_45108,2256.0,1009.0,1247.0,1104.0,1216.0,44.0,37.0,0.5527482269503546,112.0,0.10144927536231885,-7.0,-0.1590909090909091
06_065_45605,2462.0,1779.0,683.0,585.0,600.0,8.0,36.0,0.27741673436230707,15.0,0.02564102564102564,28.0,3.5
06_065_46103,963.0,818.0,145.0,1093.0,1238.0,,,0.1505711318795431,145.0,0.13266239707227814,,
06_065_46404,1546.0,1182.0,364.0,1625.0,1633.0,77.0,94.0,0.23544631306597671,8.0,0.004923076923076923,17.0,0.22077922077922077
06_065_40302,2181.0,1869.0,312.0,1803.0,1756.0,39.0,35.0,0.14305364511691884,-47.0,-0.026067665002773157,-4.0,-0.10256410256410256
06_065_40701,735.0,686.0,49.0,2380.0,2398.0,,,0.06666666666666667,18.0,0.007563025210084034,,
06_065_40806,850.0,802.0,48.0,2176.0,2295.0,,,0.05647058823529412,119.0,0.0546875,,
06_065_41202,988.0,764.0,224.0,1325.0,1234.0,46.0,48.0,0.22672064777327935,-91.0,-0.06867924528301887,2.0,0.043478260869565216
06_065_41410,660.0,257.0,403.0,962.0,1054.0,23.0,21.0,0.6106060606060606,92.0,0.09563409563409564,-2.0,-0.08695652173913043
06_065_41600,1538.0,504.0,1034.0,1115.0,1115.0,114.0,108.0,0.6723016905071522,0.0,0.0,-6.0,-0.05263157894736842
06_065_41703,1610.0,285.0,1325.0,958.0,966.0,,,0.8229813664596274,8.0,0.008350730688935281,,
06_065_40503,1786.0,505.0,1281.0,981.0,996.0,37.0,45.0,0.7172452407614781,15.0,0.01529051987767584,8.0,0.21621621621621623
06_065_40702,949.0,735.0,214.0,1710.0,1943.0,75.0,87.0,0.22550052687038988,233.0,0.13625730994152047,12.0,0.16
06_065_40808,2104.0,1076.0,1028.0,1208.0,1398.0,,29.0,0.48859315589353614,190.0,0.15728476821192053,,
06_065_40809,950.0,809.0,141.0,2051.0,1962.0,62.0,59.0,0.14842105263157895,-89.0,-0.04339346660165773,-3.0,-0.04838709677419355
06_065_41408,1356.0,445.0,911.0,1177.0,1219.0,,,0.6718289085545722,42.0,0.0356839422259983,,
06_065_41500,465.0,237.0,228.0,1087.0,1066.0,36.0,23.0,0.49032258064516127,-21.0,-0.019319227230910764,-13.0,-0.3611111111111111
06_065_44701,1670.0,561.0,1109.0,900.0,929.0,68.0,,0.6640718562874252,29.0,0.03222222222222222,,
06_065_44702,672.0,434.0,238.0,1129.0,1203.0,25.0,27.0,0.3541666666666667,74.0,0.06554472984942426,2.0,0.08
06_065_44904,1677.0,1194.0,483.0,1657.0,1700.0,10.0,9.0,0.2880143112701252,43.0,0.02595051297525649,-1.0,-0.1
06_065_45207,1541.0,673.0,868.0,1017.0,984.0,16.0,19.0,0.5632706035042181,-33.0,-0.032448377581120944,3.0,0.1875
06_065_45302,1069.0,771.0,298.0,983.0,1026.0,,35.0,0.27876520112254444,43.0,0.04374364191251272,,
06_065_45706,1114.0,626.0,488.0,772.0,782.0,,,0.4380610412926391,10.0,0.012953367875647668,,
06_065_46101,1352.0,788.0,564.0,936.0,851.0,,,0.4171597633136095,-85.0,-0.09081196581196581,,
06_065_46200,1167.0,484.0,683.0,615.0,694.0,,,0.585261353898886,79.0,0.12845528455284552,,
06_065_44000,708.0,174.0,534.0,745.0,743.0,18.0,24.0,0.7542372881355932,-2.0,-0.0026845637583892616,6.0,0.3333333333333333
06_065_40904,892.0,648.0,244.0,1652.0,1761.0,30.0,28.0,0.273542600896861,109.0,0.06598062953995157,-2.0,-0.06666666666666667
06_065_40606,779.0,633.0,146.0,1653.0,1283.0,,,0.18741976893453144,-370.0,-0.2238354506957048,,
06_065_40703,868.0,639.0,229.0,1679.0,1862.0,,,0.2638248847926267,183.0,0.10899344848123883,,
06_065_41407,1669.0,702.0,967.0,1108.0,1129.0,27.0,29.0,0.579388855602157,21.0,0.01895306859205776,2.0,0.07407407407407407
06_065_43244,2377.0,2050.0,327.0,1954.0,1983.0,148.0,124.0,0.13756836348338242,29.0,0.014841351074718526,-24.0,-0.16216216216216217
06_065_43246,1550.0,1201.0,349.0,2780.0,2538.0,34.0,,0.22516129032258064,-242.0,-0.08705035971223021,,
06_065_43247,2020.0,1614.0,406.0,2892.0,2549.0,237.0,206.0,0.200990099009901,-343.0,-0.11860304287690179,-31.0,-0.1308016877637131
06_065_43248,1299.0,1189.0,110.0,2381.0,2582.0,49.0,24.0,0.08468052347959969,201.0,0.08441831163376733,-25.0,-0.5102040816326531
06_065_43252,1716.0,1564.0,152.0,2802.0,2684.0,57.0,50.0,0.08857808857808858,-118.0,-0.042112776588151324,-7.0,-0.12280701754385964
06_065_43250,2390.0,1713.0,677.0,2217.0,2218.0,125.0,146.0,0.28326359832635983,1.0,0.0004510599909788002,21.0,0.168
06_065_43254,1497.0,1192.0,305.0,1717.0,1545.0,,,0.20374081496325985,-172.0,-0.10017472335468841,,
06_065_43256,1003.0,728.0,275.0,2223.0,2029.0,43.0,48.0,0.2741774675972084,-194.0,-0.08726945569050833,5.0,0.11627906976744186
06_065_43257,2076.0,1812.0,264.0,2658.0,2908.0,62.0,113.0,0.12716763005780346,250.0,0.09405568096313018,51.0,0.8225806451612904
06_065_43262,1667.0,1380.0,287.0,2014.0,2080.0,27.0,56.0,0.17216556688662268,66.0,0.03277060575968222,29.0,1.0740740740740742
06_065_43264,2208.0,1755.0,453.0,1967.0,1998.0,16.0,51.0,0.20516304347826086,31.0,0.0157600406710727,35.0,2.1875
06_065_43265,1765.0,1368.0,397.0,2366.0,2407.0,,,0.22492917847025495,41.0,0.017328825021132713,,
06_065_41002,827.0,669.0,158.0,1441.0,1603.0,,16.0,0.19105199516324062,162.0,0.11242192921582235,,
06_065_41403,1064.0,674.0,390.0,1453.0,1393.0,8.0,5.0,0.36654135338345867,-60.0,-0.04129387474191328,-3.0,-0.375
06_065_41409,4040.0,3665.0,375.0,2687.0,2708.0,185.0,135.0,0.09282178217821782,21.0,0.007815407517677708,-50.0,-0.2702702702702703
06_065_41704,889.0,394.0,495.0,1014.0,1012.0,24.0,17.0,0.5568053993250843,-2.0,-0.0019723865877712033,-7.0,-0.2916666666666667
06_065_41805,1822.0,961.0,861.0,1734.0,1678.0,38.0,62.0,0.4725576289791438,-56.0,-0.03229527104959631,24.0,0.631578947368421
06_065_42004,1053.0,984.0,69.0,1958.0,1967.0,,18.0,0.06552706552706553,9.0,0.004596527068437181,,
06_065_42402,1285.0,1090.0,195.0,1710.0,1832.0,,,0.1517509727626459,122.0,0.07134502923976609,,
06_065_42716,1784.0,1446.0,338.0,1936.0,1825.0,50.0,48.0,0.18946188340807174,-111.0,-0.057334710743801656,-2.0,-0.04
06_065_42723,1855.0,1323.0,532.0,700.0,685.0,137.0,120.0,0.28679245283018867,-15.0,-0.02142857142857143,-17.0,-0.12408759124087591
06_065_43001,1561.0,771.0,790.0,863.0,991.0,57.0,45.0,0.5060858424087123,128.0,0.14831981460023175,-12.0,-0.21052631578947367
06_065_43005,1382.0,888.0,494.0,1253.0,1309.0,,44.0,0.35745296671490595,56.0,0.0446927374301676,,
06_065_43217,1048.0,697.0,351.0,1877.0,1839.0,22.0,26.0,0.3349236641221374,-38.0,-0.020245071923281833,4.0,0.18181818181818182
06_065_43222,1304.0,1219.0,85.0,2201.0,2553.0,,,0.0651840490797546,352.0,0.1599273057701045,,
06_065_43306,1738.0,1281.0,457.0,1146.0,1151.0,114.0,78.0,0.262945914844649,5.0,0.004363001745200698,-36.0,-0.3157894736842105
06_065_43403,1068.0,432.0,636.0,798.0,903.0,,,0.5955056179775281,105.0,0.13157894736842105,,
06_065_43508,2534.0,1896.0,638.0,770.0,688.0,144.0,114.0,0.2517758484609313,-82.0,-0.10649350649350649,-30.0,-0.20833333333333334
06_065_43509,1671.0,1177.0,494.0,1024.0,1052.0,101.0,120.0,0.2956313584679832,28.0,0.02734375,19.0,0.18811881188118812
06_065_30502,464.0,206.0,258.0,890.0,992.0,37.0,39.0,0.5560344827586207,102.0,0.1146067415730337,2.0,0.05405405405405406
06_065_31702,739.0,626.0,113.0,1654.0,1752.0,29.0,26.0,0.15290933694181327,98.0,0.0592503022974607,-3.0,-0.10344827586206896
06_065_46403,2052.0,1632.0,420.0,1698.0,1510.0,169.0,131.0,0.2046783625730994,-188.0,-0.11071849234393404,-38.0,-0.22485207100591717
06_065_45110,1805.0,1314.0,491.0,1583.0,1509.0,94.0,94.0,0.27202216066481993,-74.0,-0.04674668351231838,0.0,0.0
06_065_44930,1346.0,952.0,394.0,1177.0,1055.0,35.0,,0.29271916790490343,-122.0,-0.10365335598980459,,
06_065_44931,676.0,480.0,196.0,1825.0,1796.0,,,0.28994082840236685,-29.0,-0.01589041095890411,,
06_065_44932,952.0,634.0,318.0,1627.0,1784.0,118.0,71.0,0.33403361344537813,157.0,0.09649661954517517,-47.0,-0.3983050847457627
06_065_43821,920.0,589.0,331.0,1204.0,1557.0,,,0.35978260869565215,353.0,0.2931893687707641,,
06_065_43822,759.0,646.0,113.0,2075.0,2049.0,7.0,,0.14888010540184454,-26.0,-0.01253012048192771,,
06_065_43823,2008.0,1866.0,142.0,2565.0,2597.0,82.0,92.0,0.07071713147410359,32.0,0.012475633528265107,10.0,0.12195121951219512
06_065_44404,504.0,387.0,117.0,822.0,831.0,58.0,36.0,0.23214285714285715,9.0,0.010948905109489052,-22.0,-0.3793103448275862
06_065_44405,555.0,406.0,149.0,1407.0,1417.0,48.0,11.0,0.26846846846846845,10.0,0.007107320540156361,-37.0,-0.7708333333333334
06_065_44515,1109.0,876.0,233.0,665.0,802.0,170.0,201.0,0.21009918845807032,137.0,0.20601503759398496,31.0,0.18235294117647058
06_065_44516,2070.0,1201.0,869.0,868.0,916.0,207.0,190.0,0.41980676328502414,48.0,0.055299539170506916,-17.0,-0.0821256038647343
06_065_44517,965.0,775.0,190.0,992.0,1009.0,112.0,121.0,0.19689119170984457,17.0,0.017137096774193547,9.0,0.08035714285714286
06_065_44518,1925.0,1243.0,682.0,1202.0,1247.0,165.0,105.0,0.35428571428571426,45.0,0.03743760399334443,-60.0,-0.36363636363636365
06_065_44520,633.0,543.0,90.0,782.0,1258.0,27.0,58.0,0.14218009478672985,476.0,0.6086956521739131,31.0,1.1481481481481481
06_065_44521,274.0,198.0,76.0,801.0,854.0,,,0.2773722627737226,53.0,0.066167290886392,,
06_065_44522,1964.0,1643.0,321.0,559.0,576.0,139.0,128.0,0.1634419551934827,17.0,0.03041144901610018,-11.0,-0.07913669064748201
06_065_44605,2042.0,882.0,1160.0,831.0,831.0,170.0,111.0,0.5680705190989226,0.0,0.0,-59.0,-0.34705882352941175
06_065_44606,1121.0,608.0,513.0,1065.0,1123.0,156.0,152.0,0.4576271186440678,58.0,0.054460093896713614,-4.0,-0.02564102564102564
06_065_44917,2267.0,2075.0,192.0,2115.0,1967.0,46.0,52.0,0.0846934274371416,-148.0,-0.06997635933806147,6.0,0.13043478260869565
06_065_44918,1512.0,1195.0,317.0,2150.0,1733.0,97.0,67.0,0.20965608465608465,-417.0,-0.19395348837209303,-30.0,-0.30927835051546393
06_065_44919,2576.0,2266.0,310.0,975.0,930.0,245.0,205.0,0.1203416149068323,-45.0,-0.046153846153846156,-40.0,-0.16326530612244897
06_065_44921,784.0,674.0,110.0,2273.0,2041.0,84.0,58.0,0.14030612244897958,-232.0,-0.10206775186977562,-26.0,-0.30952380952380953
06_065_44922,1693.0,1182.0,511.0,1884.0,1767.0,36.0,152.0,0.30183106910809215,-117.0,-0.06210191082802548,116.0,3.2222222222222223
06_065_44923,1214.0,717.0,497.0,1562.0,1510.0,,,0.40939044481054365,-52.0,-0.03329065300896287,,
06_065_44924,1291.0,954.0,337.0,2133.0,1850.0,,,0.26103795507358635,-283.0,-0.1326769807782466,,
06_065_44925,1055.0,792.0,263.0,1579.0,1614.0,,,0.24928909952606634,35.0,0.022165927802406588,,
06_065_44926,1148.0,823.0,325.0,1459.0,1388.0,104.0,117.0,0.28310104529616725,-71.0,-0.04866346812885538,13.0,0.125
06_065_44927,1868.0,1393.0,475.0,1390.0,1405.0,175.0,123.0,0.25428265524625265,15.0,0.01079136690647482,-52.0,-0.29714285714285715
06_065_44928,1862.0,1444.0,418.0,1760.0,1785.0,92.0,210.0,0.22448979591836735,25.0,0.014204545454545454,118.0,1.2826086956521738
06_065_44929,1963.0,1347.0,616.0,1182.0,1263.0,66.0,72.0,0.3138053998981151,81.0,0.06852791878172589,6.0,0.09090909090909091
06_065_30101,312.0,201.0,111.0,1380.0,1411.0,,25.0,0.3557692307692308,31.0,0.02246376811594203,,
06_065_30103,547.0,228.0,319.0,1086.0,1111.0,,,0.583180987202925,25.0,0.02302025782688766,,
06_065_30104,1823.0,1058.0,765.0,1546.0,1414.0,34.0,36.0,0.4196379594075699,-132.0,-0.08538163001293661,2.0,0.058823529411764705
06_065_31601,1204.0,568.0,636.0,1275.0,1271.0,,,0.5282392026578073,-4.0,-0.003137254901960784,,
06_065_40101,929.0,544.0,385.0,1382.0,1174.0,,,0.41442411194833156,-208.0,-0.15050651230101303,,
06_065_40102,1109.0,813.0,296.0,1318.0,1358.0,,,0.26690712353471596,40.0,0.030349013657056147,,
06_065_31602,1677.0,793.0,884.0,1022.0,1093.0,30.0,35.0,0.5271317829457365,71.0,0.06947162426614481,5.0,0.16666666666666666
06_065_40404,806.0,669.0,137.0,1579.0,1578.0,,,0.16997518610421836,-1.0,-0.0006333122229259025,,
06_065_40405,1621.0,1248.0,373.0,2039.0,1751.0,45.0,38.0,0.23010487353485504,-288.0,-0.14124570868072583,-7.0,-0.15555555555555556
06_065_40609,1783.0,1510.0,273.0,3331.0,3319.0,108.0,97.0,0.1531127313516545,-12.0,-0.003602521765235665,-11.0,-0.10185185185185185
06_065_40611,1793.0,1575.0,218.0,3252.0,3219.0,77.0,88.0,0.12158393753485779,-33.0,-0.01014760147601476,11.0,0.14285714285714285
06_065_40613,3197.0,2910.0,287.0,2921.0,2914.0,57.0,74.0,0.08977166093212387,-7.0,-0.002396439575487847,17.0,0.2982456140350877
06_065_40607,2366.0,1585.0,781.0,1968.0,2093.0,89.0,106.0,0.3300929839391378,125.0,0.06351626016260163,17.0,0.19101123595505617
06_065_40615,2303.0,2093.0,210.0,3063.0,3110.0,,,0.0911854103343465,47.0,0.01534443356186745,,
06_065_40616,1834.0,1554.0,280.0,3306.0,3230.0,71.0,70.0,0.15267175572519084,-76.0,-0.022988505747126436,-1.0,-0.014084507042253521
06_065_41810,1553.0,1422.0,131.0,2848.0,2671.0,,,0.08435286542176433,-177.0,-0.06214887640449438,,
06_065_41904,1446.0,1253.0,193.0,1709.0,1722.0,10.0,27.0,0.1334716459197787,13.0,0.0076067875950848445,17.0,1.7
06_065_42010,1480.0,1146.0,334.0,1146.0,1034.0,23.0,16.0,0.22567567567567567,-112.0,-0.09773123909249563,-7.0,-0.30434782608695654
06_065_42207,1132.0,791.0,341.0,1835.0,1724.0,,,0.30123674911660775,-111.0,-0.060490463215258854,,
06_065_42209,1266.0,429.0,837.0,1038.0,963.0,,20.0,0.6611374407582938,-75.0,-0.07225433526011561,,
06_065_42210,1445.0,155.0,1290.0,1115.0,1156.0,,,0.8927335640138409,41.0,0.036771300448430494,,
06_065_42300,2082.0,1204.0,878.0,1076.0,1245.0,9.0,11.0,0.4217098943323727,169.0,0.1570631970260223,2.0,0.2222222222222222
06_065_44804,989.0,579.0,410.0,901.0,935.0,20.0,22.0,0.41456016177957533,34.0,0.03773584905660377,2.0,0.1
06_065_44805,1022.0,511.0,511.0,1237.0,1239.0,157.0,140.0,0.5,2.0,0.0016168148746968471,-17.0,-0.10828025477707007
06_065_45604,2779.0,1655.0,1124.0,755.0,790.0,26.0,,0.4044620367038503,35.0,0.046357615894039736,,
06_065_45900,765.0,458.0,307.0,597.0,653.0,,,0.4013071895424837,56.0,0.09380234505862646,,
06_065_46102,598.0,173.0,425.0,725.0,526.0,,,0.7107023411371237,-199.0,-0.27448275862068966,,
06_065_46401,1174.0,737.0,437.0,1330.0,1364.0,,,0.37223168654173766,34.0,0.02556390977443609,,
06_065_46402,1426.0,712.0,714.0,1089.0,1112.0,115.0,79.0,0.5007012622720898,23.0,0.021120293847566574,-36.0,-0.3130434782608696
06_065_41412,1415.0,1239.0,176.0,1488.0,1666.0,90.0,80.0,0.12438162544169612,178.0,0.1196236559139785,-10.0,-0.1111111111111111
06_065_41807,657.0,611.0,46.0,2236.0,2213.0,32.0,12.0,0.0700152207001522,-23.0,-0.010286225402504472,-20.0,-0.625
06_065_41813,1929.0,954.0,975.0,1289.0,1259.0,50.0,43.0,0.505443234836703,-30.0,-0.023273855702094646,-7.0,-0.14
06_065_49000,2026.0,1688.0,338.0,2337.0,2253.0,31.0,21.0,0.16683119447186576,-84.0,-0.03594351732991014,-10.0,-0.3225806451612903
06_065_49100,1806.0,1216.0,590.0,1300.0,1401.0,214.0,250.0,0.3266888150609081,101.0,0.07769230769230769,36.0,0.16822429906542055
06_065_49400,1250.0,922.0,328.0,1427.0,1581.0,,,0.2624,154.0,0.1079187105816398,,
06_065_48901,877.0,666.0,211.0,1829.0,1690.0,97.0,105.0,0.24059293044469784,-139.0,-0.07599781301257517,8.0,0.08247422680412371
06_065_48902,1561.0,1122.0,439.0,1260.0,1369.0,22.0,23.0,0.2812299807815503,109.0,0.0865079365079365,1.0,0.045454545454545456
06_065_49500,2162.0,1006.0,1156.0,733.0,715.0,54.0,51.0,0.5346901017576319,-18.0,-0.02455661664392906,-3.0,-0.05555555555555555
06_065_49600,2096.0,1077.0,1019.0,1850.0,1943.0,26.0,24.0,0.48616412213740456,93.0,0.05027027027027027,-2.0,-0.07692307692307693
06_065_49700,2611.0,2400.0,211.0,2699.0,2782.0,129.0,36.0,0.08081194944465722,83.0,0.030752130418673584,-93.0,-0.7209302325581395
06_065_49800,1267.0,654.0,613.0,1334.0,1361.0,40.0,65.0,0.48382004735595896,27.0,0.020239880059970013,25.0,0.625
06_065_50300,2324.0,1772.0,552.0,2558.0,2424.0,179.0,274.0,0.23752151462994836,-134.0,-0.05238467552775606,95.0,0.5307262569832403
06_065_50400,2957.0,2161.0,796.0,1808.0,1744.0,68.0,72.0,0.2691917483936422,-64.0,-0.035398230088495575,4.0,0.058823529411764705
06_065_43266,1657.0,652.0,1005.0,1504.0,1498.0,55.0,32.0,0.6065178032589016,-6.0,-0.003989361702127659,-23.0,-0.41818181818181815
06_065_43267,2186.0,1928.0,258.0,2231.0,2184.0,56.0,68.0,0.11802378774016468,-47.0,-0.0210667861945316,12.0,0.21428571428571427
06_065_43270,1528.0,1178.0,350.0,2334.0,2091.0,,,0.22905759162303665,-243.0,-0.10411311053984576,,
06_065_43271,1054.0,770.0,284.0,1821.0,1902.0,43.0,40.0,0.269449715370019,81.0,0.044481054365733116,-3.0,-0.06976744186046512
06_065_43272,1542.0,1427.0,115.0,2583.0,2668.0,123.0,171.0,0.07457846952010376,85.0,0.03290747193186218,48.0,0.3902439024390244
06_065_43276,983.0,811.0,172.0,2606.0,2368.0,66.0,50.0,0.17497456765005087,-238.0,-0.09132770529547199,-16.0,-0.24242424242424243
06_065_43278,1522.0,1321.0,201.0,2874.0,2734.0,158.0,161.0,0.13206307490144548,-140.0,-0.04871259568545581,3.0,0.0189873417721519
06_065_43279,1659.0,1443.0,216.0,1564.0,1685.0,103.0,90.0,0.1301989150090416,121.0,0.07736572890025575,-13.0,-0.1262135922330097
06_065_43291,3081.0,2185.0,896.0,1374.0,1414.0,122.0,123.0,0.290814670561506,40.0,0.02911208151382824,1.0,0.00819672131147541
06_065_43316,1600.0,1287.0,313.0,585.0,630.0,150.0,160.0,0.195625,45.0,0.07692307692307693,10.0,0.06666666666666667
06_065_43317,2057.0,1652.0,405.0,1514.0,1532.0,83.0,66.0,0.1968886728245017,18.0,0.011889035667107,-17.0,-0.20481927710843373
06_065_43512,1938.0,1433.0,505.0,1580.0,1581.0,133.0,89.0,0.26057791537667696,1.0,0.0006329113924050633,-44.0,-0.3308270676691729
06_065_43513,901.0,764.0,137.0,1368.0,1322.0,40.0,,0.15205327413984462,-46.0,-0.033625730994152045,,
06_065_43517,1505.0,1051.0,454.0,1925.0,1875.0,103.0,118.0,0.3016611295681063,-50.0,-0.025974025974025976,15.0,0.14563106796116504
06_065_44911,2485.0,1396.0,1089.0,1250.0,1211.0,57.0,57.0,0.43822937625754527,-39.0,-0.0312,0.0,0.0
06_065_45109,1329.0,910.0,419.0,1508.0,1552.0,24.0,34.0,0.3152746425884123,44.0,0.029177718832891247,10.0,0.4166666666666667
06_065_45501,1432.0,513.0,919.0,1004.0,979.0,,28.0,0.6417597765363129,-25.0,-0.0249003984063745,,
06_065_45703,1127.0,889.0,238.0,1045.0,1193.0,,,0.2111801242236025,148.0,0.1416267942583732,,
06_065_940100,67.0,63.0,4.0,588.0,1075.0,11.0,12.0,0.05970149253731343,487.0,0.8282312925170068,1.0,0.09090909090909091
06_065_41004,1402.0,564.0,838.0,1177.0,1191.0,,,0.5977175463623395,14.0,0.0118946474086661,,
06_065_50500,3657.0,2449.0,1208.0,2172.0,2200.0,67.0,49.0,0.3303254033360678,28.0,0.01289134438305709,-18.0,-0.26865671641791045
06_065_50600,2005.0,1504.0,501.0,2476.0,2518.0,34.0,35.0,0.24987531172069827,42.0,0.016962843295638127,1.0,0.029411764705882353
06_065_50700,2607.0,1885.0,722.0,2472.0,2396.0,212.0,201.0,0.27694668200997313,-76.0,-0.030744336569579287,-11.0,-0.05188679245283019
06_065_50900,1527.0,689.0,838.0,1481.0,1559.0,45.0,45.0,0.5487884741322855,78.0,0.05266711681296422,0.0,0.0
06_065_51100,1490.0,864.0,626.0,1798.0,1780.0,,,0.42013422818791946,-18.0,-0.010011123470522803,,
06_065_51200,1228.0,593.0,635.0,998.0,1094.0,18.0,2.0,0.5171009771986971,96.0,0.09619238476953908,-16.0,-0.8888888888888888
06_065_51300,2464.0,1980.0,484.0,1092.0,1237.0,199.0,249.0,0.19642857142857142,145.0,0.13278388278388278,50.0,0.25125628140703515
06_065_51400,3886.0,3597.0,289.0,1082.0,1142.0,94.0,249.0,0.0743695316520844,60.0,0.05545286506469501,155.0,1.648936170212766
06_065_940400,1497.0,1172.0,325.0,1162.0,1246.0,57.0,81.0,0.21710086840347362,84.0,0.07228915662650602,24.0,0.42105263157894735
06_065_940500,1261.0,944.0,317.0,1345.0,1453.0,78.0,74.0,0.2513877874702617,108.0,0.08029739776951673,-4.0,-0.05128205128205128
06_065_940600,1693.0,1539.0,154.0,1289.0,1694.0,155.0,118.0,0.09096278795038393,405.0,0.31419705197827774,-37.0,-0.23870967741935484
06_065_940700,1517.0,983.0,534.0,1187.0,1210.0,63.0,38.0,0.35201054713249835,23.0,0.019376579612468407,-25.0,-0.3968253968253968
06_065_940800,1802.0,1371.0,431.0,1035.0,1040.0,104.0,128.0,0.23917869034406217,5.0,0.004830917874396135,24.0,0.23076923076923078
06_065_940900,1097.0,958.0,139.0,1123.0,1146.0,82.0,89.0,0.1267092069279854,23.0,0.020480854853072127,7.0,0.08536585365853659
06_065_941000,2414.0,1777.0,637.0,950.0,924.0,140.0,130.0,0.263877381938691,-26.0,-0.02736842105263158,-10.0,-0.07142857142857142
06_065_941100,1301.0,1154.0,147.0,834.0,879.0,133.0,129.0,0.11299000768639508,45.0,0.0539568345323741,-4.0,-0.03007518796992481
06_065_31703,1180.0,805.0,375.0,1732.0,1620.0,,,0.3177966101694915,-112.0,-0.06466512702078522,,
06_065_40403,1245.0,779.0,466.0,1399.0,1503.0,74.0,132.0,0.3742971887550201,104.0,0.07433881343817011,58.0,0.7837837837837838
06_065_40502,1430.0,813.0,617.0,1282.0,1331.0,10.0,9.0,0.4314685314685315,49.0,0.038221528861154444,-1.0,-0.1
06_065_40604,1491.0,1355.0,136.0,1960.0,1981.0,25.0,15.0,0.09121395036887994,21.0,0.010714285714285714,-10.0,-0.4
06_065_30900,846.0,738.0,108.0,1181.0,1532.0,,,0.1276595744680851,351.0,0.2972057578323455,,
06_065_30503,935.0,147.0,788.0,860.0,875.0,,,0.8427807486631016,15.0,0.01744186046511628,,
06_065_31402,2224.0,1018.0,1206.0,1279.0,1364.0,,,0.5422661870503597,85.0,0.06645817044566067,,
06_065_31704,1875.0,979.0,896.0,1298.0,1387.0,,,0.47786666666666666,89.0,0.06856702619414484,,
06_065_40303,805.0,609.0,196.0,993.0,1174.0,14.0,41.0,0.24347826086956523,181.0,0.1822759315206445,27.0,1.9285714285714286
06_065_40603,591.0,380.0,211.0,1299.0,1400.0,,,0.3570219966159052,101.0,0.07775211701308699,,
06_065_40903,743.0,509.0,234.0,1127.0,1088.0,,,0.3149394347240915,-39.0,-0.03460514640638864,,
06_065_41003,693.0,596.0,97.0,1622.0,1826.0,,,0.13997113997113997,204.0,0.12577065351418001,,
06_065_30501,1341.0,747.0,594.0,1095.0,1073.0,25.0,26.0,0.4429530201342282,-22.0,-0.02009132420091324,1.0,0.04
06_065_30602,1320.0,1196.0,124.0,1796.0,1851.0,,,0.09393939393939393,55.0,0.030623608017817373,,
06_065_30603,1053.0,1000.0,53.0,2013.0,1979.0,22.0,25.0,0.050332383665717,-34.0,-0.01689021361152509,3.0,0.13636363636363635
06_065_31501,1778.0,849.0,929.0,1218.0,1270.0,,,0.5224971878515186,52.0,0.042692939244663386,,
06_065_40202,909.0,696.0,213.0,1262.0,1305.0,,,0.23432343234323433,43.0,0.03407290015847861,,
06_065_40203,963.0,402.0,561.0,875.0,896.0,20.0,,0.5825545171339563,21.0,0.024,,
06_065_40204,848.0,436.0,412.0,779.0,822.0,,,0.4858490566037736,43.0,0.055198973042362,,
06_065_43313,1034.0,594.0,440.0,1090.0,1001.0,27.0,19.0,0.425531914893617,-89.0,-0.081651376146789,-8.0,-0.2962962962962963
06_065_43401,1916.0,901.0,1015.0,802.0,795.0,177.0,153.0,0.5297494780793319,-7.0,-0.008728179551122194,-24.0,-0.13559322033898305
06_065_43504,2620.0,2039.0,581.0,1105.0,1058.0,166.0,173.0,0.2217557251908397,-47.0,-0.04253393665158371,7.0,0.04216867469879518
06_065_43802,2244.0,1864.0,380.0,1079.0,1114.0,53.0,,0.16934046345811052,35.0,0.03243744207599629,,
06_065_43900,1934.0,1094.0,840.0,1106.0,1129.0,21.0,31.0,0.4343329886246122,23.0,0.020795660036166366,10.0,0.47619047619047616
06_065_44505,2312.0,1754.0,558.0,905.0,991.0,,,0.24134948096885814,86.0,0.09502762430939227,,
06_065_40201,1800.0,1107.0,693.0,1494.0,1518.0,,,0.385,24.0,0.01606425702811245,,
06_065_31001,2190.0,1066.0,1124.0,1131.0,1146.0,36.0,30.0,0.5132420091324201,15.0,0.013262599469496022,-6.0,-0.16666666666666666
06_065_31200,2136.0,1559.0,577.0,1305.0,1301.0,136.0,111.0,0.2701310861423221,-4.0,-0.0030651340996168583,-25.0,-0.18382352941176472
06_065_43274,677.0,469.0,208.0,2369.0,2041.0,34.0,30.0,0.3072378138847858,-328.0,-0.13845504432249894,-4.0,-0.11764705882352941
06_065_43810,2038.0,1728.0,310.0,1715.0,1611.0,96.0,101.0,0.1521099116781158,-104.0,-0.060641399416909623,5.0,0.052083333333333336
06_065_43811,1501.0,1201.0,300.0,1233.0,1324.0,34.0,35.0,0.19986675549633579,91.0,0.07380373073803731,1.0,0.029411764705882353
06_065_43812,3699.0,3396.0,303.0,651.0,622.0,70.0,77.0,0.08191403081914031,-29.0,-0.0445468509984639,7.0,0.1
06_065_43814,431.0,431.0,0.0,735.0,773.0,37.0,47.0,0.0,38.0,0.05170068027210884,10.0,0.2702702702702703
06_065_43601,1253.0,541.0,712.0,770.0,872.0,149.0,154.0,0.5682362330407024,102.0,0.13246753246753246,5.0,0.03355704697986577
06_065_43602,1250.0,522.0,728.0,638.0,640.0,,,0.5824,2.0,0.003134796238244514,,
06_065_43813,1286.0,868.0,418.0,941.0,844.0,45.0,40.0,0.3250388802488336,-97.0,-0.1030818278427205,-5.0,-0.1111111111111111
06_065_43818,1178.0,1121.0,57.0,2348.0,2432.0,68.0,80.0,0.04838709677419355,84.0,0.03577512776831346,12.0,0.17647058823529413
06_065_43820,1201.0,1071.0,130.0,2151.0,2113.0,131.0,147.0,0.10824313072439634,-38.0,-0.017666201766620176,16.0,0.12213740458015267
06_065_31401,2100.0,984.0,1116.0,1219.0,1391.0,,,0.5314285714285715,172.0,0.14109926168990977,,
06_065_40807,988.0,791.0,197.0,2369.0,2259.0,67.0,48.0,0.19939271255060728,-110.0,-0.04643309413254538,-19.0,-0.2835820895522388
06_065_41001,797.0,384.0,413.0,1076.0,1030.0,26.0,24.0,0.5181932245922208,-46.0,-0.04275092936802974,-2.0,-0.07692307692307693
06_065_45114,1002.0,903.0,99.0,1357.0,1592.0,,62.0,0.09880239520958084,235.0,0.17317612380250552,,
06_065_45115,1140.0,1070.0,70.0,1367.0,1393.0,76.0,39.0,0.06140350877192982,26.0,0.019019751280175568,-37.0,-0.4868421052631579
06_065_45116,676.0,447.0,229.0,1282.0,1139.0,56.0,42.0,0.33875739644970415,-143.0,-0.11154446177847113,-14.0,-0.25
06_065_40812,1088.0,773.0,315.0,1513.0,1433.0,,43.0,0.28952205882352944,-80.0,-0.05287508261731659,,
06_065_40813,1803.0,1597.0,206.0,3123.0,3153.0,124.0,106.0,0.11425402107598447,30.0,0.009606147934678195,-18.0,-0.14516129032258066
06_065_40814,1579.0,875.0,704.0,1627.0,1746.0,60.0,,0.44585180493983534,119.0,0.07314074984634296,,
06_071_2021,1532.0,1365.0,167.0,2585.0,2560.0,54.0,27.0,0.10900783289817233,-25.0,-0.009671179883945842,-27.0,-0.5
06_071_2022,3053.0,2926.0,127.0,3759.0,3826.0,98.0,22.0,0.041598427775958076,67.0,0.01782388933226922,-76.0,-0.7755102040816326
06_071_2023,2256.0,751.0,1505.0,1278.0,1342.0,23.0,33.0,0.6671099290780141,64.0,0.050078247261345854,10.0,0.43478260869565216
06_071_2025,1841.0,1572.0,269.0,1424.0,1430.0,,,0.1461162411732754,6.0,0.004213483146067416,,
06_071_2027,2057.0,1510.0,547.0,1555.0,1643.0,,,0.2659212445308702,88.0,0.05659163987138264,,
06_071_2028,1520.0,1071.0,449.0,1469.0,1634.0,,,0.29539473684210527,165.0,0.1123213070115725,,
06_071_2029,1818.0,1601.0,217.0,2094.0,1983.0,25.0,130.0,0.11936193619361936,-111.0,-0.05300859598853868,105.0,4.2
06_071_2031,1827.0,1644.0,183.0,2529.0,2620.0,82.0,43.0,0.10016420361247948,91.0,0.03598260181890075,-39.0,-0.47560975609756095
06_071_2033,2444.0,2073.0,371.0,2344.0,2310.0,47.0,,0.15180032733224222,-34.0,-0.014505119453924915,,
06_071_2034,4417.0,2815.0,1602.0,2111.0,2266.0,113.0,93.0,0.3626896083314467,155.0,0.07342491710090004,-20.0,-0.17699115044247787
06_071_2035,2460.0,1883.0,577.0,1961.0,1954.0,,,0.2345528455284553,-7.0,-0.0035696073431922487,,
06_071_2036,4290.0,1178.0,3112.0,1656.0,1665.0,,,0.7254079254079254,9.0,0.005434782608695652,,
06_071_2101,1243.0,759.0,484.0,1560.0,1600.0,39.0,22.0,0.3893805309734513,40.0,0.02564102564102564,-17.0,-0.4358974358974359
06_071_2037,2017.0,1713.0,304.0,2425.0,2355.0,28.0,47.0,0.15071888943976203,-70.0,-0.0288659793814433,19.0,0.6785714285714286
06_071_10017,3995.0,3318.0,677.0,1889.0,1869.0,184.0,278.0,0.16946182728410514,-20.0,-0.010587612493382742,94.0,0.5108695652173914
06_071_10023,1667.0,1402.0,265.0,1383.0,1358.0,64.0,64.0,0.15896820635872824,-25.0,-0.018076644974692697,0.0,0.0
06_071_10300,1485.0,1020.0,465.0,646.0,626.0,,,0.31313131313131315,-20.0,-0.030959752321981424,,
06_071_11300,715.0,603.0,112.0,1294.0,1509.0,80.0,54.0,0.15664335664335666,215.0,0.1661514683153014,-26.0,-0.325
06_071_103,1568.0,1103.0,465.0,2097.0,1993.0,34.0,35.0,0.2965561224489796,-104.0,-0.04959465903671912,1.0,0.029411764705882353
06_071_1200,1578.0,1200.0,378.0,1396.0,1387.0,13.0,12.0,0.23954372623574144,-9.0,-0.0064469914040114614,-1.0,-0.07692307692307693
06_071_1600,1332.0,512.0,820.0,930.0,1040.0,58.0,55.0,0.6156156156156156,110.0,0.11827956989247312,-3.0,-0.05172413793103448
06_071_6100,2605.0,1727.0,878.0,1360.0,1368.0,213.0,132.0,0.33704414587332054,8.0,0.0058823529411764705,-81.0,-0.38028169014084506
06_071_6700,1072.0,697.0,375.0,991.0,1078.0,78.0,79.0,0.3498134328358209,87.0,0.08779011099899092,1.0,0.01282051282051282
06_071_7107,1087.0,523.0,564.0,958.0,956.0,43.0,66.0,0.5188592456301748,-2.0,-0.0020876826722338203,23.0,0.5348837209302325
06_071_7108,1013.0,100.0,913.0,931.0,956.0,,,0.9012833168805529,25.0,0.02685284640171858,,
06_071_7408,1138.0,409.0,729.0,928.0,917.0,26.0,25.0,0.640597539543058,-11.0,-0.011853448275862068,-1.0,-0.038461538461538464
06_071_111,883.0,701.0,182.0,2544.0,2726.0,25.0,,0.20611551528878821,182.0,0.07154088050314465,,
06_071_303,1803.0,1166.0,637.0,1087.0,1120.0,109.0,87.0,0.35330005546311705,33.0,0.03035878564857406,-22.0,-0.2018348623853211
06_071_9712,2062.0,1347.0,715.0,796.0,732.0,79.0,100.0,0.3467507274490786,-64.0,-0.08040201005025126,21.0,0.26582278481012656
06_071_9717,1282.0,996.0,286.0,1218.0,1216.0,23.0,26.0,0.22308892355694226,-2.0,-0.0016420361247947454,3.0,0.13043478260869565
06_071_9906,1272.0,1010.0,262.0,1437.0,1373.0,119.0,154.0,0.2059748427672956,-64.0,-0.04453723034098817,35.0,0.29411764705882354
06_071_9908,1432.0,1153.0,279.0,1445.0,1416.0,45.0,38.0,0.19483240223463688,-29.0,-0.020069204152249134,-7.0,-0.15555555555555556
06_071_9910,1549.0,1189.0,360.0,1364.0,1227.0,3.0,,0.23240800516462234,-137.0,-0.10043988269794721,,
06_071_9911,1741.0,1296.0,445.0,1662.0,1654.0,74.0,78.0,0.2556002297530155,-8.0,-0.0048134777376654635,4.0,0.05405405405405406
06_071_9912,1833.0,993.0,840.0,822.0,814.0,,,0.4582651391162029,-8.0,-0.009732360097323601,,
06_071_9913,1676.0,740.0,936.0,837.0,836.0,63.0,62.0,0.5584725536992841,-1.0,-0.0011947431302270011,-1.0,-0.015873015873015872
06_071_10025,2220.0,1215.0,1005.0,1052.0,1065.0,65.0,30.0,0.4527027027027027,13.0,0.012357414448669201,-35.0,-0.5384615384615384
06_071_10026,3232.0,1768.0,1464.0,1338.0,1311.0,96.0,91.0,0.452970297029703,-27.0,-0.020179372197309416,-5.0,-0.052083333333333336
06_071_10417,1577.0,1109.0,468.0,915.0,857.0,75.0,65.0,0.2967660114140774,-58.0,-0.0633879781420765,-10.0,-0.13333333333333333
06_071_10419,2185.0,1612.0,573.0,819.0,880.0,31.0,49.0,0.2622425629290618,61.0,0.07448107448107448,18.0,0.5806451612903226
06_071_10420,1821.0,1204.0,617.0,632.0,578.0,228.0,225.0,0.33882482152663373,-54.0,-0.08544303797468354,-3.0,-0.013157894736842105
06_071_10421,2387.0,596.0,1791.0,713.0,775.0,,6.0,0.7503142019271052,62.0,0.08695652173913043,,
06_071_10422,527.0,306.0,221.0,563.0,841.0,49.0,49.0,0.41935483870967744,278.0,0.4937833037300178,0.0,0.0
06_071_10423,1782.0,1534.0,248.0,711.0,705.0,63.0,128.0,0.13916947250280584,-6.0,-0.008438818565400843,65.0,1.0317460317460319
06_071_10424,815.0,640.0,175.0,479.0,567.0,,46.0,0.2147239263803681,88.0,0.1837160751565762,,
06_071_10803,931.0,751.0,180.0,1272.0,1258.0,160.0,125.0,0.1933404940923738,-14.0,-0.0110062893081761,-35.0,-0.21875
06_071_10804,1197.0,882.0,315.0,1071.0,1156.0,48.0,,0.2631578947368421,85.0,0.07936507936507936,,
06_071_10901,1529.0,1362.0,167.0,1686.0,1807.0,54.0,51.0,0.1092217135382603,121.0,0.07176749703440095,-3.0,-0.05555555555555555
06_071_10902,1019.0,867.0,152.0,1606.0,1675.0,100.0,75.0,0.1491658488714426,69.0,0.04296388542963885,-25.0,-0.25
06_071_11001,855.0,585.0,270.0,1264.0,1306.0,18.0,31.0,0.3157894736842105,42.0,0.03322784810126582,13.0,0.7222222222222222
06_071_11002,526.0,348.0,178.0,1202.0,1198.0,40.0,,0.33840304182509506,-4.0,-0.0033277870216306157,,
06_071_4301,1132.0,657.0,475.0,1353.0,1328.0,,,0.4196113074204947,-25.0,-0.018477457501847747,,
06_071_4302,1196.0,832.0,364.0,838.0,858.0,23.0,,0.30434782608695654,20.0,0.02386634844868735,,
06_071_4403,1417.0,1034.0,383.0,1051.0,1129.0,87.0,50.0,0.2702893436838391,78.0,0.07421503330161751,-37.0,-0.42528735632183906
06_071_4404,1571.0,1005.0,566.0,690.0,779.0,31.0,29.0,0.3602800763844685,89.0,0.1289855072463768,-2.0,-0.06451612903225806
06_071_4505,1598.0,934.0,664.0,940.0,936.0,56.0,101.0,0.41551939924906134,-4.0,-0.00425531914893617,45.0,0.8035714285714286
06_071_4507,1552.0,670.0,882.0,1077.0,1149.0,31.0,69.0,0.5682989690721649,72.0,0.06685236768802229,38.0,1.2258064516129032
06_071_4509,1540.0,1083.0,457.0,1561.0,1561.0,,,0.29675324675324677,0.0,0.0,,
06_071_4510,1354.0,602.0,752.0,1434.0,1447.0,,,0.5553914327917282,13.0,0.00906555090655509,,
06_071_4603,2295.0,1270.0,1025.0,1192.0,1139.0,41.0,41.0,0.4466230936819172,-53.0,-0.044463087248322146,0.0,0.0
06_071_4604,1591.0,1024.0,567.0,1208.0,1237.0,55.0,64.0,0.3563796354494029,29.0,0.024006622516556293,9.0,0.16363636363636364
06_071_5701,942.0,57.0,885.0,394.0,474.0,43.0,49.0,0.9394904458598726,80.0,0.20304568527918782,6.0,0.13953488372093023
06_071_6203,1518.0,565.0,953.0,859.0,860.0,,,0.6277997364953887,1.0,0.0011641443538998836,,
06_071_6204,1453.0,243.0,1210.0,791.0,818.0,,,0.8327598072952512,27.0,0.03413400758533502,,
06_071_6601,1221.0,739.0,482.0,957.0,976.0,12.0,,0.39475839475839475,19.0,0.019853709508881923,,
06_071_6603,1268.0,1010.0,258.0,1294.0,1179.0,,,0.20347003154574134,-115.0,-0.08887171561051005,,
06_071_6604,1179.0,744.0,435.0,827.0,832.0,,,0.36895674300254455,5.0,0.006045949214026602,,
06_071_7109,2381.0,639.0,1742.0,1215.0,1134.0,,,0.7316253674926502,-81.0,-0.06666666666666667,,
06_071_7110,1525.0,1202.0,323.0,1882.0,1736.0,,,0.21180327868852458,-146.0,-0.077577045696068,,
06_071_7303,2035.0,207.0,1828.0,789.0,850.0,,,0.8982800982800982,61.0,0.07731305449936629,,
06_071_7305,1216.0,271.0,945.0,1087.0,1087.0,45.0,,0.7771381578947368,0.0,0.0,,
06_071_7306,2170.0,758.0,1412.0,1248.0,1271.0,80.0,83.0,0.6506912442396313,23.0,0.01842948717948718,3.0,0.0375
06_071_7409,1540.0,1038.0,502.0,1255.0,1234.0,56.0,57.0,0.32597402597402597,-21.0,-0.016733067729083666,1.0,0.017857142857142856
06_071_7410,2085.0,886.0,1199.0,948.0,937.0,,,0.5750599520383693,-11.0,-0.011603375527426161,,
06_071_7603,1461.0,747.0,714.0,938.0,796.0,33.0,35.0,0.4887063655030801,-142.0,-0.1513859275053305,2.0,0.06060606060606061
06_071_7604,1116.0,812.0,304.0,1306.0,1226.0,,,0.2724014336917563,-80.0,-0.06125574272588055,,
06_071_7903,1275.0,1122.0,153.0,2001.0,1955.0,44.0,38.0,0.12,-46.0,-0.022988505747126436,-6.0,-0.13636363636363635
06_071_7904,2032.0,1798.0,234.0,2342.0,2261.0,16.0,,0.11515748031496063,-81.0,-0.034585824081981215,,
06_071_8601,1951.0,1100.0,851.0,1175.0,1214.0,104.0,61.0,0.4361865709892363,39.0,0.033191489361702124,-43.0,-0.41346153846153844
06_071_8602,1328.0,923.0,405.0,952.0,950.0,,,0.3049698795180723,-2.0,-0.0021008403361344537,,
06_071_8709,1497.0,941.0,556.0,694.0,727.0,96.0,103.0,0.37140948563794257,33.0,0.04755043227665706,7.0,0.07291666666666667
06_071_8710,1582.0,1125.0,457.0,553.0,622.0,34.0,,0.2888748419721871,69.0,0.12477396021699819,,
06_071_812,1308.0,1075.0,233.0,2170.0,2072.0,24.0,25.0,0.17813455657492355,-98.0,-0.04516129032258064,1.0,0.041666666666666664
06_071_2010,2125.0,1882.0,243.0,3010.0,2968.0,,,0.11435294117647059,-42.0,-0.013953488372093023,,
06_071_9109,1973.0,1306.0,667.0,1132.0,968.0,101.0,58.0,0.3380638621388748,-164.0,-0.14487632508833923,-43.0,-0.42574257425742573
06_071_9108,1910.0,1365.0,545.0,1211.0,1171.0,23.0,32.0,0.28534031413612565,-40.0,-0.03303055326176713,9.0,0.391304347826087
06_071_9110,4058.0,2986.0,1072.0,1598.0,1526.0,188.0,166.0,0.2641695416461311,-72.0,-0.04505632040050062,-22.0,-0.11702127659574468
06_071_9112,2058.0,1615.0,443.0,1424.0,1326.0,131.0,229.0,0.2152575315840622,-98.0,-0.06882022471910113,98.0,0.7480916030534351
06_071_9114,2286.0,1575.0,711.0,1676.0,1586.0,274.0,281.0,0.3110236220472441,-90.0,-0.05369928400954654,7.0,0.025547445255474453
06_071_9116,1851.0,582.0,1269.0,733.0,701.0,126.0,122.0,0.6855753646677472,-32.0,-0.04365620736698499,-4.0,-0.031746031746031744
06_071_9117,1482.0,1034.0,448.0,932.0,950.0,148.0,114.0,0.30229419703103916,18.0,0.019313304721030045,-34.0,-0.22972972972972974
06_071_9118,5536.0,4266.0,1270.0,1823.0,1662.0,253.0,273.0,0.22940751445086704,-161.0,-0.08831596269884805,20.0,0.07905138339920949
06_071_9119,1669.0,1497.0,172.0,1802.0,1782.0,27.0,29.0,0.1030557219892151,-20.0,-0.011098779134295227,2.0,0.07407407407407407
06_071_9201,1900.0,1585.0,315.0,1286.0,1451.0,33.0,33.0,0.16578947368421051,165.0,0.12830482115085537,0.0,0.0
06_071_9202,725.0,638.0,87.0,1720.0,1806.0,43.0,17.0,0.12,86.0,0.05,-26.0,-0.6046511627906976
06_071_2038,1431.0,1246.0,185.0,2303.0,2281.0,,,0.12928022361984626,-22.0,-0.009552757273122015,,
06_071_2103,1659.0,503.0,1156.0,1249.0,1429.0,41.0,86.0,0.6968053044002411,180.0,0.14411529223378702,45.0,1.0975609756097562
06_071_2105,1694.0,1367.0,327.0,1451.0,1323.0,69.0,86.0,0.19303423848878395,-128.0,-0.08821502412129566,17.0,0.2463768115942029
06_071_2107,1970.0,887.0,1083.0,991.0,1087.0,36.0,12.0,0.549746192893401,96.0,0.09687184661957618,-24.0,-0.6666666666666666
06_071_2109,1942.0,235.0,1707.0,1370.0,1401.0,,,0.8789907312049433,31.0,0.022627737226277374,,
06_071_2110,2997.0,184.0,2813.0,1343.0,1390.0,58.0,47.0,0.9386052719386053,47.0,0.034996276991809384,-11.0,-0.1896551724137931
06_071_2206,2054.0,1628.0,426.0,1904.0,1859.0,,,0.2074001947419669,-45.0,-0.023634453781512604,,
06_071_2207,451.0,48.0,403.0,1520.0,1454.0,9.0,6.0,0.893569844789357,-66.0,-0.04342105263157895,-3.0,-0.3333333333333333
06_071_2304,4522.0,3988.0,534.0,2691.0,2653.0,247.0,206.0,0.11808934099955772,-38.0,-0.014121144555927164,-41.0,-0.1659919028340081
06_071_2305,2669.0,2206.0,463.0,2082.0,1966.0,,,0.1734732109404271,-116.0,-0.05571565802113353,,
06_071_2306,996.0,842.0,154.0,1835.0,1940.0,,,0.15461847389558234,105.0,0.05722070844686648,,
06_071_2307,1110.0,886.0,224.0,1604.0,1573.0,,,0.2018018018018018,-31.0,-0.019326683291770574,,
06_071_2604,1290.0,1085.0,205.0,1705.0,1654.0,105.0,121.0,0.15891472868217055,-51.0,-0.029912023460410556,16.0,0.1523809523809524
06_071_2606,1716.0,1210.0,506.0,1861.0,1662.0,144.0,135.0,0.2948717948717949,-199.0,-0.10693175711982805,-9.0,-0.0625
06_071_2607,1901.0,1733.0,168.0,2247.0,2137.0,91.0,57.0,0.08837453971593898,-110.0,-0.04895416110369381,-34.0,-0.37362637362637363
06_071_2703,1581.0,1362.0,219.0,2126.0,2156.0,29.0,34.0,0.13851992409867173,30.0,0.014111006585136407,5.0,0.1724137931034483
06_071_2704,2738.0,2436.0,302.0,2730.0,2665.0,117.0,118.0,0.11029948867786706,-65.0,-0.023809523809523808,1.0,0.008547008547008548
06_071_2705,1437.0,1248.0,189.0,1684.0,1650.0,41.0,61.0,0.1315240083507307,-34.0,-0.020190023752969122,20.0,0.4878048780487805
06_071_2706,1434.0,1119.0,315.0,1719.0,1499.0,85.0,109.0,0.2196652719665272,-220.0,-0.12798138452588714,24.0,0.2823529411764706
06_071_10410,1202.0,848.0,354.0,867.0,936.0,92.0,105.0,0.2945091514143095,69.0,0.07958477508650519,13.0,0.14130434782608695
06_071_104,1804.0,1389.0,415.0,2268.0,2262.0,,,0.23004434589800443,-6.0,-0.0026455026455026454,,
06_071_401,1798.0,1497.0,301.0,1879.0,1867.0,,50.0,0.16740823136818686,-12.0,-0.006386375731772219,,
06_071_1703,1771.0,1443.0,328.0,1617.0,1548.0,93.0,54.0,0.1852060982495765,-69.0,-0.04267161410018553,-39.0,-0.41935483870967744
06_071_2301,2093.0,1772.0,321.0,1741.0,1717.0,101.0,120.0,0.1533683707596751,-24.0,-0.013785180930499713,19.0,0.18811881188118812
06_071_2501,1354.0,1002.0,352.0,1351.0,1441.0,19.0,23.0,0.25997045790251105,90.0,0.06661732050333087,4.0,0.21052631578947367
06_071_3401,1699.0,1201.0,498.0,1390.0,1316.0,22.0,18.0,0.29311359623307826,-74.0,-0.053237410071942444,-4.0,-0.18181818181818182
06_071_2801,1199.0,620.0,579.0,1335.0,1328.0,34.0,34.0,0.4829024186822352,-7.0,-0.0052434456928838954,0.0,0.0
06_071_3301,1345.0,577.0,768.0,1076.0,1133.0,,34.0,0.571003717472119,57.0,0.05297397769516728,,
06_071_2803,840.0,381.0,459.0,1138.0,984.0,,,0.5464285714285714,-154.0,-0.13532513181019332,,
06_071_11101,1446.0,1124.0,322.0,1232.0,1210.0,94.0,33.0,0.22268326417704012,-22.0,-0.017857142857142856,-61.0,-0.648936170212766
06_071_11102,796.0,562.0,234.0,1240.0,1317.0,49.0,52.0,0.29396984924623115,77.0,0.062096774193548386,3.0,0.061224489795918366
06_071_11203,634.0,411.0,223.0,1515.0,1236.0,40.0,18.0,0.35173501577287064,-279.0,-0.18415841584158416,-22.0,-0.55
06_071_11204,642.0,439.0,203.0,1380.0,1305.0,41.0,19.0,0.3161993769470405,-75.0,-0.05434782608695652,-22.0,-0.5365853658536586
06_071_11205,568.0,136.0,432.0,824.0,779.0,63.0,53.0,0.7605633802816901,-45.0,-0.05461165048543689,-10.0,-0.15873015873015872
06_071_11206,340.0,151.0,189.0,902.0,881.0,56.0,50.0,0.5558823529411765,-21.0,-0.02328159645232816,-6.0,-0.10714285714285714
06_071_11401,1320.0,758.0,562.0,1072.0,1147.0,190.0,134.0,0.4257575757575758,75.0,0.06996268656716417,-56.0,-0.29473684210526313
06_071_11403,1217.0,736.0,481.0,893.0,827.0,118.0,66.0,0.3952341824157765,-66.0,-0.07390817469204927,-52.0,-0.4406779661016949
06_071_3403,1114.0,826.0,288.0,1629.0,1532.0,,,0.2585278276481149,-97.0,-0.05954573357888275,,
06_071_4900,1764.0,778.0,986.0,880.0,863.0,71.0,71.0,0.5589569160997733,-17.0,-0.019318181818181818,0.0,0.0
06_071_5800,1142.0,210.0,932.0,779.0,815.0,40.0,56.0,0.8161120840630472,36.0,0.04621309370988447,16.0,0.4
06_071_7000,1889.0,872.0,1017.0,978.0,1009.0,,,0.5383800952885125,31.0,0.03169734151329243,,
06_071_5200,1324.0,710.0,614.0,1094.0,1047.0,10.0,11.0,0.4637462235649547,-47.0,-0.04296160877513711,1.0,0.1
06_071_6301,1502.0,615.0,887.0,949.0,955.0,,,0.5905459387483355,6.0,0.006322444678609062,,
06_071_6401,879.0,389.0,490.0,584.0,643.0,43.0,27.0,0.5574516496018203,59.0,0.10102739726027397,-16.0,-0.37209302325581395
06_071_8001,1907.0,1317.0,590.0,1301.0,1221.0,67.0,99.0,0.3093864708966964,-80.0,-0.061491160645657184,32.0,0.47761194029850745
06_071_8404,1014.0,153.0,861.0,965.0,1043.0,,,0.849112426035503,78.0,0.08082901554404145,,
06_071_8901,1037.0,763.0,274.0,530.0,558.0,6.0,6.0,0.26422372227579555,28.0,0.052830188679245285,0.0,0.0
06_071_9300,453.0,268.0,185.0,785.0,821.0,,,0.4083885209713024,36.0,0.045859872611464965,,
06_071_10021,1804.0,1500.0,304.0,1299.0,1320.0,72.0,69.0,0.16851441241685144,21.0,0.016166281755196306,-3.0,-0.041666666666666664
06_071_11700,540.0,346.0,194.0,619.0,613.0,5.0,,0.3592592592592593,-6.0,-0.009693053311793215,,
06_071_7104,1523.0,1230.0,293.0,1513.0,1592.0,,,0.19238345370978333,79.0,0.05221414408460013,,
06_071_7105,1181.0,694.0,487.0,1300.0,1308.0,44.0,25.0,0.4123624047417443,8.0,0.006153846153846154,-19.0,-0.4318181818181818
06_071_808,1904.0,1439.0,465.0,1437.0,1328.0,,27.0,0.24422268907563024,-109.0,-0.07585247042449547,,
06_071_1400,978.0,246.0,732.0,858.0,894.0,,,0.7484662576687117,36.0,0.04195804195804196,,
06_071_11404,1566.0,1222.0,344.0,1315.0,1216.0,52.0,,0.21966794380587484,-99.0,-0.0752851711026616,,
06_071_12001,2037.0,1250.0,787.0,1006.0,992.0,,,0.3863524791359843,-14.0,-0.013916500994035786,,
06_071_12002,2018.0,1256.0,762.0,897.0,982.0,40.0,68.0,0.377601585728444,85.0,0.0947603121516165,28.0,0.7
06_071_12101,1909.0,1314.0,595.0,1352.0,1276.0,69.0,62.0,0.3116815086432687,-76.0,-0.05621301775147929,-7.0,-0.10144927536231885
06_071_12103,1499.0,1328.0,171.0,866.0,851.0,,29.0,0.11407605070046697,-15.0,-0.017321016166281754,,
06_071_12104,1837.0,1430.0,407.0,812.0,713.0,,63.0,0.2215568862275449,-99.0,-0.12192118226600986,,
06_071_12200,361.0,285.0,76.0,2484.0,2543.0,,,0.21052631578947367,59.0,0.023752012882447666,,
06_071_9904,2996.0,1373.0,1623.0,951.0,959.0,270.0,253.0,0.5417222963951935,8.0,0.008412197686645636,-17.0,-0.06296296296296296
06_071_9905,1989.0,1161.0,828.0,1451.0,1421.0,175.0,202.0,0.416289592760181,-30.0,-0.02067539627842867,27.0,0.15428571428571428
06_071_2204,1542.0,912.0,630.0,1381.0,1389.0,28.0,40.0,0.4085603112840467,8.0,0.005792903692976104,12.0,0.42857142857142855
06_071_304,1617.0,1101.0,516.0,1601.0,1382.0,,,0.31910946196660483,-219.0,-0.136789506558401,,
06_071_8500,3037.0,2512.0,525.0,2371.0,2445.0,73.0,75.0,0.17286796180441225,74.0,0.03121045972163644,2.0,0.0273972602739726
06_071_8002,1951.0,672.0,1279.0,990.0,942.0,75.0,70.0,0.655561250640697,-48.0,-0.048484848484848485,-5.0,-0.06666666666666667
06_071_8403,2050.0,1715.0,335.0,1920.0,1989.0,45.0,45.0,0.16341463414634147,69.0,0.0359375,0.0,0.0
06_071_8706,3931.0,3314.0,617.0,1868.0,1920.0,219.0,274.0,0.15695751717120326,52.0,0.027837259100642397,55.0,0.2511415525114155
06_071_9709,1897.0,1331.0,566.0,1157.0,1139.0,40.0,78.0,0.29836584080126516,-18.0,-0.015557476231633534,38.0,0.95
06_071_8705,1404.0,766.0,638.0,1070.0,1080.0,55.0,73.0,0.4544159544159544,10.0,0.009345794392523364,18.0,0.32727272727272727
06_071_8708,1389.0,1163.0,226.0,1613.0,1683.0,31.0,18.0,0.1627069834413247,70.0,0.04339739615623062,-13.0,-0.41935483870967744
06_071_9107,2322.0,1622.0,700.0,885.0,1021.0,136.0,157.0,0.301464254952627,136.0,0.1536723163841808,21.0,0.15441176470588236
06_071_10011,1353.0,702.0,651.0,971.0,971.0,,21.0,0.4811529933481153,0.0,0.0,,
06_071_11500,586.0,459.0,127.0,1110.0,1220.0,135.0,103.0,0.2167235494880546,110.0,0.0990990990990991,-32.0,-0.23703703703703705
06_071_1803,959.0,725.0,234.0,1166.0,1208.0,34.0,56.0,0.2440041710114703,42.0,0.036020583190394515,22.0,0.6470588235294118
06_071_2602,1796.0,1330.0,466.0,1812.0,1793.0,72.0,59.0,0.2594654788418708,-19.0,-0.010485651214128035,-13.0,-0.18055555555555555
06_071_2901,1018.0,525.0,493.0,1150.0,1107.0,15.0,20.0,0.48428290766208254,-43.0,-0.03739130434782609,5.0,0.3333333333333333
06_071_2902,1718.0,952.0,766.0,975.0,949.0,53.0,55.0,0.4458672875436554,-26.0,-0.02666666666666667,2.0,0.03773584905660377
06_071_10018,1975.0,1395.0,580.0,1521.0,1431.0,68.0,44.0,0.2936708860759494,-90.0,-0.05917159763313609,-24.0,-0.35294117647058826
06_071_9500,2619.0,1258.0,1361.0,768.0,759.0,17.0,22.0,0.519663993890798,-9.0,-0.01171875,5.0,0.29411764705882354
06_071_9713,2232.0,1748.0,484.0,1349.0,1430.0,82.0,44.0,0.2168458781362007,81.0,0.060044477390659746,-38.0,-0.4634146341463415
06_071_9716,2340.0,971.0,1369.0,860.0,867.0,41.0,74.0,0.5850427350427351,7.0,0.00813953488372093,33.0,0.8048780487804879
06_071_10402,1631.0,52.0,1579.0,1044.0,1090.0,,,0.9681177191906806,46.0,0.044061302681992334,,
06_071_10409,1198.0,805.0,393.0,873.0,885.0,120.0,115.0,0.3280467445742905,12.0,0.013745704467353952,-5.0,-0.041666666666666664
06_071_10411,2760.0,1693.0,1067.0,716.0,764.0,140.0,97.0,0.38659420289855073,48.0,0.0670391061452514,-43.0,-0.30714285714285716
06_071_10700,1597.0,815.0,782.0,767.0,755.0,80.0,71.0,0.48966812773951157,-12.0,-0.01564537157757497,-9.0,-0.1125
06_071_10019,1378.0,794.0,584.0,1057.0,1084.0,,,0.42380261248185774,27.0,0.02554399243140965,,
06_071_10022,1374.0,1134.0,240.0,1333.0,1337.0,13.0,57.0,0.17467248908296942,4.0,0.003000750187546887,44.0,3.3846153846153846
06_071_10024,1600.0,1416.0,184.0,1623.0,1667.0,34.0,37.0,0.115,44.0,0.027110289587184228,3.0,0.08823529411764706
06_071_11800,2505.0,1363.0,1142.0,982.0,989.0,,,0.4558882235528942,7.0,0.007128309572301426,,
06_071_9715,2749.0,2153.0,596.0,1569.0,1607.0,174.0,205.0,0.2168061113132048,38.0,0.024219247928616953,31.0,0.1781609195402299
06_071_10012,1381.0,1053.0,328.0,1269.0,1260.0,50.0,51.0,0.23750905141202028,-9.0,-0.0070921985815602835,1.0,0.02
06_071_10015,1573.0,1075.0,498.0,1267.0,1219.0,30.0,,0.3165924984106802,-48.0,-0.037884767166535126,,
06_071_109,2091.0,1880.0,211.0,2158.0,2191.0,,,0.10090865614538498,33.0,0.015291936978683966,,
06_071_4503,937.0,891.0,46.0,2442.0,2379.0,23.0,25.0,0.04909284951974386,-63.0,-0.025798525798525797,2.0,0.08695652173913043
06_071_3900,1313.0,993.0,320.0,1102.0,1084.0,29.0,26.0,0.24371667936024372,-18.0,-0.016333938294010888,-3.0,-0.10344827586206896
06_071_5600,1734.0,470.0,1264.0,834.0,824.0,65.0,97.0,0.7289504036908881,-10.0,-0.011990407673860911,32.0,0.49230769230769234
06_071_804,1308.0,1110.0,198.0,1853.0,2103.0,,,0.15137614678899083,250.0,0.13491635186184567,,
06_071_1702,1587.0,993.0,594.0,1486.0,1603.0,52.0,28.0,0.3742911153119093,117.0,0.07873485868102288,-24.0,-0.46153846153846156
06_071_118,1231.0,1130.0,101.0,2439.0,2410.0,16.0,47.0,0.08204711616571893,-29.0,-0.011890118901189012,31.0,1.9375
06_071_203,1153.0,785.0,368.0,1516.0,1355.0,,,0.3191673894189072,-161.0,-0.10620052770448549,,
06_071_403,1396.0,1250.0,146.0,1327.0,1551.0,38.0,38.0,0.10458452722063037,224.0,0.16880180859080632,0.0,0.0
06_071_205,1329.0,835.0,494.0,1369.0,1305.0,13.0,13.0,0.37170805116629047,-64.0,-0.04674945215485756,0.0,0.0
06_071_207,1116.0,805.0,311.0,1450.0,1384.0,,,0.278673835125448,-66.0,-0.04551724137931035,,
06_071_2401,1876.0,1256.0,620.0,1267.0,1308.0,66.0,67.0,0.3304904051172708,41.0,0.03235990528808208,1.0,0.015151515151515152
06_071_2402,1826.0,996.0,830.0,1194.0,1221.0,28.0,27.0,0.45454545454545453,27.0,0.022613065326633167,-1.0,-0.03571428571428571
06_071_3700,1225.0,267.0,958.0,884.0,887.0,41.0,22.0,0.7820408163265307,3.0,0.003393665158371041,-19.0,-0.4634146341463415
06_071_4601,2401.0,1138.0,1263.0,1252.0,1252.0,19.0,29.0,0.5260308204914619,0.0,0.0,10.0,0.5263157894736842
06_071_4700,1442.0,733.0,709.0,900.0,906.0,43.0,42.0,0.49167822468793343,6.0,0.006666666666666667,-1.0,-0.023255813953488372
06_071_208,954.0,753.0,201.0,1296.0,1378.0,,,0.21069182389937108,82.0,0.06327160493827161,,
06_071_404,1639.0,548.0,1091.0,1320.0,1234.0,,,0.6656497864551556,-86.0,-0.06515151515151515,,
06_071_501,1878.0,1441.0,437.0,1838.0,1879.0,,,0.2326943556975506,41.0,0.022306855277475515,,
06_071_503,1519.0,780.0,739.0,1458.0,1453.0,,,0.48650427913100724,-5.0,-0.003429355281207133,,
06_071_504,1456.0,1356.0,100.0,2101.0,2293.0,,,0.06868131868131869,192.0,0.09138505473584008,,
06_071_603,1434.0,790.0,644.0,1244.0,1262.0,,,0.4490934449093445,18.0,0.014469453376205787,,
06_071_604,1720.0,1040.0,680.0,1292.0,1306.0,19.0,31.0,0.3953488372093023,14.0,0.010835913312693499,12.0,0.631578947368421
06_071_605,1094.0,610.0,484.0,972.0,983.0,27.0,78.0,0.4424131627056673,11.0,0.01131687242798354,51.0,1.8888888888888888
06_071_606,1161.0,808.0,353.0,1376.0,1486.0,,,0.3040482342807924,110.0,0.07994186046511628,,
06_071_813,1271.0,1229.0,42.0,2406.0,2594.0,,,0.03304484657749803,188.0,0.07813798836242726,,
06_071_815,1260.0,1185.0,75.0,2288.0,2513.0,,,0.05952380952380952,225.0,0.09833916083916083,,
06_071_816,1298.0,1249.0,49.0,1640.0,1585.0,54.0,53.0,0.03775038520801233,-55.0,-0.03353658536585366,-1.0,-0.018518518518518517
06_071_817,1279.0,923.0,356.0,1210.0,1205.0,,,0.27834245504300237,-5.0,-0.004132231404958678,,
06_071_814,1288.0,1278.0,10.0,2583.0,2348.0,,,0.007763975155279503,-235.0,-0.09097948122338366,,
06_071_818,1840.0,1517.0,323.0,1708.0,1906.0,,39.0,0.17554347826086958,198.0,0.11592505854800937,,
06_071_819,1796.0,1417.0,379.0,1961.0,2019.0,75.0,59.0,0.21102449888641425,58.0,0.029576746557878633,-16.0,-0.21333333333333335
06_071_820,1264.0,1232.0,32.0,2789.0,2408.0,20.0,45.0,0.02531645569620253,-381.0,-0.13660810326281822,25.0,1.25
06_071_821,1125.0,81.0,1044.0,1240.0,1369.0,40.0,29.0,0.928,129.0,0.10403225806451613,-11.0,-0.275
06_071_823,2305.0,598.0,1707.0,1198.0,1180.0,,,0.7405639913232104,-18.0,-0.015025041736227046,,
06_071_824,1716.0,393.0,1323.0,1010.0,1078.0,,,0.7709790209790209,68.0,0.06732673267326733,,
06_071_4504,2526.0,1849.0,677.0,1755.0,1768.0,,,0.2680126682501979,13.0,0.007407407407407408,,
06_071_8401,2845.0,2217.0,628.0,1555.0,1477.0,131.0,124.0,0.22073813708260107,-78.0,-0.05016077170418006,-7.0,-0.05343511450381679
06_071_8703,2771.0,2549.0,222.0,2166.0,2225.0,90.0,51.0,0.0801154817755323,59.0,0.02723915050784857,-39.0,-0.43333333333333335
06_071_7403,2537.0,1731.0,806.0,1197.0,1122.0,,16.0,0.31769806858494287,-75.0,-0.06265664160401002,,
06_071_6500,1725.0,601.0,1124.0,920.0,921.0,22.0,21.0,0.6515942028985507,1.0,0.0010869565217391304,-1.0,-0.045454545454545456
06_071_7106,1480.0,953.0,527.0,1342.0,1431.0,,38.0,0.3560810810810811,89.0,0.06631892697466468,,
06_071_7200,1849.0,1031.0,818.0,993.0,989.0,27.0,31.0,0.4424012979989183,-4.0,-0.004028197381671702,4.0,0.14814814814814814
06_071_7601,1798.0,734.0,1064.0,908.0,921.0,13.0,45.0,0.5917686318131257,13.0,0.014317180616740088,32.0,2.4615384615384617
06_071_7800,1846.0,440.0,1406.0,1147.0,1155.0,52.0,41.0,0.761646803900325,8.0,0.006974716652136007,-11.0,-0.21153846153846154
06_071_8100,1444.0,238.0,1206.0,927.0,939.0,,,0.8351800554016621,12.0,0.012944983818770227,,
06_071_8800,2032.0,1254.0,778.0,1436.0,1392.0,172.0,162.0,0.3828740157480315,-44.0,-0.03064066852367688,-10.0,-0.05813953488372093
06_071_9800,1426.0,517.0,909.0,770.0,840.0,,38.0,0.6374474053295933,70.0,0.09090909090909091,,
06_071_10009,1063.0,864.0,199.0,1320.0,1312.0,,52.0,0.187206020696143,-8.0,-0.006060606060606061,,
06_071_10010,1767.0,1139.0,628.0,1357.0,1347.0,,,0.3554046406338427,-10.0,-0.007369196757553427,,
06_071_10013,2253.0,1717.0,536.0,1259.0,1274.0,95.0,129.0,0.23790501553484245,15.0,0.011914217633042097,34.0,0.35789473684210527
06_071_10020,2261.0,1061.0,1200.0,900.0,896.0,31.0,31.0,0.5307386112339673,-4.0,-0.0044444444444444444,0.0,0.0
06_071_10413,2445.0,1406.0,1039.0,799.0,795.0,153.0,116.0,0.42494887525562375,-4.0,-0.0050062578222778474,-37.0,-0.24183006535947713
06_071_5300,1636.0,849.0,787.0,1092.0,993.0,64.0,110.0,0.48105134474327627,-99.0,-0.09065934065934066,46.0,0.71875
06_071_5400,1857.0,633.0,1224.0,919.0,956.0,,26.0,0.6591276252019386,37.0,0.04026115342763874,,
06_071_5500,2353.0,441.0,1912.0,799.0,811.0,98.0,167.0,0.8125796855078623,12.0,0.015018773466833541,69.0,0.7040816326530612
06_071_10416,1473.0,952.0,521.0,794.0,862.0,55.0,59.0,0.35369993211133743,68.0,0.08564231738035265,4.0,0.07272727272727272
06_071_10802,1565.0,1175.0,390.0,1008.0,1094.0,92.0,68.0,0.24920127795527156,86.0,0.08531746031746032,-24.0,-0.2608695652173913
06_071_11600,2429.0,1958.0,471.0,1028.0,1222.0,196.0,185.0,0.1939069575957184,194.0,0.188715953307393,-11.0,-0.05612244897959184
06_071_940100,721.0,599.0,122.0,377.0,346.0,67.0,27.0,0.16920943134535368,-31.0,-0.08222811671087533,-40.0,-0.5970149253731343
06_071_108,1646.0,1094.0,552.0,2226.0,2200.0,53.0,24.0,0.3353584447144593,-26.0,-0.011680143755615454,-29.0,-0.5471698113207547
06_071_4800,795.0,426.0,369.0,837.0,892.0,30.0,23.0,0.4641509433962264,55.0,0.06571087216248507,-7.0,-0.23333333333333334
06_071_5100,2818.0,1695.0,1123.0,1234.0,1318.0,116.0,124.0,0.3985095812633073,84.0,0.06807131280388978,8.0,0.06896551724137931
06_071_6402,1109.0,455.0,654.0,969.0,947.0,43.0,53.0,0.5897204688908927,-22.0,-0.022703818369453045,10.0,0.23255813953488372
06_071_8402,2247.0,1939.0,308.0,1497.0,1479.0,,,0.13707165109034267,-18.0,-0.012024048096192385,,
06_071_9400,1171.0,283.0,888.0,593.0,599.0,79.0,78.0,0.7583262169086251,6.0,0.01011804384485666,-1.0,-0.012658227848101266
06_071_9707,2789.0,2218.0,571.0,967.0,964.0,139.0,145.0,0.20473287916816063,-3.0,-0.0031023784901758012,6.0,0.04316546762589928
06_071_9708,1627.0,1383.0,244.0,1236.0,1258.0,114.0,124.0,0.14996926859250154,22.0,0.01779935275080906,10.0,0.08771929824561403
06_071_9711,2937.0,2548.0,389.0,1806.0,1859.0,177.0,240.0,0.132448076268301,53.0,0.029346622369878183,63.0,0.3559322033898305
06_071_9714,1061.0,836.0,225.0,1271.0,1224.0,84.0,103.0,0.21206409048067862,-47.0,-0.03697875688434304,19.0,0.2261904761904762
06_071_3200,1962.0,1354.0,608.0,1182.0,1209.0,99.0,38.0,0.30988786952089703,27.0,0.02284263959390863,-61.0,-0.6161616161616161
06_071_1002,1354.0,619.0,735.0,1068.0,1119.0,30.0,35.0,0.5428360413589365,51.0,0.047752808988764044,5.0,0.16666666666666666
06_071_1104,1563.0,893.0,670.0,1223.0,1342.0,38.0,40.0,0.4286628278950736,119.0,0.0973017170891251,2.0,0.05263157894736842
06_071_1101,1095.0,361.0,734.0,1220.0,1214.0,,,0.6703196347031963,-6.0,-0.004918032786885246,,
06_071_1103,1301.0,913.0,388.0,1215.0,1537.0,63.0,24.0,0.2982321291314374,322.0,0.2650205761316872,-39.0,-0.6190476190476191
06_071_1305,1281.0,772.0,509.0,1101.0,1153.0,37.0,39.0,0.39734582357533177,52.0,0.047229791099000905,2.0,0.05405405405405406
06_071_1307,891.0,758.0,133.0,1615.0,1592.0,,,0.14927048260381592,-23.0,-0.014241486068111455,,
06_071_1308,1202.0,580.0,622.0,1313.0,1287.0,50.0,48.0,0.5174708818635607,-26.0,-0.019801980198019802,-2.0,-0.04
06_071_1309,1208.0,597.0,611.0,1426.0,1432.0,,,0.5057947019867549,6.0,0.004207573632538569,,
06_071_1310,1568.0,1216.0,352.0,1463.0,1557.0,15.0,,0.22448979591836735,94.0,0.06425153793574846,,
06_071_1311,919.0,820.0,99.0,2575.0,2465.0,22.0,,0.10772578890097932,-110.0,-0.04271844660194175,,
06_071_1312,1342.0,1070.0,272.0,1661.0,1544.0,31.0,25.0,0.20268256333830104,-117.0,-0.07043949428055388,-6.0,-0.1935483870967742
06_071_1501,872.0,457.0,415.0,1106.0,1128.0,52.0,47.0,0.47591743119266056,22.0,0.019891500904159132,-5.0,-0.09615384615384616
06_071_1503,774.0,200.0,574.0,1051.0,1077.0,,29.0,0.7416020671834626,26.0,0.024738344433872503,,
06_071_1504,1562.0,433.0,1129.0,1395.0,1401.0,27.0,,0.7227912932138284,6.0,0.004301075268817204,,
06_071_1704,1432.0,918.0,514.0,1663.0,1471.0,,,0.35893854748603354,-192.0,-0.11545399879735418,,
06_071_1706,1795.0,860.0,935.0,1356.0,1415.0,39.0,87.0,0.520891364902507,59.0,0.043510324483775814,48.0,1.2307692307692308
06_071_1707,1496.0,1130.0,366.0,1444.0,1448.0,39.0,36.0,0.2446524064171123,4.0,0.002770083102493075,-3.0,-0.07692307692307693
06_071_1804,1476.0,1053.0,423.0,2147.0,1818.0,27.0,35.0,0.2865853658536585,-329.0,-0.15323707498835584,8.0,0.2962962962962963
06_071_1806,1299.0,1102.0,197.0,2018.0,1996.0,14.0,,0.15165511932255582,-22.0,-0.010901883052527254,,
06_071_1808,1262.0,925.0,337.0,1816.0,2029.0,,,0.2670364500792393,213.0,0.11729074889867841,,
06_071_1810,1208.0,839.0,369.0,1302.0,1353.0,,,0.3054635761589404,51.0,0.03917050691244239,,
06_071_1809,1180.0,961.0,219.0,1420.0,1415.0,45.0,71.0,0.18559322033898304,-5.0,-0.0035211267605633804,26.0,0.5777777777777777
06_071_1812,1024.0,204.0,820.0,1101.0,963.0,,,0.80078125,-138.0,-0.12534059945504086,,
06_071_1901,1675.0,1374.0,301.0,2413.0,2481.0,,,0.17970149253731343,68.0,0.02818068794032325,,
06_071_1903,1589.0,1283.0,306.0,3070.0,3035.0,143.0,280.0,0.19257394587791063,-35.0,-0.011400651465798045,137.0,0.958041958041958
06_071_1905,1940.0,1530.0,410.0,2250.0,2343.0,50.0,35.0,0.211340206185567,93.0,0.04133333333333333,-15.0,-0.3
06_071_1813,927.0,422.0,505.0,1209.0,1158.0,32.0,38.0,0.5447680690399137,-51.0,-0.04218362282878412,6.0,0.1875
06_071_1906,2087.0,1325.0,762.0,1601.0,1748.0,126.0,113.0,0.36511739338763777,147.0,0.09181761399125546,-13.0,-0.10317460317460317
06_071_2011,1242.0,1171.0,71.0,2623.0,2477.0,,,0.0571658615136876,-146.0,-0.05566145634769348,,
06_071_2013,1643.0,1147.0,496.0,1558.0,1422.0,38.0,,0.3018867924528302,-136.0,-0.08729139922978177,,
06_071_2014,1513.0,1479.0,34.0,2480.0,2307.0,33.0,36.0,0.02247191011235955,-173.0,-0.06975806451612904,3.0,0.09090909090909091
06_071_2015,1565.0,1103.0,462.0,1676.0,1749.0,,,0.2952076677316294,73.0,0.04355608591885442,,
06_071_2016,1297.0,1045.0,252.0,1837.0,1874.0,,,0.19429452582883577,37.0,0.020141535111594992,,
06_071_2017,1793.0,1683.0,110.0,2878.0,2491.0,56.0,41.0,0.06134969325153374,-387.0,-0.1344683808200139,-15.0,-0.26785714285714285
06_071_825,1461.0,259.0,1202.0,1175.0,1214.0,32.0,15.0,0.8227241615331964,39.0,0.033191489361702124,-17.0,-0.53125
06_071_826,1291.0,644.0,647.0,1144.0,1197.0,25.0,31.0,0.5011618900077459,53.0,0.04632867132867133,6.0,0.24
06_071_901,1579.0,754.0,825.0,1117.0,1179.0,,,0.5224825839138696,62.0,0.05550581915846016,,
06_071_903,1551.0,343.0,1208.0,1203.0,1191.0,,,0.7788523533204385,-12.0,-0.00997506234413965,,
06_071_904,1119.0,498.0,621.0,1101.0,1166.0,,,0.5549597855227882,65.0,0.05903723887375113,,
06_071_1001,1409.0,809.0,600.0,1307.0,1211.0,61.0,69.0,0.42583392476933996,-96.0,-0.07345065034429993,8.0,0.13114754098360656
06_071_12300,0.0,0.0,0.0,,,,,,,,,
06_071_12400,899.0,488.0,411.0,930.0,983.0,17.0,16.0,0.457174638487208,53.0,0.05698924731182796,-1.0,-0.058823529411764705
06_071_12500,1040.0,543.0,497.0,893.0,962.0,48.0,50.0,0.4778846153846154,69.0,0.07726763717805152,2.0,0.041666666666666664
06_071_12700,1449.0,960.0,489.0,1742.0,1559.0,,,0.33747412008281574,-183.0,-0.10505166475315729,,
06_071_25000,2303.0,20.0,2283.0,1205.0,1238.0,,,0.9913156752062527,33.0,0.027385892116182572,,
06_071_25100,509.0,334.0,175.0,540.0,488.0,47.0,50.0,0.343811394891945,-52.0,-0.0962962962962963,3.0,0.06382978723404255
06_071_980100,0.0,0.0,0.0,,,,,,,,,
06_071_980200,0.0,0.0,0.0,,,,,,,,,
06_071_2804,1235.0,109.0,1126.0,978.0,1000.0,,,0.9117408906882591,22.0,0.022494887525562373,,
06_071_3101,1147.0,519.0,628.0,1135.0,1133.0,,32.0,0.5475152571926766,-2.0,-0.001762114537444934,,
06_071_3102,1326.0,347.0,979.0,947.0,968.0,35.0,,0.7383107088989442,21.0,0.022175290390707498,,
06_071_3302,1784.0,937.0,847.0,907.0,917.0,63.0,88.0,0.47477578475336324,10.0,0.011025358324145534,25.0,0.3968253968253968
06_071_3404,1195.0,351.0,844.0,1127.0,1142.0,23.0,23.0,0.7062761506276151,15.0,0.013309671694764862,0.0,0.0
06_071_3405,1335.0,384.0,951.0,1014.0,1050.0,11.0,13.0,0.7123595505617978,36.0,0.03550295857988166,2.0,0.18181818181818182
06_071_3503,1310.0,1030.0,280.0,1763.0,1772.0,66.0,48.0,0.21374045801526717,9.0,0.005104934770277935,-18.0,-0.2727272727272727
06_071_3505,1477.0,532.0,945.0,1194.0,1190.0,29.0,24.0,0.6398104265402843,-4.0,-0.0033500837520938024,-5.0,-0.1724137931034483
06_071_3506,1234.0,773.0,461.0,1331.0,1398.0,,,0.373581847649919,67.0,0.05033809166040571,,
06_071_3507,1104.0,875.0,229.0,1391.0,1417.0,,,0.20742753623188406,26.0,0.018691588785046728,,
06_071_3509,1201.0,724.0,477.0,1021.0,1098.0,,27.0,0.3971690258118235,77.0,0.07541625857002938,,
06_071_3510,1023.0,332.0,691.0,1019.0,1039.0,,,0.6754643206256109,20.0,0.019627085377821395,,
06_071_3603,844.0,779.0,65.0,1598.0,1541.0,30.0,73.0,0.07701421800947868,-57.0,-0.03566958698372966,43.0,1.4333333333333333
06_071_301,2194.0,708.0,1486.0,1058.0,1116.0,50.0,48.0,0.6773017319963537,58.0,0.054820415879017016,-2.0,-0.04
06_071_2502,1587.0,1200.0,387.0,1491.0,1576.0,77.0,75.0,0.2438563327032136,85.0,0.05700871898054997,-2.0,-0.025974025974025976
06_071_4201,1688.0,945.0,743.0,1059.0,1046.0,59.0,37.0,0.44016587677725116,-13.0,-0.012275731822474031,-22.0,-0.3728813559322034
06_071_6201,1082.0,783.0,299.0,1135.0,1203.0,,10.0,0.27634011090573013,68.0,0.05991189427312775,,
06_071_7407,811.0,192.0,619.0,964.0,949.0,30.0,42.0,0.7632552404438965,-15.0,-0.015560165975103735,12.0,0.4
06_071_10415,1760.0,943.0,817.0,900.0,941.0,179.0,190.0,0.4642045454545455,41.0,0.04555555555555556,11.0,0.061452513966480445
06_071_11900,1228.0,823.0,405.0,704.0,633.0,69.0,101.0,0.3298045602605863,-71.0,-0.10085227272727272,32.0,0.463768115942029
06_071_7302,3431.0,2303.0,1128.0,1659.0,1709.0,74.0,123.0,0.3287671232876712,50.0,0.030138637733574444,49.0,0.6621621621621622
06_071_8200,2549.0,1168.0,1381.0,1146.0,1161.0,,,0.541781090623774,15.0,0.013089005235602094,,
06_071_9710,2171.0,1177.0,994.0,1084.0,1101.0,48.0,42.0,0.45785352372178717,17.0,0.015682656826568265,-6.0,-0.125
06_071_10412,2738.0,1911.0,827.0,1217.0,1237.0,134.0,133.0,0.30204528853177504,20.0,0.016433853738701727,-1.0,-0.007462686567164179
06_071_3605,1052.0,1013.0,39.0,1892.0,1834.0,,,0.0370722433460076,-58.0,-0.0306553911205074,,
06_071_3606,1384.0,1106.0,278.0,900.0,978.0,,,0.20086705202312138,78.0,0.08666666666666667,,
06_071_3607,1338.0,818.0,520.0,1238.0,1121.0,143.0,64.0,0.38863976083707025,-117.0,-0.09450726978998385,-79.0,-0.5524475524475524
06_071_3609,1274.0,776.0,498.0,1282.0,1171.0,10.0,,0.39089481946624804,-111.0,-0.08658346333853355,,
06_071_3611,1315.0,888.0,427.0,1446.0,1306.0,,,0.3247148288973384,-140.0,-0.09681881051175657,,
06_071_3612,933.0,676.0,257.0,1170.0,1084.0,75.0,76.0,0.2754555198285102,-86.0,-0.0735042735042735,1.0,0.013333333333333334
06_071_3801,1110.0,795.0,315.0,1264.0,1372.0,45.0,48.0,0.28378378378378377,108.0,0.08544303797468354,3.0,0.06666666666666667
06_071_3803,1106.0,556.0,550.0,1258.0,1354.0,74.0,89.0,0.4972875226039783,96.0,0.07631160572337042,15.0,0.20270270270270271
06_071_3804,1131.0,831.0,300.0,1749.0,1793.0,,,0.26525198938992045,44.0,0.025157232704402517,,
06_071_4001,1034.0,769.0,265.0,1334.0,1320.0,46.0,43.0,0.2562862669245648,-14.0,-0.010494752623688156,-3.0,-0.06521739130434782
06_071_4003,1441.0,1065.0,376.0,1343.0,1408.0,26.0,,0.2609299097848716,65.0,0.04839910647803425,,
06_071_4004,1437.0,1158.0,279.0,987.0,1169.0,93.0,99.0,0.1941544885177453,182.0,0.18439716312056736,6.0,0.06451612903225806
06_071_4101,1372.0,1026.0,346.0,1292.0,1313.0,36.0,47.0,0.2521865889212828,21.0,0.016253869969040248,11.0,0.3055555555555556
06_071_4103,1187.0,670.0,517.0,896.0,991.0,46.0,34.0,0.43555181128896375,95.0,0.10602678571428571,-12.0,-0.2608695652173913
06_071_4104,1197.0,863.0,334.0,1043.0,1123.0,,,0.27903091060985796,80.0,0.07670182166826463,,
06_071_4202,1486.0,756.0,730.0,871.0,904.0,26.0,,0.49125168236877526,33.0,0.03788748564867968,,
06_071_4401,1074.0,865.0,209.0,1450.0,1333.0,80.0,75.0,0.1945996275605214,-117.0,-0.08068965517241379,-5.0,-0.0625
06_071_6302,2256.0,1077.0,1179.0,1074.0,1073.0,60.0,70.0,0.5226063829787234,-1.0,-0.000931098696461825,10.0,0.16666666666666666
06_071_7404,1650.0,1413.0,237.0,1317.0,1414.0,105.0,113.0,0.14363636363636365,97.0,0.07365223993925589,8.0,0.0761904761904762
06_071_7901,2518.0,2330.0,188.0,2409.0,2396.0,,,0.07466243050039714,-13.0,-0.005396430053964301,,
06_071_8301,2563.0,1545.0,1018.0,1272.0,1307.0,,,0.39719079204057745,35.0,0.027515723270440252,,
06_071_8302,1199.0,1073.0,126.0,2056.0,2089.0,40.0,36.0,0.10508757297748124,33.0,0.016050583657587547,-4.0,-0.1
06_071_105,1857.0,1590.0,267.0,2594.0,2641.0,22.0,25.0,0.14378029079159935,47.0,0.018118735543562067,3.0,0.13636363636363635
06_071_107,869.0,726.0,143.0,1846.0,2225.0,,,0.16455696202531644,379.0,0.20530877573131096,,
06_071_201,1182.0,641.0,541.0,1171.0,1252.0,,,0.4576988155668359,81.0,0.06917164816396243,,
06_071_2601,2285.0,1798.0,487.0,2210.0,2168.0,83.0,87.0,0.21312910284463896,-42.0,-0.019004524886877826,4.0,0.04819277108433735
06_071_3000,1050.0,280.0,770.0,879.0,868.0,,,0.7333333333333333,-11.0,-0.012514220705346985,,
06_071_8704,2709.0,2077.0,632.0,1153.0,1218.0,82.0,73.0,0.23329641934293097,65.0,0.05637467476149176,-9.0,-0.10975609756097561
06_071_115,2088.0,1851.0,237.0,2644.0,2722.0,,,0.11350574712643678,78.0,0.029500756429652043,,
06_071_116,3174.0,2801.0,373.0,2566.0,2606.0,42.0,55.0,0.11751732829237554,40.0,0.01558846453624318,13.0,0.30952380952380953
06_071_113,3160.0,2198.0,962.0,1648.0,1639.0,43.0,65.0,0.30443037974683546,-9.0,-0.0054611650485436895,22.0,0.5116279069767442
06_071_117,2049.0,1835.0,214.0,2538.0,2708.0,57.0,73.0,0.10444119082479258,170.0,0.06698187549251379,16.0,0.2807017543859649
06_071_10004,3010.0,2445.0,565.0,1530.0,1616.0,130.0,136.0,0.1877076411960133,86.0,0.05620915032679739,6.0,0.046153846153846156
06_071_10014,1174.0,507.0,667.0,922.0,956.0,,,0.5681431005110733,34.0,0.0368763557483731,,
06_071_10016,1458.0,761.0,697.0,1195.0,1173.0,91.0,82.0,0.4780521262002744,-22.0,-0.018410041841004185,-9.0,-0.0989010989010989
06_071_2018,1670.0,1413.0,257.0,2227.0,2312.0,38.0,40.0,0.15389221556886226,85.0,0.03816793893129771,2.0,0.05263157894736842
06_071_2019,1688.0,943.0,745.0,1947.0,1995.0,,,0.44135071090047395,48.0,0.02465331278890601,,
06_085_505800,1521.0,1020.0,501.0,1755.0,1835.0,26.0,26.0,0.32938856015779094,80.0,0.045584045584045586,0.0,0.0
06_085_505006,1718.0,549.0,1169.0,1886.0,2009.0,,,0.680442374854482,123.0,0.06521739130434782,,
06_085_505700,2417.0,920.0,1497.0,1200.0,1238.0,,,0.6193628465039305,38.0,0.03166666666666667,,
06_085_506103,1667.0,1085.0,582.0,1903.0,2002.0,,29.0,0.34913017396520696,99.0,0.05202312138728324,,
06_085_511704,1613.0,1455.0,158.0,3988.0,4001.0,,,0.09795412275263485,13.0,0.003259779338014042,,
06_085_511608,25.0,0.0,25.0,856.0,,,,1.0,,,,
06_085_511609,1782.0,158.0,1624.0,2081.0,2220.0,,,0.9113355780022446,139.0,0.0667948101874099,,
06_085_511705,331.0,273.0,58.0,3679.0,3608.0,,,0.17522658610271905,-71.0,-0.019298722478934494,,
06_085_511707,1144.0,1044.0,100.0,1954.0,1907.0,78.0,102.0,0.08741258741258741,-47.0,-0.024053224155578302,24.0,0.3076923076923077
06_085_511915,1246.0,361.0,885.0,1170.0,1195.0,,,0.7102728731942215,25.0,0.021367521367521368,,
06_085_511916,1633.0,1185.0,448.0,2275.0,2269.0,29.0,32.0,0.2743417023882425,-6.0,-0.0026373626373626374,3.0,0.10344827586206896
06_085_512036,1632.0,559.0,1073.0,2018.0,2045.0,,,0.6574754901960784,27.0,0.013379583746283449,,
06_085_512037,931.0,871.0,60.0,2673.0,2260.0,50.0,21.0,0.0644468313641246,-413.0,-0.15450804339693228,-29.0,-0.58
06_085_512039,1277.0,996.0,281.0,2443.0,2253.0,,,0.22004698512137824,-190.0,-0.07777322963569382,,
06_085_512038,1027.0,552.0,475.0,1726.0,1812.0,,,0.4625121713729309,86.0,0.04982618771726535,,
06_085_512042,808.0,496.0,312.0,1883.0,1866.0,,,0.38613861386138615,-17.0,-0.009028146574614976,,
06_085_512043,1620.0,571.0,1049.0,1211.0,1322.0,,,0.6475308641975308,111.0,0.0916597853014038,,
06_085_512045,1800.0,1628.0,172.0,2425.0,2342.0,17.0,19.0,0.09555555555555556,-83.0,-0.03422680412371134,2.0,0.11764705882352941
06_085_512047,1673.0,1335.0,338.0,2530.0,2461.0,,,0.20203227734608487,-69.0,-0.02727272727272727,,
06_085_503207,1001.0,765.0,236.0,2211.0,2290.0,22.0,19.0,0.23576423576423577,79.0,0.03573043871551334,-3.0,-0.13636363636363635
06_085_503217,1052.0,679.0,373.0,1850.0,1829.0,26.0,12.0,0.35456273764258556,-21.0,-0.011351351351351352,-14.0,-0.5384615384615384
06_085_500902,594.0,24.0,570.0,954.0,995.0,,,0.9595959595959596,41.0,0.0429769392033543,,
06_085_502001,2277.0,753.0,1524.0,1116.0,1105.0,,,0.6693017127799736,-11.0,-0.00985663082437276,,
06_085_502102,2612.0,707.0,1905.0,1186.0,1251.0,,,0.7293261868300153,65.0,0.05480607082630692,,
06_085_502202,1355.0,754.0,601.0,1945.0,1919.0,29.0,,0.44354243542435423,-26.0,-0.013367609254498715,,
06_085_502400,2764.0,2305.0,459.0,2468.0,2571.0,90.0,96.0,0.16606367583212736,103.0,0.04173419773095624,6.0,0.06666666666666667
06_085_502500,2382.0,1885.0,497.0,2301.0,2239.0,,,0.2086481947942905,-62.0,-0.026944806605823556,,
06_085_503305,1473.0,712.0,761.0,1451.0,1440.0,37.0,35.0,0.5166327223353699,-11.0,-0.007580978635423846,-2.0,-0.05405405405405406
06_085_503306,829.0,603.0,226.0,1208.0,1668.0,28.0,27.0,0.27261761158021713,460.0,0.38079470198675497,-1.0,-0.03571428571428571
06_085_503504,1134.0,739.0,395.0,1855.0,1898.0,,,0.34832451499118167,43.0,0.023180592991913745,,
06_085_504315,1995.0,1545.0,450.0,1869.0,1934.0,,,0.22556390977443608,65.0,0.034777956126270736,,
06_085_504319,1949.0,1322.0,627.0,2122.0,2202.0,,,0.32170343766033865,80.0,0.03770028275212064,,
06_085_506202,2492.0,1713.0,779.0,1987.0,2018.0,,,0.3126003210272873,31.0,0.01560140915953699,,
06_085_506301,2325.0,614.0,1711.0,1337.0,1362.0,,,0.7359139784946237,25.0,0.018698578908002993,,
06_085_506302,2373.0,1585.0,788.0,2126.0,2138.0,40.0,57.0,0.33206911083017276,12.0,0.005644402634054563,17.0,0.425
06_085_506304,1950.0,401.0,1549.0,1378.0,1418.0,,,0.7943589743589744,40.0,0.02902757619738752,,
06_085_503304,1691.0,885.0,806.0,1501.0,1564.0,24.0,41.0,0.47664104080425784,63.0,0.04197201865423051,17.0,0.7083333333333334
06_085_502906,1579.0,941.0,638.0,1773.0,2058.0,13.0,12.0,0.40405319822672575,285.0,0.16074450084602368,-1.0,-0.07692307692307693
06_085_503001,1574.0,1227.0,347.0,2368.0,2379.0,42.0,32.0,0.2204574332909784,11.0,0.0046452702702702705,-10.0,-0.23809523809523808
06_085_503108,2802.0,1069.0,1733.0,1630.0,1728.0,42.0,40.0,0.6184867951463241,98.0,0.06012269938650307,-2.0,-0.047619047619047616
06_085_503312,1064.0,906.0,158.0,2334.0,2731.0,49.0,28.0,0.14849624060150377,397.0,0.1700942587832048,-21.0,-0.42857142857142855
06_085_503402,1098.0,376.0,722.0,1148.0,1267.0,,,0.6575591985428051,119.0,0.10365853658536585,,
06_085_503506,1235.0,783.0,452.0,1586.0,1621.0,,,0.3659919028340081,35.0,0.022068095838587643,,
06_085_503508,1192.0,849.0,343.0,1808.0,1913.0,65.0,60.0,0.287751677852349,105.0,0.05807522123893805,-5.0,-0.07692307692307693
06_085_503323,1219.0,1003.0,216.0,2291.0,2456.0,,,0.17719442165709598,165.0,0.07202095154954169,,
06_085_503324,870.0,681.0,189.0,2394.0,2603.0,,,0.21724137931034482,209.0,0.0873015873015873,,
06_085_503325,1102.0,761.0,341.0,2270.0,2209.0,49.0,46.0,0.30943738656987296,-61.0,-0.026872246696035242,-3.0,-0.061224489795918366
06_085_504001,1506.0,857.0,649.0,1665.0,1703.0,17.0,18.0,0.4309428950863214,38.0,0.022822822822822823,1.0,0.058823529411764705
06_085_504201,1852.0,1499.0,353.0,2010.0,2087.0,25.0,25.0,0.19060475161987042,77.0,0.038308457711442784,0.0,0.0
06_085_504318,1472.0,1281.0,191.0,1128.0,1129.0,16.0,,0.1297554347826087,1.0,0.0008865248226950354,,
06_085_504411,1537.0,1138.0,399.0,2160.0,2188.0,8.0,,0.25959661678594664,28.0,0.012962962962962963,,
06_085_504418,1217.0,595.0,622.0,1655.0,1794.0,,26.0,0.5110928512736237,139.0,0.08398791540785498,,
06_085_504806,775.0,623.0,152.0,2478.0,2536.0,23.0,9.0,0.19612903225806452,58.0,0.023405972558514933,-14.0,-0.6086956521739131
06_085_506401,1912.0,647.0,1265.0,1402.0,1576.0,,,0.6616108786610879,174.0,0.12410841654778887,,
06_085_506501,2410.0,585.0,1825.0,1241.0,1254.0,36.0,31.0,0.7572614107883817,13.0,0.010475423045930701,-5.0,-0.1388888888888889
06_085_503321,1066.0,955.0,111.0,3046.0,2551.0,,,0.10412757973733583,-495.0,-0.1625082074852265,,
06_085_503327,1238.0,959.0,279.0,2513.0,2274.0,,16.0,0.22536348949919224,-239.0,-0.09510545165141265,,
06_085_503510,1349.0,743.0,606.0,1582.0,1696.0,27.0,24.0,0.4492216456634544,114.0,0.07206068268015171,-3.0,-0.1111111111111111
06_085_501200,1394.0,546.0,848.0,1357.0,1367.0,,,0.6083213773314203,10.0,0.007369196757553427,,
06_085_501700,1208.0,363.0,845.0,1176.0,1245.0,,,0.6995033112582781,69.0,0.058673469387755105,,
06_085_502201,2753.0,548.0,2205.0,1350.0,1380.0,19.0,19.0,0.8009444242644388,30.0,0.022222222222222223,0.0,0.0
06_085_504414,1524.0,1213.0,311.0,2407.0,2561.0,,,0.20406824146981628,154.0,0.06398005816368924,,
06_085_504415,1576.0,1328.0,248.0,2328.0,2420.0,,,0.15736040609137056,92.0,0.03951890034364261,,
06_085_504504,2266.0,1053.0,1213.0,1816.0,1901.0,116.0,97.0,0.5353045013239188,85.0,0.04680616740088106,-19.0,-0.16379310344827586
06_085_507703,2585.0,1671.0,914.0,2327.0,2395.0,93.0,96.0,0.35357833655705995,68.0,0.02922217447357112,3.0,0.03225806451612903
06_085_506502,1937.0,955.0,982.0,1666.0,1771.0,28.0,16.0,0.5069695405265875,105.0,0.06302521008403361,-12.0,-0.42857142857142855
06_085_506605,1492.0,590.0,902.0,1319.0,1338.0,,,0.6045576407506702,19.0,0.014404852160727824,,
06_085_506606,1626.0,775.0,851.0,1479.0,1595.0,,,0.523370233702337,116.0,0.0784313725490196,,
06_085_507807,1048.0,758.0,290.0,2140.0,2380.0,,,0.2767175572519084,240.0,0.11214953271028037,,
06_085_507904,1119.0,976.0,143.0,2832.0,3098.0,,,0.12779267202859695,266.0,0.09392655367231638,,
06_085_508504,3107.0,383.0,2724.0,1455.0,1501.0,29.0,,0.8767299645960733,46.0,0.03161512027491409,,
06_085_508505,1885.0,1046.0,839.0,1741.0,1782.0,,,0.4450928381962865,41.0,0.023549684089603676,,
06_085_508704,2294.0,443.0,1851.0,1631.0,1751.0,,,0.8068875326939843,120.0,0.07357449417535254,,
06_085_511701,1406.0,1235.0,171.0,3307.0,2991.0,,,0.12162162162162163,-316.0,-0.09555488358028424,,
06_085_512005,2176.0,1801.0,375.0,2474.0,2506.0,,29.0,0.1723345588235294,32.0,0.012934518997574777,,
06_085_512100,507.0,367.0,140.0,2036.0,1796.0,,,0.27613412228796846,-240.0,-0.11787819253438114,,
06_085_501402,791.0,362.0,429.0,1367.0,1290.0,,,0.5423514538558787,-77.0,-0.056327724945135334,,
06_085_502301,1207.0,742.0,465.0,1894.0,1887.0,21.0,27.0,0.3852526926263463,-7.0,-0.003695881731784583,6.0,0.2857142857142857
06_085_501101,1659.0,389.0,1270.0,1520.0,1540.0,,,0.7655213984327909,20.0,0.013157894736842105,,
06_085_501102,1358.0,822.0,536.0,1693.0,1529.0,,,0.3946980854197349,-164.0,-0.09686946249261666,,
06_085_501401,961.0,261.0,700.0,1054.0,1153.0,,,0.72840790842872,99.0,0.09392789373814042,,
06_085_502302,1207.0,501.0,706.0,1199.0,1263.0,,,0.5849212924606463,64.0,0.05337781484570475,,
06_085_502604,2141.0,621.0,1520.0,1439.0,1471.0,,,0.7099486221391873,32.0,0.022237665045170257,,
06_085_503117,738.0,241.0,497.0,1422.0,1440.0,,,0.6734417344173442,18.0,0.012658227848101266,,
06_085_503118,1594.0,573.0,1021.0,1366.0,1444.0,,,0.6405269761606023,78.0,0.05710102489019034,,
06_085_503121,1502.0,620.0,882.0,1208.0,1160.0,35.0,31.0,0.5872170439414115,-48.0,-0.039735099337748346,-4.0,-0.11428571428571428
06_085_503122,1040.0,552.0,488.0,600.0,608.0,,,0.46923076923076923,8.0,0.013333333333333334,,
06_085_502603,1003.0,733.0,270.0,2037.0,1970.0,,,0.2691924227318046,-67.0,-0.03289150711831124,,
06_085_503123,1582.0,288.0,1294.0,1099.0,1241.0,38.0,36.0,0.8179519595448799,142.0,0.1292083712465878,-2.0,-0.05263157894736842
06_085_512052,1608.0,672.0,936.0,1808.0,1883.0,26.0,32.0,0.582089552238806,75.0,0.041482300884955754,6.0,0.23076923076923078
06_085_512053,1567.0,1015.0,552.0,2002.0,2052.0,,,0.3522654754307594,50.0,0.024975024975024976,,
06_085_512311,955.0,817.0,138.0,2069.0,2008.0,,,0.14450261780104712,-61.0,-0.029482841952634124,,
06_085_512312,815.0,690.0,125.0,2950.0,2954.0,50.0,64.0,0.15337423312883436,4.0,0.0013559322033898306,14.0,0.28
06_085_512310,1280.0,652.0,628.0,1383.0,1402.0,,,0.490625,19.0,0.01373825018076645,,
06_085_512314,1994.0,1003.0,991.0,1517.0,1518.0,,,0.49699097291875627,1.0,0.0006591957811470006,,
06_085_512313,1129.0,537.0,592.0,1651.0,1814.0,,,0.5243578387953941,163.0,0.09872804360993337,,
06_085_512509,1203.0,993.0,210.0,2665.0,2763.0,,,0.1745635910224439,98.0,0.03677298311444653,,
06_085_512510,2039.0,1366.0,673.0,2049.0,2150.0,,,0.3300637567435017,101.0,0.049292337725719865,,
06_085_512603,957.0,199.0,758.0,909.0,1059.0,26.0,25.0,0.7920585161964472,150.0,0.16501650165016502,-1.0,-0.038461538461538464
06_085_512604,1112.0,429.0,683.0,1070.0,1229.0,,,0.6142086330935251,159.0,0.1485981308411215,,
06_085_513000,2211.0,20.0,2191.0,1251.0,1251.0,,,0.9909543193125283,0.0,0.0,,
06_085_513500,305.0,202.0,103.0,1586.0,1952.0,,,0.3377049180327869,366.0,0.23076923076923078,,
06_085_509403,2031.0,238.0,1793.0,1294.0,1410.0,,,0.8828163466272771,116.0,0.08964451313755796,,
06_085_509802,1135.0,663.0,472.0,2006.0,1475.0,,,0.41585903083700443,-531.0,-0.2647058823529412,,
06_085_510200,1479.0,1430.0,49.0,3250.0,3170.0,21.0,12.0,0.03313049357674104,-80.0,-0.024615384615384615,-9.0,-0.42857142857142855
06_085_510600,2388.0,1401.0,987.0,1740.0,1791.0,12.0,14.0,0.41331658291457285,51.0,0.029310344827586206,2.0,0.16666666666666666
06_085_511800,1720.0,1388.0,332.0,2768.0,2727.0,34.0,35.0,0.1930232558139535,-41.0,-0.014812138728323699,1.0,0.029411764705882353
06_085_511907,1351.0,1150.0,201.0,2795.0,3041.0,,,0.14877868245743894,246.0,0.08801431127012523,,
06_085_511909,2661.0,2486.0,175.0,3454.0,3423.0,,,0.06576475009394964,-31.0,-0.00897510133178923,,
06_085_512021,2017.0,1746.0,271.0,2167.0,2147.0,38.0,48.0,0.13435795736241943,-20.0,-0.009229349330872173,10.0,0.2631578947368421
06_085_512026,1378.0,1104.0,274.0,2017.0,1964.0,,,0.1988388969521045,-53.0,-0.026276648487853247,,
06_085_503802,2285.0,1455.0,830.0,1542.0,1528.0,,,0.36323851203501095,-14.0,-0.009079118028534372,,
06_085_503803,1297.0,996.0,301.0,2041.0,2169.0,,,0.23207401696222052,128.0,0.06271435570798628,,
06_085_503804,1525.0,1056.0,469.0,1585.0,1613.0,32.0,33.0,0.30754098360655735,28.0,0.017665615141955835,1.0,0.03125
06_085_504307,1737.0,1410.0,327.0,2348.0,2382.0,,,0.18825561312607944,34.0,0.014480408858603067,,
06_085_504311,2372.0,1541.0,831.0,2262.0,2181.0,,,0.3503372681281619,-81.0,-0.03580901856763926,,
06_085_504413,699.0,405.0,294.0,2011.0,2231.0,,,0.4206008583690987,220.0,0.10939830929885629,,
06_085_504420,1355.0,978.0,377.0,2217.0,2364.0,,,0.2782287822878229,147.0,0.06630581867388363,,
06_085_505007,1015.0,740.0,275.0,1556.0,1754.0,,,0.270935960591133,198.0,0.12724935732647816,,
06_085_505402,1026.0,642.0,384.0,1650.0,1745.0,28.0,35.0,0.3742690058479532,95.0,0.05757575757575758,7.0,0.25
06_085_506204,2117.0,1312.0,805.0,1759.0,1869.0,,,0.3802550779404818,110.0,0.06253553155201819,,
06_085_506305,2518.0,593.0,1925.0,1197.0,1209.0,,,0.7644956314535345,12.0,0.010025062656641603,,
06_085_506402,2275.0,639.0,1636.0,1248.0,1327.0,,,0.7191208791208791,79.0,0.06330128205128205,,
06_085_506703,1312.0,664.0,648.0,2027.0,1879.0,50.0,52.0,0.49390243902439024,-148.0,-0.07301430685742477,2.0,0.04
06_085_508202,2751.0,1808.0,943.0,1563.0,1637.0,,,0.34278444202108327,74.0,0.04734484964811261,,
06_085_509108,1683.0,634.0,1049.0,1405.0,1493.0,,,0.6232917409387998,88.0,0.06263345195729537,,
06_085_509109,1747.0,966.0,781.0,2385.0,2369.0,40.0,51.0,0.4470520892959359,-16.0,-0.0067085953878406705,11.0,0.275
06_085_509404,2713.0,957.0,1756.0,1718.0,1785.0,12.0,14.0,0.6472539624032436,67.0,0.0389988358556461,2.0,0.16666666666666666
06_085_509500,2237.0,560.0,1677.0,1531.0,1562.0,,,0.7496647295485025,31.0,0.020248203788373612,,
06_085_509901,696.0,598.0,98.0,2005.0,2385.0,,,0.14080459770114942,380.0,0.18952618453865336,,
06_085_510300,1587.0,1181.0,406.0,2634.0,2684.0,28.0,33.0,0.25582860743541275,50.0,0.018982536066818528,5.0,0.17857142857142858
06_085_502909,1986.0,991.0,995.0,1412.0,1518.0,45.0,41.0,0.501007049345418,106.0,0.07507082152974505,-4.0,-0.08888888888888889
06_085_512023,1897.0,1042.0,855.0,1865.0,1855.0,57.0,57.0,0.4507116499736426,-10.0,-0.005361930294906166,0.0,0.0
06_085_504202,1447.0,1308.0,139.0,3116.0,2893.0,13.0,31.0,0.09606081548030408,-223.0,-0.07156611039794608,18.0,1.3846153846153846
06_085_505302,1344.0,1100.0,244.0,1855.0,1896.0,26.0,24.0,0.18154761904761904,41.0,0.022102425876010783,-2.0,-0.07692307692307693
06_085_503105,829.0,270.0,559.0,1016.0,974.0,,,0.6743063932448733,-42.0,-0.04133858267716536,,
06_085_505001,3215.0,1643.0,1572.0,1998.0,2032.0,,,0.4889580093312597,34.0,0.01701701701701702,,
06_085_505301,1345.0,658.0,687.0,1560.0,1569.0,,,0.5107806691449814,9.0,0.0057692307692307696,,
06_085_500200,2047.0,502.0,1545.0,1488.0,1566.0,,,0.7547630679042501,78.0,0.05241935483870968,,
06_085_500901,1752.0,165.0,1587.0,1292.0,1259.0,,,0.9058219178082192,-33.0,-0.025541795665634675,,
06_085_501501,1169.0,360.0,809.0,1125.0,1188.0,15.0,14.0,0.6920444824636441,63.0,0.056,-1.0,-0.06666666666666667
06_085_502101,2032.0,1308.0,724.0,1501.0,1755.0,,,0.3562992125984252,254.0,0.1692205196535643,,
06_085_502701,1887.0,1092.0,795.0,1768.0,1762.0,44.0,19.0,0.42130365659777425,-6.0,-0.003393665158371041,-25.0,-0.5681818181818182
06_085_502903,1767.0,1630.0,137.0,2289.0,2340.0,66.0,68.0,0.07753254102999434,51.0,0.022280471821756225,2.0,0.030303030303030304
06_085_503002,1327.0,919.0,408.0,2025.0,2031.0,,,0.30746043707611154,6.0,0.002962962962962963,,
06_085_503110,1106.0,344.0,762.0,1146.0,1194.0,11.0,11.0,0.6889692585895117,48.0,0.041884816753926704,0.0,0.0
06_085_503111,1068.0,755.0,313.0,2046.0,2010.0,,,0.29307116104868913,-36.0,-0.017595307917888565,,
06_085_503113,1279.0,412.0,867.0,1273.0,1244.0,,,0.6778733385457388,-29.0,-0.022780832678711706,,
06_085_503213,1170.0,832.0,338.0,1375.0,1433.0,,,0.28888888888888886,58.0,0.04218181818181818,,
06_085_503214,1794.0,1078.0,716.0,1233.0,1103.0,60.0,78.0,0.399108138238573,-130.0,-0.10543390105433902,18.0,0.3
06_085_503511,795.0,644.0,151.0,2168.0,2157.0,,,0.189937106918239,-11.0,-0.00507380073800738,,
06_085_503602,1165.0,508.0,657.0,932.0,1242.0,61.0,74.0,0.5639484978540773,310.0,0.33261802575107297,13.0,0.21311475409836064
06_085_504101,1088.0,726.0,362.0,2000.0,1887.0,29.0,29.0,0.3327205882352941,-113.0,-0.0565,0.0,0.0
06_085_512401,1566.0,1180.0,386.0,1929.0,1729.0,29.0,29.0,0.24648786717752236,-200.0,-0.10368066355624676,0.0,0.0
06_085_500100,2046.0,727.0,1319.0,1589.0,1540.0,30.0,49.0,0.644672531769306,-49.0,-0.030837004405286344,19.0,0.6333333333333333
06_085_500400,982.0,349.0,633.0,1164.0,1203.0,29.0,29.0,0.6446028513238289,39.0,0.03350515463917526,0.0,0.0
06_085_500500,1898.0,1380.0,518.0,2313.0,2007.0,33.0,26.0,0.27291886195995785,-306.0,-0.13229571984435798,-7.0,-0.21212121212121213
06_085_501600,2251.0,448.0,1803.0,1063.0,1059.0,35.0,34.0,0.800977343402932,-4.0,-0.0037629350893697085,-1.0,-0.02857142857142857
06_085_501800,1679.0,878.0,801.0,1834.0,1868.0,25.0,21.0,0.47706968433591423,34.0,0.018538713195201745,-4.0,-0.16
06_085_501900,2047.0,572.0,1475.0,1296.0,1328.0,26.0,27.0,0.7205666829506595,32.0,0.024691358024691357,1.0,0.038461538461538464
06_085_502002,1616.0,492.0,1124.0,1166.0,1189.0,20.0,19.0,0.6955445544554455,23.0,0.01972555746140652,-1.0,-0.05
06_085_502702,3185.0,2245.0,940.0,1874.0,1903.0,68.0,68.0,0.29513343799058084,29.0,0.015474919957310566,0.0,0.0
06_085_502901,2178.0,1436.0,742.0,1799.0,1495.0,,,0.34067952249770433,-304.0,-0.1689827682045581,,
06_085_502902,2512.0,2066.0,446.0,2274.0,2342.0,67.0,90.0,0.17754777070063693,68.0,0.02990325417766051,23.0,0.34328358208955223
06_085_504507,1628.0,1213.0,415.0,2082.0,2149.0,,35.0,0.2549140049140049,67.0,0.03218059558117195,,
06_085_504601,353.0,281.0,72.0,1172.0,1045.0,,,0.20396600566572237,-127.0,-0.1083617747440273,,
06_085_504802,1730.0,1113.0,617.0,1494.0,1516.0,,,0.35664739884393065,22.0,0.014725568942436412,,
06_085_504901,3555.0,1301.0,2254.0,2061.0,2187.0,100.0,59.0,0.6340365682137834,126.0,0.0611353711790393,-41.0,-0.41
06_085_505304,1020.0,835.0,185.0,2163.0,2221.0,14.0,17.0,0.18137254901960784,58.0,0.026814609338881183,3.0,0.21428571428571427
06_085_505305,2015.0,1182.0,833.0,1563.0,1799.0,44.0,53.0,0.4133995037220844,236.0,0.1509916826615483,9.0,0.20454545454545456
06_085_506503,2572.0,826.0,1746.0,1430.0,1449.0,10.0,9.0,0.6788491446345256,19.0,0.013286713286713287,-1.0,-0.1
06_085_504314,1310.0,1076.0,234.0,1944.0,1874.0,,,0.17862595419847327,-70.0,-0.0360082304526749,,
06_085_504317,1185.0,993.0,192.0,2113.0,2216.0,46.0,49.0,0.1620253164556962,103.0,0.048745858968291526,3.0,0.06521739130434782
06_085_504410,1216.0,749.0,467.0,1854.0,1862.0,,,0.3840460526315789,8.0,0.004314994606256742,,
06_085_504412,1254.0,766.0,488.0,1641.0,1636.0,20.0,25.0,0.38915470494417864,-5.0,-0.0030469226081657527,5.0,0.25
06_085_511400,1237.0,885.0,352.0,2380.0,2736.0,29.0,51.0,0.28455941794664513,356.0,0.1495798319327731,22.0,0.7586206896551724
06_085_509902,1805.0,1357.0,448.0,2322.0,2525.0,22.0,25.0,0.2481994459833795,203.0,0.08742463393626185,3.0,0.13636363636363635
06_085_510700,1881.0,789.0,1092.0,1575.0,1760.0,65.0,34.0,0.580542264752791,185.0,0.11746031746031746,-31.0,-0.47692307692307695
06_085_511702,1087.0,954.0,133.0,2788.0,2607.0,,,0.12235510579576817,-181.0,-0.06492109038737447,,
06_085_512022,1745.0,1012.0,733.0,1250.0,1299.0,,,0.42005730659025786,49.0,0.0392,,
06_085_512027,1498.0,432.0,1066.0,1688.0,1648.0,,,0.7116154873164219,-40.0,-0.023696682464454975,,
06_085_512032,1060.0,879.0,181.0,2514.0,2502.0,21.0,,0.17075471698113207,-12.0,-0.00477326968973747,,
06_085_512305,1250.0,1054.0,196.0,2884.0,3274.0,64.0,48.0,0.1568,390.0,0.13522884882108183,-16.0,-0.25
06_085_504421,1319.0,1043.0,276.0,2031.0,2237.0,,27.0,0.2092494313874147,206.0,0.10142786804529788,,
06_085_504506,2020.0,1031.0,989.0,1672.0,1621.0,40.0,43.0,0.4896039603960396,-51.0,-0.030502392344497607,3.0,0.075
06_085_504700,113.0,0.0,113.0,1899.0,1961.0,,,1.0,62.0,0.03264876250658241,,
06_085_504805,2271.0,1912.0,359.0,1375.0,1547.0,40.0,43.0,0.15808014090708938,172.0,0.12509090909090909,3.0,0.075
06_085_505600,1255.0,260.0,995.0,1252.0,1319.0,34.0,,0.7928286852589641,67.0,0.05351437699680511,,
06_085_506101,1715.0,1128.0,587.0,1742.0,1788.0,,,0.3422740524781341,46.0,0.02640642939150402,,
06_085_506203,2303.0,531.0,1772.0,1420.0,1472.0,,,0.7694311767260096,52.0,0.036619718309859155,,
06_085_506802,1850.0,1343.0,507.0,1650.0,1768.0,,,0.27405405405405403,118.0,0.07151515151515152,,
06_085_506900,2588.0,2145.0,443.0,3056.0,2959.0,98.0,129.0,0.17117465224111283,-97.0,-0.03174083769633508,31.0,0.3163265306122449
06_085_503329,930.0,853.0,77.0,3107.0,3346.0,,,0.08279569892473118,239.0,0.07692307692307693,,
06_085_503330,2009.0,1900.0,109.0,3768.0,3782.0,,,0.05425584868093579,14.0,0.0037154989384288748,,
06_085_503331,1413.0,975.0,438.0,2180.0,1858.0,,,0.3099787685774947,-322.0,-0.14770642201834863,,
06_085_503332,2481.0,2348.0,133.0,1821.0,1831.0,16.0,16.0,0.053607416364369206,10.0,0.0054914881933003845,0.0,0.0
06_085_503322,951.0,737.0,214.0,2137.0,2443.0,34.0,60.0,0.22502628811777076,306.0,0.14319138979878335,26.0,0.7647058823529411
06_085_512200,1570.0,1328.0,242.0,3227.0,3106.0,24.0,,0.15414012738853503,-121.0,-0.03749612643321971,,
06_085_506601,1668.0,820.0,848.0,1371.0,1381.0,,,0.5083932853717026,10.0,0.007293946024799417,,
06_085_506701,1337.0,1094.0,243.0,2524.0,2354.0,9.0,8.0,0.18175018698578907,-170.0,-0.06735340729001585,-1.0,-0.1111111111111111
06_085_506702,2075.0,1239.0,836.0,2020.0,2132.0,,,0.40289156626506023,112.0,0.055445544554455446,,
06_085_506803,2363.0,1812.0,551.0,2159.0,2323.0,9.0,10.0,0.2331781633516716,164.0,0.07596109309865678,1.0,0.1111111111111111
06_085_507401,1916.0,1799.0,117.0,3007.0,2846.0,,,0.061064718162839246,-161.0,-0.05354173594945128,,
06_085_503601,913.0,248.0,665.0,1108.0,1091.0,,,0.7283680175246441,-17.0,-0.015342960288808664,,
06_085_503707,1270.0,819.0,451.0,1824.0,1595.0,107.0,147.0,0.3551181102362205,-229.0,-0.12554824561403508,40.0,0.37383177570093457
06_085_503709,1374.0,229.0,1145.0,930.0,818.0,,,0.8333333333333334,-112.0,-0.12043010752688173,,
06_085_504102,1377.0,885.0,492.0,2128.0,1981.0,44.0,52.0,0.3572984749455338,-147.0,-0.06907894736842106,8.0,0.18181818181818182
06_085_504308,1485.0,1199.0,286.0,2265.0,2361.0,9.0,11.0,0.1925925925925926,96.0,0.0423841059602649,2.0,0.2222222222222222
06_085_506603,1420.0,1081.0,339.0,2176.0,2160.0,,,0.23873239436619717,-16.0,-0.007352941176470588,,
06_085_508001,2830.0,1688.0,1142.0,2224.0,2277.0,69.0,68.0,0.40353356890459363,53.0,0.023830935251798562,-1.0,-0.014492753623188406
06_085_510001,2140.0,2068.0,72.0,2906.0,3035.0,,,0.03364485981308411,129.0,0.04439091534755678,,
06_085_506000,1868.0,960.0,908.0,1695.0,1824.0,,,0.4860813704496788,129.0,0.07610619469026549,,
06_085_510400,1137.0,988.0,149.0,2761.0,3071.0,,,0.1310466138962181,310.0,0.11227816008692502,,
06_085_508303,908.0,797.0,111.0,1842.0,1851.0,11.0,11.0,0.1222466960352423,9.0,0.004885993485342019,0.0,0.0
06_085_511905,1034.0,879.0,155.0,2613.0,2444.0,36.0,66.0,0.14990328820116053,-169.0,-0.06467661691542288,30.0,0.8333333333333334
06_085_512308,2280.0,1983.0,297.0,2959.0,3152.0,,,0.13026315789473683,193.0,0.06522473808719162,,
06_085_503211,1097.0,835.0,262.0,2060.0,2185.0,16.0,10.0,0.23883318140382861,125.0,0.06067961165048544,-6.0,-0.375
06_085_503326,1643.0,1554.0,89.0,3482.0,3770.0,23.0,18.0,0.054169202678027994,288.0,0.08271108558299828,-5.0,-0.21739130434782608
06_085_507001,3109.0,2015.0,1094.0,2579.0,2649.0,,,0.35188163396590544,70.0,0.027142303218301668,,
06_085_507302,958.0,813.0,145.0,3189.0,3180.0,40.0,71.0,0.151356993736952,-9.0,-0.0028222013170272815,31.0,0.775
06_085_507702,2072.0,1924.0,148.0,3379.0,3160.0,,,0.07142857142857142,-219.0,-0.0648120745782776,,
06_085_507805,1802.0,789.0,1013.0,1676.0,1739.0,,,0.5621531631520533,63.0,0.03758949880668258,,
06_085_507806,1924.0,674.0,1250.0,1906.0,1955.0,,,0.6496881496881497,49.0,0.02570828961175236,,
06_085_508101,2336.0,1281.0,1055.0,2286.0,2430.0,28.0,32.0,0.4516267123287671,144.0,0.06299212598425197,4.0,0.14285714285714285
06_085_509202,1753.0,913.0,840.0,1480.0,1466.0,55.0,68.0,0.4791785510553337,-14.0,-0.00945945945945946,13.0,0.23636363636363636
06_085_509304,1200.0,530.0,670.0,1636.0,1706.0,,,0.5583333333333333,70.0,0.042787286063569685,,
06_085_509401,1520.0,366.0,1154.0,1315.0,1440.0,,,0.7592105263157894,125.0,0.09505703422053231,,
06_085_509801,2120.0,1169.0,951.0,1864.0,1837.0,,,0.44858490566037734,-27.0,-0.014484978540772532,,
06_085_512307,2154.0,1803.0,351.0,2004.0,2261.0,40.0,27.0,0.16295264623955433,257.0,0.1282435129740519,-13.0,-0.325
06_085_503204,2080.0,1375.0,705.0,1889.0,1809.0,,30.0,0.3389423076923077,-80.0,-0.04235044997353097,,
06_085_503210,888.0,589.0,299.0,2025.0,2243.0,24.0,57.0,0.3367117117117117,218.0,0.10765432098765432,33.0,1.375
06_085_503401,874.0,571.0,303.0,1930.0,2034.0,84.0,56.0,0.34668192219679633,104.0,0.0538860103626943,-28.0,-0.3333333333333333
06_085_503507,304.0,220.0,84.0,1918.0,1867.0,18.0,32.0,0.27631578947368424,-51.0,-0.026590198123044837,14.0,0.7777777777777778
06_085_512019,1565.0,1018.0,547.0,2067.0,2074.0,,,0.34952076677316296,7.0,0.003386550556361877,,
06_085_512020,2672.0,333.0,2339.0,1406.0,1458.0,,,0.875374251497006,52.0,0.03698435277382646,,
06_085_512024,1637.0,1052.0,585.0,1792.0,1856.0,23.0,22.0,0.3573610262675626,64.0,0.03571428571428571,-1.0,-0.043478260869565216
06_085_512402,1624.0,1490.0,134.0,3159.0,3287.0,50.0,49.0,0.08251231527093596,128.0,0.04051915163026274,-1.0,-0.02
06_085_508602,1724.0,616.0,1108.0,1463.0,1724.0,,,0.642691415313225,261.0,0.17840054682159945,,
06_085_508703,2953.0,1346.0,1607.0,1701.0,1773.0,52.0,49.0,0.5441923467660007,72.0,0.042328042328042326,-3.0,-0.057692307692307696
06_085_508800,1376.0,411.0,965.0,1523.0,1524.0,,,0.7013081395348837,1.0,0.0006565988181221273,,
06_085_508900,1773.0,828.0,945.0,1646.0,1800.0,,,0.5329949238578681,154.0,0.09356014580801944,,
06_085_509000,2522.0,1220.0,1302.0,1357.0,1399.0,15.0,15.0,0.5162569389373514,42.0,0.030950626381724394,0.0,0.0
06_085_509107,1974.0,38.0,1936.0,1337.0,1330.0,,,0.9807497467071935,-7.0,-0.005235602094240838,,
06_085_509303,1765.0,357.0,1408.0,1300.0,1314.0,,,0.7977337110481586,14.0,0.010769230769230769,,
06_085_510100,1106.0,1068.0,38.0,3343.0,3313.0,12.0,13.0,0.034358047016274866,-30.0,-0.008973975471133712,1.0,0.08333333333333333
06_085_511910,1023.0,966.0,57.0,3448.0,3257.0,,,0.05571847507331378,-191.0,-0.055394431554524365,,
06_085_511911,1806.0,1466.0,340.0,2282.0,2427.0,28.0,33.0,0.18826135105204872,145.0,0.0635407537248028,5.0,0.17857142857142858
06_085_512505,2055.0,1130.0,925.0,1704.0,1809.0,,,0.45012165450121655,105.0,0.061619718309859156,,
06_085_512602,792.0,366.0,426.0,1617.0,1789.0,,,0.5378787878787878,172.0,0.10636982065553494,,
06_085_506804,1300.0,1058.0,242.0,2281.0,2581.0,,,0.18615384615384614,300.0,0.131521262604121,,
06_085_507301,2443.0,1782.0,661.0,3216.0,3350.0,,,0.27056897257470325,134.0,0.041666666666666664,,
06_085_507903,1649.0,1468.0,181.0,2719.0,2736.0,11.0,,0.10976349302607641,17.0,0.00625229863920559,,
06_085_507906,1463.0,1202.0,261.0,2500.0,2391.0,,,0.17840054682159945,-109.0,-0.0436,,
06_085_508102,1200.0,551.0,649.0,2059.0,2158.0,,,0.5408333333333334,99.0,0.04808159300631375,,
06_085_508401,2466.0,1530.0,936.0,1807.0,1947.0,29.0,34.0,0.3795620437956204,140.0,0.0774764803541782,5.0,0.1724137931034483
06_085_508403,947.0,869.0,78.0,2566.0,2820.0,,,0.08236536430834214,254.0,0.0989867498051442,,
06_085_508503,2729.0,802.0,1927.0,1434.0,1497.0,,,0.7061194576768047,63.0,0.043933054393305436,,
06_085_508601,1363.0,839.0,524.0,1623.0,1803.0,,,0.384446074834923,180.0,0.11090573012939002,,
06_085_509102,2301.0,853.0,1448.0,1645.0,1765.0,,,0.6292916123424598,120.0,0.0729483282674772,,
06_085_509105,3123.0,989.0,2134.0,1623.0,1657.0,,,0.6833173230867755,34.0,0.020948860135551448,,
06_085_509201,2053.0,960.0,1093.0,1607.0,1628.0,32.0,28.0,0.5323916220165611,21.0,0.013067828251400125,-4.0,-0.125
06_085_510002,1291.0,1070.0,221.0,2943.0,2894.0,,,0.17118512780790085,-49.0,-0.016649677200135916,,
06_085_510500,1854.0,1334.0,520.0,3165.0,2890.0,,,0.28047464940668826,-275.0,-0.08688783570300158,,
06_085_510900,2019.0,1198.0,821.0,1846.0,1884.0,,,0.40663694898464586,38.0,0.020585048754062838,,
06_085_504416,1032.0,889.0,143.0,2416.0,2254.0,48.0,55.0,0.1385658914728682,-162.0,-0.06705298013245033,7.0,0.14583333333333334
06_085_504422,1034.0,617.0,417.0,1722.0,1427.0,,,0.4032882011605416,-295.0,-0.1713124274099884,,
06_085_504602,517.0,264.0,253.0,1228.0,1294.0,,,0.48936170212765956,66.0,0.05374592833876222,,
06_085_505100,1410.0,609.0,801.0,1621.0,1608.0,13.0,38.0,0.5680851063829787,-13.0,-0.008019740900678593,25.0,1.9230769230769231
06_085_505202,2183.0,543.0,1640.0,1220.0,1313.0,69.0,16.0,0.7512597343105818,93.0,0.07622950819672131,-53.0,-0.7681159420289855
06_085_504417,76.0,60.0,16.0,3275.0,3667.0,,,0.21052631578947367,392.0,0.11969465648854961,,
06_085_503115,2358.0,2078.0,280.0,1937.0,1988.0,107.0,97.0,0.11874469889737066,51.0,0.02632937532266391,-10.0,-0.09345794392523364
06_085_503509,860.0,599.0,261.0,2138.0,2107.0,,,0.30348837209302326,-31.0,-0.014499532273152479,,
06_085_504320,828.0,629.0,199.0,2381.0,2427.0,,,0.24033816425120774,46.0,0.019319613607727847,,
06_085_505500,1544.0,855.0,689.0,1342.0,1358.0,50.0,44.0,0.44624352331606215,16.0,0.011922503725782414,-6.0,-0.12
06_085_507905,2155.0,1065.0,1090.0,1489.0,1859.0,,43.0,0.505800464037123,370.0,0.24848891873740767,,
06_085_511000,2348.0,1417.0,931.0,2260.0,2281.0,17.0,17.0,0.3965076660988075,21.0,0.009292035398230088,0.0,0.0
06_085_508203,1854.0,1293.0,561.0,1841.0,1921.0,,,0.30258899676375406,80.0,0.04345464421510049,,
06_085_508204,1451.0,1061.0,390.0,2126.0,2028.0,,31.0,0.2687801516195727,-98.0,-0.04609595484477893,,
06_085_508301,1533.0,1281.0,252.0,2500.0,2612.0,,,0.1643835616438356,112.0,0.0448,,
06_085_509302,1184.0,687.0,497.0,2259.0,2039.0,15.0,10.0,0.4197635135135135,-220.0,-0.09738822487826472,-5.0,-0.3333333333333333
06_085_509700,1434.0,610.0,824.0,1568.0,1646.0,,6.0,0.5746164574616457,78.0,0.04974489795918367,,
06_085_512506,1766.0,962.0,804.0,1250.0,1503.0,44.0,43.0,0.4552661381653454,253.0,0.2024,-1.0,-0.022727272727272728
06_085_505303,2129.0,717.0,1412.0,1228.0,1301.0,,17.0,0.6632221700328793,73.0,0.059446254071661236,,
06_085_505401,2459.0,709.0,1750.0,1629.0,1677.0,,39.0,0.7116714111427409,48.0,0.029465930018416207,,
06_085_505900,3019.0,1057.0,1962.0,1394.0,1393.0,40.0,36.0,0.6498840675720438,-1.0,-0.0007173601147776184,-4.0,-0.1
06_085_506604,2617.0,1899.0,718.0,2378.0,2553.0,,,0.27435995414596864,175.0,0.07359125315391085,,
06_085_507100,1261.0,488.0,773.0,1517.0,1612.0,,,0.6130055511498811,95.0,0.06262359920896507,,
06_085_507203,962.0,523.0,439.0,2179.0,2078.0,28.0,17.0,0.45634095634095634,-101.0,-0.0463515374024782,-11.0,-0.39285714285714285
06_085_507205,1871.0,1588.0,283.0,3093.0,3082.0,55.0,44.0,0.15125601282736503,-11.0,-0.003556417717426447,-11.0,-0.2
06_085_507206,922.0,814.0,108.0,3923.0,4000.0,,,0.11713665943600868,77.0,0.01962783583991843,,
06_085_507402,1417.0,1178.0,239.0,2642.0,2823.0,27.0,23.0,0.16866619618913198,181.0,0.06850870552611658,-4.0,-0.14814814814814814
06_085_508304,2815.0,843.0,1972.0,1484.0,1505.0,,,0.7005328596802842,21.0,0.014150943396226415,,
06_085_508404,2335.0,1443.0,892.0,2394.0,2353.0,,,0.38201284796573876,-41.0,-0.017126148705096073,,
06_085_509106,1639.0,550.0,1089.0,1437.0,1492.0,31.0,33.0,0.6644295302013423,55.0,0.038274182324286705,2.0,0.06451612903225806
06_085_509600,1256.0,464.0,792.0,1939.0,1998.0,,,0.6305732484076433,59.0,0.030428055698813822,,
06_085_510802,747.0,599.0,148.0,1681.0,2054.0,,,0.19812583668005354,373.0,0.22189173111243307,,
06_085_511100,1873.0,1665.0,208.0,2642.0,3026.0,53.0,38.0,0.11105178857447945,384.0,0.1453444360333081,-15.0,-0.2830188679245283
06_085_511200,1775.0,1527.0,248.0,2879.0,3050.0,,,0.13971830985915493,171.0,0.05939562348037513,,
06_085_512001,2007.0,1703.0,304.0,3091.0,2968.0,,,0.15146985550572994,-123.0,-0.03979294726625687,,
06_085_501000,1875.0,338.0,1537.0,1101.0,1125.0,,,0.8197333333333333,24.0,0.021798365122615803,,
06_085_501502,1054.0,525.0,529.0,1320.0,1327.0,24.0,25.0,0.5018975332068312,7.0,0.005303030303030303,1.0,0.041666666666666664
06_085_502800,1464.0,1196.0,268.0,2192.0,2178.0,,,0.1830601092896175,-14.0,-0.006386861313868613,,
06_085_502908,2303.0,1806.0,497.0,2040.0,1969.0,42.0,48.0,0.21580547112462006,-71.0,-0.03480392156862745,6.0,0.14285714285714285
06_085_503003,1797.0,1533.0,264.0,2369.0,2297.0,,,0.14691151919866444,-72.0,-0.030392570704938792,,
06_085_503212,964.0,728.0,236.0,2267.0,2321.0,,,0.24481327800829875,54.0,0.023820026466696075,,
06_085_503218,1131.0,401.0,730.0,1310.0,1284.0,,,0.6454465075154731,-26.0,-0.01984732824427481,,
06_085_503313,1263.0,1192.0,71.0,2744.0,2708.0,24.0,30.0,0.056215360253365,-36.0,-0.013119533527696793,6.0,0.25
06_085_512033,1894.0,1440.0,454.0,2549.0,2486.0,,14.0,0.23970432946145723,-63.0,-0.02471557473519027,,
06_085_512035,1357.0,1118.0,239.0,2438.0,2745.0,,,0.1761238025055269,307.0,0.12592288761279738,,
06_085_503333,1313.0,1125.0,188.0,3181.0,2830.0,2.0,4.0,0.1431835491241432,-351.0,-0.11034265954102483,2.0,1.0
06_085_503334,2672.0,2550.0,122.0,4001.0,4001.0,,,0.04565868263473054,0.0,0.0,,
06_085_503336,839.0,596.0,243.0,2129.0,2269.0,,26.0,0.2896305125148987,140.0,0.06575857209957726,,
06_085_503337,968.0,720.0,248.0,1894.0,1950.0,,,0.256198347107438,56.0,0.029567053854276663,,
06_085_503710,967.0,321.0,646.0,1226.0,1136.0,,,0.6680455015511892,-90.0,-0.0734094616639478,,
06_085_503711,1015.0,459.0,556.0,1473.0,1543.0,,,0.547783251231527,70.0,0.04752206381534284,,
06_085_503712,1278.0,472.0,806.0,1249.0,1177.0,,,0.6306729264475743,-72.0,-0.057646116893514815,,
06_085_503713,1118.0,335.0,783.0,1052.0,1117.0,23.0,22.0,0.7003577817531306,65.0,0.06178707224334601,-1.0,-0.043478260869565216
06_085_503902,1440.0,733.0,707.0,1845.0,1708.0,,,0.4909722222222222,-137.0,-0.07425474254742548,,
06_085_503903,944.0,339.0,605.0,1308.0,1382.0,,,0.6408898305084746,74.0,0.05657492354740061,,
06_085_504322,1989.0,724.0,1265.0,1861.0,1911.0,36.0,34.0,0.6359979889391654,50.0,0.026867275658248254,-2.0,-0.05555555555555555
06_085_504323,1778.0,889.0,889.0,1781.0,1796.0,,,0.5,15.0,0.008422234699606962,,
06_085_505009,2289.0,1309.0,980.0,1546.0,1538.0,38.0,32.0,0.42813455657492355,-8.0,-0.00517464424320828,-6.0,-0.15789473684210525
06_085_508003,757.0,280.0,477.0,1852.0,1920.0,8.0,17.0,0.6301188903566711,68.0,0.0367170626349892,9.0,1.125
06_085_508004,2077.0,1330.0,747.0,2033.0,2252.0,,,0.359653346172364,219.0,0.10772257747171668,,
06_085_508507,1381.0,410.0,971.0,1399.0,1466.0,,52.0,0.7031136857349747,67.0,0.04789135096497498,,
06_085_508508,1863.0,672.0,1191.0,1515.0,1466.0,47.0,37.0,0.6392914653784219,-49.0,-0.03234323432343234,-10.0,-0.2127659574468085
06_085_504423,612.0,477.0,135.0,2296.0,2648.0,36.0,30.0,0.22058823529411764,352.0,0.15331010452961671,-6.0,-0.16666666666666666
06_085_505008,2368.0,32.0,2336.0,1901.0,1987.0,,,0.9864864864864865,86.0,0.04523934771173067,,
06_085_506801,2168.0,1593.0,575.0,2283.0,2386.0,30.0,36.0,0.26522140221402213,103.0,0.045116075339465614,6.0,0.2
06_085_507002,1043.0,943.0,100.0,3731.0,3762.0,13.0,15.0,0.09587727708533078,31.0,0.008308764406325383,2.0,0.15384615384615385
06_085_507500,1973.0,1792.0,181.0,3089.0,3223.0,,,0.0917384693360365,134.0,0.043379734541922954,,
06_085_510801,1743.0,1499.0,244.0,2322.0,2610.0,38.0,63.0,0.1399885255306942,288.0,0.12403100775193798,25.0,0.6578947368421053
06_085_510803,1042.0,591.0,451.0,1399.0,1522.0,,,0.43282149712092133,123.0,0.08791994281629735,,
06_085_511500,2914.0,1645.0,1269.0,1785.0,1965.0,14.0,,0.43548387096774194,180.0,0.10084033613445378,,
06_085_503703,859.0,369.0,490.0,1249.0,1217.0,,,0.570430733410943,-32.0,-0.025620496397117692,,
06_085_503708,735.0,450.0,285.0,1914.0,1959.0,,,0.3877551020408163,45.0,0.023510971786833857,,
06_085_504002,1282.0,520.0,762.0,1590.0,1514.0,26.0,28.0,0.594383775351014,-76.0,-0.04779874213836478,2.0,0.07692307692307693
06_085_502601,1195.0,860.0,335.0,2147.0,2253.0,,,0.2803347280334728,106.0,0.04937121564974383,,
06_085_502907,1329.0,1091.0,238.0,1974.0,2179.0,49.0,16.0,0.17908201655379985,205.0,0.1038500506585613,-33.0,-0.673469387755102
06_085_503208,808.0,560.0,248.0,2237.0,2236.0,16.0,46.0,0.3069306930693069,-1.0,-0.0004470272686633885,30.0,1.875
06_085_503315,1959.0,1299.0,660.0,1837.0,1809.0,,,0.33690658499234305,-28.0,-0.015242242787152967,,
06_085_511301,1737.0,859.0,878.0,1866.0,1936.0,,,0.5054691997697179,70.0,0.03751339764201501,,
06_085_512025,1080.0,885.0,195.0,2378.0,2264.0,,,0.18055555555555555,-114.0,-0.0479394449116905,,
06_085_511912,1712.0,1448.0,264.0,2882.0,2771.0,,,0.1542056074766355,-111.0,-0.03851492019430951,,
06_085_511913,1420.0,1399.0,21.0,2693.0,3006.0,,22.0,0.014788732394366197,313.0,0.1162272558484961,,
06_085_511914,1971.0,1791.0,180.0,2958.0,3079.0,,,0.091324200913242,121.0,0.04090601757944557,,
06_085_512029,2323.0,1957.0,366.0,2195.0,2248.0,32.0,22.0,0.15755488592337494,53.0,0.024145785876993165,-10.0,-0.3125
06_085_512030,910.0,849.0,61.0,2514.0,2607.0,,,0.06703296703296703,93.0,0.03699284009546539,,
06_085_512034,1044.0,911.0,133.0,2674.0,2604.0,,,0.12739463601532566,-70.0,-0.02617801047120419,,
06_085_512503,2396.0,2213.0,183.0,3575.0,3164.0,56.0,47.0,0.07637729549248748,-411.0,-0.11496503496503496,-9.0,-0.16071428571428573
06_085_512508,2668.0,1484.0,1184.0,1775.0,1658.0,,,0.44377811094452774,-117.0,-0.06591549295774649,,
06_085_500300,1215.0,511.0,704.0,1731.0,1884.0,10.0,74.0,0.5794238683127572,153.0,0.08838821490467938,64.0,6.4
06_085_500800,1138.0,395.0,743.0,1394.0,1436.0,163.0,166.0,0.6528998242530756,42.0,0.03012912482065997,3.0,0.018404907975460124
06_085_501300,1093.0,602.0,491.0,1441.0,1696.0,,,0.4492223238792315,255.0,0.17696044413601666,,
06_085_502910,1468.0,749.0,719.0,1558.0,1637.0,,,0.48978201634877383,79.0,0.050706033376123234,,
06_085_503112,1325.0,532.0,793.0,1439.0,1452.0,17.0,20.0,0.5984905660377359,13.0,0.009034051424600417,3.0,0.17647058823529413
06_085_503116,2212.0,1311.0,901.0,1719.0,1803.0,34.0,27.0,0.4073236889692586,84.0,0.04886561954624782,-7.0,-0.20588235294117646
06_085_512017,2071.0,1119.0,952.0,1886.0,1844.0,42.0,47.0,0.4596813133751811,-42.0,-0.022269353128313893,5.0,0.11904761904761904
06_085_512031,1378.0,1197.0,181.0,2463.0,2660.0,,,0.1313497822931785,197.0,0.07998375964271214,,
06_085_512309,1711.0,1465.0,246.0,2627.0,2623.0,40.0,64.0,0.14377556984219755,-4.0,-0.0015226494099733537,24.0,0.6
06_085_500600,2044.0,877.0,1167.0,1382.0,1413.0,23.0,23.0,0.5709393346379648,31.0,0.02243125904486252,0.0,0.0
06_085_504316,1427.0,1176.0,251.0,2094.0,2213.0,,,0.17589348283111422,119.0,0.05682903533906399,,
06_085_504321,1589.0,1032.0,557.0,2227.0,2354.0,,,0.35053492762743865,127.0,0.0570273911091154,,
06_085_504505,1150.0,809.0,341.0,2124.0,2142.0,,25.0,0.2965217391304348,18.0,0.00847457627118644,,
06_085_504803,2549.0,1132.0,1417.0,1640.0,1737.0,,,0.5559042761867399,97.0,0.05914634146341463,,
06_085_505203,1251.0,642.0,609.0,2099.0,2111.0,27.0,61.0,0.486810551558753,12.0,0.005717008099094807,34.0,1.2592592592592593
06_085_505403,2537.0,695.0,1842.0,1602.0,1658.0,47.0,36.0,0.7260543949546708,56.0,0.03495630461922597,-11.0,-0.23404255319148937
06_085_506102,1593.0,1137.0,456.0,1903.0,1961.0,,,0.2862523540489642,58.0,0.03047819232790331,,
06_085_507600,2055.0,1745.0,310.0,4001.0,4001.0,49.0,,0.15085158150851583,0.0,0.0,,
06_085_507701,1404.0,1102.0,302.0,2887.0,3038.0,,28.0,0.2150997150997151,151.0,0.05230342916522342,,
06_085_507808,1817.0,1477.0,340.0,2464.0,2725.0,,,0.18712162905888827,261.0,0.10592532467532467,,
06_085_511302,2268.0,719.0,1549.0,1599.0,1721.0,69.0,71.0,0.6829805996472663,122.0,0.07629768605378362,2.0,0.028985507246376812
06_041_102202,2259.0,1723.0,536.0,2073.0,2234.0,,,0.23727312970340858,161.0,0.07766521948866377,,
06_041_102203,1946.0,761.0,1185.0,1349.0,1382.0,80.0,49.0,0.6089414182939363,33.0,0.02446256486286138,-31.0,-0.3875
06_041_109001,1792.0,732.0,1060.0,1482.0,1575.0,40.0,39.0,0.5915178571428571,93.0,0.06275303643724696,-1.0,-0.025
06_041_109002,1849.0,989.0,860.0,1605.0,1660.0,,,0.46511627906976744,55.0,0.03426791277258567,,
06_041_112201,1958.0,164.0,1794.0,1436.0,1435.0,,,0.916241062308478,-1.0,-0.0006963788300835655,,
06_041_112202,1325.0,674.0,651.0,1388.0,1390.0,39.0,42.0,0.4913207547169811,2.0,0.001440922190201729,3.0,0.07692307692307693
06_041_119201,1878.0,523.0,1355.0,1682.0,1796.0,,,0.7215122470713525,114.0,0.06777645659928656,,
06_041_119202,1278.0,1103.0,175.0,2595.0,2669.0,,,0.13693270735524257,74.0,0.028516377649325627,,
06_041_130201,1955.0,960.0,995.0,2285.0,2505.0,,,0.5089514066496164,220.0,0.0962800875273523,,
06_041_130202,2445.0,1167.0,1278.0,2097.0,2101.0,46.0,45.0,0.5226993865030675,4.0,0.0019074868860276585,-1.0,-0.021739130434782608
06_041_131100,408.0,232.0,176.0,2065.0,2289.0,,,0.43137254901960786,224.0,0.10847457627118644,,
06_041_104101,3107.0,2437.0,670.0,2200.0,2301.0,,,0.21564209848728677,101.0,0.045909090909090906,,
06_041_124100,2131.0,1350.0,781.0,2380.0,2304.0,39.0,33.0,0.3664946034725481,-76.0,-0.031932773109243695,-6.0,-0.15384615384615385
06_041_990100,0.0,0.0,0.0,,,,,,,,,
06_041_104102,2050.0,1035.0,1015.0,1696.0,1636.0,79.0,50.0,0.4951219512195122,-60.0,-0.03537735849056604,-29.0,-0.3670886075949367
06_041_104200,2482.0,1656.0,826.0,1902.0,1998.0,,,0.33279613215149073,96.0,0.050473186119873815,,
06_041_106002,2112.0,1462.0,650.0,1981.0,2050.0,,,0.3077651515151515,69.0,0.0348308934881373,,
06_041_118100,703.0,630.0,73.0,3635.0,3354.0,18.0,18.0,0.10384068278805121,-281.0,-0.07730398899587346,0.0,0.0
06_041_121100,2304.0,1327.0,977.0,2140.0,2016.0,,,0.4240451388888889,-124.0,-0.05794392523364486,,
06_041_132100,730.0,470.0,260.0,1304.0,1433.0,53.0,49.0,0.3561643835616438,129.0,0.09892638036809816,-4.0,-0.07547169811320754
06_041_101100,984.0,890.0,94.0,3043.0,3181.0,,,0.09552845528455285,138.0,0.045349983568846536,,
06_041_101200,1027.0,782.0,245.0,1856.0,1617.0,43.0,46.0,0.2385589094449854,-239.0,-0.12877155172413793,3.0,0.06976744186046512
06_041_113000,1525.0,1117.0,408.0,2266.0,2263.0,18.0,,0.26754098360655737,-3.0,-0.001323918799646955,,
06_041_122000,0.0,0.0,0.0,,,,,,,,,
06_041_126100,2394.0,1791.0,603.0,2558.0,2370.0,34.0,37.0,0.2518796992481203,-188.0,-0.07349491790461297,3.0,0.08823529411764706
06_041_105000,2415.0,1655.0,760.0,1874.0,1749.0,43.0,39.0,0.3146997929606625,-125.0,-0.06670224119530416,-4.0,-0.09302325581395349
06_041_110100,2390.0,1277.0,1113.0,1400.0,1480.0,,,0.46569037656903767,80.0,0.05714285714285714,,
06_041_121200,2501.0,1724.0,777.0,2000.0,2055.0,,40.0,0.31067572970811674,55.0,0.0275,,
06_041_129000,1042.0,250.0,792.0,1565.0,1500.0,,17.0,0.7600767754318618,-65.0,-0.04153354632587859,,
06_041_132200,819.0,537.0,282.0,1129.0,1490.0,,27.0,0.3443223443223443,361.0,0.31975199291408324,,
06_041_123000,904.0,636.0,268.0,2733.0,2913.0,38.0,31.0,0.29646017699115046,180.0,0.06586169045005488,-7.0,-0.18421052631578946
06_041_107000,2399.0,2061.0,338.0,2504.0,2676.0,,,0.14089203834931222,172.0,0.06869009584664537,,
06_041_111000,2736.0,894.0,1842.0,1412.0,1499.0,71.0,67.0,0.6732456140350878,87.0,0.06161473087818697,-4.0,-0.056338028169014086
06_041_116000,1274.0,814.0,460.0,2051.0,1955.0,,,0.36106750392464676,-96.0,-0.04680643588493418,,
06_041_124200,2500.0,1628.0,872.0,2717.0,2814.0,43.0,87.0,0.3488,97.0,0.03570114096429886,44.0,1.0232558139534884
06_041_125000,1877.0,784.0,1093.0,1738.0,1820.0,,,0.582312200319659,82.0,0.047180667433831994,,
06_041_127000,1881.0,1434.0,447.0,2431.0,2897.0,,,0.23763955342902712,466.0,0.19169066227889758,,
06_041_102100,917.0,772.0,145.0,2422.0,2454.0,22.0,28.0,0.15812431842966193,32.0,0.013212221304706853,6.0,0.2727272727272727
06_041_106001,2180.0,1058.0,1122.0,1624.0,1647.0,32.0,32.0,0.5146788990825688,23.0,0.01416256157635468,0.0,0.0
06_041_108100,2682.0,2356.0,326.0,2389.0,2393.0,34.0,31.0,0.1215510812826249,4.0,0.0016743407283382169,-3.0,-0.08823529411764706
06_041_108200,2995.0,1542.0,1453.0,1565.0,1526.0,,,0.48514190317195327,-39.0,-0.024920127795527155,,
06_041_110200,2303.0,2092.0,211.0,3126.0,3262.0,,,0.09161962657403387,136.0,0.04350607805502239,,
06_041_128100,2560.0,2044.0,516.0,3161.0,3150.0,17.0,17.0,0.2015625,-11.0,-0.0034799114204365706,0.0,0.0
06_041_103100,2603.0,2177.0,426.0,2350.0,2124.0,,,0.16365731847867845,-226.0,-0.09617021276595744,,
06_041_104300,591.0,536.0,55.0,3113.0,3241.0,,,0.09306260575296109,128.0,0.04111789270799872,,
06_041_114100,2255.0,1465.0,790.0,2039.0,2052.0,,,0.35033259423503327,13.0,0.0063756743501716525,,
06_041_119100,1823.0,1262.0,561.0,2491.0,2565.0,5.0,,0.30773450356555127,74.0,0.029706945002007226,,
06_041_112100,1890.0,991.0,899.0,1446.0,1453.0,37.0,36.0,0.4756613756613757,7.0,0.004840940525587829,-1.0,-0.02702702702702703
06_041_114200,1263.0,730.0,533.0,1793.0,1695.0,,,0.4220110847189232,-98.0,-0.05465699944227551,,
06_041_117000,1877.0,1107.0,770.0,1717.0,1823.0,14.0,28.0,0.41022908897176347,106.0,0.06173558532323821,14.0,1.0
06_041_120000,2846.0,1772.0,1074.0,1913.0,1934.0,14.0,16.0,0.3773717498243148,21.0,0.01097752221641401,2.0,0.14285714285714285
06_041_126200,2212.0,1051.0,1161.0,1935.0,2023.0,75.0,42.0,0.5248643761301989,88.0,0.04547803617571059,-33.0,-0.44
06_041_128200,1872.0,1480.0,392.0,3113.0,3050.0,,7.0,0.2094017094017094,-63.0,-0.020237712817218118,,
06_041_133000,1244.0,747.0,497.0,1647.0,1393.0,,,0.3995176848874598,-254.0,-0.15421979356405585,,
06_041_103200,2538.0,1546.0,992.0,1857.0,1868.0,,,0.3908589440504334,11.0,0.0059235325794291865,,
06_041_115000,2801.0,2389.0,412.0,2781.0,3092.0,,,0.14709032488397,311.0,0.11183027687882056,,
06_061_22002,2508.0,1880.0,628.0,1681.0,1678.0,57.0,40.0,0.2503987240829346,-3.0,-0.001784651992861392,-17.0,-0.2982456140350877
06_061_20104,449.0,361.0,88.0,1606.0,1471.0,44.0,34.0,0.19599109131403117,-135.0,-0.08405977584059776,-10.0,-0.22727272727272727
06_061_20107,1138.0,317.0,821.0,913.0,892.0,29.0,29.0,0.7214411247803163,-21.0,-0.023001095290251915,0.0,0.0
06_061_20602,2564.0,2173.0,391.0,1911.0,2022.0,47.0,38.0,0.15249609984399376,111.0,0.058084772370486655,-9.0,-0.19148936170212766
06_061_20604,2043.0,1746.0,297.0,2315.0,2418.0,32.0,,0.14537444933920704,103.0,0.04449244060475162,,
06_061_20300,2247.0,734.0,1513.0,975.0,1038.0,,,0.6733422340898977,63.0,0.06461538461538462,,
06_061_21103,1446.0,1018.0,428.0,1496.0,1524.0,,,0.2959889349930844,28.0,0.01871657754010695,,
06_061_21902,1664.0,1361.0,303.0,1497.0,1565.0,33.0,33.0,0.18209134615384615,68.0,0.04542418169672679,0.0,0.0
06_061_21304,1980.0,1648.0,332.0,1773.0,1822.0,,,0.16767676767676767,49.0,0.02763677382966723,,
06_061_20106,602.0,391.0,211.0,1656.0,1575.0,58.0,61.0,0.3504983388704319,-81.0,-0.04891304347826087,3.0,0.05172413793103448
06_061_20901,920.0,324.0,596.0,1016.0,1013.0,48.0,25.0,0.6478260869565218,-3.0,-0.002952755905511811,-23.0,-0.4791666666666667
06_061_21045,1112.0,685.0,427.0,1364.0,1394.0,36.0,36.0,0.3839928057553957,30.0,0.021994134897360705,0.0,0.0
06_061_21128,1046.0,717.0,329.0,1744.0,1613.0,,,0.31453154875717015,-131.0,-0.07511467889908256,,
06_061_21129,1469.0,614.0,855.0,1282.0,1328.0,,,0.5820285908781484,46.0,0.0358814352574103,,
06_061_21130,1236.0,219.0,1017.0,1084.0,1135.0,,,0.8228155339805825,51.0,0.0470479704797048,,
06_061_21131,2052.0,1051.0,1001.0,1720.0,1614.0,,,0.4878167641325536,-106.0,-0.06162790697674419,,
06_061_21203,2246.0,1746.0,500.0,1740.0,1740.0,65.0,67.0,0.2226179875333927,0.0,0.0,2.0,0.03076923076923077
06_061_21204,921.0,847.0,74.0,2274.0,2428.0,,,0.08034744842562432,154.0,0.06772207563764292,,
06_061_21309,2687.0,2254.0,433.0,2525.0,2426.0,117.0,107.0,0.1611462597692594,-99.0,-0.03920792079207921,-10.0,-0.08547008547008547
06_061_21322,2507.0,2159.0,348.0,2152.0,2251.0,33.0,36.0,0.13881132828081372,99.0,0.04600371747211896,3.0,0.09090909090909091
06_061_21403,2217.0,1126.0,1091.0,1006.0,979.0,,,0.492106450157871,-27.0,-0.0268389662027833,,
06_061_21603,1903.0,799.0,1104.0,962.0,973.0,30.0,28.0,0.580136626379401,11.0,0.011434511434511435,-2.0,-0.06666666666666667
06_061_21604,1310.0,1167.0,143.0,1591.0,1185.0,53.0,,0.10916030534351145,-406.0,-0.25518541797611566,,
06_061_21003,2369.0,1429.0,940.0,1354.0,1423.0,22.0,23.0,0.39679189531447867,69.0,0.05096011816838995,1.0,0.045454545454545456
06_061_21106,881.0,762.0,119.0,1895.0,1919.0,,,0.13507377979568672,24.0,0.012664907651715039,,
06_061_21108,1150.0,734.0,416.0,1038.0,984.0,106.0,101.0,0.3617391304347826,-54.0,-0.05202312138728324,-5.0,-0.04716981132075472
06_061_20606,1436.0,1357.0,79.0,3349.0,3401.0,,,0.05501392757660167,52.0,0.015527022991937893,,
06_061_21501,2141.0,1588.0,553.0,1224.0,1247.0,9.0,9.0,0.25829051844932277,23.0,0.018790849673202614,0.0,0.0
06_061_21801,1736.0,1581.0,155.0,2011.0,2028.0,48.0,46.0,0.08928571428571429,17.0,0.008453505718547987,-2.0,-0.041666666666666664
06_061_21901,1112.0,917.0,195.0,1436.0,1421.0,21.0,22.0,0.17535971223021582,-15.0,-0.010445682451253482,1.0,0.047619047619047616
06_061_21401,776.0,562.0,214.0,1313.0,1339.0,26.0,34.0,0.2757731958762887,26.0,0.019801980198019802,8.0,0.3076923076923077
06_061_21502,1515.0,1111.0,404.0,1645.0,1449.0,,,0.26666666666666666,-196.0,-0.11914893617021277,,
06_061_21802,2410.0,1811.0,599.0,1099.0,1131.0,,88.0,0.24854771784232366,32.0,0.029117379435850774,,
06_061_20105,596.0,478.0,118.0,1805.0,2108.0,,,0.19798657718120805,303.0,0.16786703601108033,,
06_061_20200,2443.0,2014.0,429.0,1285.0,1370.0,21.0,19.0,0.17560376586164553,85.0,0.06614785992217899,-2.0,-0.09523809523809523
06_061_20601,2642.0,2494.0,148.0,2809.0,2575.0,39.0,95.0,0.056018168054504165,-234.0,-0.08330366678533285,56.0,1.435897435897436
06_061_20605,1983.0,1836.0,147.0,3064.0,3144.0,55.0,49.0,0.07413010590015129,80.0,0.02610966057441253,-6.0,-0.10909090909090909
06_061_21109,1773.0,1348.0,425.0,2239.0,2189.0,24.0,25.0,0.23970671178793007,-50.0,-0.022331397945511387,1.0,0.041666666666666664
06_061_21046,2180.0,959.0,1221.0,1148.0,1123.0,,,0.560091743119266,-25.0,-0.02177700348432056,,
06_061_21122,1286.0,1210.0,76.0,2090.0,2072.0,22.0,25.0,0.05909797822706065,-18.0,-0.00861244019138756,3.0,0.13636363636363635
06_061_21123,2878.0,2504.0,374.0,2126.0,2175.0,44.0,,0.1299513551077137,49.0,0.023047977422389464,,
06_061_21043,1162.0,654.0,508.0,1872.0,1871.0,43.0,50.0,0.43717728055077454,-1.0,-0.0005341880341880342,7.0,0.16279069767441862
06_061_20401,1023.0,332.0,691.0,993.0,930.0,,,0.6754643206256109,-63.0,-0.0634441087613293,,
06_061_20402,1382.0,1074.0,308.0,1447.0,1366.0,37.0,37.0,0.22286541244573083,-81.0,-0.05597788527988943,0.0,0.0
06_061_20501,1161.0,1001.0,160.0,1619.0,1682.0,30.0,18.0,0.13781223083548666,63.0,0.03891290920321186,-12.0,-0.4
06_061_20502,1770.0,1570.0,200.0,1712.0,1690.0,46.0,,0.11299435028248588,-22.0,-0.012850467289719626,,
06_061_20710,1648.0,1450.0,198.0,1780.0,1800.0,,,0.12014563106796117,20.0,0.011235955056179775,,
06_061_20711,1916.0,749.0,1167.0,1247.0,1276.0,45.0,40.0,0.6090814196242171,29.0,0.023255813953488372,-5.0,-0.1111111111111111
06_061_990000,0.0,0.0,0.0,,,,,,,,,
06_061_20712,1338.0,796.0,542.0,1135.0,1189.0,,,0.40508221225710017,54.0,0.04757709251101322,,
06_061_20713,1312.0,634.0,678.0,1091.0,1036.0,,,0.5167682926829268,-55.0,-0.05041246562786435,,
06_061_20714,1457.0,1043.0,414.0,1580.0,1615.0,21.0,18.0,0.28414550446122167,35.0,0.022151898734177215,-3.0,-0.14285714285714285
06_061_20715,1133.0,736.0,397.0,1652.0,1741.0,,,0.3503971756398941,89.0,0.05387409200968523,,
06_061_20717,1347.0,729.0,618.0,1484.0,1545.0,,39.0,0.45879732739420936,61.0,0.04110512129380054,,
06_061_20805,1650.0,1175.0,475.0,1224.0,1204.0,82.0,71.0,0.2878787878787879,-20.0,-0.016339869281045753,-11.0,-0.13414634146341464
06_061_20806,1569.0,933.0,636.0,1150.0,1210.0,25.0,43.0,0.40535372848948376,60.0,0.05217391304347826,18.0,0.72
06_061_20908,2357.0,1297.0,1060.0,1285.0,1332.0,76.0,129.0,0.44972422571064913,47.0,0.036575875486381325,53.0,0.6973684210526315
06_061_21034,1373.0,1050.0,323.0,2167.0,2165.0,31.0,28.0,0.23525127458120904,-2.0,-0.0009229349330872173,-3.0,-0.0967741935483871
06_061_21035,2492.0,1772.0,720.0,2119.0,2092.0,19.0,,0.28892455858747995,-27.0,-0.012741859367626238,,
06_061_21037,938.0,513.0,425.0,1427.0,1476.0,,,0.453091684434968,49.0,0.03433777154870357,,
06_061_21038,2488.0,1831.0,657.0,1884.0,1880.0,39.0,52.0,0.2640675241157556,-4.0,-0.0021231422505307855,13.0,0.3333333333333333
06_061_21039,1147.0,1068.0,79.0,595.0,622.0,,,0.06887532693984307,27.0,0.0453781512605042,,
06_061_21040,2229.0,2033.0,196.0,584.0,588.0,45.0,48.0,0.08793180798564379,4.0,0.00684931506849315,3.0,0.06666666666666667
06_061_21044,1702.0,1358.0,344.0,2352.0,2329.0,19.0,19.0,0.20211515863689777,-23.0,-0.00977891156462585,0.0,0.0
06_061_22011,553.0,535.0,18.0,2561.0,3102.0,26.0,87.0,0.0325497287522604,541.0,0.21124560718469348,61.0,2.3461538461538463
06_061_22013,1071.0,910.0,161.0,1262.0,1250.0,38.0,43.0,0.1503267973856209,-12.0,-0.009508716323296355,5.0,0.13157894736842105
06_061_22014,511.0,285.0,226.0,1364.0,1200.0,110.0,49.0,0.44227005870841485,-164.0,-0.12023460410557185,-61.0,-0.5545454545454546
06_061_22100,399.0,277.0,122.0,2227.0,2160.0,33.0,32.0,0.3057644110275689,-67.0,-0.030085316569375842,-1.0,-0.030303030303030304
06_061_22200,391.0,203.0,188.0,1846.0,2018.0,,13.0,0.48081841432225064,172.0,0.09317443120260022,,
06_061_22300,373.0,262.0,111.0,987.0,948.0,,16.0,0.2975871313672922,-39.0,-0.03951367781155015,,
06_061_22400,1644.0,1131.0,513.0,2721.0,2673.0,48.0,48.0,0.31204379562043794,-48.0,-0.017640573318632856,0.0,0.0
06_061_22500,1209.0,993.0,216.0,3080.0,3072.0,122.0,240.0,0.17866004962779156,-8.0,-0.0025974025974025974,118.0,0.9672131147540983
06_061_22600,1949.0,1028.0,921.0,1660.0,1718.0,85.0,54.0,0.47255002565418164,58.0,0.03493975903614458,-31.0,-0.36470588235294116
06_061_22800,1426.0,962.0,464.0,2004.0,2174.0,,,0.32538569424964936,170.0,0.08483033932135728,,
06_061_22900,1804.0,1012.0,792.0,2277.0,2002.0,,,0.43902439024390244,-275.0,-0.12077294685990338,,
06_061_23000,937.0,885.0,52.0,2711.0,2611.0,,,0.05549626467449306,-100.0,-0.03688675765400221,,
06_061_23100,1681.0,1398.0,283.0,2613.0,2781.0,30.0,77.0,0.1683521713265913,168.0,0.0642939150401837,47.0,1.5666666666666667
06_061_23200,1422.0,1134.0,288.0,2821.0,2819.0,45.0,31.0,0.20253164556962025,-2.0,-0.0007089684509039348,-14.0,-0.3111111111111111
06_061_23300,1256.0,1073.0,183.0,2708.0,2872.0,26.0,25.0,0.14570063694267515,164.0,0.060561299852289516,-1.0,-0.038461538461538464
06_061_23400,1284.0,1122.0,162.0,2078.0,2294.0,36.0,33.0,0.1261682242990654,216.0,0.1039461020211742,-3.0,-0.08333333333333333
06_061_23500,1482.0,1237.0,245.0,3077.0,2849.0,62.0,38.0,0.16531713900134953,-228.0,-0.07409814754631135,-24.0,-0.3870967741935484
06_061_23600,2500.0,2228.0,272.0,1262.0,1420.0,49.0,23.0,0.1088,158.0,0.12519809825673534,-26.0,-0.5306122448979592
06_061_23700,1932.0,1709.0,223.0,971.0,979.0,23.0,22.0,0.11542443064182195,8.0,0.008238928939237899,-1.0,-0.043478260869565216
06_061_23800,1803.0,1567.0,236.0,1143.0,972.0,25.0,,0.13089295618413754,-171.0,-0.14960629921259844,,
06_061_23900,941.0,758.0,183.0,2272.0,2288.0,,44.0,0.1944739638682253,16.0,0.007042253521126761,,
06_093_1200,793.0,467.0,326.0,625.0,775.0,9.0,2.0,0.4110970996216898,150.0,0.24,-7.0,-0.7777777777777778
06_093_600,787.0,593.0,194.0,640.0,658.0,54.0,48.0,0.24650571791613723,18.0,0.028125,-6.0,-0.1111111111111111
06_093_702,1832.0,862.0,970.0,686.0,658.0,,59.0,0.5294759825327511,-28.0,-0.04081632653061224,,
06_093_800,1524.0,1169.0,355.0,688.0,692.0,10.0,,0.23293963254593175,4.0,0.005813953488372093,,
06_093_1100,1165.0,710.0,455.0,839.0,939.0,30.0,36.0,0.3905579399141631,100.0,0.11918951132300358,6.0,0.2
06_093_900,2912.0,1825.0,1087.0,938.0,1010.0,54.0,74.0,0.37328296703296704,72.0,0.0767590618336887,20.0,0.37037037037037035
06_093_701,1575.0,1172.0,403.0,925.0,1007.0,28.0,20.0,0.25587301587301586,82.0,0.08864864864864865,-8.0,-0.2857142857142857
06_093_200,706.0,493.0,213.0,519.0,520.0,15.0,27.0,0.301699716713881,1.0,0.0019267822736030828,12.0,0.8
06_093_400,381.0,272.0,109.0,585.0,558.0,8.0,10.0,0.28608923884514437,-27.0,-0.046153846153846156,2.0,0.25
06_093_500,955.0,617.0,338.0,466.0,475.0,40.0,37.0,0.3539267015706806,9.0,0.019313304721030045,-3.0,-0.075
06_093_300,1792.0,1310.0,482.0,672.0,698.0,52.0,62.0,0.2689732142857143,26.0,0.03869047619047619,10.0,0.19230769230769232
06_093_1000,3323.0,2130.0,1193.0,938.0,974.0,39.0,85.0,0.3590129401143545,36.0,0.03837953091684435,46.0,1.1794871794871795
06_093_100,542.0,334.0,208.0,582.0,628.0,15.0,3.0,0.3837638376383764,46.0,0.07903780068728522,-12.0,-0.8
06_093_703,1495.0,869.0,626.0,730.0,845.0,25.0,,0.4187290969899666,115.0,0.15753424657534246,,
06_089_12702,1261.0,972.0,289.0,854.0,840.0,73.0,45.0,0.22918318794607453,-14.0,-0.01639344262295082,-28.0,-0.3835616438356164
06_089_10500,1912.0,703.0,1209.0,799.0,854.0,61.0,,0.6323221757322176,55.0,0.0688360450563204,,
06_089_11600,1474.0,1021.0,453.0,730.0,778.0,72.0,61.0,0.3073270013568521,48.0,0.06575342465753424,-11.0,-0.1527777777777778
06_089_11900,1781.0,1597.0,184.0,1466.0,1436.0,26.0,8.0,0.10331274564851207,-30.0,-0.020463847203274217,-18.0,-0.6923076923076923
06_089_12301,993.0,735.0,258.0,694.0,680.0,62.0,39.0,0.2598187311178248,-14.0,-0.020172910662824207,-23.0,-0.3709677419354839
06_089_12302,2026.0,1531.0,495.0,1037.0,1113.0,66.0,72.0,0.2443237907206318,76.0,0.07328833172613308,6.0,0.09090909090909091
06_089_10900,1518.0,614.0,904.0,875.0,872.0,34.0,27.0,0.5955204216073782,-3.0,-0.0034285714285714284,-7.0,-0.20588235294117646
06_089_12303,1350.0,1010.0,340.0,1142.0,1219.0,,,0.2518518518518518,77.0,0.06742556917688267,,
06_089_12400,1437.0,1267.0,170.0,1192.0,1224.0,25.0,28.0,0.11830201809324982,32.0,0.026845637583892617,3.0,0.12
06_089_11300,2114.0,1059.0,1055.0,858.0,895.0,,,0.4990539262062441,37.0,0.04312354312354312,,
06_089_12500,622.0,568.0,54.0,1261.0,1188.0,15.0,7.0,0.08681672025723473,-73.0,-0.05789056304520222,-8.0,-0.5333333333333333
06_089_12000,1857.0,729.0,1128.0,853.0,838.0,,,0.6074313408723748,-15.0,-0.017584994138335287,,
06_089_12701,1691.0,1139.0,552.0,688.0,724.0,53.0,53.0,0.3264340626848019,36.0,0.05232558139534884,0.0,0.0
06_089_10702,1500.0,1041.0,459.0,1086.0,1064.0,,,0.306,-22.0,-0.020257826887661142,,
06_089_10200,1117.0,426.0,691.0,771.0,773.0,,,0.6186213070725156,2.0,0.0025940337224383916,,
06_089_11500,2306.0,1950.0,356.0,1138.0,1134.0,15.0,15.0,0.15437987857762359,-4.0,-0.0035149384885764497,0.0,0.0
06_089_10601,1028.0,823.0,205.0,1512.0,1577.0,,,0.19941634241245138,65.0,0.04298941798941799,,
06_089_10100,695.0,124.0,571.0,619.0,628.0,,,0.8215827338129497,9.0,0.014539579967689823,,
06_089_10300,1519.0,713.0,806.0,1083.0,1050.0,,15.0,0.5306122448979592,-33.0,-0.030470914127423823,,
06_089_10400,1601.0,965.0,636.0,939.0,888.0,82.0,92.0,0.39725171767645223,-51.0,-0.054313099041533544,10.0,0.12195121951219512
06_089_10602,2008.0,1439.0,569.0,1099.0,1307.0,,,0.28336653386454186,208.0,0.18926296633303002,,
06_089_10603,612.0,514.0,98.0,1307.0,1416.0,,,0.16013071895424835,109.0,0.08339709257842387,,
06_089_10703,1557.0,434.0,1123.0,944.0,951.0,,,0.7212588310854207,7.0,0.007415254237288136,,
06_089_10704,1962.0,1105.0,857.0,708.0,740.0,42.0,35.0,0.4367991845056065,32.0,0.04519774011299435,-7.0,-0.16666666666666666
06_089_10803,2071.0,746.0,1325.0,958.0,983.0,36.0,50.0,0.6397875422501207,25.0,0.026096033402922755,14.0,0.3888888888888889
06_089_10804,849.0,698.0,151.0,1031.0,1313.0,,,0.17785630153121318,282.0,0.2735208535402522,,
06_089_12101,1820.0,1075.0,745.0,823.0,810.0,92.0,104.0,0.40934065934065933,-13.0,-0.015795868772782502,12.0,0.13043478260869565
06_089_12102,922.0,438.0,484.0,632.0,598.0,,,0.5249457700650759,-34.0,-0.05379746835443038,,
06_089_12603,1784.0,1449.0,335.0,1172.0,1181.0,101.0,113.0,0.18778026905829595,9.0,0.007679180887372013,12.0,0.1188118811881188
06_089_12604,900.0,712.0,188.0,1318.0,1188.0,17.0,7.0,0.2088888888888889,-130.0,-0.09863429438543247,-10.0,-0.5882352941176471
06_089_10805,1741.0,1050.0,691.0,1165.0,1185.0,42.0,105.0,0.3968983342906376,20.0,0.017167381974248927,63.0,1.5
06_089_10807,1705.0,1347.0,358.0,1213.0,1234.0,,,0.2099706744868035,21.0,0.01731244847485573,,
06_089_11100,1094.0,765.0,329.0,1374.0,1392.0,28.0,20.0,0.3007312614259598,18.0,0.013100436681222707,-8.0,-0.2857142857142857
06_089_12200,1832.0,1474.0,358.0,1039.0,1072.0,87.0,160.0,0.19541484716157206,33.0,0.03176130895091434,73.0,0.8390804597701149
06_089_12601,2090.0,1658.0,432.0,973.0,939.0,22.0,23.0,0.20669856459330144,-34.0,-0.03494347379239465,1.0,0.045454545454545456
06_089_10806,1379.0,789.0,590.0,842.0,832.0,27.0,30.0,0.4278462654097172,-10.0,-0.011876484560570071,3.0,0.1111111111111111
06_089_11001,582.0,509.0,73.0,1311.0,1283.0,25.0,20.0,0.1254295532646048,-28.0,-0.02135774218154081,-5.0,-0.2
06_089_11002,2320.0,1468.0,852.0,955.0,975.0,76.0,66.0,0.36724137931034484,20.0,0.020942408376963352,-10.0,-0.13157894736842105
06_089_11209,2199.0,724.0,1475.0,837.0,835.0,42.0,,0.6707594361073215,-2.0,-0.0023894862604540022,,
06_089_11401,1458.0,1046.0,412.0,1189.0,1174.0,,,0.2825788751714678,-15.0,-0.012615643397813289,,
06_089_11402,1232.0,1043.0,189.0,1613.0,1599.0,,,0.1534090909090909,-14.0,-0.008679479231246125,,
06_089_11403,875.0,631.0,244.0,1463.0,1523.0,44.0,42.0,0.27885714285714286,60.0,0.04101161995898838,-2.0,-0.045454545454545456
06_089_11702,1277.0,943.0,334.0,1169.0,1150.0,,,0.2615505090054816,-19.0,-0.016253207869974338,,
06_089_11701,883.0,618.0,265.0,1266.0,1394.0,43.0,59.0,0.3001132502831257,128.0,0.10110584518167456,16.0,0.37209302325581395
06_089_11703,1185.0,873.0,312.0,1097.0,991.0,29.0,32.0,0.26329113924050634,-106.0,-0.09662716499544212,3.0,0.10344827586206896
06_089_11801,831.0,749.0,82.0,1027.0,1119.0,,,0.098676293622142,92.0,0.08958130477117819,,
06_089_11802,1013.0,949.0,64.0,1235.0,1118.0,37.0,,0.0631786771964462,-117.0,-0.09473684210526316,,
06_089_11803,1164.0,918.0,246.0,949.0,1057.0,78.0,136.0,0.211340206185567,108.0,0.11380400421496312,58.0,0.7435897435897436
06_095_252908,1193.0,619.0,574.0,1459.0,1411.0,,,0.48113998323554064,-48.0,-0.03289924605894448,,
06_095_253101,1962.0,1187.0,775.0,1196.0,1222.0,,,0.3950050968399592,26.0,0.021739130434782608,,
06_095_251300,1153.0,971.0,182.0,1361.0,1507.0,,,0.15784908933217692,146.0,0.10727406318883174,,
06_095_252704,1806.0,1090.0,716.0,1277.0,1322.0,35.0,28.0,0.3964562569213732,45.0,0.03523884103367267,-7.0,-0.2
06_095_253105,2229.0,794.0,1435.0,1276.0,1293.0,,,0.6437864513234635,17.0,0.013322884012539185,,
06_095_252107,1375.0,991.0,384.0,1923.0,1884.0,33.0,43.0,0.2792727272727273,-39.0,-0.0202808112324493,10.0,0.30303030303030304
06_095_252605,1809.0,624.0,1185.0,1092.0,1081.0,44.0,46.0,0.6550580431177446,-11.0,-0.010073260073260074,2.0,0.045454545454545456
06_095_252903,1692.0,1346.0,346.0,2449.0,2444.0,,,0.2044917257683215,-5.0,-0.002041649652919559,,
06_095_251701,1233.0,517.0,716.0,1088.0,1088.0,34.0,43.0,0.5806974858069749,0.0,0.0,9.0,0.2647058823529412
06_095_252000,1929.0,1024.0,905.0,1078.0,1214.0,38.0,33.0,0.4691550025920166,136.0,0.1261595547309833,-5.0,-0.13157894736842105
06_095_252105,1195.0,931.0,264.0,1976.0,1948.0,96.0,81.0,0.22092050209205022,-28.0,-0.01417004048582996,-15.0,-0.15625
06_095_252606,1646.0,577.0,1069.0,1031.0,1047.0,,,0.649453219927096,16.0,0.015518913676042677,,
06_095_252703,1204.0,672.0,532.0,1801.0,1711.0,30.0,24.0,0.4418604651162791,-90.0,-0.04997223764575236,-6.0,-0.2
06_095_252707,1489.0,1072.0,417.0,1139.0,1169.0,24.0,23.0,0.2800537273337811,30.0,0.02633889376646181,-1.0,-0.041666666666666664
06_095_253201,1771.0,1530.0,241.0,1651.0,1654.0,,52.0,0.13608130999435347,3.0,0.0018170805572380376,,
06_095_250701,1032.0,698.0,334.0,906.0,958.0,46.0,56.0,0.3236434108527132,52.0,0.05739514348785872,10.0,0.21739130434782608
06_095_250900,1263.0,137.0,1126.0,679.0,586.0,21.0,29.0,0.8915281076801267,-93.0,-0.13696612665684832,8.0,0.38095238095238093
06_095_251702,869.0,523.0,346.0,1919.0,1667.0,60.0,41.0,0.39815880322209435,-252.0,-0.13131839499739448,-19.0,-0.31666666666666665
06_095_251902,1604.0,1129.0,475.0,1654.0,1626.0,,26.0,0.2961346633416459,-28.0,-0.016928657799274487,,
06_095_251903,1480.0,1200.0,280.0,1949.0,1962.0,206.0,175.0,0.1891891891891892,13.0,0.006670087224217547,-31.0,-0.15048543689320387
06_095_252104,1848.0,1726.0,122.0,2890.0,2917.0,35.0,,0.06601731601731602,27.0,0.009342560553633217,,
06_095_252909,1067.0,934.0,133.0,1864.0,1844.0,,,0.1246485473289597,-20.0,-0.01072961373390558,,
06_095_252910,1844.0,1278.0,566.0,1933.0,1948.0,70.0,127.0,0.306941431670282,15.0,0.007759958613554061,57.0,0.8142857142857143
06_095_253300,1031.0,566.0,465.0,1522.0,1280.0,11.0,14.0,0.4510184287099903,-242.0,-0.1590013140604468,3.0,0.2727272727272727
06_095_250200,1255.0,765.0,490.0,1125.0,1142.0,,,0.3904382470119522,17.0,0.015111111111111112,,
06_095_251000,1087.0,404.0,683.0,1127.0,1142.0,26.0,23.0,0.6283348666053358,15.0,0.013309671694764862,-3.0,-0.11538461538461539
06_095_251804,969.0,642.0,327.0,1713.0,1709.0,33.0,39.0,0.33746130030959753,-4.0,-0.002335084646818447,6.0,0.18181818181818182
06_095_252106,1682.0,1099.0,583.0,1519.0,1607.0,99.0,81.0,0.34661117717003564,88.0,0.05793285055957867,-18.0,-0.18181818181818182
06_095_250300,1070.0,622.0,448.0,1522.0,1344.0,23.0,31.0,0.41869158878504675,-178.0,-0.11695137976346912,8.0,0.34782608695652173
06_095_250502,1129.0,872.0,257.0,1571.0,1666.0,,,0.22763507528786536,95.0,0.06047103755569701,,
06_095_252103,1938.0,915.0,1023.0,1479.0,1448.0,,9.0,0.5278637770897833,-31.0,-0.020960108181203516,,
06_095_252402,1510.0,882.0,628.0,1278.0,1172.0,34.0,33.0,0.41589403973509936,-106.0,-0.08294209702660407,-1.0,-0.029411764705882353
06_095_252502,582.0,116.0,466.0,819.0,855.0,35.0,38.0,0.8006872852233677,36.0,0.04395604395604396,3.0,0.08571428571428572
06_095_250501,778.0,527.0,251.0,1316.0,1167.0,,,0.3226221079691517,-149.0,-0.11322188449848024,,
06_095_250601,1438.0,970.0,468.0,1797.0,1532.0,50.0,75.0,0.325452016689847,-265.0,-0.14746800222593212,25.0,0.5
06_095_251802,1204.0,453.0,751.0,707.0,722.0,29.0,21.0,0.6237541528239202,15.0,0.021216407355021217,-8.0,-0.27586206896551724
06_095_252705,1944.0,1555.0,389.0,1805.0,1813.0,54.0,25.0,0.2001028806584362,8.0,0.00443213296398892,-29.0,-0.5370370370370371
06_095_252108,1255.0,1001.0,254.0,1834.0,1902.0,20.0,24.0,0.20239043824701194,68.0,0.03707742639040349,4.0,0.2
06_095_253106,1227.0,599.0,628.0,1386.0,1386.0,,16.0,0.5118174409127955,0.0,0.0,,
06_095_253107,2107.0,1114.0,993.0,1206.0,1236.0,81.0,108.0,0.4712861888941623,30.0,0.024875621890547265,27.0,0.3333333333333333
06_095_252904,1838.0,1307.0,531.0,1614.0,1711.0,55.0,34.0,0.28890097932535364,97.0,0.060099132589838906,-21.0,-0.38181818181818183
06_095_253000,0.0,0.0,0.0,,,,,,,,,
06_095_253402,2339.0,1289.0,1050.0,1276.0,1227.0,23.0,27.0,0.44890979050876445,-49.0,-0.0384012539184953,4.0,0.17391304347826086
06_095_252102,1526.0,894.0,632.0,1376.0,1439.0,25.0,,0.41415465268676277,63.0,0.04578488372093023,,
06_095_252201,2866.0,2709.0,157.0,2703.0,2669.0,33.0,52.0,0.05478018143754362,-34.0,-0.012578616352201259,19.0,0.5757575757575758
06_095_252306,1118.0,843.0,275.0,1802.0,1775.0,61.0,65.0,0.24597495527728086,-27.0,-0.014983351831298557,4.0,0.06557377049180328
06_095_252401,1210.0,777.0,433.0,1518.0,1369.0,125.0,91.0,0.3578512396694215,-149.0,-0.0981554677206851,-34.0,-0.272
06_095_250400,1149.0,894.0,255.0,1240.0,1351.0,23.0,46.0,0.22193211488250653,111.0,0.08951612903225807,23.0,1.0
06_095_251100,1085.0,539.0,546.0,1125.0,1173.0,14.0,33.0,0.5032258064516129,48.0,0.042666666666666665,19.0,1.3571428571428572
06_095_251500,1379.0,482.0,897.0,1047.0,1080.0,53.0,64.0,0.6504713560551124,33.0,0.03151862464183381,11.0,0.20754716981132076
06_095_251600,1148.0,225.0,923.0,948.0,975.0,,25.0,0.804006968641115,27.0,0.028481012658227847,,
06_095_251901,1781.0,853.0,928.0,1586.0,1515.0,102.0,82.0,0.5210555867490174,-71.0,-0.04476670870113493,-20.0,-0.19607843137254902
06_095_252202,2774.0,2301.0,473.0,2437.0,2406.0,42.0,47.0,0.17051189617880316,-31.0,-0.01272055806319245,5.0,0.11904761904761904
06_095_252604,1015.0,415.0,600.0,1157.0,1112.0,33.0,37.0,0.5911330049261084,-45.0,-0.03889369057908384,4.0,0.12121212121212122
06_095_252702,2279.0,1628.0,651.0,1835.0,1875.0,108.0,137.0,0.2856516015796402,40.0,0.021798365122615803,29.0,0.26851851851851855
06_095_251803,1440.0,1017.0,423.0,1516.0,1627.0,,,0.29375,111.0,0.07321899736147758,,
06_095_251200,1023.0,640.0,383.0,1162.0,1151.0,,,0.37438905180840665,-11.0,-0.00946643717728055,,
06_095_252706,1149.0,1023.0,126.0,2146.0,2189.0,,,0.10966057441253264,43.0,0.020037278657968314,,
06_095_252607,1095.0,423.0,672.0,1166.0,1198.0,,,0.6136986301369863,32.0,0.0274442538593482,,
06_095_252305,1545.0,1024.0,521.0,1933.0,1913.0,,,0.3372168284789644,-20.0,-0.010346611484738748,,
06_095_253500,3764.0,2858.0,906.0,1238.0,1266.0,147.0,129.0,0.24070138150903295,28.0,0.022617124394184167,-18.0,-0.12244897959183673
06_095_251400,2138.0,1493.0,645.0,1346.0,1306.0,32.0,35.0,0.3016838166510758,-40.0,-0.029717682020802376,3.0,0.09375
06_095_252501,915.0,360.0,555.0,1270.0,1223.0,31.0,31.0,0.6065573770491803,-47.0,-0.03700787401574803,0.0,0.0
06_095_253108,1392.0,887.0,505.0,1708.0,1678.0,82.0,29.0,0.36278735632183906,-30.0,-0.01756440281030445,-53.0,-0.6463414634146342
06_095_253203,1570.0,992.0,578.0,1541.0,1554.0,53.0,39.0,0.3681528662420382,13.0,0.008436080467229072,-14.0,-0.2641509433962264
06_095_252608,1176.0,477.0,699.0,1095.0,1126.0,99.0,95.0,0.5943877551020408,31.0,0.028310502283105023,-4.0,-0.04040404040404041
06_095_250604,1522.0,1260.0,262.0,2070.0,2230.0,41.0,37.0,0.1721419185282523,160.0,0.07729468599033816,-4.0,-0.0975609756097561
06_095_250103,1592.0,935.0,657.0,1438.0,1526.0,,,0.4126884422110553,88.0,0.061196105702364396,,
06_095_250104,809.0,564.0,245.0,2004.0,1949.0,,,0.30284301606922126,-55.0,-0.027445109780439122,,
06_095_250105,2146.0,1413.0,733.0,2360.0,2141.0,22.0,43.0,0.34156570363466915,-219.0,-0.09279661016949152,21.0,0.9545454545454546
06_095_250106,1310.0,1158.0,152.0,2857.0,3087.0,56.0,117.0,0.11603053435114503,230.0,0.08050402520126006,61.0,1.0892857142857142
06_095_250605,1442.0,1290.0,152.0,2206.0,2190.0,36.0,32.0,0.10540915395284327,-16.0,-0.007252946509519492,-4.0,-0.1111111111111111
06_095_250801,1440.0,607.0,833.0,1221.0,1278.0,100.0,109.0,0.5784722222222223,57.0,0.04668304668304668,9.0,0.09
06_095_252310,1147.0,938.0,209.0,3087.0,2975.0,,,0.1822144725370532,-112.0,-0.036281179138321996,,
06_095_252311,1526.0,1225.0,301.0,2575.0,2690.0,33.0,36.0,0.19724770642201836,115.0,0.04466019417475728,3.0,0.09090909090909091
06_095_252312,1223.0,802.0,421.0,1570.0,1557.0,37.0,38.0,0.34423548650858543,-13.0,-0.008280254777070064,1.0,0.02702702702702703
06_095_252313,1882.0,977.0,905.0,1637.0,1603.0,61.0,28.0,0.4808714133900106,-34.0,-0.020769700671960906,-33.0,-0.5409836065573771
06_095_252314,1278.0,969.0,309.0,1635.0,1679.0,64.0,39.0,0.24178403755868544,44.0,0.02691131498470948,-25.0,-0.390625
06_095_252315,1278.0,1137.0,141.0,2528.0,2290.0,,40.0,0.11032863849765258,-238.0,-0.09414556962025317,,
06_095_252316,1070.0,825.0,245.0,1901.0,1933.0,,,0.22897196261682243,32.0,0.016833245660178853,,
06_095_252317,1839.0,1477.0,362.0,2381.0,2385.0,19.0,7.0,0.19684611201740077,4.0,0.0016799664006719867,-12.0,-0.631578947368421
06_095_252610,1049.0,840.0,209.0,1625.0,1576.0,,,0.1992373689227836,-49.0,-0.030153846153846153,,
06_095_252611,1042.0,474.0,568.0,1244.0,1425.0,,,0.54510556621881,181.0,0.1454983922829582,,
06_095_252801,833.0,18.0,815.0,1596.0,1720.0,,,0.978391356542617,124.0,0.07769423558897243,,
06_095_252802,118.0,0.0,118.0,1516.0,1682.0,,,1.0,166.0,0.10949868073878628,,
06_095_252911,2667.0,1739.0,928.0,1149.0,1134.0,11.0,10.0,0.3479565054368204,-15.0,-0.013054830287206266,-1.0,-0.09090909090909091
06_095_252912,1905.0,1577.0,328.0,2250.0,2090.0,36.0,42.0,0.1721784776902887,-160.0,-0.07111111111111111,6.0,0.16666666666666666
06_095_252913,1733.0,1324.0,409.0,1863.0,1964.0,11.0,14.0,0.2360069244085401,101.0,0.05421363392377885,3.0,0.2727272727272727
06_095_252914,1798.0,1184.0,614.0,1708.0,1662.0,57.0,31.0,0.3414905450500556,-46.0,-0.026932084309133488,-26.0,-0.45614035087719296
06_095_252915,980.0,925.0,55.0,2920.0,2468.0,,,0.05612244897959184,-452.0,-0.1547945205479452,,
06_095_253204,2252.0,1517.0,735.0,1812.0,1875.0,30.0,64.0,0.32637655417406747,63.0,0.0347682119205298,34.0,1.1333333333333333
06_095_253205,1096.0,641.0,455.0,1567.0,1698.0,,,0.41514598540145986,131.0,0.08359923420548819,,
06_095_253206,992.0,818.0,174.0,2446.0,2323.0,,,0.17540322580645162,-123.0,-0.05028618152085037,,
06_095_253403,1624.0,1431.0,193.0,2114.0,2256.0,13.0,50.0,0.1188423645320197,142.0,0.06717123935666983,37.0,2.8461538461538463
06_095_253404,2106.0,1278.0,828.0,1499.0,1535.0,54.0,54.0,0.39316239316239315,36.0,0.02401601067378252,0.0,0.0
06_095_980000,0.0,0.0,0.0,,,,,,,,,
06_015_202,1358.0,978.0,380.0,722.0,805.0,11.0,42.0,0.27982326951399117,83.0,0.1149584487534626,31.0,2.8181818181818183
06_015_102,1364.0,1022.0,342.0,880.0,1004.0,8.0,19.0,0.250733137829912,124.0,0.1409090909090909,11.0,1.375
06_015_101,1658.0,379.0,1279.0,772.0,819.0,,23.0,0.7714113389626055,47.0,0.06088082901554404,,
06_015_201,1361.0,1241.0,120.0,1000.0,988.0,10.0,12.0,0.0881704628949302,-12.0,-0.012,2.0,0.2
06_015_203,525.0,308.0,217.0,755.0,768.0,9.0,13.0,0.41333333333333333,13.0,0.017218543046357615,4.0,0.4444444444444444
06_015_104,790.0,461.0,329.0,474.0,531.0,,,0.41645569620253164,57.0,0.12025316455696203,,
06_015_105,2762.0,1645.0,1117.0,1016.0,1052.0,75.0,71.0,0.4044170890658943,36.0,0.03543307086614173,-4.0,-0.05333333333333334
06_015_990000,0.0,0.0,0.0,,,,,,,,,
06_021_10502,604.0,368.0,236.0,708.0,738.0,12.0,8.0,0.39072847682119205,30.0,0.0423728813559322,-4.0,-0.3333333333333333
06_021_10100,2722.0,1808.0,914.0,957.0,953.0,76.0,40.0,0.3357825128581925,-4.0,-0.0041797283176593526,-36.0,-0.47368421052631576
06_021_10200,1597.0,1270.0,327.0,883.0,805.0,38.0,31.0,0.2047589229805886,-78.0,-0.08833522083805209,-7.0,-0.18421052631578946
06_021_10400,2880.0,1684.0,1196.0,915.0,785.0,,,0.4152777777777778,-130.0,-0.14207650273224043,,
06_021_10300,671.0,539.0,132.0,785.0,769.0,24.0,26.0,0.19672131147540983,-16.0,-0.02038216560509554,2.0,0.08333333333333333
06_021_10501,1009.0,612.0,397.0,762.0,858.0,2.0,3.0,0.39345887016848363,96.0,0.12598425196850394,1.0,0.5
06_007_2700,2236.0,1447.0,789.0,835.0,880.0,39.0,42.0,0.35286225402504473,45.0,0.05389221556886228,3.0,0.07692307692307693
06_007_3400,997.0,499.0,498.0,787.0,812.0,56.0,30.0,0.49949849548645936,25.0,0.03176620076238882,-26.0,-0.4642857142857143
06_007_601,1349.0,867.0,482.0,1317.0,1458.0,31.0,,0.35730170496664193,141.0,0.1070615034168565,,
06_007_604,1382.0,185.0,1197.0,790.0,782.0,,,0.8661360347322721,-8.0,-0.010126582278481013,,
06_007_1900,1428.0,1189.0,239.0,813.0,902.0,85.0,37.0,0.16736694677871147,89.0,0.10947109471094711,-48.0,-0.5647058823529412
06_007_1300,1323.0,488.0,835.0,847.0,883.0,7.0,65.0,0.6311413454270597,36.0,0.04250295159386069,58.0,8.285714285714286
06_007_201,1686.0,874.0,812.0,933.0,869.0,19.0,19.0,0.4816132858837485,-64.0,-0.06859592711682744,0.0,0.0
06_007_1600,1979.0,1773.0,206.0,1564.0,1631.0,,18.0,0.10409297625063163,67.0,0.04283887468030691,,
06_007_2000,2258.0,1489.0,769.0,948.0,1078.0,,,0.34056687333923824,130.0,0.1371308016877637,,
06_007_3200,1418.0,1095.0,323.0,753.0,682.0,11.0,11.0,0.22778561354019747,-71.0,-0.09428950863213811,0.0,0.0
06_007_3300,1551.0,1219.0,332.0,773.0,1002.0,46.0,57.0,0.21405544809800128,229.0,0.296248382923674,11.0,0.2391304347826087
06_007_3600,1153.0,714.0,439.0,1075.0,1031.0,35.0,54.0,0.38074588031222895,-44.0,-0.04093023255813953,19.0,0.5428571428571428
06_007_2100,2077.0,1306.0,771.0,771.0,760.0,,,0.3712084737602311,-11.0,-0.014267185473411154,,
06_007_501,1500.0,1013.0,487.0,1382.0,1154.0,40.0,26.0,0.32466666666666666,-228.0,-0.1649782923299566,-14.0,-0.35
06_007_1400,1990.0,1677.0,313.0,1238.0,1298.0,,43.0,0.157286432160804,60.0,0.048465266558966075,,
06_007_2400,2091.0,1664.0,427.0,835.0,824.0,126.0,117.0,0.20420851267336204,-11.0,-0.013173652694610778,-9.0,-0.07142857142857142
06_007_1000,2207.0,381.0,1826.0,985.0,970.0,,,0.8273674671499773,-15.0,-0.015228426395939087,,
06_007_103,1131.0,778.0,353.0,1554.0,1636.0,40.0,38.0,0.3121131741821397,82.0,0.05276705276705277,-2.0,-0.05
06_007_104,2407.0,1265.0,1142.0,1236.0,1152.0,,,0.4744495222268384,-84.0,-0.06796116504854369,,
06_007_401,542.0,294.0,248.0,939.0,1042.0,,,0.4575645756457565,103.0,0.10969116080937168,,
06_007_402,2996.0,2208.0,788.0,1072.0,1255.0,,,0.2630173564753004,183.0,0.1707089552238806,,
06_007_901,917.0,622.0,295.0,1669.0,1767.0,,,0.321701199563795,98.0,0.05871779508687837,,
06_007_603,1074.0,230.0,844.0,941.0,1029.0,,,0.7858472998137802,88.0,0.09351753453772582,,
06_007_202,1631.0,879.0,752.0,737.0,753.0,,25.0,0.4610668301655426,16.0,0.021709633649932156,,
06_007_300,1705.0,545.0,1160.0,835.0,889.0,29.0,16.0,0.6803519061583577,54.0,0.06467065868263473,-13.0,-0.4482758620689655
06_007_502,1618.0,337.0,1281.0,816.0,854.0,,,0.7917181705809642,38.0,0.04656862745098039,,
06_007_2800,1783.0,451.0,1332.0,616.0,630.0,26.0,,0.7470555243970836,14.0,0.022727272727272728,,
06_007_2900,838.0,534.0,304.0,945.0,904.0,,,0.3627684964200477,-41.0,-0.04338624338624339,,
06_007_3100,1586.0,1292.0,294.0,957.0,919.0,75.0,73.0,0.1853720050441362,-38.0,-0.03970741901776385,-2.0,-0.02666666666666667
06_007_102,1467.0,1046.0,421.0,933.0,978.0,78.0,100.0,0.28698023176550785,45.0,0.04823151125401929,22.0,0.28205128205128205
06_007_1100,1538.0,562.0,976.0,977.0,982.0,,,0.6345903771131339,5.0,0.00511770726714432,,
06_007_1500,1959.0,1380.0,579.0,1064.0,1073.0,40.0,33.0,0.29555895865237364,9.0,0.008458646616541353,-7.0,-0.175
06_007_1702,2174.0,1485.0,689.0,967.0,985.0,76.0,72.0,0.3169273229070837,18.0,0.01861427094105481,-4.0,-0.05263157894736842
06_007_1800,2540.0,1933.0,607.0,687.0,744.0,40.0,42.0,0.2389763779527559,57.0,0.08296943231441048,2.0,0.05
06_007_2300,2349.0,1915.0,434.0,696.0,821.0,50.0,36.0,0.18475947211579397,125.0,0.17959770114942528,-14.0,-0.28
06_007_700,2321.0,853.0,1468.0,880.0,915.0,88.0,95.0,0.6324859974149074,35.0,0.03977272727272727,7.0,0.07954545454545454
06_007_800,2273.0,1471.0,802.0,1214.0,1204.0,46.0,55.0,0.3528376594808623,-10.0,-0.008237232289950576,9.0,0.1956521739130435
06_007_1200,1501.0,469.0,1032.0,1027.0,983.0,25.0,25.0,0.6875416389073951,-44.0,-0.042843232716650435,0.0,0.0
06_007_2200,2309.0,1736.0,573.0,885.0,973.0,41.0,23.0,0.24815937635339974,88.0,0.09943502824858758,-18.0,-0.43902439024390244
06_007_2500,1613.0,583.0,1030.0,728.0,790.0,,,0.638561686298822,62.0,0.08516483516483517,,
06_007_903,2413.0,889.0,1524.0,957.0,963.0,41.0,37.0,0.631578947368421,6.0,0.006269592476489028,-4.0,-0.0975609756097561
06_007_904,2684.0,1598.0,1086.0,1359.0,1377.0,54.0,68.0,0.4046199701937407,18.0,0.013245033112582781,14.0,0.25925925925925924
06_007_1703,1217.0,958.0,259.0,843.0,883.0,47.0,73.0,0.21281840591618734,40.0,0.04744958481613286,26.0,0.5531914893617021
06_007_1704,1255.0,1037.0,218.0,860.0,977.0,,,0.17370517928286852,117.0,0.13604651162790699,,
06_007_2601,1127.0,1010.0,117.0,740.0,774.0,,,0.10381543921916593,34.0,0.04594594594594595,,
06_007_2602,1604.0,1316.0,288.0,915.0,914.0,41.0,42.0,0.17955112219451372,-1.0,-0.001092896174863388,1.0,0.024390243902439025
06_007_3001,945.0,538.0,407.0,783.0,810.0,70.0,44.0,0.4306878306878307,27.0,0.034482758620689655,-26.0,-0.37142857142857144
06_007_3002,1110.0,556.0,554.0,936.0,840.0,37.0,36.0,0.4990990990990991,-96.0,-0.10256410256410256,-1.0,-0.02702702702702703
06_007_3501,1057.0,710.0,347.0,917.0,937.0,,,0.3282876064333018,20.0,0.021810250817884406,,
06_007_3502,1326.0,874.0,452.0,900.0,852.0,40.0,35.0,0.34087481146304677,-48.0,-0.05333333333333334,-5.0,-0.125
06_007_3700,1584.0,1172.0,412.0,740.0,802.0,62.0,65.0,0.2601010101010101,62.0,0.08378378378378379,3.0,0.04838709677419355
06_063_100,2440.0,1580.0,860.0,751.0,910.0,,,0.3524590163934426,159.0,0.21171770972037285,,
06_063_400,1310.0,846.0,464.0,459.0,518.0,84.0,81.0,0.35419847328244275,59.0,0.12854030501089325,-3.0,-0.03571428571428571
06_063_201,752.0,722.0,30.0,1390.0,1526.0,70.0,126.0,0.0398936170212766,136.0,0.09784172661870504,56.0,0.8
06_063_202,578.0,431.0,147.0,674.0,766.0,29.0,26.0,0.25432525951557095,92.0,0.13649851632047477,-3.0,-0.10344827586206896
06_063_300,2206.0,1502.0,704.0,893.0,894.0,33.0,60.0,0.31912964641885766,1.0,0.0011198208286674132,27.0,0.8181818181818182
06_063_501,824.0,520.0,304.0,763.0,668.0,100.0,36.0,0.36893203883495146,-95.0,-0.12450851900393185,-64.0,-0.64
06_063_502,1324.0,991.0,333.0,1018.0,1361.0,55.0,65.0,0.2515105740181269,343.0,0.3369351669941061,10.0,0.18181818181818182
06_029_3205,2382.0,1688.0,694.0,1716.0,1575.0,53.0,,0.29135180520570947,-141.0,-0.08216783216783216,,
06_029_4603,0.0,0.0,0.0,,,,,,,,,
06_029_3206,2865.0,2193.0,672.0,1830.0,1786.0,,,0.23455497382198953,-44.0,-0.024043715846994537,,
06_029_3306,1573.0,1310.0,263.0,1214.0,1275.0,93.0,92.0,0.16719643992371266,61.0,0.05024711696869852,-1.0,-0.010752688172043012
06_029_3305,1203.0,853.0,350.0,1107.0,993.0,67.0,72.0,0.29093931837073983,-114.0,-0.10298102981029811,5.0,0.07462686567164178
06_029_4604,2558.0,1917.0,641.0,1078.0,1121.0,125.0,84.0,0.25058639562157936,43.0,0.039888682745825604,-41.0,-0.328
06_029_4701,1898.0,1095.0,803.0,846.0,823.0,,,0.4230769230769231,-23.0,-0.027186761229314422,,
06_029_4702,966.0,404.0,562.0,698.0,710.0,,,0.5817805383022774,12.0,0.017191977077363897,,
06_029_5003,908.0,334.0,574.0,673.0,696.0,,,0.6321585903083701,23.0,0.03417533432392273,,
06_029_5004,1885.0,1059.0,826.0,868.0,909.0,71.0,80.0,0.43819628647214853,41.0,0.04723502304147465,9.0,0.1267605633802817
06_029_5203,2180.0,1794.0,386.0,661.0,618.0,137.0,114.0,0.17706422018348625,-43.0,-0.06505295007564296,-23.0,-0.1678832116788321
06_029_5204,2883.0,2074.0,809.0,573.0,570.0,169.0,247.0,0.28061047519944504,-3.0,-0.005235602094240838,78.0,0.46153846153846156
06_029_5507,2840.0,1649.0,1191.0,1115.0,1098.0,228.0,195.0,0.4193661971830986,-17.0,-0.015246636771300448,-33.0,-0.14473684210526316
06_029_5508,1665.0,1152.0,513.0,968.0,923.0,50.0,50.0,0.3081081081081081,-45.0,-0.04648760330578512,0.0,0.0
06_029_5801,1867.0,1428.0,439.0,1482.0,1584.0,34.0,104.0,0.2351365827530798,102.0,0.06882591093117409,70.0,2.0588235294117645
06_029_5802,2352.0,1085.0,1267.0,851.0,861.0,69.0,19.0,0.5386904761904762,10.0,0.011750881316098707,-50.0,-0.7246376811594203
06_029_2811,1445.0,1336.0,109.0,2221.0,2170.0,58.0,50.0,0.0754325259515571,-51.0,-0.02296262944619541,-8.0,-0.13793103448275862
06_029_5402,1939.0,1464.0,475.0,812.0,931.0,52.0,57.0,0.24497163486333162,119.0,0.14655172413793102,5.0,0.09615384615384616
06_029_5700,603.0,55.0,548.0,639.0,1274.0,,,0.9087893864013267,635.0,0.9937402190923318,,
06_029_2804,1429.0,1015.0,414.0,845.0,911.0,68.0,78.0,0.28971308607417773,66.0,0.07810650887573964,10.0,0.14705882352941177
06_029_2807,1388.0,1202.0,186.0,1621.0,1708.0,36.0,76.0,0.1340057636887608,87.0,0.05367057371992597,40.0,1.1111111111111112
06_029_2000,2223.0,483.0,1740.0,669.0,703.0,117.0,149.0,0.7827260458839406,34.0,0.05082212257100149,32.0,0.27350427350427353
06_029_2700,1717.0,1001.0,716.0,902.0,940.0,29.0,25.0,0.41700640652300525,38.0,0.04212860310421286,-4.0,-0.13793103448275862
06_029_3124,1648.0,1392.0,256.0,1440.0,1517.0,31.0,31.0,0.1553398058252427,77.0,0.05347222222222222,0.0,0.0
06_029_2816,1751.0,1011.0,740.0,963.0,934.0,28.0,31.0,0.422615648201028,-29.0,-0.030114226375908618,3.0,0.10714285714285714
06_029_4401,2007.0,1308.0,699.0,897.0,846.0,72.0,53.0,0.3482810164424514,-51.0,-0.056856187290969896,-19.0,-0.2638888888888889
06_029_5403,3046.0,1987.0,1059.0,873.0,868.0,76.0,,0.34766907419566645,-5.0,-0.0057273768613974796,,
06_029_5404,2649.0,1638.0,1011.0,843.0,914.0,,67.0,0.38165345413363533,71.0,0.08422301304863583,,
06_029_6202,1076.0,648.0,428.0,874.0,887.0,99.0,90.0,0.39776951672862454,13.0,0.014874141876430207,-9.0,-0.09090909090909091
06_029_1201,757.0,460.0,297.0,843.0,887.0,,,0.39233817701453105,44.0,0.05219454329774614,,
06_029_3115,1478.0,863.0,615.0,1104.0,1138.0,,,0.41610284167794315,34.0,0.030797101449275364,,
06_029_3804,4121.0,3242.0,879.0,1988.0,1942.0,215.0,272.0,0.21329774326619752,-46.0,-0.023138832997987926,57.0,0.2651162790697674
06_029_2821,1530.0,1079.0,451.0,1392.0,1433.0,93.0,134.0,0.29477124183006537,41.0,0.029454022988505746,41.0,0.44086021505376344
06_029_800,1542.0,995.0,547.0,1144.0,1111.0,60.0,57.0,0.3547341115434501,-33.0,-0.028846153846153848,-3.0,-0.05
06_029_4101,1487.0,961.0,526.0,791.0,861.0,31.0,29.0,0.3537323470073974,70.0,0.08849557522123894,-2.0,-0.06451612903225806
06_029_5600,904.0,475.0,429.0,664.0,608.0,48.0,28.0,0.4745575221238938,-56.0,-0.08433734939759036,-20.0,-0.4166666666666667
06_029_4102,1417.0,670.0,747.0,656.0,651.0,,,0.5271700776287932,-5.0,-0.007621951219512195,,
06_029_5201,2493.0,1897.0,596.0,551.0,629.0,142.0,146.0,0.23906939430405133,78.0,0.14156079854809436,4.0,0.028169014084507043
06_029_300,1536.0,638.0,898.0,683.0,686.0,65.0,61.0,0.5846354166666666,3.0,0.004392386530014641,-4.0,-0.06153846153846154
06_029_3400,1352.0,727.0,625.0,593.0,690.0,74.0,55.0,0.46227810650887574,97.0,0.163575042158516,-19.0,-0.25675675675675674
06_029_3807,1176.0,883.0,293.0,1426.0,1570.0,,,0.24914965986394558,144.0,0.10098176718092566,,
06_029_4000,1729.0,1109.0,620.0,1030.0,1075.0,,,0.3585887796414112,45.0,0.043689320388349516,,
06_029_2819,1749.0,798.0,951.0,1067.0,1030.0,23.0,,0.5437392795883362,-37.0,-0.03467666354264293,,
06_029_3000,1998.0,1035.0,963.0,792.0,821.0,,,0.481981981981982,29.0,0.036616161616161616,,
06_029_3112,1827.0,860.0,967.0,934.0,1015.0,,,0.5292829775588396,81.0,0.0867237687366167,,
06_029_3304,780.0,558.0,222.0,845.0,828.0,38.0,57.0,0.2846153846153846,-17.0,-0.020118343195266272,19.0,0.5
06_029_4800,2263.0,686.0,1577.0,613.0,689.0,28.0,28.0,0.6968625718073354,76.0,0.12398042414355628,0.0,0.0
06_029_5401,2638.0,1622.0,1016.0,820.0,820.0,14.0,70.0,0.38514025777103866,0.0,0.0,56.0,4.0
06_029_6201,790.0,328.0,462.0,818.0,689.0,47.0,45.0,0.5848101265822785,-129.0,-0.15770171149144255,-2.0,-0.0425531914893617
06_029_1901,1365.0,727.0,638.0,830.0,923.0,22.0,,0.4673992673992674,93.0,0.11204819277108434,,
06_029_506,862.0,205.0,657.0,1168.0,1159.0,,,0.7621809744779582,-9.0,-0.007705479452054794,,
06_029_903,1352.0,823.0,529.0,1095.0,1061.0,25.0,27.0,0.39127218934911245,-34.0,-0.031050228310502283,2.0,0.08
06_029_1103,1163.0,428.0,735.0,824.0,809.0,,19.0,0.6319862424763543,-15.0,-0.01820388349514563,,
06_029_2812,2007.0,510.0,1497.0,744.0,788.0,28.0,27.0,0.7458893871449925,44.0,0.05913978494623656,-1.0,-0.03571428571428571
06_029_2815,1433.0,699.0,734.0,949.0,985.0,18.0,16.0,0.5122121423586881,36.0,0.037934668071654375,-2.0,-0.1111111111111111
06_029_3113,1393.0,660.0,733.0,870.0,842.0,,,0.5262024407753051,-28.0,-0.03218390804597701,,
06_029_3123,3686.0,2859.0,827.0,1723.0,1777.0,344.0,351.0,0.22436245252306022,54.0,0.03134068485200232,7.0,0.020348837209302327
06_029_6100,3199.0,1858.0,1341.0,920.0,942.0,96.0,70.0,0.41919349796811506,22.0,0.02391304347826087,-26.0,-0.2708333333333333
06_029_505,1352.0,1170.0,182.0,1597.0,1726.0,,,0.1346153846153846,129.0,0.08077645585472762,,
06_029_504,1650.0,892.0,758.0,821.0,856.0,36.0,34.0,0.4593939393939394,35.0,0.04263093788063337,-2.0,-0.05555555555555555
06_029_600,2557.0,537.0,2020.0,725.0,729.0,54.0,27.0,0.7899882675009777,4.0,0.005517241379310344,-27.0,-0.5
06_029_904,1472.0,834.0,638.0,959.0,976.0,20.0,28.0,0.43342391304347827,17.0,0.017726798748696558,8.0,0.4
06_029_905,829.0,489.0,340.0,923.0,930.0,,,0.4101326899879373,7.0,0.007583965330444204,,
06_029_1300,1911.0,253.0,1658.0,704.0,770.0,15.0,,0.8676085818942961,66.0,0.09375,,
06_029_2600,928.0,465.0,463.0,1061.0,1105.0,,,0.4989224137931034,44.0,0.04147031102733271,,
06_029_2817,1710.0,668.0,1042.0,1009.0,1005.0,,,0.6093567251461989,-4.0,-0.003964321110009911,,
06_029_1902,1820.0,555.0,1265.0,821.0,814.0,,,0.695054945054945,-7.0,-0.008526187576126675,,
06_029_908,1790.0,1135.0,655.0,1113.0,1151.0,,,0.3659217877094972,38.0,0.034141958670260555,,
06_029_1000,2392.0,1711.0,681.0,1242.0,1279.0,14.0,13.0,0.2846989966555184,37.0,0.029790660225442835,-1.0,-0.07142857142857142
06_029_3811,956.0,690.0,266.0,938.0,985.0,,,0.27824267782426776,47.0,0.050106609808102345,,
06_029_5501,2525.0,2128.0,397.0,811.0,733.0,127.0,92.0,0.15722772277227723,-78.0,-0.09617755856966707,-35.0,-0.2755905511811024
06_029_700,1862.0,1344.0,518.0,1148.0,1176.0,34.0,28.0,0.2781954887218045,28.0,0.024390243902439025,-6.0,-0.17647058823529413
06_029_2814,1505.0,602.0,903.0,748.0,809.0,18.0,21.0,0.6,61.0,0.08155080213903744,3.0,0.16666666666666666
06_029_2813,1584.0,464.0,1120.0,772.0,794.0,21.0,24.0,0.7070707070707071,22.0,0.02849740932642487,3.0,0.14285714285714285
06_029_2818,1408.0,952.0,456.0,1238.0,1390.0,,33.0,0.32386363636363635,152.0,0.12277867528271405,,
06_029_3103,1027.0,568.0,459.0,916.0,924.0,28.0,28.0,0.4469328140214216,8.0,0.008733624454148471,0.0,0.0
06_029_3122,2258.0,1606.0,652.0,1274.0,1227.0,35.0,,0.2887511071744907,-47.0,-0.036891679748822605,,
06_029_200,2678.0,966.0,1712.0,737.0,763.0,44.0,38.0,0.6392830470500374,26.0,0.035278154681139755,-6.0,-0.13636363636363635
06_029_503,1934.0,1811.0,123.0,1966.0,1866.0,59.0,61.0,0.06359875904860393,-100.0,-0.0508646998982706,2.0,0.03389830508474576
06_029_1101,1135.0,728.0,407.0,890.0,921.0,23.0,26.0,0.3585903083700441,31.0,0.0348314606741573,3.0,0.13043478260869565
06_029_1202,1515.0,360.0,1155.0,686.0,678.0,38.0,44.0,0.7623762376237624,-8.0,-0.011661807580174927,6.0,0.15789473684210525
06_029_1802,2111.0,986.0,1125.0,1196.0,1134.0,,59.0,0.5329227854097585,-62.0,-0.051839464882943144,,
06_029_400,1792.0,643.0,1149.0,561.0,584.0,28.0,26.0,0.6411830357142857,23.0,0.040998217468805706,-2.0,-0.07142857142857142
06_029_507,1271.0,1104.0,167.0,1806.0,1803.0,22.0,20.0,0.13139260424862312,-3.0,-0.0016611295681063123,-2.0,-0.09090909090909091
06_029_2301,2460.0,1626.0,834.0,982.0,994.0,107.0,97.0,0.33902439024390246,12.0,0.012219959266802444,-10.0,-0.09345794392523364
06_029_2302,790.0,446.0,344.0,709.0,720.0,,,0.43544303797468353,11.0,0.015514809590973202,,
06_029_2400,2000.0,1077.0,923.0,1171.0,1174.0,78.0,102.0,0.4615,3.0,0.0025619128949615714,24.0,0.3076923076923077
06_029_2820,1929.0,1657.0,272.0,1825.0,1873.0,,,0.1410057024364956,48.0,0.0263013698630137,,
06_029_3114,2232.0,1310.0,922.0,1110.0,1093.0,,,0.41308243727598565,-17.0,-0.015315315315315315,,
06_029_3806,1532.0,1296.0,236.0,1917.0,2006.0,125.0,109.0,0.15404699738903394,89.0,0.046426708398539386,-16.0,-0.128
06_029_3808,1442.0,882.0,560.0,1405.0,1415.0,,,0.3883495145631068,10.0,0.0071174377224199285,,
06_029_3810,857.0,768.0,89.0,2168.0,2299.0,20.0,18.0,0.10385064177362893,131.0,0.060424354243542436,-2.0,-0.1
06_029_101,4441.0,2463.0,1978.0,1059.0,1128.0,39.0,39.0,0.4453951812654807,69.0,0.06515580736543909,0.0,0.0
06_029_6006,1365.0,1125.0,240.0,1105.0,894.0,115.0,14.0,0.17582417582417584,-211.0,-0.19095022624434388,-101.0,-0.8782608695652174
06_029_6007,2205.0,1934.0,271.0,1243.0,1176.0,161.0,127.0,0.12290249433106576,-67.0,-0.053901850362027354,-34.0,-0.2111801242236025
06_029_6008,2462.0,2114.0,348.0,1744.0,1769.0,102.0,48.0,0.1413484971567831,25.0,0.014334862385321102,-54.0,-0.5294117647058824
06_029_6303,1774.0,630.0,1144.0,693.0,761.0,,,0.644870349492672,68.0,0.09812409812409813,,
06_029_6304,845.0,353.0,492.0,823.0,724.0,,45.0,0.5822485207100592,-99.0,-0.12029161603888214,,
06_029_6403,1293.0,624.0,669.0,813.0,926.0,,,0.5174013921113689,113.0,0.13899138991389914,,
06_029_6404,791.0,317.0,474.0,554.0,612.0,12.0,13.0,0.5992414664981036,58.0,0.10469314079422383,1.0,0.08333333333333333
06_029_6500,1075.0,659.0,416.0,723.0,731.0,33.0,33.0,0.3869767441860465,8.0,0.011065006915629323,0.0,0.0
06_029_1400,2055.0,716.0,1339.0,745.0,775.0,,,0.6515815085158151,30.0,0.040268456375838924,,
06_029_1600,566.0,126.0,440.0,550.0,584.0,18.0,21.0,0.7773851590106007,34.0,0.06181818181818182,3.0,0.16666666666666666
06_029_2100,881.0,400.0,481.0,885.0,835.0,35.0,41.0,0.5459704880817253,-50.0,-0.05649717514124294,6.0,0.17142857142857143
06_029_2200,1651.0,553.0,1098.0,730.0,735.0,39.0,37.0,0.6650514839491217,5.0,0.00684931506849315,-2.0,-0.05128205128205128
06_029_2808,2871.0,1548.0,1323.0,1580.0,1477.0,18.0,22.0,0.4608150470219436,-103.0,-0.06518987341772152,4.0,0.2222222222222222
06_029_2900,2227.0,927.0,1300.0,883.0,861.0,65.0,64.0,0.5837449483610238,-22.0,-0.02491506228765572,-1.0,-0.015384615384615385
06_029_3121,2283.0,1052.0,1231.0,892.0,868.0,93.0,112.0,0.5392028033289531,-24.0,-0.026905829596412557,19.0,0.20430107526881722
06_029_3203,755.0,658.0,97.0,1712.0,1727.0,25.0,,0.12847682119205298,15.0,0.008761682242990653,,
06_029_3204,2707.0,2107.0,600.0,2170.0,2072.0,148.0,170.0,0.22164758034724788,-98.0,-0.04516129032258064,22.0,0.14864864864864866
06_029_3803,1350.0,1258.0,92.0,1998.0,2084.0,66.0,153.0,0.06814814814814815,86.0,0.043043043043043044,87.0,1.3181818181818181
06_029_906,1276.0,837.0,439.0,1058.0,1043.0,32.0,,0.3440438871473354,-15.0,-0.014177693761814745,,
06_029_907,634.0,465.0,169.0,1140.0,1109.0,31.0,,0.2665615141955836,-31.0,-0.027192982456140352,,
06_029_910,3742.0,2148.0,1594.0,978.0,981.0,,,0.42597541421699625,3.0,0.003067484662576687,,
06_029_4302,0.0,0.0,0.0,,,,,,,,,
06_029_4500,773.0,234.0,539.0,545.0,586.0,,,0.6972833117723156,41.0,0.07522935779816514,,
06_029_5104,1325.0,1123.0,202.0,1967.0,1855.0,82.0,81.0,0.15245283018867925,-112.0,-0.05693950177935943,-1.0,-0.012195121951219513
06_029_3303,561.0,384.0,177.0,463.0,523.0,,,0.3155080213903743,60.0,0.12958963282937366,,
06_029_3600,1418.0,656.0,762.0,717.0,789.0,121.0,124.0,0.53737658674189,72.0,0.100418410041841,3.0,0.024793388429752067
06_029_3700,1025.0,631.0,394.0,794.0,830.0,50.0,38.0,0.38439024390243903,36.0,0.04534005037783375,-12.0,-0.24
06_029_3805,2640.0,2121.0,519.0,1824.0,1838.0,33.0,27.0,0.1965909090909091,14.0,0.007675438596491228,-6.0,-0.18181818181818182
06_029_4402,1286.0,490.0,796.0,566.0,538.0,,,0.6189735614307932,-28.0,-0.04946996466431095,,
06_029_4902,1954.0,1433.0,521.0,1068.0,1083.0,,,0.26663254861821906,15.0,0.014044943820224719,,
06_029_3202,3860.0,2709.0,1151.0,1194.0,1213.0,249.0,175.0,0.29818652849740934,19.0,0.015912897822445562,-74.0,-0.2971887550200803
06_029_3500,2217.0,1291.0,926.0,773.0,817.0,,,0.41768155164636894,44.0,0.056921086675291076,,
06_029_4200,354.0,175.0,179.0,656.0,670.0,,,0.5056497175141242,14.0,0.021341463414634148,,
06_029_5506,1842.0,1431.0,411.0,915.0,1020.0,84.0,109.0,0.22312703583061888,105.0,0.11475409836065574,25.0,0.2976190476190476
06_029_5300,572.0,55.0,517.0,714.0,741.0,,,0.9038461538461539,27.0,0.037815126050420166,,
06_029_3809,3274.0,2873.0,401.0,2182.0,2205.0,102.0,69.0,0.1224801466096518,23.0,0.010540788267644362,-33.0,-0.3235294117647059
06_029_3813,2459.0,2085.0,374.0,2269.0,2339.0,90.0,74.0,0.15209434729564864,70.0,0.030850594975760245,-16.0,-0.17777777777777778
06_029_1500,708.0,188.0,520.0,816.0,835.0,22.0,20.0,0.7344632768361582,19.0,0.023284313725490197,-2.0,-0.09090909090909091
06_029_1700,1801.0,974.0,827.0,886.0,838.0,,,0.4591893392559689,-48.0,-0.05417607223476298,,
06_029_1801,2112.0,1039.0,1073.0,1063.0,973.0,,,0.5080492424242424,-90.0,-0.08466603951081844,,
06_029_3812,1601.0,742.0,859.0,1381.0,1453.0,,,0.5365396627108058,72.0,0.05213613323678494,,
06_029_3900,185.0,79.0,106.0,1075.0,1148.0,,,0.572972972972973,73.0,0.06790697674418604,,
06_029_4301,1963.0,1152.0,811.0,865.0,858.0,95.0,77.0,0.413143148242486,-7.0,-0.008092485549132947,-18.0,-0.18947368421052632
06_029_4601,0.0,0.0,0.0,,,,,,,,,
06_029_4901,1342.0,511.0,831.0,746.0,778.0,,,0.6192250372578242,32.0,0.04289544235924933,,
06_029_5103,1173.0,990.0,183.0,751.0,796.0,,,0.15601023017902813,45.0,0.05992010652463382,,
06_029_6002,0.0,0.0,0.0,,,,,,,,,
06_029_6301,1099.0,711.0,388.0,967.0,1009.0,,,0.35304822565969063,42.0,0.04343329886246122,,
06_029_6401,1967.0,1061.0,906.0,752.0,774.0,,,0.46059989832231824,22.0,0.02925531914893617,,
06_029_5900,1237.0,631.0,606.0,516.0,568.0,,23.0,0.4898949070331447,52.0,0.10077519379844961,,
06_029_6003,1959.0,1065.0,894.0,1047.0,977.0,87.0,47.0,0.4563552833078101,-70.0,-0.06685768863419293,-40.0,-0.45977011494252873
06_029_6004,730.0,603.0,127.0,924.0,768.0,43.0,34.0,0.17397260273972603,-156.0,-0.16883116883116883,-9.0,-0.20930232558139536
06_029_102,1241.0,658.0,583.0,903.0,840.0,,28.0,0.46978243352135374,-63.0,-0.06976744186046512,,
06_029_902,1195.0,818.0,377.0,940.0,930.0,42.0,44.0,0.31548117154811717,-10.0,-0.010638297872340425,2.0,0.047619047619047616
06_029_909,815.0,736.0,79.0,1603.0,1583.0,80.0,80.0,0.09693251533742331,-20.0,-0.012476606363069246,0.0,0.0
06_029_1102,1822.0,1114.0,708.0,825.0,889.0,,25.0,0.3885839736553238,64.0,0.07757575757575758,,
06_029_2500,2186.0,896.0,1290.0,690.0,802.0,28.0,95.0,0.5901189387008234,112.0,0.16231884057971013,67.0,2.392857142857143
06_029_2806,867.0,241.0,626.0,1080.0,1119.0,,,0.7220299884659747,39.0,0.03611111111111111,,
06_111_2905,1771.0,1307.0,464.0,1875.0,2022.0,39.0,,0.2619988706945229,147.0,0.0784,,
06_111_303,1430.0,974.0,456.0,2099.0,1874.0,,,0.31888111888111886,-225.0,-0.10719390185802763,,
06_111_702,839.0,715.0,124.0,1805.0,1866.0,,,0.14779499404052443,61.0,0.033795013850415515,,
06_111_304,1149.0,753.0,396.0,1740.0,1679.0,2.0,33.0,0.34464751958224543,-61.0,-0.03505747126436782,31.0,15.5
06_111_701,1726.0,945.0,781.0,1277.0,1312.0,,,0.4524913093858633,35.0,0.0274079874706343,,
06_111_5004,1326.0,568.0,758.0,1854.0,1719.0,,,0.5716440422322775,-135.0,-0.07281553398058252,,
06_111_1302,654.0,483.0,171.0,625.0,644.0,71.0,67.0,0.26146788990825687,19.0,0.0304,-4.0,-0.056338028169014086
06_111_1402,2182.0,1363.0,819.0,1579.0,1657.0,14.0,13.0,0.37534372135655364,78.0,0.04939835338822039,-1.0,-0.07142857142857142
06_111_1503,1848.0,746.0,1102.0,1424.0,1505.0,36.0,38.0,0.5963203463203464,81.0,0.05688202247191011,2.0,0.05555555555555555
06_111_5907,1753.0,1271.0,482.0,1982.0,2155.0,36.0,32.0,0.2749572162007986,173.0,0.08728557013118063,-4.0,-0.1111111111111111
06_111_6100,2672.0,1253.0,1419.0,1794.0,1847.0,,,0.531062874251497,53.0,0.029542920847268672,,
06_111_6302,807.0,541.0,266.0,2175.0,2231.0,,,0.32961586121437425,56.0,0.02574712643678161,,
06_111_7300,641.0,514.0,127.0,3495.0,2959.0,11.0,,0.1981279251170047,-536.0,-0.15336194563662375,,
06_111_7402,2531.0,2333.0,198.0,2767.0,2749.0,,,0.07822994863690241,-18.0,-0.006505240332490061,,
06_111_7507,2286.0,2164.0,122.0,3445.0,3455.0,,,0.05336832895888014,10.0,0.002902757619738752,,
06_111_8302,1962.0,1414.0,548.0,1713.0,1704.0,,,0.2793068297655454,-9.0,-0.005253940455341506,,
06_111_4200,1306.0,1032.0,274.0,1620.0,1602.0,23.0,26.0,0.20980091883614088,-18.0,-0.011111111111111112,3.0,0.13043478260869565
06_111_4600,517.0,3.0,514.0,2115.0,1941.0,,,0.9941972920696325,-174.0,-0.08226950354609928,,
06_111_1800,1632.0,1384.0,248.0,1894.0,1975.0,,,0.15196078431372548,81.0,0.04276663146779303,,
06_111_100,361.0,293.0,68.0,1357.0,1804.0,,24.0,0.1883656509695291,447.0,0.32940309506263815,,
06_111_500,609.0,351.0,258.0,1067.0,1220.0,,,0.4236453201970443,153.0,0.14339268978444236,,
06_111_901,996.0,682.0,314.0,2025.0,1978.0,,,0.3152610441767068,-47.0,-0.023209876543209877,,
06_111_902,782.0,469.0,313.0,1447.0,1660.0,28.0,26.0,0.40025575447570333,213.0,0.14720110573600553,-2.0,-0.07142857142857142
06_111_2102,963.0,220.0,743.0,1187.0,1170.0,26.0,25.0,0.7715472481827622,-17.0,-0.014321819713563605,-1.0,-0.038461538461538464
06_111_8402,1557.0,1433.0,124.0,2352.0,2406.0,54.0,51.0,0.07964033397559409,54.0,0.02295918367346939,-3.0,-0.05555555555555555
06_111_1101,1760.0,1243.0,517.0,1515.0,1556.0,,24.0,0.29375,41.0,0.02706270627062706,,
06_111_1401,1311.0,933.0,378.0,1704.0,1748.0,,,0.28832951945080093,44.0,0.025821596244131457,,
06_111_8202,1416.0,1140.0,276.0,2290.0,2201.0,23.0,21.0,0.19491525423728814,-89.0,-0.0388646288209607,-2.0,-0.08695652173913043
06_111_400,1741.0,966.0,775.0,1249.0,1144.0,38.0,,0.44514646754738657,-105.0,-0.08406725380304243,,
06_111_800,2371.0,1640.0,731.0,1368.0,1406.0,23.0,23.0,0.3083087304934627,38.0,0.027777777777777776,0.0,0.0
06_111_4000,1452.0,1033.0,419.0,1382.0,1586.0,26.0,26.0,0.28856749311294766,204.0,0.1476121562952243,0.0,0.0
06_111_4503,1053.0,464.0,589.0,1235.0,1346.0,30.0,31.0,0.5593542260208927,111.0,0.08987854251012145,1.0,0.03333333333333333
06_111_5100,966.0,742.0,224.0,2198.0,2239.0,51.0,47.0,0.2318840579710145,41.0,0.0186533212010919,-4.0,-0.0784313725490196
06_111_5202,1021.0,776.0,245.0,1717.0,1590.0,22.0,,0.23996082272282077,-127.0,-0.07396622015142691,,
06_111_5303,3142.0,2519.0,623.0,2553.0,2553.0,12.0,15.0,0.19828134945894335,0.0,0.0,3.0,0.25
06_111_6500,1058.0,671.0,387.0,1700.0,1834.0,,,0.3657844990548204,134.0,0.07882352941176471,,
06_111_6700,1102.0,797.0,305.0,1817.0,1869.0,,,0.2767695099818512,52.0,0.028618602091359385,,
06_111_6900,1619.0,644.0,975.0,1472.0,1429.0,21.0,,0.6022235948116121,-43.0,-0.029211956521739132,,
06_111_7202,1612.0,1542.0,70.0,2902.0,2871.0,16.0,18.0,0.043424317617866005,-31.0,-0.010682288077188146,2.0,0.125
06_111_7505,1051.0,929.0,122.0,2123.0,2220.0,46.0,65.0,0.11607992388201713,97.0,0.045690061234102686,19.0,0.41304347826086957
06_111_8001,871.0,718.0,153.0,2201.0,2414.0,23.0,24.0,0.1756601607347876,213.0,0.0967741935483871,1.0,0.043478260869565216
06_111_8004,1337.0,1013.0,324.0,2089.0,2091.0,69.0,89.0,0.2423335826477188,2.0,0.0009573958831977022,20.0,0.2898550724637681
06_111_1502,3460.0,1629.0,1831.0,1570.0,1546.0,16.0,12.0,0.5291907514450868,-24.0,-0.015286624203821656,-4.0,-0.25
06_111_1507,1436.0,865.0,571.0,1835.0,1880.0,,,0.39763231197771587,45.0,0.02452316076294278,,
06_111_1900,1586.0,911.0,675.0,1509.0,1476.0,25.0,,0.4255989911727617,-33.0,-0.02186878727634195,,
06_111_2400,1422.0,139.0,1283.0,978.0,958.0,,,0.9022503516174403,-20.0,-0.02044989775051125,,
06_111_4504,1275.0,624.0,651.0,1370.0,1409.0,,,0.5105882352941177,39.0,0.02846715328467153,,
06_111_5403,920.0,305.0,615.0,1013.0,1137.0,,,0.6684782608695652,124.0,0.12240868706811452,,
06_111_5910,622.0,543.0,79.0,2937.0,3016.0,,,0.1270096463022508,79.0,0.02689819543752128,,
06_111_6000,1508.0,1290.0,218.0,2532.0,2491.0,,,0.14456233421750664,-41.0,-0.016192733017377565,,
06_111_7508,1423.0,1114.0,309.0,1835.0,1972.0,65.0,53.0,0.21714687280393535,137.0,0.07465940054495913,-12.0,-0.18461538461538463
06_111_7700,1913.0,1528.0,385.0,1760.0,1830.0,45.0,47.0,0.20125457396759017,70.0,0.03977272727272727,2.0,0.044444444444444446
06_111_7901,1676.0,1040.0,636.0,1835.0,1916.0,21.0,32.0,0.3794749403341289,81.0,0.044141689373297,11.0,0.5238095238095238
06_111_7903,1517.0,1277.0,240.0,2525.0,2822.0,,,0.15820698747528017,297.0,0.11762376237623762,,
06_111_2000,1088.0,796.0,292.0,2017.0,2207.0,,,0.26838235294117646,190.0,0.09419930589985126,,
06_111_2600,1254.0,413.0,841.0,1333.0,1369.0,17.0,21.0,0.6706539074960127,36.0,0.02700675168792198,4.0,0.23529411764705882
06_111_3201,803.0,228.0,575.0,1082.0,1051.0,,,0.7160647571606475,-31.0,-0.02865064695009242,,
06_111_3300,2229.0,1249.0,980.0,1420.0,1470.0,65.0,105.0,0.4396590399282189,50.0,0.035211267605633804,40.0,0.6153846153846154
06_111_3700,1265.0,989.0,276.0,1556.0,1400.0,33.0,23.0,0.21818181818181817,-156.0,-0.10025706940874037,-10.0,-0.30303030303030304
06_111_3900,1592.0,785.0,807.0,1345.0,1430.0,19.0,,0.5069095477386935,85.0,0.06319702602230483,,
06_111_5909,1339.0,1161.0,178.0,1918.0,1924.0,35.0,37.0,0.13293502613890965,6.0,0.0031282586027111575,2.0,0.05714285714285714
06_111_5911,1559.0,1111.0,448.0,2296.0,2407.0,,,0.2873636946760744,111.0,0.048344947735191636,,
06_111_5204,1219.0,1195.0,24.0,2861.0,2713.0,,,0.019688269073010665,-148.0,-0.0517301642782244,,
06_111_5205,2213.0,1744.0,469.0,2380.0,2485.0,38.0,18.0,0.21192950745594216,105.0,0.04411764705882353,-20.0,-0.5263157894736842
06_111_5801,1627.0,1498.0,129.0,2945.0,3095.0,,,0.07928703134603565,150.0,0.050933786078098474,,
06_111_5802,3075.0,2844.0,231.0,2719.0,2867.0,13.0,13.0,0.07512195121951219,148.0,0.05443177638837808,0.0,0.0
06_111_7405,2432.0,1965.0,467.0,2666.0,2749.0,52.0,,0.19202302631578946,83.0,0.03113278319579895,,
06_111_7406,769.0,587.0,182.0,3615.0,3125.0,,,0.23667100130039012,-490.0,-0.1355463347164592,,
06_111_7509,1618.0,968.0,650.0,2202.0,2284.0,,,0.40173053152039556,82.0,0.03723887375113533,,
06_111_7510,2080.0,1965.0,115.0,3684.0,3667.0,,35.0,0.055288461538461536,-17.0,-0.004614549402823019,,
06_111_7511,769.0,750.0,19.0,3872.0,3259.0,60.0,82.0,0.0247074122236671,-613.0,-0.15831611570247933,22.0,0.36666666666666664
06_111_7512,1655.0,1242.0,413.0,2363.0,2558.0,,,0.24954682779456194,195.0,0.08252221752010157,,
06_111_7513,519.0,519.0,0.0,3039.0,3064.0,,,0.0,25.0,0.008226390259953932,,
06_111_7514,2922.0,1210.0,1712.0,1675.0,1681.0,37.0,37.0,0.5859000684462696,6.0,0.003582089552238806,0.0,0.0
06_111_7609,786.0,655.0,131.0,2525.0,2660.0,16.0,11.0,0.16666666666666666,135.0,0.053465346534653464,-5.0,-0.3125
06_111_7610,1643.0,1477.0,166.0,2578.0,2416.0,,,0.101034692635423,-162.0,-0.06283941039565555,,
06_111_7611,949.0,526.0,423.0,1653.0,1758.0,34.0,24.0,0.4457323498419389,105.0,0.06352087114337568,-10.0,-0.29411764705882354
06_111_7612,1537.0,575.0,962.0,1631.0,1634.0,,,0.6258945998698764,3.0,0.0018393623543838135,,
06_111_7613,1141.0,1084.0,57.0,3566.0,3570.0,,,0.04995617879053462,4.0,0.0011217049915872126,,
06_111_7614,2232.0,1975.0,257.0,2320.0,2315.0,183.0,94.0,0.11514336917562724,-5.0,-0.0021551724137931034,-89.0,-0.48633879781420764
06_111_8600,2285.0,557.0,1728.0,1168.0,1207.0,,12.0,0.7562363238512035,39.0,0.03339041095890411,,
06_111_8700,1825.0,738.0,1087.0,1171.0,1155.0,,,0.5956164383561644,-16.0,-0.013663535439795047,,
06_111_8800,1354.0,1116.0,238.0,1838.0,1890.0,40.0,39.0,0.1757754800590842,52.0,0.028291621327529923,-1.0,-0.025
06_111_2300,2202.0,684.0,1518.0,1080.0,1060.0,,,0.6893732970027248,-20.0,-0.018518518518518517,,
06_111_3605,2793.0,1668.0,1125.0,1751.0,1920.0,59.0,28.0,0.4027926960257787,169.0,0.09651627641347801,-31.0,-0.5254237288135594
06_111_4101,1393.0,760.0,633.0,1458.0,1522.0,,,0.4544149318018665,64.0,0.0438957475994513,,
06_111_4704,433.0,328.0,105.0,839.0,913.0,,26.0,0.24249422632794457,74.0,0.08820023837902265,,
06_111_600,1700.0,373.0,1327.0,967.0,967.0,,,0.7805882352941177,0.0,0.0,,
06_111_1001,945.0,674.0,271.0,1601.0,1642.0,,,0.2867724867724868,41.0,0.02560899437851343,,
06_111_1002,2721.0,1963.0,758.0,1346.0,1429.0,34.0,41.0,0.27857405365674387,83.0,0.061664190193164936,7.0,0.20588235294117646
06_111_1301,2636.0,1551.0,1085.0,2061.0,2064.0,,,0.41160849772382396,3.0,0.001455604075691412,,
06_111_2200,2075.0,968.0,1107.0,1399.0,1509.0,,,0.5334939759036145,110.0,0.07862759113652609,,
06_111_2500,2430.0,1253.0,1177.0,1346.0,1439.0,85.0,80.0,0.4843621399176955,93.0,0.06909361069836553,-5.0,-0.058823529411764705
06_111_2901,1820.0,1471.0,349.0,2570.0,2579.0,15.0,12.0,0.19175824175824177,9.0,0.003501945525291829,-3.0,-0.2
06_111_5700,625.0,204.0,421.0,1792.0,1841.0,,,0.6736,49.0,0.02734375,,
06_111_6301,2456.0,1873.0,583.0,2124.0,2294.0,52.0,51.0,0.23737785016286644,170.0,0.0800376647834275,-1.0,-0.019230769230769232
06_111_7000,1587.0,401.0,1186.0,1652.0,1740.0,,,0.7473219911783239,88.0,0.053268765133171914,,
06_111_7904,1705.0,1479.0,226.0,2155.0,2086.0,,,0.13255131964809383,-69.0,-0.032018561484918794,,
06_111_8304,2004.0,1532.0,472.0,1784.0,1863.0,77.0,60.0,0.23552894211576847,79.0,0.044282511210762335,-17.0,-0.22077922077922077
06_111_1506,1702.0,1302.0,400.0,1708.0,1689.0,8.0,12.0,0.23501762632197415,-19.0,-0.011124121779859485,4.0,0.5
06_111_2700,1646.0,737.0,909.0,1418.0,1437.0,,,0.5522478736330498,19.0,0.013399153737658674,,
06_111_2800,2544.0,1223.0,1321.0,1380.0,1372.0,,,0.5192610062893082,-8.0,-0.005797101449275362,,
06_111_3100,3709.0,2644.0,1065.0,2299.0,2194.0,,27.0,0.28713939067134,-105.0,-0.04567203131796433,,
06_111_5203,1796.0,1471.0,325.0,1735.0,1772.0,75.0,75.0,0.1809576837416481,37.0,0.02132564841498559,0.0,0.0
06_111_5401,1267.0,1000.0,267.0,2024.0,2249.0,,,0.2107340173638516,225.0,0.11116600790513834,,
06_111_5502,2021.0,596.0,1425.0,1404.0,1401.0,36.0,,0.7050964868876793,-3.0,-0.002136752136752137,,
06_111_5504,1509.0,1024.0,485.0,1659.0,1768.0,37.0,31.0,0.3214049039098741,109.0,0.06570223025919228,-6.0,-0.16216216216216217
06_111_8201,1354.0,1036.0,318.0,2183.0,2240.0,,,0.23485967503692762,57.0,0.026110856619331196,,
06_111_8303,1429.0,756.0,673.0,1721.0,1645.0,,,0.4709587123862841,-76.0,-0.044160371876815804,,
06_111_5908,866.0,689.0,177.0,2287.0,2284.0,,,0.20438799076212472,-3.0,-0.0013117621337997377,,
06_111_6800,1225.0,868.0,357.0,2061.0,2116.0,24.0,24.0,0.2914285714285714,55.0,0.026686074721009218,0.0,0.0
06_111_8305,1226.0,1188.0,38.0,3258.0,3328.0,,,0.03099510603588907,70.0,0.021485573971761818,,
06_111_8401,1889.0,1217.0,672.0,2039.0,2099.0,,,0.35574377977766014,60.0,0.029426189308484552,,
06_111_1700,1335.0,1210.0,125.0,2087.0,2178.0,8.0,10.0,0.09363295880149813,91.0,0.043603258265452804,2.0,0.25
06_111_1202,2392.0,2106.0,286.0,1918.0,1861.0,,,0.11956521739130435,-57.0,-0.029718456725755994,,
06_111_1204,778.0,571.0,207.0,1559.0,1585.0,21.0,33.0,0.2660668380462725,26.0,0.01667735728030789,12.0,0.5714285714285714
06_111_1601,459.0,89.0,370.0,1176.0,1210.0,,,0.8061002178649237,34.0,0.02891156462585034,,
06_111_6200,1070.0,998.0,72.0,2966.0,2899.0,,,0.06728971962616823,-67.0,-0.022589345920431558,,
06_111_7506,2276.0,2073.0,203.0,2611.0,2509.0,35.0,58.0,0.08919156414762741,-102.0,-0.03906549214860207,23.0,0.6571428571428571
06_111_8005,767.0,691.0,76.0,1864.0,2071.0,,,0.09908735332464146,207.0,0.11105150214592274,,
06_111_200,635.0,246.0,389.0,1121.0,1126.0,28.0,14.0,0.6125984251968504,5.0,0.0044603033006244425,-14.0,-0.5
06_111_7606,378.0,368.0,10.0,4001.0,4001.0,22.0,,0.026455026455026454,0.0,0.0,,
06_111_3608,1101.0,690.0,411.0,1762.0,1761.0,,,0.37329700272479566,-1.0,-0.0005675368898978433,,
06_111_5002,687.0,203.0,484.0,954.0,1015.0,,,0.7045123726346434,61.0,0.0639412997903564,,
06_111_5305,1799.0,1653.0,146.0,3402.0,3562.0,,,0.0811561978877154,160.0,0.047031158142269255,,
06_111_302,2171.0,1478.0,693.0,1279.0,1365.0,29.0,62.0,0.319207738369415,86.0,0.06724003127443315,33.0,1.1379310344827587
06_111_1602,883.0,689.0,194.0,1633.0,1631.0,40.0,37.0,0.21970554926387317,-2.0,-0.001224739742804654,-3.0,-0.075
06_111_7403,2087.0,1801.0,286.0,2731.0,2720.0,,,0.1370388116914231,-11.0,-0.004027828634199927,,
06_111_7607,1995.0,1885.0,110.0,2880.0,3085.0,48.0,41.0,0.05513784461152882,205.0,0.07118055555555555,-7.0,-0.14583333333333334
06_111_1102,1326.0,952.0,374.0,1898.0,1944.0,24.0,21.0,0.28205128205128205,46.0,0.02423603793466807,-3.0,-0.125
06_111_4400,2799.0,1017.0,1782.0,1436.0,1495.0,81.0,77.0,0.6366559485530546,59.0,0.04108635097493036,-4.0,-0.04938271604938271
06_111_7800,1340.0,374.0,966.0,1420.0,1451.0,,,0.7208955223880597,31.0,0.021830985915492956,,
06_111_8002,1446.0,967.0,479.0,1736.0,1905.0,35.0,25.0,0.3312586445366528,169.0,0.09735023041474654,-10.0,-0.2857142857142857
06_111_8101,1063.0,779.0,284.0,1960.0,1970.0,,,0.2671683913452493,10.0,0.00510204081632653,,
06_111_5901,2249.0,1962.0,287.0,2196.0,2356.0,,,0.12761227212094264,160.0,0.07285974499089254,,
06_111_5503,1001.0,635.0,366.0,2031.0,2238.0,,,0.36563436563436563,207.0,0.1019202363367799,,
06_111_5600,3449.0,2464.0,985.0,1726.0,1802.0,56.0,51.0,0.28559002609452017,76.0,0.0440324449594438,-5.0,-0.08928571428571429
06_111_5906,2467.0,1579.0,888.0,2505.0,2277.0,69.0,49.0,0.3599513579246048,-228.0,-0.09101796407185629,-20.0,-0.2898550724637681
06_111_6400,2322.0,2007.0,315.0,2259.0,2256.0,,,0.13565891472868216,-3.0,-0.0013280212483399733,,
06_111_6600,1306.0,1125.0,181.0,2101.0,2194.0,,,0.13859111791730475,93.0,0.044264635887672536,,
06_111_8900,784.0,712.0,72.0,1597.0,1680.0,,,0.09183673469387756,83.0,0.051972448340638695,,
06_111_9100,1199.0,311.0,888.0,613.0,647.0,23.0,19.0,0.7406171809841534,34.0,0.05546492659053834,-4.0,-0.17391304347826086
06_111_980000,0.0,0.0,0.0,,,,,,,,,
06_111_990100,0.0,0.0,0.0,,,,,,,,,
06_111_5304,2789.0,2079.0,710.0,1253.0,1235.0,130.0,132.0,0.2545715310147006,-18.0,-0.014365522745411013,2.0,0.015384615384615385
06_111_5306,1656.0,1324.0,332.0,2249.0,2314.0,,,0.20048309178743962,65.0,0.028901734104046242,,
06_111_5404,1216.0,1143.0,73.0,2086.0,1940.0,,,0.060032894736842105,-146.0,-0.06999041227229147,,
06_111_7100,2482.0,1101.0,1381.0,1405.0,1371.0,78.0,85.0,0.556406124093473,-34.0,-0.024199288256227757,7.0,0.08974358974358974
06_111_7201,1176.0,1096.0,80.0,2813.0,2967.0,,,0.06802721088435375,154.0,0.054745822964806255,,
06_111_8306,1473.0,731.0,742.0,1581.0,1604.0,,,0.5037338764426341,23.0,0.01454775458570525,,
06_111_8500,2936.0,2351.0,585.0,2155.0,2254.0,,,0.19925068119891007,99.0,0.04593967517401392,,
06_111_903,2117.0,1249.0,868.0,1602.0,1682.0,,26.0,0.41001417099669346,80.0,0.049937578027465665,,
06_111_1201,1665.0,962.0,703.0,1174.0,1264.0,27.0,23.0,0.4222222222222222,90.0,0.07666098807495741,-4.0,-0.14814814814814814
06_111_1206,361.0,294.0,67.0,2178.0,2174.0,24.0,41.0,0.18559556786703602,-4.0,-0.0018365472910927456,17.0,0.7083333333333334
06_111_3012,79.0,61.0,18.0,484.0,475.0,,,0.22784810126582278,-9.0,-0.01859504132231405,,
06_111_3609,2932.0,1879.0,1053.0,1977.0,2100.0,52.0,103.0,0.3591405184174625,123.0,0.0622154779969651,51.0,0.9807692307692307
06_111_3010,969.0,528.0,441.0,1623.0,1540.0,73.0,,0.4551083591331269,-83.0,-0.051139864448552064,,
06_111_3612,1929.0,749.0,1180.0,1719.0,1769.0,67.0,82.0,0.6117159149818558,50.0,0.029086678301337987,15.0,0.22388059701492538
06_111_3011,1603.0,715.0,888.0,1214.0,1202.0,,,0.5539613225202745,-12.0,-0.009884678747940691,,
06_111_3013,1694.0,805.0,889.0,1454.0,1392.0,,,0.5247933884297521,-62.0,-0.04264099037138927,,
06_111_3801,1102.0,472.0,630.0,1078.0,1062.0,31.0,28.0,0.5716878402903811,-16.0,-0.014842300556586271,-3.0,-0.0967741935483871
06_111_3802,622.0,263.0,359.0,1202.0,1225.0,,,0.5771704180064309,23.0,0.01913477537437604,,
06_111_4304,2713.0,1392.0,1321.0,1350.0,1374.0,33.0,34.0,0.48691485440471804,24.0,0.017777777777777778,1.0,0.030303030303030304
06_111_4305,634.0,23.0,611.0,1791.0,1801.0,,,0.9637223974763407,10.0,0.005583472920156337,,
06_111_4505,506.0,287.0,219.0,1397.0,1383.0,,,0.43280632411067194,-14.0,-0.010021474588403722,,
06_111_4506,1508.0,212.0,1296.0,1095.0,1123.0,,,0.8594164456233422,28.0,0.025570776255707764,,
06_111_4710,1395.0,821.0,574.0,1332.0,1289.0,41.0,44.0,0.4114695340501792,-43.0,-0.03228228228228228,3.0,0.07317073170731707
06_111_4711,826.0,481.0,345.0,1369.0,1304.0,,,0.41767554479418884,-65.0,-0.04747991234477721,,
06_111_4715,1242.0,774.0,468.0,1442.0,1518.0,,24.0,0.37681159420289856,76.0,0.052704576976421634,,
06_111_4716,944.0,669.0,275.0,1600.0,1469.0,21.0,23.0,0.2913135593220339,-131.0,-0.081875,2.0,0.09523809523809523
06_111_4717,777.0,526.0,251.0,1589.0,1621.0,,,0.323037323037323,32.0,0.020138451856513532,,
06_111_4901,1836.0,961.0,875.0,2050.0,2027.0,44.0,51.0,0.47657952069716775,-23.0,-0.01121951219512195,7.0,0.1590909090909091
06_111_4902,1087.0,501.0,586.0,1074.0,980.0,16.0,20.0,0.5390984360625575,-94.0,-0.08752327746741155,4.0,0.25
06_111_5003,1721.0,1125.0,596.0,1064.0,1104.0,,23.0,0.3463102847181871,40.0,0.03759398496240601,,
06_009_300,2855.0,2079.0,776.0,914.0,901.0,189.0,133.0,0.27180385288966724,-13.0,-0.014223194748358862,-56.0,-0.2962962962962963
06_009_120,1889.0,1501.0,388.0,1426.0,1603.0,57.0,107.0,0.2053996823716252,177.0,0.1241234221598878,50.0,0.8771929824561403
06_009_210,3844.0,3253.0,591.0,1752.0,1827.0,131.0,51.0,0.15374609781477627,75.0,0.04280821917808219,-80.0,-0.6106870229007634
06_009_220,2144.0,1782.0,362.0,1579.0,1489.0,102.0,157.0,0.16884328358208955,-90.0,-0.056998100063331225,55.0,0.5392156862745098
06_009_400,1813.0,1449.0,364.0,804.0,910.0,150.0,126.0,0.20077220077220076,106.0,0.1318407960199005,-24.0,-0.16
06_009_121,1925.0,1399.0,526.0,888.0,1013.0,24.0,,0.27324675324675324,125.0,0.14076576576576577,,
06_009_122,1812.0,1319.0,493.0,1019.0,1177.0,46.0,51.0,0.27207505518763797,158.0,0.155053974484789,5.0,0.10869565217391304
06_009_501,1374.0,1077.0,297.0,1124.0,1057.0,160.0,126.0,0.21615720524017468,-67.0,-0.059608540925266906,-34.0,-0.2125
06_009_503,824.0,661.0,163.0,892.0,1061.0,74.0,107.0,0.19781553398058252,169.0,0.18946188340807174,33.0,0.44594594594594594
06_009_504,385.0,319.0,66.0,606.0,635.0,74.0,76.0,0.17142857142857143,29.0,0.04785478547854786,2.0,0.02702702702702703
06_081_603802,1872.0,1374.0,498.0,2085.0,1966.0,13.0,17.0,0.266025641025641,-119.0,-0.05707434052757794,4.0,0.3076923076923077
06_081_609201,1567.0,933.0,634.0,1695.0,1889.0,,,0.40459476707083597,194.0,0.11445427728613569,,
06_081_609202,1829.0,691.0,1138.0,1359.0,1475.0,,,0.6221979223619464,116.0,0.08535688005886681,,
06_081_613900,2276.0,1524.0,752.0,2394.0,2452.0,,,0.3304042179261863,58.0,0.02422723475355054,,
06_081_614000,1635.0,1099.0,536.0,2638.0,2637.0,,8.0,0.32782874617737,-1.0,-0.0003790750568612585,,
06_081_984300,0.0,0.0,0.0,,,,,,,,,
06_081_990100,0.0,0.0,0.0,,,,,,,,,
06_081_610602,1128.0,839.0,289.0,2182.0,2209.0,42.0,28.0,0.25620567375886527,27.0,0.01237396883593034,-14.0,-0.3333333333333333
06_081_607702,828.0,723.0,105.0,2102.0,2123.0,,,0.12681159420289856,21.0,0.009990485252140819,,
06_081_604400,1616.0,627.0,989.0,1368.0,1442.0,35.0,32.0,0.6120049504950495,74.0,0.054093567251461985,-3.0,-0.08571428571428572
06_081_604700,1004.0,832.0,172.0,1929.0,2190.0,,,0.17131474103585656,261.0,0.13530326594090203,,
06_081_604800,1958.0,823.0,1135.0,1624.0,1721.0,,,0.5796731358529111,97.0,0.05972906403940887,,
06_081_605400,2733.0,1096.0,1637.0,1511.0,1568.0,,32.0,0.5989754848152213,57.0,0.03772336201191264,,
06_081_605900,2558.0,716.0,1842.0,1521.0,1454.0,,,0.7200938232994527,-67.0,-0.0440499671268902,,
06_081_606100,1302.0,843.0,459.0,1761.0,1844.0,,21.0,0.35253456221198154,83.0,0.04713231118682567,,
06_081_609400,1065.0,958.0,107.0,2798.0,3260.0,,,0.10046948356807511,462.0,0.1651179413867048,,
06_081_609500,1700.0,1478.0,222.0,3001.0,2932.0,,,0.13058823529411764,-69.0,-0.02299233588803732,,
06_081_609700,1542.0,1481.0,61.0,3633.0,3621.0,38.0,44.0,0.03955901426718547,-12.0,-0.0033030553261767133,6.0,0.15789473684210525
06_081_611100,2291.0,1943.0,348.0,2647.0,2758.0,,,0.1518987341772152,111.0,0.04193426520589347,,
06_081_611700,1352.0,702.0,650.0,1694.0,1615.0,67.0,52.0,0.4807692307692308,-79.0,-0.046635182998819365,-15.0,-0.22388059701492538
06_081_613000,1526.0,944.0,582.0,2906.0,2992.0,,,0.381389252948886,86.0,0.029593943565037854,,
06_081_600500,2203.0,1362.0,841.0,1834.0,1878.0,,37.0,0.38175215615070357,44.0,0.023991275899672846,,
06_081_601604,1179.0,933.0,246.0,1894.0,1978.0,70.0,45.0,0.20865139949109415,84.0,0.044350580781414996,-25.0,-0.35714285714285715
06_081_601400,1829.0,1183.0,646.0,1717.0,1728.0,,,0.35319846910880265,11.0,0.0064065230052417,,
06_081_602800,1512.0,1120.0,392.0,2198.0,2178.0,21.0,22.0,0.25925925925925924,-20.0,-0.009099181073703366,1.0,0.047619047619047616
06_081_610203,929.0,78.0,851.0,1206.0,1229.0,,,0.9160387513455328,23.0,0.019071310116086235,,
06_081_601000,2044.0,1616.0,428.0,2127.0,2304.0,,,0.20939334637964774,177.0,0.08321579689703808,,
06_081_605700,1718.0,1650.0,68.0,4001.0,4001.0,25.0,,0.03958090803259604,0.0,0.0,,
06_081_606300,1802.0,841.0,961.0,1444.0,1493.0,40.0,41.0,0.5332963374028857,49.0,0.03393351800554017,1.0,0.025
06_081_607200,1716.0,317.0,1399.0,1558.0,1655.0,,,0.8152680652680653,97.0,0.06225930680359435,,
06_081_603400,2098.0,1617.0,481.0,2153.0,2362.0,,46.0,0.22926596758817921,209.0,0.09707385044124478,,
06_081_606000,2022.0,799.0,1223.0,1522.0,1570.0,,41.0,0.6048466864490604,48.0,0.03153745072273324,,
06_081_606700,941.0,748.0,193.0,1831.0,2544.0,12.0,20.0,0.2051009564293305,713.0,0.389404696886947,8.0,0.6666666666666666
06_081_607000,1457.0,931.0,526.0,2386.0,2154.0,26.0,,0.36101578586135896,-232.0,-0.0972338642078793,,
06_081_607100,1083.0,945.0,138.0,2376.0,2462.0,,,0.12742382271468145,86.0,0.0361952861952862,,
06_081_607500,1525.0,676.0,849.0,2167.0,2201.0,36.0,,0.5567213114754098,34.0,0.015689893862482696,,
06_081_607701,1201.0,738.0,463.0,2198.0,2119.0,37.0,33.0,0.3855120732722731,-79.0,-0.0359417652411283,-4.0,-0.10810810810810811
06_081_609601,1204.0,858.0,346.0,2514.0,2752.0,,,0.287375415282392,238.0,0.09466984884645982,,
06_081_609800,1702.0,1460.0,242.0,2258.0,2516.0,,,0.14218566392479437,258.0,0.11426040744021258,,
06_081_610800,1673.0,265.0,1408.0,1288.0,1298.0,,,0.8416019127316199,10.0,0.007763975155279503,,
06_081_610900,2367.0,708.0,1659.0,1485.0,1513.0,,,0.7008871989860583,28.0,0.018855218855218854,,
06_081_611800,959.0,594.0,365.0,1710.0,1885.0,,,0.3806047966631908,175.0,0.1023391812865497,,
06_081_612600,2206.0,458.0,1748.0,1673.0,1702.0,,,0.7923844061650045,29.0,0.017334130304841603,,
06_081_613200,2525.0,2042.0,483.0,3583.0,3490.0,13.0,13.0,0.1912871287128713,-93.0,-0.025955902874686018,0.0,0.0
06_081_613400,1229.0,1078.0,151.0,3098.0,3313.0,,,0.12286411716842961,215.0,0.06939961265332473,,
06_081_613700,3451.0,2303.0,1148.0,1641.0,1700.0,53.0,43.0,0.332657200811359,59.0,0.03595368677635588,-10.0,-0.18867924528301888
06_081_608300,1343.0,705.0,638.0,1697.0,1821.0,,,0.47505584512285925,124.0,0.07307012374779022,,
06_081_609300,1236.0,971.0,265.0,2495.0,2715.0,19.0,25.0,0.21440129449838188,220.0,0.08817635270541083,6.0,0.3157894736842105
06_081_612700,754.0,698.0,56.0,3215.0,2629.0,,,0.07427055702917772,-586.0,-0.1822706065318818,,
06_081_612900,1796.0,1387.0,409.0,2444.0,3159.0,,,0.227728285077951,715.0,0.2925531914893617,,
06_081_613300,918.0,867.0,51.0,3455.0,3811.0,34.0,30.0,0.05555555555555555,356.0,0.10303907380607814,-4.0,-0.11764705882352941
06_081_613600,2041.0,1591.0,450.0,2334.0,2268.0,9.0,10.0,0.22048015678588928,-66.0,-0.028277634961439587,1.0,0.1111111111111111
06_081_607800,892.0,848.0,44.0,2022.0,2178.0,,17.0,0.04932735426008968,156.0,0.0771513353115727,,
06_081_608002,1266.0,1068.0,198.0,2788.0,2901.0,23.0,55.0,0.15639810426540285,113.0,0.040530846484935434,32.0,1.391304347826087
06_081_608013,1449.0,817.0,632.0,2427.0,2510.0,,,0.4361628709454796,83.0,0.03419859909353111,,
06_081_609602,616.0,523.0,93.0,2640.0,2685.0,,26.0,0.15097402597402598,45.0,0.017045454545454544,,
06_081_604600,949.0,896.0,53.0,2589.0,2057.0,,,0.05584826132771338,-532.0,-0.20548474314407106,,
06_081_605500,2515.0,784.0,1731.0,1355.0,1394.0,,9.0,0.6882703777335984,39.0,0.028782287822878228,,
06_081_605800,1013.0,735.0,278.0,3205.0,2610.0,,,0.2744323790720632,-595.0,-0.1856474258970359,,
06_081_607400,1819.0,861.0,958.0,1500.0,1645.0,24.0,25.0,0.5266630016492578,145.0,0.09666666666666666,1.0,0.041666666666666664
06_081_607900,1652.0,884.0,768.0,2130.0,2213.0,,,0.4648910411622276,83.0,0.03896713615023474,,
06_081_604101,2597.0,755.0,1842.0,1462.0,1551.0,,,0.7092799383904506,89.0,0.06087551299589603,,
06_081_604200,1071.0,588.0,483.0,1562.0,1712.0,37.0,34.0,0.45098039215686275,150.0,0.09603072983354674,-3.0,-0.08108108108108109
06_081_608700,2649.0,1763.0,886.0,2135.0,2393.0,,,0.3344658361645904,258.0,0.12084309133489461,,
06_081_609603,2072.0,1859.0,213.0,3009.0,2892.0,,,0.1027992277992278,-117.0,-0.038883349950149554,,
06_081_611900,2356.0,1519.0,837.0,1943.0,2148.0,74.0,58.0,0.35526315789473684,205.0,0.10550694801852804,-16.0,-0.21621621621621623
06_081_612800,1168.0,1013.0,155.0,3763.0,3866.0,28.0,21.0,0.1327054794520548,103.0,0.027371777836832315,-7.0,-0.25
06_081_601800,2060.0,1601.0,459.0,1986.0,1823.0,30.0,24.0,0.22281553398058251,-163.0,-0.08207452165156093,-6.0,-0.2
06_081_600800,2769.0,79.0,2690.0,1363.0,1418.0,,,0.9714698447092813,55.0,0.04035216434336023,,
06_081_601200,2038.0,1247.0,791.0,1595.0,1652.0,,,0.38812561334641804,57.0,0.035736677115987464,,
06_081_602600,2557.0,1761.0,796.0,1807.0,1944.0,27.0,32.0,0.3113023073914744,137.0,0.07581627006087438,5.0,0.18518518518518517
06_081_603100,1233.0,1002.0,231.0,2060.0,2189.0,,,0.1873479318734793,129.0,0.06262135922330098,,
06_081_604500,1294.0,926.0,368.0,1848.0,2015.0,,,0.28438948995363217,167.0,0.09036796536796536,,
06_081_610000,1957.0,1051.0,906.0,1295.0,1411.0,,,0.4629535002554931,116.0,0.08957528957528957,,
06_081_610500,1326.0,723.0,603.0,1303.0,1244.0,21.0,17.0,0.45475113122171945,-59.0,-0.04528012279355334,-4.0,-0.19047619047619047
06_081_610601,1574.0,473.0,1101.0,1224.0,1229.0,,20.0,0.6994917407878017,5.0,0.004084967320261438,,
06_081_611000,2279.0,1063.0,1216.0,1725.0,1793.0,,,0.5335673541026766,68.0,0.03942028985507246,,
06_081_611200,1101.0,947.0,154.0,2545.0,2563.0,,,0.13987284287011809,18.0,0.007072691552062868,,
06_081_611300,1853.0,1344.0,509.0,2193.0,2162.0,22.0,26.0,0.2746896923907178,-31.0,-0.014135886912904697,4.0,0.18181818181818182
06_081_612100,2614.0,493.0,2121.0,1153.0,1159.0,,,0.8114001530221883,6.0,0.005203816131830009,,
06_081_600600,1493.0,819.0,674.0,1431.0,1661.0,53.0,37.0,0.4514400535833891,230.0,0.1607267645003494,-16.0,-0.3018867924528302
06_081_601601,1050.0,624.0,426.0,1326.0,1428.0,9.0,8.0,0.4057142857142857,102.0,0.07692307692307693,-1.0,-0.1111111111111111
06_081_603200,1488.0,1180.0,308.0,2181.0,2259.0,,,0.20698924731182797,78.0,0.03576341127922971,,
06_081_604102,1322.0,454.0,868.0,1392.0,1373.0,,,0.6565809379727685,-19.0,-0.013649425287356323,,
06_081_604900,1287.0,1046.0,241.0,1901.0,2006.0,,,0.18725718725718726,105.0,0.055234087322461864,,
06_081_605000,2754.0,1884.0,870.0,1824.0,2283.0,49.0,47.0,0.3159041394335512,459.0,0.25164473684210525,-2.0,-0.04081632653061224
06_081_605100,1367.0,482.0,885.0,1419.0,1493.0,,,0.6474030724213606,74.0,0.05214940098661029,,
06_081_605200,1274.0,996.0,278.0,3012.0,3002.0,61.0,69.0,0.21821036106750394,-10.0,-0.0033200531208499337,8.0,0.13114754098360656
06_081_606200,2216.0,803.0,1413.0,1593.0,1713.0,,,0.6376353790613718,120.0,0.07532956685499058,,
06_081_606500,1346.0,1061.0,285.0,2753.0,2977.0,,,0.21173848439821694,224.0,0.08136578278241918,,
06_081_606600,1376.0,870.0,506.0,1819.0,1903.0,,,0.36773255813953487,84.0,0.04617921935129192,,
06_081_606900,883.0,737.0,146.0,2913.0,3216.0,,,0.16534541336353342,303.0,0.10401647785787847,,
06_081_607600,1289.0,807.0,482.0,1755.0,1909.0,,,0.373933281613654,154.0,0.08774928774928775,,
06_081_601603,1856.0,1223.0,633.0,2157.0,2198.0,,,0.3410560344827586,41.0,0.019007881316643487,,
06_081_602100,1001.0,330.0,671.0,1351.0,1428.0,,,0.6703296703296703,77.0,0.05699481865284974,,
06_081_604000,1082.0,878.0,204.0,2297.0,2520.0,,,0.18853974121996303,223.0,0.09708315193730953,,
06_081_607300,1261.0,1166.0,95.0,2610.0,2990.0,44.0,33.0,0.0753370340999207,380.0,0.14559386973180077,-11.0,-0.25
06_081_608001,1368.0,635.0,733.0,1991.0,2138.0,,,0.5358187134502924,147.0,0.07383224510296334,,
06_081_608200,1302.0,768.0,534.0,2296.0,2448.0,8.0,9.0,0.41013824884792627,152.0,0.06620209059233449,1.0,0.125
06_081_608600,1772.0,738.0,1034.0,1471.0,1585.0,38.0,31.0,0.5835214446952596,114.0,0.07749830047586675,-7.0,-0.18421052631578946
06_081_609000,952.0,710.0,242.0,2193.0,2212.0,11.0,12.0,0.2542016806722689,19.0,0.008663930688554491,1.0,0.09090909090909091
06_081_609900,1108.0,1014.0,94.0,2738.0,3298.0,13.0,9.0,0.08483754512635379,560.0,0.20452885317750183,-4.0,-0.3076923076923077
06_081_610302,873.0,638.0,235.0,889.0,898.0,,,0.26918671248568155,9.0,0.010123734533183352,,
06_081_611400,1290.0,1132.0,158.0,3303.0,3852.0,68.0,65.0,0.12248062015503876,549.0,0.16621253405994552,-3.0,-0.04411764705882353
06_081_612000,1552.0,740.0,812.0,1635.0,1695.0,41.0,56.0,0.5231958762886598,60.0,0.03669724770642202,15.0,0.36585365853658536
06_081_613502,2099.0,1563.0,536.0,2885.0,2796.0,36.0,32.0,0.2553596950929014,-89.0,-0.030849220103986136,-4.0,-0.1111111111111111
06_081_608004,2629.0,1284.0,1345.0,2083.0,2132.0,27.0,40.0,0.5116013693419551,49.0,0.023523763802208355,13.0,0.48148148148148145
06_081_608023,834.0,724.0,110.0,2547.0,2651.0,11.0,10.0,0.13189448441247004,104.0,0.040832351786415394,-1.0,-0.09090909090909091
06_081_608100,1314.0,837.0,477.0,2212.0,2147.0,28.0,,0.363013698630137,-65.0,-0.02938517179023508,,
06_081_608502,1158.0,611.0,547.0,1781.0,1753.0,,,0.47236614853195164,-28.0,-0.015721504772599662,,
06_081_600100,1992.0,1186.0,806.0,1864.0,1934.0,13.0,12.0,0.4046184738955823,70.0,0.03755364806866953,-1.0,-0.07692307692307693
06_081_601100,1779.0,1384.0,395.0,2173.0,2250.0,42.0,89.0,0.22203485103991005,77.0,0.0354348826507133,47.0,1.119047619047619
06_081_601300,2228.0,426.0,1802.0,1364.0,1364.0,95.0,135.0,0.8087971274685817,0.0,0.0,40.0,0.42105263157894735
06_081_601501,1283.0,1059.0,224.0,2216.0,2075.0,45.0,41.0,0.17459080280592362,-141.0,-0.06362815884476535,-4.0,-0.08888888888888889
06_081_601700,1310.0,1066.0,244.0,1959.0,2403.0,,,0.18625954198473282,444.0,0.22664624808575803,,
06_081_602000,2583.0,1991.0,592.0,1967.0,1984.0,9.0,12.0,0.22919086333720481,17.0,0.00864260294865277,3.0,0.3333333333333333
06_081_602400,2611.0,1481.0,1130.0,1397.0,1418.0,45.0,58.0,0.43278437380314055,21.0,0.015032211882605583,13.0,0.28888888888888886
06_081_603000,1925.0,990.0,935.0,1598.0,1620.0,,,0.4857142857142857,22.0,0.01376720901126408,,
06_081_610304,1794.0,1392.0,402.0,2406.0,2310.0,,,0.22408026755852842,-96.0,-0.0399002493765586,,
06_081_610700,2019.0,833.0,1186.0,1633.0,1718.0,,,0.5874195146111937,85.0,0.0520514390691978,,
06_081_611600,846.0,705.0,141.0,2763.0,2759.0,,,0.16666666666666666,-4.0,-0.0014477017734346724,,
06_081_600200,1090.0,692.0,398.0,1829.0,1620.0,,,0.3651376146788991,-209.0,-0.11427009294696555,,
06_081_600300,1349.0,1143.0,206.0,2277.0,2272.0,,,0.15270570793180133,-5.0,-0.0021958717610891525,,
06_081_600700,2012.0,1203.0,809.0,1968.0,1773.0,,,0.40208747514910537,-195.0,-0.09908536585365854,,
06_081_601502,1717.0,194.0,1523.0,1310.0,1362.0,,,0.8870122306348281,52.0,0.03969465648854962,,
06_081_602200,2556.0,400.0,2156.0,1248.0,1332.0,,,0.8435054773082942,84.0,0.0673076923076923,,
06_081_602300,1200.0,800.0,400.0,1492.0,1711.0,,,0.3333333333333333,219.0,0.1467828418230563,,
06_081_603700,1640.0,1264.0,376.0,2349.0,2225.0,,,0.22926829268292684,-124.0,-0.05278842060451256,,
06_081_603900,1922.0,1056.0,866.0,1488.0,1781.0,51.0,43.0,0.4505723204994797,293.0,0.19690860215053763,-8.0,-0.1568627450980392
06_081_608400,2014.0,769.0,1245.0,1724.0,1692.0,36.0,,0.6181727904667329,-32.0,-0.018561484918793503,,
06_081_608501,1703.0,1100.0,603.0,2200.0,2441.0,40.0,48.0,0.3540810334703465,241.0,0.10954545454545454,8.0,0.2
06_081_605300,1847.0,1033.0,814.0,1593.0,1922.0,40.0,38.0,0.4407146724417975,329.0,0.20652856246076584,-2.0,-0.05
06_081_605600,1770.0,1715.0,55.0,4001.0,4001.0,13.0,35.0,0.031073446327683617,0.0,0.0,22.0,1.6923076923076923
06_081_606400,2615.0,839.0,1776.0,1512.0,1509.0,37.0,40.0,0.6791586998087954,-3.0,-0.001984126984126984,3.0,0.08108108108108109
06_081_606800,1295.0,992.0,303.0,3038.0,2578.0,,,0.23397683397683397,-460.0,-0.15141540487162608,,
06_081_608800,2052.0,1911.0,141.0,3218.0,3314.0,38.0,30.0,0.06871345029239766,96.0,0.02983219390926041,-8.0,-0.21052631578947367
06_081_608900,2977.0,959.0,2018.0,1525.0,1576.0,,,0.6778636210950622,51.0,0.03344262295081967,,
06_081_609100,593.0,428.0,165.0,2846.0,2257.0,,,0.2782462057335582,-589.0,-0.20695713281799016,,
06_081_610100,903.0,469.0,434.0,1318.0,1592.0,,,0.4806201550387597,274.0,0.2078907435508346,,
06_081_610400,1599.0,724.0,875.0,1535.0,1597.0,49.0,41.0,0.5472170106316447,62.0,0.040390879478827364,-8.0,-0.16326530612244897
06_081_611500,928.0,863.0,65.0,4001.0,4001.0,,,0.07004310344827586,0.0,0.0,,
06_081_612500,2134.0,856.0,1278.0,1850.0,1929.0,,,0.598875351452671,79.0,0.042702702702702704,,
06_081_613501,1336.0,934.0,402.0,1924.0,1903.0,14.0,,0.3008982035928144,-21.0,-0.010914760914760915,,
06_081_610201,1759.0,463.0,1296.0,1185.0,1287.0,26.0,25.0,0.7367822626492325,102.0,0.08607594936708861,-1.0,-0.038461538461538464
06_081_610202,644.0,46.0,598.0,1022.0,1053.0,,,0.9285714285714286,31.0,0.030332681017612523,,
06_081_610303,2888.0,1860.0,1028.0,2753.0,2846.0,88.0,75.0,0.3559556786703601,93.0,0.03378132945877225,-13.0,-0.14772727272727273
06_081_613800,1598.0,1139.0,459.0,2325.0,2484.0,76.0,42.0,0.2872340425531915,159.0,0.06838709677419355,-34.0,-0.4473684210526316
06_081_602500,1483.0,1278.0,205.0,2543.0,2492.0,50.0,61.0,0.13823331085637222,-51.0,-0.02005505308690523,11.0,0.22
06_081_600900,1431.0,939.0,492.0,2158.0,2273.0,,,0.3438155136268344,115.0,0.05329008341056534,,
06_081_601605,1669.0,1420.0,249.0,1895.0,2130.0,30.0,73.0,0.14919113241461954,235.0,0.12401055408970976,43.0,1.4333333333333333
06_081_602700,1961.0,1030.0,931.0,1837.0,1895.0,29.0,32.0,0.4747577766445691,58.0,0.031573217201959713,3.0,0.10344827586206896
06_081_602900,1670.0,895.0,775.0,1764.0,1876.0,,,0.46407185628742514,112.0,0.06349206349206349,,
06_081_603300,2328.0,1996.0,332.0,2029.0,1961.0,,13.0,0.14261168384879724,-68.0,-0.03351404632824051,,
06_081_600402,1236.0,816.0,420.0,1517.0,1563.0,,39.0,0.33980582524271846,46.0,0.03032300593276203,,
06_081_601901,1408.0,872.0,536.0,1540.0,1758.0,12.0,51.0,0.3806818181818182,218.0,0.14155844155844155,39.0,3.25
06_081_600401,1120.0,877.0,243.0,2075.0,2163.0,,,0.21696428571428572,88.0,0.042409638554216866,,
06_081_601902,2171.0,952.0,1219.0,1460.0,1466.0,22.0,22.0,0.5614923998157532,6.0,0.00410958904109589,0.0,0.0
06_081_603801,1655.0,1145.0,510.0,1516.0,1435.0,,,0.3081570996978852,-81.0,-0.05343007915567282,,
06_109_2100,1922.0,1282.0,640.0,895.0,985.0,,,0.33298647242455776,90.0,0.1005586592178771,,
06_109_1100,1701.0,987.0,714.0,1110.0,1100.0,62.0,13.0,0.41975308641975306,-10.0,-0.009009009009009009,-49.0,-0.7903225806451613
06_109_1200,1797.0,734.0,1063.0,689.0,820.0,75.0,65.0,0.5915414579855315,131.0,0.19013062409288825,-10.0,-0.13333333333333333
06_109_3200,2325.0,1880.0,445.0,1209.0,1193.0,43.0,83.0,0.1913978494623656,-16.0,-0.013234077750206782,40.0,0.9302325581395349
06_109_2200,3033.0,2702.0,331.0,1375.0,1443.0,92.0,126.0,0.10913287174414771,68.0,0.04945454545454545,34.0,0.3695652173913043
06_109_4100,2422.0,1635.0,787.0,987.0,916.0,13.0,,0.32493806771263417,-71.0,-0.07193515704154002,,
06_109_5201,746.0,668.0,78.0,1014.0,1084.0,63.0,68.0,0.10455764075067024,70.0,0.06903353057199212,5.0,0.07936507936507936
06_109_3100,2759.0,2071.0,688.0,1169.0,1145.0,63.0,63.0,0.2493657122145705,-24.0,-0.020530367835757058,0.0,0.0
06_109_4200,1752.0,1219.0,533.0,931.0,956.0,100.0,141.0,0.3042237442922374,25.0,0.02685284640171858,41.0,0.41
06_109_985202,0.0,0.0,0.0,,,,,,,,,
06_109_5100,3700.0,2501.0,1199.0,935.0,934.0,171.0,58.0,0.3240540540540541,-1.0,-0.0010695187165775401,-113.0,-0.6608187134502924
06_005_500,1191.0,851.0,340.0,961.0,893.0,57.0,54.0,0.28547439126784213,-68.0,-0.07075962539021852,-3.0,-0.05263157894736842
06_005_200,2085.0,1692.0,393.0,1201.0,1169.0,8.0,8.0,0.1884892086330935,-32.0,-0.026644462947543714,0.0,0.0
06_005_402,2187.0,1828.0,359.0,1415.0,1180.0,,,0.16415180612711477,-235.0,-0.16607773851590105,,
06_005_301,700.0,560.0,140.0,968.0,967.0,5.0,4.0,0.2,-1.0,-0.0010330578512396695,-1.0,-0.2
06_005_401,2089.0,1313.0,776.0,871.0,886.0,70.0,63.0,0.3714696026807085,15.0,0.01722158438576349,-7.0,-0.1
06_005_101,1915.0,1839.0,76.0,1292.0,1235.0,30.0,165.0,0.03968668407310705,-57.0,-0.04411764705882353,135.0,4.5
06_005_102,772.0,667.0,105.0,1218.0,1466.0,,46.0,0.13601036269430053,248.0,0.20361247947454844,,
06_005_303,1977.0,1416.0,561.0,1327.0,1361.0,,32.0,0.283763277693475,34.0,0.02562170308967596,,
06_005_304,1367.0,1047.0,320.0,1423.0,1576.0,,,0.23408924652523774,153.0,0.10751932536893886,,
