tract_id,housing_cost_2012,housing_cost_2016,housing_cost_2012_real_2016,housing_cost_change,housing_cost_pct_change,gentrification
06089010400,895,1007,935.5918055349879,71.40819446501212,0.07632409138532338,1
06089010602,1345,1509,1406.0010932341436,102.99890676585642,0.07325663348449747,1
06089010603,1546,1092,1616.1172417397668,-524.1172417397668,-0.3243064477027355,0
06089010703,1009,1061,1054.762158418774,6.237841581225894,0.005913979309399221,1
06089010704,760,748,794.4690192252411,-46.46901922524114,-0.05849066244339811,0
06089010803,1100,1106,1149.88936993127,-43.88936993127004,-0.03816834130216661,0
06089010804,1104,1143,1154.0707858219291,-11.070785821929121,-0.009592813506707484,0
06089010805,1293,1241,1351.6426866555746,-110.64268665557461,-0.08185794052520078,0
06089010807,1195,1346,1249.197997334425,96.80200266557495,0.07749132072908688,1
06089011100,1432,1422,1496.9468888559807,-74.94688885598066,-0.05006649829324119,0
06089012200,1073,941,1121.6648126693206,-180.66481266932055,-0.16106844988689378,0
06089012601,945,816,987.8595041682274,-171.85950416822743,-0.17397160572234635,0
06089010806,839,909,877.0519830657596,31.9480169342404,0.03642659449051722,1
06089011001,1294,1293,1352.6880406282396,-59.688040628239605,-0.04412550332042428,0
06089011002,1062,792,1110.165918970008,-318.1659189700081,-0.2865931240847284,0
06089011209,832,859,869.734505257106,-10.73450525710598,-0.012342278238038521,0
06089011401,1220,1178,1275.3318466510448,-97.33184665104477,-0.07631883960761518,0
06089011402,1488,1396,1555.486711325209,-159.48671132520894,-0.1025317093126003,0
06089011403,1538,1243,1607.7544099584484,-364.7544099584484,-0.22687196981028668,0
06089011702,942,947,984.7234422502331,-37.72344225023312,-0.038308666811089305,0
06089011701,1314,1317,1373.5951200815355,-56.59512008153547,-0.04120218487539183,0
06089011703,1043,1027,1090.304193489377,-63.304193489376985,-0.05806103825647055,0
06089011801,1185,983,1238.7444576077771,-255.74445760777712,-0.20645457264177186,0
06089011802,1179,1201,1232.4723337717885,-31.4723337717885,-0.02553593529801383,0
06089011803,1055,962,1102.8484411613545,-140.84844116135446,-0.12771332479106015,0
06089010100,639,714,667.9811885328014,46.01881146719859,0.06889237639802011,1
06089010300,997,1004,1042.2179107467964,-38.217910746796406,-0.036669788873050106,0
06089012702,844,845,882.2787529290836,-37.278752929083566,-0.04225280593613024,0
06089010500,859,872,897.9590625190555,-25.959062519055465,-0.028908959887583508,0
06089011600,786,925,821.6482225145257,103.35177748547426,0.12578591987843937,1
06089011900,1457,1527,1523.0807381726004,3.919261827399623,0.0025732462693356445,1
06089012301,780,750,815.3760986785369,-65.37609867853689,-0.08017907170015233,0
06089012302,1078,1114,1126.8915825326446,-12.891582532644634,-0.011439949266167477,0
06089010900,871,870,910.5033101910329,-40.50331019103294,-0.044484528213889665,0
06089012303,1367,1039,1428.9988806327692,-389.9988806327692,-0.27291755502290904,0
06089012400,1238,906,1294.1482181590113,-388.1482181590113,-0.2999256288519803,0
06089011300,859,1003,897.9590625190555,105.04093748094454,0.11697742343205704,1
06089012500,994,836,1039.0818488288023,-203.08184882880232,-0.19544355341949757,0
06089012000,837,819,874.96127512043,-55.961275120429946,-0.06395857360970338,0
06089012701,569,640,594.8064104462661,45.19358955373389,0.07598033370189544,1
06089010702,1175,1107,1228.2909178811294,-121.29091788112942,-0.09874771205697999,0
06089010200,792,822,827.9203463505144,-5.9203463505143645,-0.007150864665437131,0
06089011500,1028,849,1074.623883899405,-225.62388389940497,-0.20995614119490902,0
06089012101,873,1016,912.5940181363625,103.40598186363752,0.11330994923110081,1
06089012102,586,839,612.5774279815676,226.42257201843245,0.3696227802001962,1
06089012603,1069,924,1117.4833967786615,-193.48339677866147,-0.17314207740035398,0
06089012604,1128,1188,1179.1592811658843,8.840718834115705,0.007497476359067043,1
06089010601,1623,1588,1696.609497634956,-108.60949763495591,-0.06401561336675037,0
06007002700,867,846,906.3218943003739,-60.321894300373856,-0.06655681020145579,0
06007003400,843,747,881.2333989564188,-134.2333989564188,-0.15232445696609065,0
06007000601,1311,1317,1370.459058163541,-53.45905816354093,-0.039008139531857146,0
06007000604,821,867,858.2356115577934,8.76438844220661,0.010212100644831397,1
06007001900,958,889,1001.4491058128697,-112.44910581286967,-0.11228639095103637,0
06007001300,870,817,909.457956218368,-92.45795621836805,-0.1016627053358453,0
06007000201,778,883,813.2853907332074,69.71460926679265,0.08571973634487927,1
06007001600,1641,1401,1715.425869142922,-314.425869142922,-0.1832931838086472,0
06007002000,997,1108,1042.2179107467964,65.7820892532036,0.06311740431141483,1
06007003200,700,775,731.7477808653537,43.25221913464634,0.05910809744239597,1
06007003300,1027,880,1073.5785299267404,-193.57852992674043,-0.18031147655304727,0
06007003600,1029,1051,1075.66923787207,-24.66923787206997,-0.02293385085630189,0
06007002100,854,924,892.7322926557315,31.2677073442685,0.03502472981150063,1
06007000501,1105,1064,1155.116139794594,-91.11613979459389,-0.07888050097784663,0
06007001400,1312,1390,1371.5044121362057,18.4955878637943,0.01348562038891748,1
06007002400,669,665,699.3418077127451,-34.341807712745094,-0.04910589833755657,0
06007001000,929,801,971.1338406055908,-170.13384060559076,-0.17519092991291166,0
06007000603,854,999,892.7322926557315,106.2677073442685,0.11903647736113541,1
06007000202,757,822,791.3329573072467,30.667042692753284,0.0387536528203088,1
06007000300,908,815,949.1814071796301,-134.18140717963013,-0.14136539776767523,0
06007000502,845,954,883.3241069017483,70.67589309825166,0.08001128073606725,1
06007002800,666,751,696.2057457947508,54.79425420524922,0.07870411086983929,1
06007002900,927,919,969.0431326602612,-50.04313266026122,-0.05164180104437719,0
06007003100,982,966,1026.5376011568246,-60.53760115682462,-0.058972609565011214,0
06007000102,1004,1000,1049.53538855545,-49.53538855545003,-0.047197444789002396,0
06007001100,1055,1034,1102.8484411613545,-68.84844116135446,-0.062427835586233056,0
06007001500,984,1207,1028.6283091021544,178.3716908978456,0.1734073321912933,1
06007001702,971,962,1015.0387074575119,-53.03870745751192,-0.05225289150830935,0
06007001800,712,872,744.2920285373311,127.70797146266887,0.17158315092214302,1
06007002300,845,875,883.3241069017483,-8.324106901748337,-0.009423615677087167,0
06007000700,946,1022,988.9048581408922,33.0951418591078,0.03346645694645039,1
06007000800,1154,1097,1206.3384844551686,-109.33848445516855,-0.09063665452449712,0
06007001200,957,915,1000.4037518402049,-85.4037518402049,-0.08536928383475964,0
06007002200,925,925,966.9524247149317,-41.95242471493168,-0.04338623456815854,0
06007002500,889,759,929.3196816989991,-170.31968169899915,-0.1832735118529047,0
06007000103,1714,1553,1791.7367091474516,-238.73670914745162,-0.13324318686368147,0
06007000104,1036,974,1082.9867156807234,-108.98671568072336,-0.10063532091639606,0
06007000903,949,1078,992.0409200588866,85.95907994111337,0.08664872406272407,1
06007000904,1405,1281,1468.7223315940314,-187.7223315940314,-0.12781335692655596,0
06007001703,949,957,992.0409200588866,-35.04092005888663,-0.03532205108717353,0
06007001704,889,860,929.3196816989991,-69.31968169899915,-0.07459185796244802,0
06007002601,735,759,768.3351699086213,-9.33516990862131,-0.012149866717322792,0
06007002602,851,831,889.5962307377371,-58.59623073773707,-0.06586834421403018,0
06007003001,813,792,849.872779776475,-57.872779776475,-0.06809581522506947,0
06007003002,910,784,951.2721151249597,-167.27211512495967,-0.17584044824333644,0
06007003501,1083,1036,1132.1183523959685,-96.11835239596849,-0.08490132872817367,0
06007003502,835,801,872.8705671751004,-71.8705671751004,-0.08233817232226935,0
06007003700,861,780,900.049770464385,-120.049770464385,-0.133381257796938,0
06007000401,1139,1149,1190.6581748651968,-41.65817486519677,-0.03498751845374362,0
06007000402,1379,1252,1441.5431283047467,-189.5431283047467,-0.13148626952816128,0
06007000901,1563,1508,1633.888259275068,-125.8882592750681,-0.07704826726089753,0
06041102202,2121,2092,2217.1957760220216,-125.19577602202162,-0.05646581929117754,0
06041102203,1434,1698,1499.0375968013102,198.9624031986898,0.1327267599046492,1
06041109001,1491,1620,1558.6227732432035,61.37722675679652,0.039379141515481615,1
06041109002,2078,2443,2172.245555197436,270.7544448025642,0.12464265108276641,1
06041112201,1401,1518,1464.5409157033723,53.45908429662768,0.03650228117454334,1
06041112202,1389,1690,1451.9966680313946,238.00333196860538,0.16391451661613549,1
06041119201,1803,1721,1884.773212714618,-163.773212714618,-0.08689279517016123,0
06041119202,2968,3337,3102.6105908690997,234.38940913090028,0.0755458676705037,1
06041130201,2560,2698,2676.1061700218647,21.893829978135273,0.008181226224651764,1
06041130202,2187,2073,2286.189138217898,-213.18913821789783,-0.09325087529025723,0
06041131100,2181,2063,2279.9170143819088,-216.91701438190876,-0.0951425043164194,0
06041113000,2358,2175,2464.944667543577,-289.944667543577,-0.11762725198716906,0
06041126100,2347,3053,2453.4457738442643,599.5542261557357,0.24437231609007765,1
06041105000,1793,1568,1874.3196729879703,-306.3196729879703,-0.16342979130110016,0
06041110100,1626,1835,1699.74555955295,135.25444044705,0.07957334536742268,1
06041121200,1848,2291,1931.8141414845336,359.1858585154664,0.18593189210192046,1
06041129000,1517,1402,1585.8019765324877,-183.80197653248774,-0.1159047467795373,0
06041132200,1333,1148,1393.4568455621663,-245.45684556216634,-0.17614958535952432,0
06041123000,2595,3152,2712.6935590651324,439.3064409348676,0.16194473550719254,1
06041107000,2615,2612,2733.6006385184287,-121.6006385184287,-0.04448368821874963,0
06041111000,1523,1718,1592.0741003684766,125.92589963152341,0.07909550164931303,1
06041116000,2175,2448,2273.6448905459206,174.3551094540794,0.07668528633432081,1
06041124200,2867,2989,2997.029839629956,-8.029839629955859,-0.0026792658263780603,0
06041125000,1715,1785,1792.7820631201164,-7.782063120116391,-0.004340774754613881,0
06041127000,2684,2888,2805.730062632299,82.269937367701,0.02932211422025269,1
06041102100,2559,2280,2675.0608160492,-395.0608160492002,-0.14768292880633116,0
06041106001,1758,2001,1837.7322839447024,163.26771605529757,0.08884194802566266,1
06041108100,2496,2321,2609.2035157713185,-288.2035157713185,-0.11045651059002247,0
06041108200,1529,1688,1598.3462242044652,89.65377579553478,0.056091586689959866,1
06041110200,3228,2741,3374.402623761945,-633.402623761945,-0.18770807588330926,0
06041128100,2696,2718,2818.2743103042762,-100.27431030427624,-0.03558003915291343,0
06041103100,2237,2231,2338.4568368511373,-107.45683685113727,-0.04595202920051922,0
06041104300,2958,2250,3092.1570511424516,-842.1570511424516,-0.27235261250113474,0
06041104102,1605,1688,1677.7931261269894,10.206873873010636,0.006083511556977314,1
06041104200,1943,1985,2031.1227688876888,-46.122768887688835,-0.02270801627266835,0
06041106002,1878,1864,1963.1747606644774,-99.17476066447739,-0.05051754059374196,0
06041118100,3510,3192,3669.1924440534162,-477.19244405341624,-0.13005380647907747,0
06041121100,2226,2659,2326.957943151825,332.042056848175,0.1426936218702903,1
06041132100,1605,1842,1677.7931261269894,164.20687387301064,0.09787075135542192,1
06041101100,3056,2488,3194.601740463601,-706.6017404636009,-0.2211861752636054,0
06041101200,1699,2107,1776.0563995574796,330.9436004425204,0.1863361999793351,1
06041114100,2116,2538,2211.9690061586975,326.03099384130246,0.1473940154376247,1
06041119100,2262,2881,2364.590686167757,516.4093138322428,0.21839268709510845,1
06041112100,1530,1704,1599.3915781771302,104.60842182286979,0.06540513483389404,1
06041114200,1606,1882,1678.8384800996544,203.16151990034564,0.12101314230555768,1
06041117000,1777,2023,1857.5940094253335,165.40599057466648,0.08904313307181508,1
06041120000,1926,2186,2013.3517513523873,172.64824864761272,0.08575165692315974,1
06041126200,2170,2237,2268.4181206825965,-31.41812068259651,-0.013850233515654684,0
06041128200,3013,2751,3149.651519639015,-398.6515196390151,-0.12657004025788382,0
06041133000,1365,1394,1426.9081726874397,-32.908172687439674,-0.02306257215239044,0
06041103200,1845,1764,1928.6780795665395,-164.6780795665395,-0.08538391207492235,0
06041115000,2993,3077,3128.744440185719,-51.74444018571921,-0.016538404198537773,0
06041104101,2294,2214,2398.0420132930303,-184.04201329303032,-0.0767467843652584,0
06041124100,2162,2714,2260.055288901278,453.9447110987221,0.20085557788252453,1
06055201700,1350,1595,1411.227863097468,183.7721369025321,0.13022144878799044,1
06055200703,2340,2143,2446.1282960356107,-303.1282960356107,-0.12392166695707842,0
06055200202,1118,1145,1168.7057414392364,-23.705741439236363,-0.020283755438767027,0
06055200400,1675,1780,1750.967904213525,29.03209578647511,0.0165805984887629,1
06055201200,959,1052,1002.4944597855346,49.50554021446544,0.0493823579085477,1
06055200802,1636,1794,1710.199099279598,83.80090072040207,0.04900066942831525,1
06055200201,1161,1357,1213.6559622638222,143.34403773617782,0.11810928483291049,1
06055201800,1725,1476,1803.2356028467643,-327.2356028467643,-0.18147135201310252,0
06055201900,1125,1405,1176.0232192478898,228.97678075211024,0.1947043026059888,1
06055201500,2311,1931,2415.813030828332,-484.8130308283321,-0.2006831756603696,0
06055202000,1115,1156,1165.5696795212418,-9.569679521241824,-0.008210302386359752,0
06055200203,1227,1199,1282.6493244596984,-83.64932445969839,-0.06521605154622814,0
06055201300,1416,1688,1480.2212252933439,207.77877470665612,0.14037008195547218,1
06055200501,1274,1412,1331.7809611749437,80.21903882505626,0.06023440878317123,1
06055200503,1129,1289,1180.2046351385488,108.79536486145116,0.09218347532475099,1
06055201403,2387,1768,2495.259932750856,-727.259932750856,-0.29145658262107427,0
06055201601,1563,1528,1633.888259275068,-105.8882592750681,-0.06480752809990148,0
06055201602,1730,1474,1808.4623727100882,-334.4623727100882,-0.18494295361471993,0
06055200301,1445,1297,1510.536490500623,-213.5364905006229,-0.14136466867467234,0
06055200302,1773,1987,1853.4125935346744,133.58740646532556,0.07207645341966668,1
06055200505,1469,1616,1535.6249858445779,80.37501415542215,0.05234026204074605,1
06055200504,1403,1585,1466.6316236487016,118.36837635129837,0.080707639493563,1
06055200601,1535,1755,1604.618348040454,150.38165195954593,0.09371801845790352,1
06055200602,1540,1652,1609.8451179037781,42.154882096221854,0.026185675645066304,1
06055200704,1492,1498,1559.668127215868,-61.668127215868026,-0.039539262321113496,0
06055200705,1518,1613,1586.8473305051525,26.152669494847487,0.016480898314598494,1
06055200706,2309,2060,2413.7223228830026,-353.72232288300256,-0.14654640242979936,0
06055200707,1788,1752,1869.0929031246462,-117.09290312464623,-0.06264691440906804,0
06055200803,1335,1449,1395.547553507496,53.452446492503896,0.038302131918155936,1
06055200804,1324,1442,1384.0486598081832,57.951340191816826,0.04187088349902984,1
06055201003,1870,2137,1954.8119288831592,182.18807111684077,0.09319979504162844,1
06055201004,1970,1530,2059.3473261496383,-529.3473261496383,-0.25704616187273227,0
06055201005,1979,1923,2068.755511903621,-145.75551190362103,-0.07045564885021148,0
06055201006,2129,1734,2225.55860780334,-491.5586078033398,-0.22086976549609522,0
06055201007,1967,1943,2056.211264231644,-113.21126423164378,-0.05505818696793691,0
06055201101,2699,2376,2821.410372222271,-445.4103722222708,-0.1578679856739328,0
06055201102,1777,1868,1857.5940094253335,10.405990574666475,0.005601864843376448,1
06055201401,2213,2607,2313.3683415071823,293.6316584928177,0.12692819090863575,1
06055201402,2765,2661,2890.403734418147,-229.403734418147,-0.07936736715582993,0
06057001203,2019,2258,2110.569670810213,147.4303291897868,0.06985333449484787,1
06057001204,1754,1640,1833.5508680540431,-193.55086805404312,-0.1055606754229075,0
06057001205,2384,2115,2492.1238708328615,-377.1238708328615,-0.15132629450992244,0
06057001206,1843,1322,1926.5873716212097,-604.5873716212097,-0.3138125893104208,0
06057000103,1720,1601,1798.0088329834405,-197.00883298344047,-0.1095705590369894,0
06057000502,1020,1037,1066.2610521180868,-29.26105211808681,-0.02744267181096116,0
06057000701,1566,1417,1637.0243211930626,-220.02432119306263,-0.13440504111307827,0
06057000702,1226,1377,1281.6039704870336,95.39602951296638,0.07443487357230494,1
06057000900,926,900,967.9977786875965,-67.99777868759645,-0.07024580033622317,0
06057000200,1962,1295,2050.9844943683197,-755.9844943683197,-0.36859590915686297,0
06057000300,1442,1417,1507.4004285826284,-90.40042858262836,-0.059971077935562,0
06057000600,910,940,951.2721151249597,-11.272115124959669,-0.011849517026449322,0
06057000401,1481,1409,1548.1692335165556,-139.16923351655555,-0.08989277819482473,0
06057000501,1085,1036,1134.2090603412983,-98.20906034129825,-0.08658814655540299,0
06057000102,1527,1422,1596.255516259136,-174.2555162591359,-0.10916517718135,0
06057000104,924,960,965.9070707422668,-5.9070707422667965,-0.006115568382502276,0
06057000105,1224,1451,1279.5132625417043,171.4867374582957,0.134024978465361,1
06057000402,1185,1335,1238.7444576077771,96.25554239222288,0.07770411548650513,1
06057000801,1345,1388,1406.0010932341436,-18.001093234143582,-0.012803043554352224,0
06057000802,1234,1184,1289.9668022683518,-105.96680226835178,-0.08214692198435934,0
06029006008,1626,1583,1699.74555955295,-116.74555955295,-0.06868413857404354,0
06029006303,771,789,805.9679129245537,-16.96791292455373,-0.021052839266247673,0
06029006304,786,752,821.6482225145257,-69.64822251452574,-0.08476647378531199,0
06029006403,929,835,971.1338406055908,-136.13384060559076,-0.14018030771196158,0
06029006404,629,612,657.5276488061535,-45.52764880615348,-0.06924066066091092,0
06029006500,638,573,666.9358345601366,-93.93583456013664,-0.14084688465133985,0
06029003804,1886,1666,1971.5375924457956,-305.53759244579555,-0.1549742665909607,0
06029002821,1378,1272,1440.497774332082,-168.49777433208192,-0.11697190883214628,0
06029000800,1169,1021,1222.0187940451406,-201.01879404514057,-0.16449730153472178,0
06029004101,869,893,908.4126022457034,-15.412602245703397,-0.016966521828959243,0
06029005600,506,632,528.9491101683842,103.05088983161579,0.1948219362706005,1
06029004102,696,715,727.5663649746945,-12.566364974694466,-0.017271778327921383,0
06029005201,722,548,754.7455682639791,-206.74556826397907,-0.27392750213760503,0
06029000300,736,784,769.3805238812861,14.61947611871392,0.019001619699135608,1
06029001902,797,788,833.1471162138383,-45.14711621383833,-0.05418864848144145,0
06029004500,611,649,638.7112772981873,10.28872270181273,0.01610856590059762,1
06029005104,1821,1605,1903.5895842225843,-298.58958422258434,-0.15685607165397825,0
06029003303,552,616,577.0353929109646,38.96460708903544,0.0675255063514754,1
06029003600,841,940,879.1426910110893,60.857308988910745,0.06922347146959686,1
06029003700,877,952,916.7754340270216,35.22456597297844,0.038422240240722036,1
06029003805,1796,1666,1877.4557349059644,-211.4557349059644,-0.11262887905932734,0
06029004402,615,654,642.8926931888464,11.107306811153649,0.017277077386055988,1
06029004902,1142,1092,1193.7942367831913,-101.79423678319131,-0.0852694992543162,0
06029003202,1170,1089,1223.0641480178053,-134.06414801780534,-0.10961334140574745,0
06029003500,804,755,840.4645940224918,-85.46459402249184,-0.10168732226238754,0
06029004200,775,891,810.149328815213,80.85067118478696,0.0997972451609945,1
06029005506,786,803,821.6482225145257,-18.64822251452574,-0.022696114959581824,0
06029005300,748,747,781.9247715532637,-34.92477155326367,-0.044665129976489866,0
06029001500,862,672,901.0951244370499,-229.0951244370499,-0.2542407768327176,0
06029001700,856,956,894.823000601061,61.17699939893896,0.0683677099916361,1
06029001801,986,866,1030.719017047484,-164.71901704748393,-0.15980981656797696,0
06029003812,1514,1359,1582.6659146144934,-223.66591461449343,-0.14132225414671554,0
06029003900,1112,1482,1162.4336176032475,319.5663823967525,0.27491151112409096,1
06029004301,943,971,985.7687962228978,-14.768796222897777,-0.014982008235081444,0
06029004901,789,853,824.78428443252,28.215715567479947,0.03420981231097696,1
06029005103,788,821,823.7389304598553,-2.7389304598552826,-0.0033249981985509227,0
06029006301,817,679,854.0541956671342,-175.0541956671342,-0.20496848625676817,0
06029006401,799,784,835.2378241591679,-51.23782415916787,-0.06134519136600271,0
06029005900,590,657,616.7588438722266,40.241156127773365,0.0652461760825761,1
06029006003,1063,1105,1111.2112729426726,-6.211272942672622,-0.005589641766523963,0
06029006004,858,727,896.9137085463906,-169.91370854639058,-0.18944264863758878,0
06029000102,880,990,919.911495945016,70.08850405498401,0.07619048611082177,1
06029000902,968,967,1011.9026455395177,-44.90264553951772,-0.044374471929141866,0
06029000909,1622,1645,1695.564143662291,-50.56414366229092,-0.029821427783366647,0
06029001102,895,863,935.5918055349879,-72.59180553498788,-0.07758918484058185,0
06029002500,818,763,855.099549639799,-92.09954963979897,-0.10770623102139963,0
06029002806,1110,1116,1160.342909657918,-44.34290965791797,-0.038215349349608,0
06029002700,952,941,995.176981976881,-54.17698197688105,-0.05443954488302226,0
06029003124,1543,1353,1612.9811798217725,-259.98117982177246,-0.16118054139385513,0
06029003400,849,825,887.5055227924075,-62.50552279240753,-0.07042831981004802,0
06029003809,2186,1719,2285.143784245233,-566.1437842452328,-0.2477497425538263,0
06029000908,1106,1213,1156.161493767259,56.83850623274111,0.04916139011647709,1
06029001000,1262,1080,1319.2367135029663,-239.23671350296627,-0.1813447966193433,0
06029003811,1039,1333,1086.122777598718,246.8772224012821,0.227301394918811,1
06029005501,779,851,814.3307447058721,36.66925529412788,0.04502992860397582,1
06029000700,1148,1196,1200.0663606191802,-4.066360619180159,-0.0033884464664788207,0
06029002814,815,923,851.9634877218047,71.03651227819535,0.08337976134182784,1
06029000101,1185,1136,1238.7444576077771,-102.74445760777712,-0.0829424155860151,0
06029001400,795,719,831.0564082685088,-112.05640826850879,-0.134836103967932,0
06029001600,605,640,632.4391534621985,7.560846537801467,0.011955057646906717,1
06029002100,794,765,830.0110542958439,-65.0110542958439,-0.07832552826781,0
06029002200,759,725,793.4236652525763,-68.42366525257626,-0.08623849810528963,0
06029002808,1403,1623,1466.6316236487016,156.36837635129837,0.10661734946249384,1
06029002900,855,849,893.7776466283963,-44.77764662839627,-0.050099313623820536,0
06029003121,804,876,840.4645940224918,35.53540597750816,0.04228066979887221,1
06029003203,1529,1626,1598.3462242044652,27.653775795534784,0.017301492866039537,1
06029003204,1942,1963,2030.0774149150238,-67.07741491502384,-0.033041801471315614,0
06029003803,2038,2158,2130.431396290844,27.568603709155923,0.012940385575031344,1
06029000906,1075,1159,1123.7555206146503,35.24447938534968,0.031363120126050484,1
06029000907,1089,1082,1138.3904762319573,-56.39047623195734,-0.049535267036499055,0
06029000910,1018,1042,1064.1703441727573,-22.170344172757268,-0.02083345424363577,0
06029003205,1477,1397,1543.9878176258962,-146.98781762589624,-0.09520011488944984,0
06029003206,1721,1507,1799.0541869561052,-292.05418695610524,-0.16233762666717888,0
06029003306,1141,1251,1192.7488828105265,58.25111718947346,0.04883770425524424,1
06029003305,953,819,996.2223359495457,-177.2223359495457,-0.1778943610821844,0
06029004604,1125,1066,1176.0232192478898,-110.02321924788976,-0.09355531204413946,0
06029004701,879,950,918.8661419723512,31.133858027648785,0.03388290916979462,1
06029004702,784,724,819.5575145691961,-95.55751456919609,-0.1165964717185545,0
06029005003,810,728,846.7367178584807,-118.73671785848069,-0.14022861576002393,0
06029005004,834,817,871.8252132024357,-54.82521320243575,-0.06288555592588198,0
06029005203,499,632,521.6316323597307,110.3683676402693,0.2115829654367211,1
06029005204,547,649,571.8086230476406,77.1913769523594,0.13499512571346473,1
06029005507,1089,851,1138.3904762319573,-287.39047623195734,-0.2524533384917382,0
06029005508,891,935,931.4103896443287,3.5896103556713115,0.0038539513790930026,1
06029005801,1406,1252,1469.767685566696,-217.76768556669595,-0.1481646982072079,0
06029005802,936,1006,978.4513184142443,27.54868158575573,0.028155393188496396,1
06029002813,790,817,825.8296384051848,-8.829638405184824,-0.010691840053399309,0
06029002818,1291,1221,1349.551978710245,-128.55197871024507,-0.09525530008344033,0
06029003103,869,825,908.4126022457034,-83.4126022457034,-0.09182237459002393,0
06029003122,1164,1067,1216.7920241818165,-149.7920241818165,-0.12310404835414515,0
06029000200,767,733,801.7864970338946,-68.78649703389465,-0.08579153838130399,0
06029000503,1812,1635,1894.1813984686012,-259.1813984686012,-0.1368302944365006,0
06029001101,931,841,973.2245485509203,-132.2245485509203,-0.13586232360023762,0
06029001202,699,676,730.7024268926889,-54.70242689268889,-0.0748627962347284,0
06029001802,1179,1101,1232.4723337717885,-131.4723337717885,-0.10667365925321667,0
06029000400,612,630,639.7566312708522,-9.756631270852154,-0.015250535584869168,0
06029000507,1601,1377,1673.6117102363303,-296.6117102363303,-0.17722851030627995,0
06029002301,916,894,957.5442389609485,-63.54423896094852,-0.06636167434927259,0
06029002302,663,752,693.0696838767564,58.93031612324364,0.0850279813042909,1
06029002400,1104,1092,1154.0707858219291,-62.07078582192912,-0.05378421027937408,0
06029002820,1680,1534,1756.1946740768487,-222.19467407684874,-0.1265205260878304,0
06029003114,1041,1089,1088.2134855440474,0.7865144559525561,0.0007227574978629691,1
06029003806,2055,1807,2148.2024138261454,-341.2024138261454,-0.15883159409472622,0
06029003808,1434,1462,1499.0375968013102,-37.0375968013102,-0.024707583639224324,0
06029003810,2245,2159,2346.8196686324554,-187.81966863245543,-0.0800315725757924,0
06029003813,2284,1896,2387.5884735663826,-491.5884735663826,-0.20589330155045032,0
06029004401,883,971,923.0475578630104,47.95244213698959,0.05195013163569435,1
06029005403,947,871,989.9502121135571,-118.95021211355709,-0.12015777223745099,0
06029005404,909,824,950.226761152295,-126.22676115229501,-0.13283856686926582,0
06029006202,971,1129,1015.0387074575119,113.96129254248808,0.11227285393671388,1
06029001201,869,845,908.4126022457034,-63.4126022457034,-0.06980594730735785,0
06029003115,1099,1090,1148.8440159586053,-58.84401595860527,-0.051220196250493864,0
06029005402,1017,1018,1063.1249902000925,-45.1249902000925,-0.042445611396642505,0
06029005700,1410,1459,1473.9491014573553,-14.949101457355255,-0.010142210095704426,0
06029002804,914,869,955.453531015619,-86.45353101561898,-0.0904842864767284,0
06029002807,1541,1406,1610.890471876443,-204.89047187644292,-0.12719081492721018,0
06029002816,1091,971,1140.4811841772869,-169.48118417728688,-0.1486049805368303,0
06029002819,1039,1111,1086.122777598718,24.877222401282097,0.022904613469466626,1
06029003807,1551,1216,1621.3440116030908,-405.34401160309085,-0.25000493954537767,0
06029004000,1049,1041,1096.5763173253656,-55.57631732536561,-0.050681668432271586,0
06029006006,1023,1294,1069.3971140360811,224.60288596391888,0.21002757817087286,1
06029006007,989,1283,1033.8550789654782,249.14492103452176,0.24098631046415842,1
06029003000,810,844,846.7367178584807,-2.736717858480688,-0.0032320765129947855,0
06029003112,967,948,1010.8572915668528,-62.85729156685284,-0.06218216170694336,0
06029003304,840,856,878.0973370384244,-22.09733703842437,-0.025165019988504327,0
06029004800,660,739,689.9336219587619,49.06637804123807,0.07111753432444087,1
06029005401,799,889,835.2378241591679,53.76217584083213,0.06436750621890765,1
06029006201,841,956,879.1426910110893,76.85730898891075,0.08742301992014319,1
06029001901,947,883,989.9502121135571,-106.95021211355709,-0.10803595050019428,0
06029000506,1182,1310,1235.608395689783,74.39160431021696,0.060206457458301395,1
06029000903,851,949,889.5962307377371,59.40376926226293,0.06677610269661295,1
06029001103,835,797,872.8705671751004,-75.8705671751004,-0.0869207532345177,0
06029002812,769,802,803.8772049792242,-1.8772049792241887,-0.002335188717377182,0
06029002815,996,936,1041.1725567741319,-105.17255677413186,-0.10101356983513696,0
06029003113,897,978,937.6825134803175,40.31748651968246,0.042996948263479315,1
06029003123,1713,1642,1790.6913551747868,-148.69135517478685,-0.08303572513772106,0
06029006100,882,970,922.0022038903456,47.99779610965436,0.052058222753839284,1
06029000505,1700,1532,1777.1017535301446,-245.1017535301446,-0.13792218315201105,0
06029000504,910,938,951.2721151249597,-13.272115124959669,-0.01395196486256326,0
06029000600,741,706,774.60729374461,-68.60729374461005,-0.0885704205197299,0
06029000904,965,948,1008.7665836215233,-60.766583621523296,-0.06023849779338266,0
06029000905,863,991,902.1404784097145,88.85952159028545,0.09849854176472189,1
06029001300,745,751,778.7887096352692,-27.788709635269242,-0.03568196263179464,0
06029002600,1019,840,1065.215698145422,-225.21569814542204,-0.21142731799534167,0
06029002817,978,1032,1022.3561852661654,9.643814733834574,0.009432930394335957,1
06029002811,2182,2075,2280.9623683545738,-205.96236835457375,-0.09029625881252464,0
06029002000,688,682,719.2035331933761,-37.203533193376074,-0.051728796475994175,0
06091010000,1003,844,1048.4900345827853,-204.49003458278526,-0.19503288332554905,0
06033000501,744,673,777.7433556626045,-104.74335566260447,-0.13467598906501432,0
06033000502,599,780,626.1670296262098,153.8329703737902,0.24567401842543632,1
06033000701,813,674,849.872779776475,-175.872779776475,-0.20694012558295052,0
06033000702,650,800,679.4800822321142,120.51991776788577,0.17737078822380475,1
06033000801,725,666,757.8816301819735,-91.88163018197349,-0.12123480306537048,0
06033000802,731,707,764.1537540179621,-57.153754017962115,-0.07479352645648152,0
06033001200,1213,840,1268.0143688423914,-428.0143688423914,-0.3375469390249407,0
06033001000,865,908,904.2311863550441,3.7688136449559124,0.004167975736545872,1
06033000400,986,885,1030.719017047484,-145.71901704748393,-0.14137608275133906,0
06033000600,854,796,892.7322926557315,-96.7322926557315,-0.10835531933987608,0
06033000900,1351,1212,1412.2732170701324,-200.27321707013243,-0.14180911642976163,0
06033000100,879,768,918.8661419723512,-150.86614197235122,-0.1641872902711555,0
06033001300,1479,1489,1546.0785255712258,-57.07852557122578,-0.03691825779039077,0
06033000300,888,1040,928.2743277263344,111.72567227366562,0.12035846401927383,1
06033001100,1073,899,1121.6648126693206,-222.66481266932055,-0.19851279112467324,0
06109002100,1006,1031,1051.6260965007798,-20.626096500779795,-0.01961352667969333,0
06109001100,1080,1089,1128.9822904779742,-39.982290477974175,-0.03541445318955976,0
06109001200,862,977,901.0951244370499,75.90487556295011,0.08423625153933767,1
06109003200,1158,1034,1210.519900345828,-176.5199003458281,-0.1458215600548152,0
06109002200,1303,1207,1362.0962263822225,-155.09622638222254,-0.11386583662606849,0
06109004100,955,988,998.3130438948754,-10.313043894875364,-0.010330470945906374,0
06109005201,1208,1139,1262.7875989790675,-123.78759897906752,-0.09802725262676537,0
06109003100,1190,1046,1243.9712274711012,-197.9712274711012,-0.15914453895654937,0
06109004200,884,908,924.0929118356752,-16.09291183567518,-0.017414820122045118,0
06109005100,878,781,917.8207879996864,-136.82078799968644,-0.14907135443933003,0
06015000104,657,533,686.7975600407677,-153.79756004076773,-0.2239343425035442,0
06015000105,1097,933,1146.7533080132757,-213.75330801327573,-0.1863986844595186,0
06015000101,796,745,832.1017622411737,-87.10176224117367,-0.10467681501668108,0
06015000201,768,993,802.8318510065594,190.16814899344058,0.2368717045232014,1
06015000203,734,624,767.2898159359565,-143.28981593595654,-0.1867479705320584,0
06015000202,907,665,948.1360532069655,-283.13605320696547,-0.29862386547720554,0
06015000102,933,811,975.31525649625,-164.31525649624996,-0.168473993820768,0
06005000500,884,1071,924.0929118356752,146.90708816432482,0.158974369657808,1
06005000200,1122,1026,1172.8871573298954,-146.88715732989544,-0.12523554070136417,0
06005000402,1246,1114,1302.5110499403295,-188.51104994032949,-0.14472894487072915,0
06005000301,1269,1460,1326.55419131162,133.4458086883801,0.10059582153702792,1
06005000401,889,976,929.3196816989991,46.68031830100085,0.050230635614710153,1
06005000101,1043,786,1090.304193489377,-304.304193489377,-0.2791002688116707,0
06005000102,1360,1010,1421.6814028241158,-411.6814028241158,-0.28957360067194127,0
06005000303,1320,1125,1379.8672439175239,-254.86724391752387,-0.18470417718877133,0
06005000304,1452,1082,1517.8539683092763,-435.8539683092763,-0.2871514502773742,0
06077003410,1180,1249,1233.5176877444533,15.48231225554673,0.012551350020652632,1
06077004105,1236,1212,1292.0575102136816,-80.05751021368155,-0.061961259139650504,0
06077004106,1208,939,1262.7875989790675,-323.7875989790675,-0.25640701511548086,0
06077004308,1246,1009,1302.5110499403295,-293.5110499403295,-0.2253424644295922,0
06077004307,1189,1129,1242.9258734984367,-113.92587349843666,-0.09165942710466873,0
06077004403,918,933,959.6349469062781,-26.63494690627806,-0.027755290688553196,0
06077000801,1325,1163,1385.0940137808482,-222.09401378084817,-0.16034580437944787,0
06077002201,911,866,952.3174690976246,-86.31746909762455,-0.0906393843425085,0
06077002202,981,836,1025.4922471841599,-189.49224718415985,-0.18478174525889954,0
06077002401,939,958,981.5873803322387,-23.587380332238695,-0.024029832498717592,0
06077002402,946,789,988.9048581408922,-199.9048581408922,-0.20214771572333723,0
06077002503,625,500,653.3462329154943,-153.34623291549428,-0.23470898765452672,0
06077002504,1278,1195,1335.9623770656028,-140.96237706560282,-0.10551373263611062,0
06077003216,1162,1240,1214.7013162364872,25.298683763512827,0.020827081872188808,1
06077003217,990,975,1034.900432938143,-59.90043293814301,-0.05788038252924697,0
06077003312,747,769,780.8794175805988,-11.879417580598783,-0.015212870659857857,0
06077003313,901,956,941.8639293709766,14.13607062902338,0.015008612378291361,1
06077003409,1362,1082,1423.7721107694451,-341.77211076944513,-0.2400469205600201,0
06077004600,1165,1314,1217.8373781544815,96.16262184551852,0.07896179208363925,1
06077005114,2213,1880,2313.3683415071823,-433.3683415071823,-0.18733218300412918,0
06077005123,1412,1404,1476.0398094026848,-72.0398094026848,-0.048806142587602325,0
06077005303,1092,1152,1141.5265381499516,10.473461850048352,0.009174961334690014,1
06077005403,1836,1683,1919.2698938125561,-236.26989381255612,-0.12310404835414525,0
06077002800,1327,1296,1387.1847217261775,-91.18472172617749,-0.06573365486083896,0
06077003213,1331,1212,1391.3661376168366,-179.36613761683657,-0.12891368617325916,0
06077003310,968,901,1011.9026455395177,-110.90264553951772,-0.10959813775404015,0
06077003500,1716,1609,1793.8274170927812,-184.82741709278116,-0.10303522810033036,0
06077004104,1715,1689,1792.7820631201164,-103.78206312011639,-0.057888833927474986,0
06077004402,1415,1324,1479.1758713206793,-155.17587132067933,-0.1049069784934572,0
06077005108,1165,1211,1217.8373781544815,-6.837378154481485,-0.005614360568274634,0
06077005113,1319,1203,1378.8218899448593,-175.82188994485932,-0.12751602743403692,0
06077003405,1152,1080,1204.2477765098392,-124.24777650983924,-0.10317459490764863,0
06077001101,1253,1015,1309.828527748983,-294.8285277489831,-0.22508940789040774,0
06077000700,854,731,892.7322926557315,-161.7322926557315,-0.18116550054955957,0
06077003404,1042,1011,1089.2588395167122,-78.25883951671221,-0.07184595311747434,0
06077004800,1306,1339,1365.2322883002169,-26.23228830021685,-0.01921452380303529,0
06077004901,1440,1403,1505.309720637299,-102.30972063729905,-0.06796589381883779,0
06077005125,1145,1316,1196.9302987011856,119.06970129881438,0.09947922734349647,1
06077005302,1288,1152,1346.4159167922508,-194.41591679225075,-0.1443951414771107,0
06077000100,587,546,613.6227819542322,-67.62278195423221,-0.11020252823545905,0
06077000401,1033,1003,1079.850653762729,-76.85065376272905,-0.07116785408699222,0
06077001300,998,976,1043.2632647194614,-67.2632647194614,-0.06447391276405082,0
06077001700,902,797,942.9092833436415,-145.9092833436415,-0.15474371280578977,0
06077002100,1002,873,1047.4446806101205,-174.44468061012049,-0.16654309658483266,0
06077003801,1720,1540,1798.0088329834405,-258.00883298344047,-0.14349697746218842,0
06077003802,1719,1529,1796.9634790107755,-267.9634790107755,-0.14912015861239916,0
06077003803,1223,1029,1278.4679085690393,-249.4679085690393,-0.19513036416241625,0
06077003900,779,858,814.3307447058721,43.66925529412788,0.05362594446793331,1
06077004002,2008,1759,2099.0707771109,-340.07077711090005,-0.16201015269192762,0
06077004404,886,893,926.1836197810047,-33.18361978100472,-0.035828338001541164,0
06077004501,1008,1007,1053.7168044461093,-46.716804446109336,-0.04433525616084885,0
06077002000,882,794,922.0022038903456,-128.00220389034564,-0.1388306918901563,0
06077003106,899,967,939.7732214256471,27.22677857435292,0.02897164757796522,1
06077003108,1102,1037,1151.9800778765996,-114.98007787659958,-0.09981082145842134,0
06077003203,1019,1062,1065.215698145422,-3.2156981454220386,-0.0030188234655391223,0
06077003311,984,1063,1028.6283091021544,34.37169089784561,0.03341507383541407,1
06077003700,710,661,742.2013205920016,-81.2013205920016,-0.10940605781627151,0
06077004701,953,1140,996.2223359495457,143.7776640504543,0.1443228673581316,1
06077005122,1658,1711,1733.1968866782236,-22.196886678223564,-0.01280690431008403,0
06077003209,1450,1326,1515.763260363947,-189.76326036394698,-0.1251932048533643,0
06077001600,940,750,982.6327343049036,-232.63273430490358,-0.23674433609161588,0
06077001900,843,891,881.2333989564188,9.766601043581204,0.011082876630807554,1
06077003114,2005,1824,2095.934715192906,-271.93471519290597,-0.12974388621063399,0
06077004902,1225,1224,1280.5586165143689,-56.55861651436885,-0.044167143764429324,0
06077003109,1165,1106,1217.8373781544815,-111.83737815448148,-0.09183276861148781,0
06077004502,825,755,862.4170274484525,-107.41702744845247,-0.12455346315025406,0
06077004703,1602,1055,1674.6570642089953,-619.6570642089953,-0.3700202730770333,0
06077004704,1418,1172,1482.3119332386736,-310.31193323867365,-0.20934320656832284,0
06077005129,1355,1199,1416.4546329607917,-217.45463296079174,-0.15352036549610482,0
06077005130,1307,1269,1366.2776422728818,-97.27764227288185,-0.07119902958453954,0
06077005131,1263,1199,1320.282067475631,-121.28206747563104,-0.09186072466130014,0
06077005132,928,975,970.088486632926,4.911513367074008,0.005062953982807639,1
06077005133,1665,1433,1740.514364486877,-307.51436448687696,-0.17668016464634903,0
06077005134,1664,1552,1739.469010514212,-187.46901051421196,-0.10777369954914773,0
06077005135,1754,1678,1833.5508680540431,-155.55086805404312,-0.08483586180465778,0
06077005206,2420,2263,2529.756613848794,-266.75661384879413,-0.10544754083791019,0
06077005209,2317,1936,2422.0851546643207,-486.0851546643207,-0.20068871390761972,0
06077002702,905,877,946.0453452616357,-69.0453452616357,-0.07298312454837005,0
06077003112,1143,1170,1194.839590755856,-24.83959075585608,-0.02078905900677642,0
06077003215,1109,1012,1159.297555685253,-147.29755568525297,-0.12705759186923013,0
06077000402,655,642,684.706852095438,-42.70685209543797,-0.062372461973675804,0
06077001102,910,858,951.2721151249597,-93.27211512495967,-0.09804987830712077,0
06077002300,871,836,910.5033101910329,-74.50331019103294,-0.08182651216874914,0
06077003208,1896,1620,1981.9911321724435,-361.9911321724435,-0.18264013713102142,0
06077003403,1474,1268,1540.851755707902,-272.85175570790193,-0.17707852471670624,0
06077004202,1438,1345,1503.2190126919693,-158.21901269196928,-0.10525346696395901,0
06077003308,900,863,940.8185753983119,-77.81857539831185,-0.0827136893692453,0
06077003601,875,884,914.684726081692,-30.68472608169202,-0.03354677869514519,0
06077004303,1667,1449,1742.6050724322065,-293.6050724322065,-0.16848629507454208,0
06077005001,1135,1205,1186.4767589745377,18.523241025462312,0.01561197122940006,1
06077005124,1315,1232,1374.6404740542002,-142.64047405420024,-0.10376565854598584,0
06077005127,1851,1718,1934.950203402528,-216.9502034025279,-0.11212185358622158,0
06077002701,980,934,1024.446893211495,-90.44689321149508,-0.08828851335373467,0
06077003111,964,924,1007.7212296488584,-83.72122964885841,-0.08307975180599417,0
06077003306,944,947,986.8141501955627,-39.81415019556266,-0.04034614844920136,0
06077003305,989,1070,1033.8550789654782,36.14492103452176,0.03496130334890842,1
06077000300,665,554,695.160391822086,-141.160391822086,-0.2030616149635486,0
06077001500,984,930,1028.6283091021544,-98.62830910215439,-0.09588333145161328,0
06077003210,1415,1297,1479.1758713206793,-182.17587132067933,-0.12316038603173263,0
06077003214,1636,1564,1710.199099279598,-146.19909927959793,-0.08548659588300722,0
06077003307,828,813,865.5530893664469,-52.5530893664469,-0.060716194086851256,0
06077003407,782,821,817.4668066238665,3.533193376133454,0.0043221245774192635,1
06077004001,761,814,795.5143731979058,18.485626802094203,0.023237325967830628,1
06077004102,1565,1608,1635.9789672203979,-27.978967220397863,-0.01710227807386509,0
06077004203,1017,987,1063.1249902000925,-76.1249902000925,-0.07160492971364062,0
06077004204,904,994,944.999991288971,49.000008711028954,0.05185186154784341,1
06077005003,2152,1788,2249.60174917463,-461.6017491746302,-0.20519265214120233,0
06077005004,1887,1606,1972.5829464184606,-366.58294641846055,-0.1858390528439123,0
06077005106,2034,1819,2126.249980400185,-307.249980400185,-0.14450322550613592,0
06077005305,1475,1546,1541.8971096805667,4.1028903194333,0.0026609365136453828,1
06077000900,1093,962,1142.5718921226164,-180.57189212261642,-0.15803985146804062,0
06077005110,1440,1343,1505.309720637299,-162.30972063729905,-0.10782480071183119,0
06077003602,819,792,856.1449036124638,-64.14490361246385,-0.07492295210986762,0
06077004302,935,971,977.4059644415796,-6.405964441579613,-0.006554046808215997,0
06077005202,2433,2137,2543.346215493436,-406.3462154934359,-0.1597683449536187,0
06077001800,901,816,941.8639293709766,-125.86392937097662,-0.1336328162126718,0
06077004201,1267,1110,1324.4634833662901,-214.46348336629012,-0.1619247990297205,0
06077005119,1888,1889,1973.6283003911253,-84.62830039112532,-0.0428795535483323,0
06077000600,801,804,837.3285321044976,-33.32853210449764,-0.03980341147665356,0
06077003113,863,862,902.1404784097145,-40.14047840971455,-0.044494709383259064,0
06077004305,1285,1586,1343.2798548742562,242.72014512574378,0.1806921649610123,1
06077005126,1029,1046,1075.66923787207,-29.66923787206997,-0.02758211988172386,0
06077003110,879,876,918.8661419723512,-42.866141972351215,-0.04665112796553675,0
06077003406,949,945,992.0409200588866,-47.04092005888663,-0.047418326308650977,0
06077005109,861,897,900.049770464385,-3.0497704643850057,-0.003388446466478695,0
06077000500,858,767,896.9137085463906,-129.91370854639058,-0.14484527029577798,0
06077005210,2503,2068,2616.520993579972,-548.5209935799721,-0.20963752820093967,0
06077005307,1413,1414,1477.0851633753496,-63.085163375349566,-0.04270922553388255,0
06077005308,1659,1590,1734.242240650888,-144.2422406508881,-0.08317306387183358,0
06077005405,1648,1495,1722.7433469515756,-227.74334695157563,-0.132198070800605,0
06077005406,1468,1204,1534.579631871913,-330.5796318719131,-0.2154203177248384,0
06077005501,337,375,352.28428878803453,22.71571121196547,0.06448119298795427,1
06077005207,2459,2261,2570.525418782721,-309.52541878272086,-0.12041328847442304,0
06077005208,2126,1630,2222.4225458853452,-592.4225458853452,-0.26656611587304707,0
06077005502,2698,2203,2820.3650182496062,-617.3650182496062,-0.21889543171002718,0
06077001000,993,888,1038.0364948561373,-150.03649485613732,-0.14453874752922927,0
06077001200,1292,1166,1350.5973326829098,-184.59733268290984,-0.13667828909169716,0
06077001400,733,935,766.2444619632918,168.75553803670823,0.2202372042002344,1
06077003205,1121,1174,1171.8418033572307,2.158196642769326,0.001841713306852742,1
06043000200,972,743,1016.0840614301768,-273.0840614301768,-0.26876128835817054,0
06043000400,525,468,548.8108356490152,-80.81083564901519,-0.1472471576721869,0
06043000101,763,810,797.6050811432356,12.394918856764434,0.015540170379805453,1
06043000102,934,903,976.3606104689147,-73.36061046891473,-0.07513679851718104,0
06043000301,961,951,1004.5851677308641,-53.5851677308641,-0.05334059216890605,0
06043000302,998,1043,1043.2632647194614,-0.26326471946140373,-0.00025234734928790664,0
06069000802,1659,1580,1734.242240650888,-154.2422406508881,-0.08893927101729375,0
06069000200,1656,1614,1731.1061787328938,-117.1061787328938,-0.06764817789432837,0
06069000600,2111,1830,2206.7422362953735,-376.74223629537346,-0.1707232635053197,0
06069000100,1806,1630,1887.9092746326123,-257.9092746326123,-0.13661105334778417,0
06069000400,1267,1304,1324.4634833662901,-20.46348336629012,-0.015450394535815823,0
06069000300,1408,1495,1471.8583935120257,23.141606487974286,0.01572271258565555,1
06069000502,1628,1567,1701.8362674982795,-134.83626749827954,-0.07922987074220161,0
06069000501,2200,2096,2299.77873986254,-203.77873986254008,-0.08860797620675462,0
06069000701,1445,1304,1510.536490500623,-206.5364905006229,-0.1367305535480129,0
06069000702,1492,1538,1559.668127215868,-21.668127215868026,-0.013892780674147237,0
06069000801,1964,1994,2053.0752023136492,-59.07520231364924,-0.02877400800860888,0
06027000400,828,805,865.5530893664469,-60.5530893664469,-0.0699588391634874,0
06027000500,896,769,936.6371595076527,-167.63715950765265,-0.17897769462378776,0
06027000300,1252,1364,1308.7831737763183,55.216826223681664,0.04218943773884326,1
06027000200,1153,1155,1205.293130482504,-50.29313048250401,-0.041726887186663564,0
06027000100,765,781,799.6957890885651,-18.695789088565107,-0.023378626402263795,0
06027000800,711,579,743.2466745646664,-164.24667456466636,-0.2209854146483316,0
06061020606,3066,2640,3205.055280190249,-565.055280190249,-0.17630125872796426,0
06061021501,1305,1342,1364.186934327552,-22.18693432755208,-0.01626385194671922,0
06061021801,1845,1827,1928.6780795665395,-101.67807956653951,-0.05271905179188387,0
06061021901,1467,1373,1533.5342778992483,-160.5342778992483,-0.10468254946290496,0
06061021401,1290,1304,1348.5066247375803,-44.506624737580296,-0.03300437974951832,0
06061021502,1467,1452,1533.5342778992483,-81.53427789924831,-0.05316756141306483,0
06061021802,997,1044,1042.2179107467964,1.7820892532035941,0.0017099008132825566,1
06061020105,2156,1526,2253.7831650652893,-727.7831650652893,-0.3229162309605797,0
06061020200,1361,1343,1422.7267567967804,-79.72675679678036,-0.05603799634462655,0
06061020601,2551,2205,2666.6979842678816,-461.69798426788157,-0.17313471078901974,0
06061020605,3117,2575,3258.3683327961535,-683.3683327961535,-0.20972715881071805,0
06061021109,2200,2016,2299.77873986254,-283.7787398625401,-0.12339393131336704,0
06061020805,1229,1354,1284.7400324050282,69.25996759497184,0.05390971390944942,1
06061020806,1280,1153,1338.0530850109324,-185.05308501093236,-0.13830025660709896,0
06061020908,1266,1320,1323.4181293936253,-3.4181293936253496,-0.0025828038151415504,0
06061021034,2059,1925,2152.3838297168045,-227.38382971680448,-0.10564278851078436,0
06061021035,2182,1934,2280.9623683545738,-346.96236835457375,-0.15211227206911934,0
06061021037,1567,1316,1638.0696751657274,-322.0696751657274,-0.19661536993726647,0
06061021038,1901,1783,1987.2179020357676,-204.21790203576757,-0.1027657318437804,0
06061021039,604,792,631.3937994895338,160.60620051046624,0.2543677189106266,1
06061021040,614,770,641.8473392161817,128.1526607838183,0.1996622139780422,1
06061021044,2205,2079,2305.005509725864,-226.00550972586416,-0.0980498783071209,0
06061022002,1490,1487,1557.5774192705385,-70.57741927053848,-0.04531230255224942,0
06061020104,1471,1386,1537.7156937899076,-151.71569378990762,-0.09866303270664023,0
06061020107,942,1182,984.7234422502331,197.27655774976688,0.20033701777116414,1
06061020602,1956,2019,2044.7123705323309,-25.71237053233085,-0.012575055006703344,0
06061020604,2428,1791,2538.1194456301128,-747.1194456301128,-0.2943594506225585,0
06061020300,1100,1073,1149.88936993127,-76.88936993127004,-0.06686675426512186,0
06061021103,1493,1299,1560.7134811885328,-261.7134811885328,-0.1676883581406817,0
06061022011,2807,1732,2934.308601270068,-1202.3086012700678,-0.4097417022700571,0
06061022013,1241,1381,1297.2842800770056,83.71571992299437,0.06453151495678733,1
06061022014,1339,1104,1399.7289693981552,-295.7289693981552,-0.21127587973356762,0
06061022100,2079,1535,2173.2909091701003,-638.2909091701003,-0.2936978691977505,0
06061022200,1813,1333,1895.226752441266,-562.226752441266,-0.29665408200736637,0
06061022300,988,1484,1032.8097249928135,451.19027500718653,0.43685711325997245,1
06061022400,2554,1968,2669.834046185876,-701.8340461858761,-0.2628755323532247,0
06061022500,2973,2790,3107.8373607324233,-317.83736073242335,-0.10226962477132931,0
06061022600,1615,1496,1688.2466658536373,-192.2466658536373,-0.11387356465260992,0
06061022800,1992,1866,2082.3451135482637,-216.34511354826373,-0.10389493659848588,0
06061022900,1884,1657,1969.4468845004662,-312.44688450046624,-0.15864702265362987,0
06061023000,2422,2302,2531.8473217941237,-229.84732179412367,-0.09078245746321256,0
06061023100,2529,2190,2643.700196869256,-453.70019686925616,-0.1716156005157244,0
06061023200,2608,2081,2726.283160709775,-645.2831607097751,-0.2366897063406204,0
06061023300,2661,2111,2781.6869212610086,-670.6869212610086,-0.241107982402624,0
06061023400,1995,1840,2085.481175466258,-245.4811754662578,-0.11770960982727394,0
06061023500,2680,2363,2801.54864674164,-438.5486467416399,-0.15653793741961142,0
06061023600,1391,1040,1454.0873759767242,-414.08737597672416,-0.28477475481731473,0
06061023700,1198,1055,1252.3340592524196,-197.3340592524196,-0.15757301959049017,0
06061023800,1101,1147,1150.9347239039348,-3.9347239039348096,-0.0034187202994348355,0
06061023900,2095,1861,2190.016572732737,-329.01657273273713,-0.1502347410650802,0
06061021902,1384,1505,1446.7698981680708,58.23010183192923,0.04024835041540563,1
06061021304,1650,1708,1724.834054896905,-16.834054896904945,-0.009759811298433074,0
06061020106,1548,1352,1618.2079496850963,-266.2079496850963,-0.1645078741189601,0
06061020901,1060,989,1108.0752110246785,-119.07521102467854,-0.10746130753576306,0
06061021128,1723,1635,1801.1448949014348,-166.14489490143478,-0.09224404731221074,0
06061021129,1332,1299,1392.4114915895016,-93.41149158950157,-0.0670861251531816,0
06061021130,1117,1310,1167.6603874665716,142.3396125334284,0.12190155122266096,1
06061021131,1636,1609,1710.199099279598,-101.19909927959793,-0.059173870061226735,0
06061021203,1492,1498,1559.668127215868,-61.668127215868026,-0.039539262321113496,0
06061021204,2133,1957,2229.740023693999,-272.74002369399886,-0.12231920349267977,0
06061021309,2373,2294,2480.624977133549,-186.62497713354878,-0.07523304766091675,0
06061021322,2272,1930,2375.044225894405,-445.0442258944049,-0.18738355313228247,0
06061021403,979,1075,1023.4015392388303,51.59846076116969,0.050418588191245825,1
06061021603,986,961,1030.719017047484,-69.71901704748393,-0.06764114748478738,0
06061021604,1580,1906,1651.6592768103696,254.34072318963035,0.15399103602094302,1
06061020401,894,957,934.5464515623231,22.453548437676886,0.024026144875024975,1
06061020402,1371,1476,1433.1802965234283,42.8197034765717,0.029877401734061396,1
06061020501,1717,1625,1794.8727710654462,-169.87277106544616,-0.09464334954761655,0
06061020502,1925,1651,2012.3063973797227,-361.30639737972274,-0.17954840169975572,0
06061020710,1825,1760,1907.7710001132434,-147.77100011324342,-0.07745740977531992,0
06061020711,1341,1406,1401.8196773434845,4.1803226565155,0.002982068752549837,1
06061020712,1210,1229,1264.878306924397,-35.878306924397066,-0.028365026681212224,0
06061020713,1017,1110,1063.1249902000925,46.8750097999075,0.04409172038283578,1
06061020714,1760,1796,1839.822991890032,-43.82299189003197,-0.023819134820688943,0
06061020715,1688,1525,1764.5575058581671,-239.55750585816713,-0.1357606680784607,0
06061020717,1537,1805,1606.7090559857838,198.29094401421617,0.12341434391963162,1
06061021046,1117,1194,1167.6603874665716,26.339612533428408,0.02255759706859326,1
06061021122,2057,1789,2150.293121771475,-361.29312177147494,-0.1680204052709944,0
06061021123,2083,1959,2177.4723250607594,-218.47232506075943,-0.10033299736870972,0
06061021043,1844,1696,1927.6327255938745,-231.6327255938745,-0.12016434589349066,0
06061021045,1414,1515,1478.1305173480143,36.86948265198566,0.02494332010554453,1
06061021003,1425,1437,1489.6294110473273,-52.62941104732727,-0.035330539701364135,0
06061021106,1775,1476,1855.5033014800038,-379.50330148000376,-0.2045284970268179,0
06061021108,1000,1044,1045.353972664791,-1.3539726647909447,-0.0012952288891574502,0
06105000101,820,803,857.1902575851285,-54.190257585128506,-0.06321847116857462,0
06105000400,670,720,700.38716168541,19.61283831459002,0.028002852404366944,1
06105000200,592,621,618.8495518175562,2.1504481824438244,0.0034749127249554842,1
06105000300,576,554,602.1238882549196,-48.12388825491962,-0.07992356588673581,0
06105000102,857,818,895.8683545737258,-77.86835457372581,-0.08691941642561682,0
06065044930,1084,1161,1133.1637063686335,27.836293631366516,0.02456511223834678,1
06065044931,1709,1388,1786.5099392841275,-398.50993928412754,-0.22306617529584777,0
06065044932,1788,1567,1869.0929031246462,-302.0929031246462,-0.1616254080359644,0
06065043244,1829,1745,1911.9524160039027,-166.95241600390273,-0.08732038235179695,0
06065043246,2439,2313,2549.618339329425,-236.618339329425,-0.0928053958819805,0
06065041912,2287,2145,2390.7245354843767,-245.7245354843767,-0.10278245437197192,0
06065041913,1926,1765,2013.3517513523873,-248.35175135238728,-0.123352390453167,0
06065042012,1671,1678,1746.7864883228656,-68.78648832286558,-0.03937887588591852,0
06065042014,2450,2144,2561.1172330287377,-417.1172330287377,-0.16286534159760477,0
06065042013,2346,2233,2452.4004198715998,-219.40041987159975,-0.0894635387002123,0
06065042217,1870,1952,1954.8119288831592,-2.8119288831592257,-0.0014384651748906413,0
06065041810,2490,2359,2602.9313919353294,-243.93139193532943,-0.09371410736798627,0
06065041904,1623,1688,1696.609497634956,-8.609497634955915,-0.005074531085059588,0
06065042010,1093,1063,1142.5718921226164,-79.57189212261642,-0.06964278805668105,0
06065042207,1707,1651,1784.4192313387982,-133.41923133879823,-0.07476899430113047,0
06065042209,940,943,982.6327343049036,-39.63273430490358,-0.04033321191252503,0
06065042210,1079,1116,1127.9369365053094,-11.936936505309404,-0.010582982185416902,0
06065041804,2547,2266,2662.5165683772225,-396.5165683772225,-0.14892548391497726,0
06065041806,2653,2341,2773.3240894796904,-432.32408947969043,-0.15588660954544253,0
06065042005,2757,2571,2882.0409026368284,-311.0409026368284,-0.10792383354179733,0
06065042512,1174,1113,1227.2455639084644,-114.24556390846442,-0.09309103839383327,0
06065042507,1582,1503,1653.7499847556994,-150.74998475569942,-0.09115645420729603,0
06065042509,1258,1096,1315.055297612307,-219.05529761230696,-0.1665749706571555,0
06065042513,1465,1379,1531.4435699539188,-152.44356995391877,-0.09954240100306523,0
06065042520,1125,926,1176.0232192478898,-250.02321924788976,-0.21260058063121307,0
06065042521,1499,1260,1566.9856050245216,-306.98560502452165,-0.19590837595455618,0
06065042714,2188,1841,2287.2344921905624,-446.2344921905624,-0.19509783265081335,0
06065042719,1118,1199,1168.7057414392364,30.294258560763637,0.02592120282001601,1
06065042800,965,967,1008.7665836215233,-41.766583621523296,-0.041403615365190966,0
06065043211,1847,1832,1930.7687875118688,-98.76878751186882,-0.05115516065450259,0
06065043218,2086,1948,2180.608386978754,-232.60838697875397,-0.10667132547400421,0
06065043220,1310,1300,1369.413704190876,-69.41370419087593,-0.05068862972412659,0
06065043503,815,781,851.9634877218047,-70.96348772180465,-0.08329404809537644,0
06065043809,862,1004,901.0951244370499,102.90487556295011,0.11419979175588027,1
06065044102,900,896,940.8185753983119,-44.81857539831185,-0.047637851303411104,0
06065044402,1152,1132,1204.2477765098392,-72.24777650983924,-0.05999411244023912,0
06065044509,785,800,820.6028685418609,-20.602868541860857,-0.025106990642709236,0
06065044602,939,941,981.5873803322387,-40.587380332238695,-0.04134871856084891,0
06065042410,1841,1736,1924.49666367588,-188.49666367587997,-0.0979459550300505,0
06065042213,1445,1327,1510.536490500623,-183.5364905006229,-0.12150417527470331,0
06065042411,1855,1677,1939.131619293187,-262.131619293187,-0.13517990046943482,0
06065042412,2220,1690,2320.685819315836,-630.6858193158359,-0.271766998387472,0
06065043247,2338,2074,2444.037588090281,-370.03758809028113,-0.15140421321401223,0
06065043248,2345,2273,2451.3550658989348,-178.35506589893475,-0.07275774463685468,0
06065043252,2647,2357,2767.0519656437014,-410.05196564370135,-0.1481909160850583,0
06065043250,2049,2018,2141.930289990157,-123.93028999015678,-0.0578591612291576,0
06065043254,1639,1679,1713.3351611975922,-34.33516119759224,-0.02003995597311652,0
06065043256,1899,1899,1985.127194090438,-86.12719409043802,-0.04338623456815849,0
06065043257,2844,2320,2972.9866982586655,-652.9866982586655,-0.2196399663143909,0
06065043262,2070,1817,2163.882723416117,-346.8827234161172,-0.16030569478760576,0
06065043264,1918,1847,2004.9889195710691,-157.98891957106912,-0.07879790158883669,0
06065043265,2454,2072,2565.298648919397,-493.2986489193968,-0.1922967718114198,0
06065045109,1577,1418,1648.5232148923753,-230.52321489237534,-0.13983619569920655,0
06065045501,988,1031,1032.8097249928135,-1.8097249928134715,-0.0017522346556390763,0
06065045703,1138,1130,1189.6128208925322,-59.61282089253223,-0.05011111165379543,0
06065940100,788,796,823.7389304598553,-27.738930459855283,-0.03367441969067787,0
06065041004,1146,1291,1197.9756526738504,93.02434732614961,0.07765128374564349,1
06065045121,1942,1441,2030.0774149150238,-589.0774149150238,-0.2901748527356932,0
06065045122,1518,1596,1586.8473305051525,9.152669494847487,0.005767832430315683,1
06065045123,1769,1529,1849.2311776440154,-320.23117764401536,-0.17316989974828403,0
06065045124,901,984,941.8639293709766,42.13607062902338,0.04473689809648399,1
06065045125,1557,1841,1627.6161354390797,213.3838645609203,0.1311020823121516,1
06065045212,1170,1445,1223.0641480178053,221.93585198219466,0.181458881238471,1
06065045213,1485,1434,1552.3506494072146,-118.35064940721463,-0.07623963661329247,0
06065045214,2180,1681,2278.871660409244,-597.8716604092442,-0.2623542478481993,0
06065045215,2025,1814,2116.8417946462014,-302.8417946462014,-0.14306302691685888,0
06065045216,1386,1373,1448.8606061134,-75.86060611340008,-0.05235880235359411,0
06065045217,1401,1313,1464.5409157033723,-151.54091570337232,-0.10347332333190025,0
06065045222,633,1754,661.7090646968127,1092.2909353031873,1.6507117607700632,1
06065045224,1922,1724,2009.1703354617282,-285.1703354617282,-0.14193437481555943,0
06065045226,1667,1500,1742.6050724322065,-242.6050724322065,-0.13921976715791104,0
06065045228,1906,1784,1992.4446718990914,-208.44467189909142,-0.10461754589170756,0
06065045233,1357,1186,1418.5453409061213,-232.54534090612128,-0.1639322580676757,0
06065045304,2165,1897,2263.1913508192724,-366.19135081927243,-0.1618030886724234,0
06065045303,828,789,865.5530893664469,-76.5530893664469,-0.0884441293167597,0
06065045606,1894,1554,1979.9004242271142,-425.9004242271142,-0.2151120425126285,0
06065045608,2276,2222,2379.2256417850645,-157.22564178506445,-0.06608269473218294,0
06065045609,684,664,715.022117302717,-51.02211730271699,-0.07135739730008366,0
06065045707,1135,1176,1186.4767589745377,-10.476758974537688,-0.008830142601017037,0
06065046500,983,1021,1027.5829551294894,-6.582955129489392,-0.006406251774251987,0
06065046601,1188,1094,1241.8805195257717,-147.88051952577166,-0.11907789614273181,0
06065046602,2089,2137,2183.7444488967485,-46.74444889674851,-0.02140564062812584,0
06065046700,1227,1039,1282.6493244596984,-243.6493244596984,-0.18995786284948377,0
06065042300,1218,1084,1273.2411387057155,-189.24113870571546,-0.14862945670926425,0
06065044804,976,959,1020.2654773208359,-61.265477320835885,-0.06004856449883597,0
06065044805,1241,1076,1297.2842800770056,-221.28428007700563,-0.17057501079398757,0
06065045604,799,692,835.2378241591679,-143.23782415916787,-0.17149345972611463,0
06065045900,618,568,646.0287551068408,-78.02875510684078,-0.12078217028270873,0
06065046102,712,521,744.2920285373311,-223.29202853733113,-0.30000593849720586,0
06065046401,1277,1202,1334.917023092938,-132.91702309293805,-0.09956950191928465,0
06065046402,1127,1126,1178.1139271932195,-52.113927193219524,-0.04423504891193129,0
06065041412,1590,1071,1662.1128165370176,-591.1128165370176,-0.35563940705817465,0
06065041807,2044,1760,2136.7035201268327,-376.7035201268327,-0.17630125872796426,0
06065041813,1316,1340,1375.6858280268648,-35.68582802686478,-0.025940390821681054,0
06065049000,2167,1779,2265.282058764602,-486.28205876460197,-0.21466733331645313,0
06065049100,1507,1098,1575.3484368058398,-477.3484368058398,-0.3030113374624007,0
06065049400,1599,1277,1671.5210022910007,-394.52100229100074,-0.23602515418607778,0
06065048901,1258,1324,1315.055297612307,8.944702387693042,0.006801769023655186,1
06065048902,1316,1067,1375.6858280268648,-308.6858280268648,-0.22438686343786096,0
06065049500,761,909,795.5143731979058,113.4856268020942,0.14265691560781085,1
06065049600,1973,1808,2062.4833880676324,-254.4833880676324,-0.12338687891496727,0
06065049700,2613,2397,2731.5099305730987,-334.5099305730987,-0.12246337706080208,0
06065049800,1349,1340,1410.1825091248031,-70.18250912480312,-0.049768387191499244,0
06065050300,2382,2302,2490.033162887532,-188.03316288753194,-0.07551432072875766,0
06065050400,1707,1783,1784.4192313387982,-1.4192313387982267,-0.0007953463591251583,0
06065050500,2074,1751,2168.0641393067763,-417.06413930677627,-0.1923670668895108,0
06065050600,2350,1695,2456.581835762259,-761.5818357622588,-0.31001687982682075,0
06065050700,2204,1953,2303.960155753199,-350.96015575319916,-0.15232909079474294,0
06065050900,1584,1557,1655.8406927010287,-98.84069270102873,-0.059692151024382974,0
06065051100,1528,1426,1597.3008702318004,-171.30087023180045,-0.10724395974750908,0
06065051200,1197,1167,1251.2887052797548,-84.28870527975482,-0.06736151690980868,0
06065051300,1310,989,1369.413704190876,-380.41370419087593,-0.27779311907473936,0
06065051400,1229,884,1284.7400324050282,-400.74003240502816,-0.31192305236635653,0
06065940400,1221,1093,1276.3772006237098,-183.37720062370977,-0.14367006910974384,0
06065940500,1486,1328,1553.3960033798794,-225.3960033798794,-0.1450988691160932,0
06065940600,1798,1616,1879.5464428512942,-263.54644285129416,-0.14021810626370643,0
06065940700,1172,1180,1225.154855963135,-45.154855963135105,-0.036856447773401975,0
06065940800,1044,1061,1091.3495474620418,-30.349547462041755,-0.02780919049503463,0
06065940900,1131,1154,1182.2953430838786,-28.295343083878606,-0.023932550567334152,0
06065941000,893,863,933.5010975896583,-70.50109758965834,-0.07552331515377468,0
06065941100,889,826,929.3196816989991,-103.31968169899915,-0.11117776125230472,0
06065042617,1196,1196,1250.24335130709,-54.24335130709005,-0.04338623456815854,0
06065042618,1418,1293,1482.3119332386736,-189.31193323867365,-0.12771396424303877,0
06065042619,1785,1625,1865.9568412066517,-240.9568412066517,-0.12913312670770724,0
06065042620,1818,1663,1900.45352230459,-237.45352230459002,-0.12494571401916811,0
06065042621,1660,1477,1735.2875946235529,-258.2875946235529,-0.1488442581067289,0
06065042622,1816,1636,1898.3628143592603,-262.36281435926026,-0.1382047795999489,0
06065042623,1721,1623,1799.0541869561052,-176.05418695610524,-0.09785930197799025,0
06065042624,2303,1828,2407.4501990470135,-579.4501990470135,-0.24069041979617614,0
06065042724,1906,1786,1992.4446718990914,-206.44467189909142,-0.10361375390279692,0
06065042728,1461,844,1527.2621540632597,-683.2621540632597,-0.44737712660884726,0
06065042729,1212,1273,1266.9690148697266,6.030985130273393,0.004760167817437521,1
06065042730,1422,1197,1486.4933491293327,-289.4933491293327,-0.19474917213648785,0
06065042726,2001,1926,2091.7532993022464,-165.75329930224643,-0.07924132322752274,0
06065031701,1175,1119,1228.2909178811294,-109.29091788112942,-0.08897803955895267,0
06065041905,1481,1443,1548.1692335165556,-105.16923351655555,-0.06793135481556571,0
06065041909,1542,1667,1611.9358258491075,55.06417415089254,0.03416027689680933,1
06065042007,1642,1485,1716.4712231155868,-231.47122311558678,-0.13485295879032605,0
06065042009,1583,1538,1654.795338728364,-116.79533872836396,-0.07057992973204526,0
06065042212,1465,1521,1531.4435699539188,-10.443569953918768,-0.006819428517521554,0
06065042517,1361,1255,1422.7267567967804,-167.72675679678036,-0.11789105391847082,0
06065042715,2217,1977,2317.5497573978414,-340.5497573978414,-0.14694388170557024,0
06065042903,1031,1000,1077.7599458173995,-77.75994581739951,-0.07214959705931961,0
06065043310,981,973,1025.4922471841599,-52.49224718415985,-0.051187366192475166,0
06065043505,786,826,821.6482225145257,4.351777485474258,0.005296399804963156,1
06065043507,799,784,835.2378241591679,-51.23782415916787,-0.06134519136600271,0
06065044103,834,945,871.8252132024357,73.17478679756425,0.08393286370874117,1
06065044104,1268,1238,1325.508837338955,-87.50883733895489,-0.0660190523622872,0
06065044507,882,868,922.0022038903456,-54.00220389034564,-0.05857058005120361,0
06065044604,1415,1279,1479.1758713206793,-200.17587132067933,-0.1353293243905829,0
06065044916,1240,1122,1296.2389261043406,-174.23892610434063,-0.13441883482699493,0
06065041808,2856,2551,2985.5309459306427,-434.5309459306427,-0.14554561778129274,0
06065042214,1802,1625,1883.7278587419532,-258.72785874195324,-0.1373488519274459,0
06065042403,1672,1414,1747.8318422955306,-333.8318422955306,-0.19099768880345466,0
06065042409,1495,1353,1562.8041891338626,-209.80418913386256,-0.13424854539847392,0
06065042511,1331,1203,1391.3661376168366,-188.36613761683657,-0.13538214889969535,0
06065042516,1173,1106,1226.2002099357999,-120.20020993579988,-0.09802657752121344,0
06065042706,1373,1323,1435.271004468758,-112.27100446875806,-0.0782228611315905,0
06065042709,921,999,962.7710088242725,36.228991175727515,0.03762991494724176,1
06065042717,1571,1178,1642.2510910563867,-464.2510910563867,-0.2826919059970024,0
06065040503,1040,1094,1087.1681315713824,6.831868428617554,0.006284095560033421,1
06065040702,1678,1649,1754.1039661315192,-105.1039661315192,-0.059918892016027014,0
06065040808,1363,1325,1424.8174647421101,-99.81746474211013,-0.07005631753691126,0
06065040809,1861,1662,1945.4037431291758,-283.40374312917584,-0.14567862539080026,0
06065041408,1149,1221,1201.1117145918447,19.888285408155298,0.01655823115080817,1
06065041500,1089,1321,1138.3904762319573,182.60952376804266,0.16041027009684358,1
06065040813,3213,2686,3358.7223141719733,-672.7223141719733,-0.20029113789295788,0
06065040814,1836,1662,1919.2698938125561,-257.2698938125561,-0.13404570906986893,0
06065040815,1740,1742,1818.915912436736,-76.91591243673611,-0.0422866785159379,0
06065040816,2203,1734,2302.914801780534,-568.9148017805342,-0.24704118508451503,0
06065040821,1839,1656,1922.4059557305507,-266.40595573055066,-0.1385794477677382,0
06065041101,1035,1056,1081.9413617080586,-25.941361708058594,-0.02397667990722253,0
06065041102,1353,1219,1414.3639250154622,-195.3639250154622,-0.1381284700211273,0
06065041301,1474,1193,1540.851755707902,-347.85175570790193,-0.22575290219797362,0
06065043315,1224,1401,1279.5132625417043,121.48673745829569,0.09494761876634786,1
06065043807,1155,994,1207.3838384278336,-213.38383842783355,-0.17673239581017275,0
06065044101,751,842,785.060833471258,56.93916652874202,0.07252834952544684,1
06065044200,936,906,978.4513184142443,-72.45131841424427,-0.07404693217815335,0
06065044806,862,880,901.0951244370499,-21.09512443704989,-0.023410541090463515,0
06065044807,1025,1027,1071.4878219814107,-44.48782198141066,-0.04151967112341337,0
06065044907,1140,1107,1191.7035288378615,-84.70352883786154,-0.0710776856727643,0
06065030400,917,926,958.5895929336133,-32.58959293361329,-0.033997440796199284,0
06065045209,980,938,1024.446893211495,-86.44689321149508,-0.08438396737238021,0
06065045502,861,839,900.049770464385,-61.049770464385006,-0.0678293272969628,0
06065045704,917,862,958.5895929336133,-96.58959293361329,-0.10076219650790905,0
06065045705,936,943,978.4513184142443,-35.45131841424427,-0.036232071792492944,0
06065046405,1383,1255,1445.7245441954058,-190.72454419540577,-0.13192315573610905,0
06065030502,1022,1018,1068.3517600634164,-50.35176006341635,-0.04713031975575865,0
06065031703,1579,1525,1650.6139228377049,-125.61392283770488,-0.07610133484258497,0
06065045114,1643,1483,1717.5165770882513,-234.51657708825132,-0.13654399626572056,0
06065045115,1658,1473,1733.1968866782236,-260.19688667822356,-0.1501254062237018,0
06065045116,1163,976,1215.746670209152,-239.74667020915194,-0.19720117363587508,0
06065045117,1225,1088,1280.5586165143689,-192.55861651436885,-0.1503707944572705,0
06065045120,1433,1385,1497.9922428286454,-112.99224282864543,-0.07542912412902966,0
06065045118,997,970,1042.2179107467964,-72.2179107467964,-0.06929252510643287,0
06065045119,1397,1399,1460.3594998127128,-61.359499812712784,-0.042016708776559455,0
06065042008,2383,2122,2491.0785168601965,-369.0785168601965,-0.14816012998473857,0
06065042206,1364,1339,1425.862818714775,-86.8628187147749,-0.06091947806947526,0
06065042208,1866,1989,1950.6305129925,38.369487007500084,0.01967029980918155,1
06065042406,1461,1352,1527.2621540632597,-175.2621540632597,-0.114755776273888,0
06065042407,1561,1334,1631.7975513297388,-297.7975513297388,-0.1824966283881637,0
06065042506,1343,1348,1403.9103852888143,-55.91038528881427,-0.03982475368419781,0
06065042515,1015,934,1061.0342822547627,-127.03428225476273,-0.11972684047946794,0
06065042708,1588,1287,1660.0221085916878,-373.0221085916878,-0.22470912083704017,0
06065042904,1068,973,1116.4380428059967,-143.4380428059967,-0.1284782829914028,0
06065043003,1090,1050,1139.435830204622,-89.4358302046221,-0.07849132687758384,0
06065043308,810,805,846.7367178584807,-41.73671785848069,-0.04929125781156493,0
06065043312,1151,1078,1203.2024225371745,-125.20242253717447,-0.10405765496479141,0
06065043405,602,591,629.3030915442041,-38.30309154420411,-0.060865888089338245,0
06065043506,1197,926,1251.2887052797548,-325.2887052797548,-0.259962951721065,0
06065043701,730,635,763.1084000452975,-128.10840004529746,-0.16787706705586394,0
06065042401,2076,1929,2170.154847252106,-241.1548472521058,-0.11112333645567318,0
06065042408,1749,1349,1828.3240981907195,-479.3240981907195,-0.26216582643364544,0
06065043206,1461,1554,1527.2621540632597,26.737845936740314,0.01750704413489501,1
06065043307,812,837,848.8274258038102,-11.827425803810229,-0.013933840312252005,0
06065043309,932,938,974.2699025235852,-36.26990252358519,-0.03722777685078613,0
06065043311,1285,1154,1343.2798548742562,-189.27985487425622,-0.14090872738650176,0
06065043404,687,655,718.1581792207114,-63.15817922071142,-0.08794466323456163,0
06065030700,1222,1200,1277.4225545963745,-77.42255459637454,-0.06060841365121946,0
06065031300,991,1007,1035.9457869108078,-28.945786910807783,-0.02794141090831034,0
06065041302,1239,1262,1295.193572131676,-33.19357213167609,-0.025628271206631238,0
06065041910,1768,1866,1848.1858236713504,17.814176328649637,0.009638736592656284,1
06065041911,2817,2415,2944.762140996716,-529.762140996716,-0.1798998070578994,0
06065043266,1439,1451,1504.2643666646343,-53.26436666463428,-0.03540891338318141,0
06065043267,2203,1970,2302.914801780534,-332.91480178053416,-0.14456236137052744,0
06065043270,1979,1685,2068.755511903621,-383.755511903621,-0.18550065954893727,0
06065043271,1763,1325,1842.9590538080265,-517.9590538080265,-0.28104751038162795,0
06065043272,2327,2361,2432.5386943909684,-71.53869439096843,-0.029409067389523882,0
06065043276,2265,2142,2367.7267480857513,-225.7267480857513,-0.09533479666445709,0
06065043278,2414,2297,2523.4844900128055,-226.4844900128055,-0.08975069627301581,0
06065043279,1582,1383,1653.7499847556994,-270.7499847556994,-0.1637188131528213,0
06065043291,1360,1458,1421.6814028241158,36.31859717588418,0.02554622794090059,1
06065043316,752,907,786.1061874439227,120.89381255607725,0.15378814527484083,1
06065043317,1478,1381,1545.033171598561,-164.033171598561,-0.10616805814521438,0
06065043512,1468,1221,1534.579631871913,-313.5796318719131,-0.20434236540035522,0
06065043513,1215,1090,1270.105076787721,-180.10507678772092,-0.14180328862493224,0
06065043517,1770,1552,1850.27653161668,-298.2765316166799,-0.16120646104507452,0
06065043274,1559,1767,1629.706843384409,137.293156615591,0.0842440817947813,1
06065043810,1565,1564,1635.9789672203979,-71.97896722039786,-0.04399748937035137,0
06065043811,1327,1069,1387.1847217261775,-318.1847217261775,-0.2293744421653062,0
06065043812,674,663,704.5685775760691,-41.56857757606906,-0.058998625398648426,0
06065043814,765,871,799.6957890885651,71.3042109114349,0.08916416953089402,1
06065043601,857,721,895.8683545737258,-174.8683545737258,-0.19519425335314147,0
06065043602,617,819,644.9834011341759,174.0165988658241,0.2698001197547461,1
06065043813,1003,849,1048.4900345827853,-199.49003458278526,-0.19026412078600846,0
06065043818,2212,1784,2312.322987534518,-528.3229875345178,-0.22848148393742987,0
06065043820,2160,1804,2257.9645809559483,-453.96458095594835,-0.2010503551671101,0
06065031401,1249,1161,1305.647111858324,-144.64711185832402,-0.1107857632775277,0
06065040807,2142,1955,2239.148209447982,-284.148209447982,-0.12690013472490647,0
06065041001,1096,1170,1145.707954040611,24.292045959389043,0.021202651054064325,1
06065046800,1633,1521,1707.0630373616034,-186.0630373616034,-0.10899599680230794,0
06065046900,631,575,659.6183567514831,-84.61835675148313,-0.12828381121504145,0
06065047000,833,703,870.7798592297709,-167.77985922977086,-0.19267769856112293,0
06065047201,416,449,434.867252628553,14.13274737144701,0.032498992016579055,1
06065047202,552,579,577.0353929109646,1.9646070890354395,0.0034046561323121034,1
06065047900,2539,2397,2654.1537365959043,-257.1537365959043,-0.09688728013386214,0
06065048100,3017,2613,3153.8329355296746,-540.8329355296746,-0.17148433242512376,0
06065048200,2291,2009,2394.9059513750362,-385.90595137503624,-0.1611361611730382,0
06065941200,1354,1346,1415.409278988127,-69.40927898812697,-0.04903830999168489,0
06065941300,1244,1202,1300.420341995,-98.42034199499994,-0.07568348388338143,0
06065941400,919,930,960.680300878943,-30.680300878942944,-0.031936015395416156,0
06065941500,1199,1166,1253.3794132250841,-87.37941322508414,-0.06971505380022736,0
06065042901,1048,1125,1095.5309633527008,29.469036647299163,0.026899318808036053,1
06065042902,838,829,876.0066290930948,-47.00662909309483,-0.053660129423631735,0
06065043216,1386,1390,1448.8606061134,-58.86060611340008,-0.040625444480331986,0
06065031002,1289,1315,1347.4612707649155,-32.461270764915525,-0.024090689260766792,0
06065041411,1176,1216,1229.3362718537942,-13.336271853794187,-0.010848351390204713,0
06065041702,1643,1540,1717.5165770882513,-177.51657708825132,-0.10335654366096401,0
06065042508,1279,1130,1337.0077310382676,-207.0077310382676,-0.1548291204550579,0
06065043703,1060,846,1108.0752110246785,-262.07521102467854,-0.23651391928741713,0
06065042731,1668,1776,1743.6504264048715,32.349573595128504,0.018552786215198052,1
06065042732,1888,1634,1973.6283003911253,-339.6283003911253,-0.17208321360401005,0
06065042733,2041,1871,2133.567458208838,-262.56745820883816,-0.12306499014062929,0
06065042737,2127,1713,2223.4678998580102,-510.46789985801024,-0.22958186169029404,0
06065042738,1570,1636,1641.2057370837217,-5.205737083721715,-0.0031718979321701934,0
06065042739,2656,2012,2776.460151397685,-764.460151397685,-0.2753362590177466,0
06065042740,672,712,702.4778696307395,9.52213036926048,0.013555060993260655,1
06065042741,719,788,751.6095063459846,36.39049365401536,0.04841675543851345,1
06065042742,1909,1809,1995.580733817086,-186.58073381708596,-0.09349696088727015,0
06065042744,1511,1275,1579.5298526964991,-304.5298526964991,-0.192797782312642,0
06065043008,1627,1616,1700.790913525615,-84.790913525615,-0.04985381380586614,0
06065042743,1698,1814,1775.011045584815,38.988954415184935,0.02196547143307449,1
06065042745,1268,1226,1325.508837338955,-99.50883733895489,-0.0750721794799387,0
06065043007,2320,2088,2425.221216582315,-337.2212165823148,-0.13904761111134256,0
06065043009,2106,1917,2201.51546643205,-284.51546643204983,-0.1292361878761443,0
06065043010,2152,1607,2249.60174917463,-642.6017491746302,-0.28565133780252355,0
06065030101,1299,1328,1357.9148104915635,-29.914810491563458,-0.02202996112895649,0
06065030103,1085,1213,1134.2090603412983,78.79093965870175,0.06946773960260247,1
06065030104,1417,1385,1481.2665792660086,-96.26657926600865,-0.06498936829703555,0
06065031601,1237,1411,1293.1028641863463,117.89713581365368,0.09117382621206828,1
06065040101,1192,1241,1246.0619354164307,-5.061935416430742,-0.004062346559634739,0
06065040102,1259,1539,1316.100651584972,222.89934841502804,0.16936345115139312,1
06065031602,1127,1134,1178.1139271932195,-44.113927193219524,-0.03744453416174963,0
06065040404,1554,1448,1624.4800735210852,-176.48007352108516,-0.10863788137367664,0
06065040405,1832,1796,1915.088477921897,-119.08847792189704,-0.0621843216617973,0
06065040609,3213,2769,3358.7223141719733,-589.7223141719733,-0.1755793599499629,0
06065040611,2888,2611,3018.9822730559163,-407.98227305591627,-0.13513900916117097,0
06065040613,2821,2666,2948.943556887375,-282.94355688737505,-0.09594743047100684,0
06065040607,1943,2136,2031.1227688876888,104.87723111231116,0.051635101884927155,1
06065040615,2909,2490,3040.9347064818767,-550.9347064818767,-0.18117281680120814,0
06065040616,3100,2640,3240.597315260852,-600.5973152608522,-0.1853353739548189,0
06065040812,1500,1594,1568.0309589971864,25.969041002813583,0.016561561398903593,1
06065048300,1902,1582,1988.2632560084323,-406.26325600843234,-0.20433071665974062,0
06065048700,2402,1979,2510.940242340828,-531.9402423408278,-0.2118490250667717,0
06065048800,1609,1551,1681.9745420176487,-130.97454201764867,-0.07786951511200363,0
06065040403,1427,1496,1491.7201189926566,4.27988100734342,0.0028690911605010598,1
06065040502,1299,1314,1357.9148104915635,-43.91481049156346,-0.032339886237536766,0
06065040604,1849,1793,1932.8594954571986,-139.8594954571986,-0.07235885266668916,0
06065030900,1528,1320,1597.3008702318004,-277.30087023180045,-0.17360590944369705,0
06065030503,867,933,906.3218943003739,26.678105699626144,0.02943557456506117,1
06065031402,1344,1220,1404.955739261479,-184.95573926147904,-0.13164524268835814,0
06065031704,1279,1311,1337.0077310382676,-26.007731038267593,-0.019452191961576028,0
06065040303,1293,1421,1351.6426866555746,69.35731334442539,0.05131334932609968,1
06065040603,1310,1354,1369.413704190876,-15.413704190875933,-0.011255695881898004,0
06065041803,2856,2510,2985.5309459306427,-475.5309459306427,-0.15927851847551736,0
06065042405,994,1041,1039.0818488288023,1.9181511711976782,0.0018460058496447764,1
06065043304,1103,1031,1153.0254318492646,-122.02543184926458,-0.10583065080668316,0
06065042003,2003,1960,2093.8440072475764,-133.84400724757643,-0.06392262593788856,0
06065042711,807,823,843.6006559404863,-20.600655940486263,-0.02441991455959653,0
06065043702,1019,839,1065.215698145422,-226.21569814542204,-0.21236609499772818,0
06065031502,1264,1182,1321.3274214482958,-139.3274214482958,-0.10544503897117355,0
06065040902,1420,1401,1484.4026411840032,-83.40264118400319,-0.056185996218302864,0
06065043227,2072,1861,2165.9734313614467,-304.9734313614467,-0.14080201859620795,0
06065043228,1743,1469,1822.0519743547306,-353.05197435473065,-0.19376613802674975,0
06065043235,2488,2184,2600.84068399,-416.8406839899999,-0.16027151780420343,0
06065043229,1195,1295,1249.197997334425,45.802002665574946,0.0366651265558451,1
06065043239,2332,2107,2437.7654642542925,-330.7654642542925,-0.1356838748864108,0
06065043240,2268,2093,2370.862810003746,-277.86281000374584,-0.11719902511073883,0
06065043242,2378,1890,2485.8517469968733,-595.8517469968733,-0.23969721754996628,0
06065041003,1748,1595,1827.2787442180547,-232.27874421805473,-0.12711730213742156,0
06065030501,1050,1006,1097.6216712980304,-91.62167129803038,-0.08347290664339746,0
06065030602,1781,1842,1861.7754253159926,-19.775425315992607,-0.010621810260835403,0
06065030603,2016,1889,2107.4336088922187,-218.43360889221867,-0.10364910570399379,0
06065031501,1240,1235,1296.2389261043406,-61.238926104340635,-0.04724354813844806,0
06065040202,1235,1298,1291.0121562410168,6.987843758983217,0.005412686259538728,1
06065040203,934,903,976.3606104689147,-73.36061046891473,-0.07513679851718104,0
06065040204,843,947,881.2333989564188,65.7666010435812,0.0746301730296013,1
06065043313,972,927,1016.0840614301768,-89.0840614301768,-0.0876739088937067,0
06065043401,794,845,830.0110542958439,14.988945704156095,0.018058730213987642,1
06065043504,1152,1101,1204.2477765098392,-103.24777650983924,-0.08573632314196401,0
06065043802,1119,1041,1169.751095411901,-128.7510954119009,-0.11006708685027063,0
06065043900,1093,1048,1142.5718921226164,-94.57189212261642,-0.08277106480094237,0
06065044505,1102,1013,1151.9800778765996,-138.98007787659958,-0.12064451507944148,0
06065040201,1596,1441,1668.3849403730064,-227.38494037300643,-0.13629045364205292,0
06065031001,1138,1101,1189.6128208925322,-88.61282089253223,-0.074488791089229,0
06065031200,1261,1473,1318.1913595303013,154.80864046969873,0.11744018753457786,1
06065040903,1384,1392,1446.7698981680708,-54.76989816807077,-0.03785667523040223,0
06065031702,1773,1675,1853.4125935346744,-178.41259353467444,-0.09626167112333081,0
06065046403,1567,1355,1638.0696751657274,-283.0696751657274,-0.17280685886397876,0
06065045110,1440,1298,1505.309720637299,-207.30972063729905,-0.13771898088157625,0
06065043821,1380,1403,1442.5884822774117,-39.588482277411686,-0.02744267181096124,0
06065043822,2015,1732,2106.3882549195537,-374.3882549195537,-0.17773943338563297,0
06065043823,2559,2158,2675.0608160492,-517.0608160492002,-0.19328936858072923,0
06065044404,813,1052,849.872779776475,202.127220223525,0.23783232624144812,1
06065044405,1323,817,1383.0033058355184,-566.0033058355184,-0.40925665430248337,0
06065044515,844,763,882.2787529290836,-119.27875292908357,-0.13519395376244658,0
06065044516,898,962,938.7278674529822,23.272132547017804,0.024791138469300242,1
06065044517,1019,1143,1065.215698145422,77.78430185457796,0.07302211372776722,1
06065044518,1167,1036,1219.928086099811,-183.92808609981103,-0.1507696135497962,0
06065044520,1161,788,1213.6559622638222,-425.6559622638222,-0.3507220954691721,0
06065044521,691,892,722.3395951113705,169.6604048886295,0.23487623555022097,1
06065044522,577,532,603.1692422275843,-71.16924222758428,-0.11799216081500906,0
06065044605,896,980,936.6371595076527,43.362840492347345,0.0462963059410767,1
06065044606,1166,1213,1218.8827321271463,-5.882732127146255,-0.00482633150186642,0
06065044917,2183,1674,2282.0077223272388,-608.0077223272388,-0.2664354359446163,0
06065044918,1670,1407,1745.7411343502008,-338.7411343502008,-0.19403858205832272,0
06065041201,1296,1239,1354.778748573569,-115.77874857356892,-0.08545952517742919,0
06065041406,1425,1416,1489.6294110473273,-73.62941104732727,-0.049428005718254425,0
06065044919,904,908,944.999991288971,-36.999991288971046,-0.0391534302963362,0
06065044921,2893,2124,3024.2090429192403,-900.2090429192403,-0.29766759841782536,0
06065044922,1715,1564,1792.7820631201164,-228.7820631201164,-0.12761286930880456,0
06065044923,1492,1489,1559.668127215868,-70.66812721586803,-0.045309720691680905,0
06065044924,1857,1337,1941.2223272385168,-604.2223272385168,-0.31125869446291216,0
06065044925,1640,1418,1714.380515170257,-296.380515170257,-0.17287907354734672,0
06065044926,1330,1010,1390.320783644172,-380.320783644172,-0.2735489450480001,0
06065044927,1083,1193,1132.1183523959685,60.881647604031514,0.053776751763792284,1
06065044928,1910,1632,1996.6260877897507,-364.6260877897507,-0.18262111770431133,0
06065044929,1243,1191,1299.3749880223352,-108.37498802233517,-0.08340547495629667,0
06065040402,1334,1327,1394.502199534831,-67.5021995348311,-0.04840594698046948,0
06065040501,1217,1311,1272.1957847330507,38.80421526694931,0.030501763747858776,1
06065042514,1262,1111,1319.2367135029663,-208.23671350296627,-0.15784636022600962,0
06065042404,1165,1201,1217.8373781544815,-16.837378154481485,-0.013825637524771128,0
06065042505,1032,969,1078.8052997900643,-109.80529979006428,-0.10178416792300929,0
06065042510,1420,1321,1484.4026411840032,-163.4026411840032,-0.11007972948206858,0
06065042518,1328,1319,1388.2300756988425,-69.23007569884248,-0.04986930978569362,0
06065042519,1011,1106,1056.8528663641036,49.14713363589635,0.046503288395268766,1
06065042720,1061,860,1109.120564997343,-249.12056499734308,-0.22461089701094836,0
06065043006,1097,1074,1146.7533080132757,-72.75330801327573,-0.06344285863828829,0
06065043314,1360,1150,1421.6814028241158,-271.6814028241158,-0.1910986542304282,0
06065040302,1862,1680,1946.4490971018406,-266.4490971018406,-0.13688983570059404,0
06065040701,2406,2082,2515.1216582314873,-433.12165823148734,-0.17220704088566344,0
06065040806,2308,2252,2412.676968910337,-160.6769689103371,-0.06659696717828967,0
06065041202,1181,1162,1234.563041717118,-72.56304171711804,-0.05877629514665545,0
06065041410,1089,1053,1138.3904762319573,-85.39047623195734,-0.07500983011962431,0
06065041600,1131,1075,1182.2953430838786,-107.2953430838786,-0.09075172604842653,0
06065041703,1023,1079,1069.3971140360811,9.60288596391888,0.008979719355774211,1
06065041002,1619,1373,1692.4280817442964,-319.4280817442964,-0.1887395306127742,0
06065041403,1355,1263,1416.4546329607917,-153.45463296079174,-0.10833713229489607,0
06065041409,2623,2331,2741.963470299747,-410.96347029974686,-0.14987926526053283,0
06065041704,972,1080,1016.0840614301768,63.9159385698232,0.06290418381315724,1
06065041805,1629,1593,1702.8816214709443,-109.88162147094431,-0.0645268702683096,0
06065042004,1893,1726,1978.8550702544492,-252.85507025444917,-0.12777846849690516,0
06065042402,1728,1598,1806.3716647647589,-208.37166476475886,-0.11535370534717439,0
06065042716,1859,1764,1943.3130351838465,-179.31303518384652,-0.09227182236591269,0
06065042723,765,724,799.6957890885651,-75.6957890885651,-0.09465573049326374,0
06065043001,995,1024,1040.1272028014669,-16.127202801466865,-0.015505029344516747,0
06065043005,1276,1199,1333.8716691202733,-134.87166912027328,-0.10111292730973515,0
06065043217,1802,1786,1883.7278587419532,-97.72785874195324,-0.051880030487642066,0
06065044701,946,971,988.9048581408922,-17.904858140892202,-0.01810574393835291,0
06065044702,1148,1020,1200.0663606191802,-180.06636061918016,-0.15004700283930467,0
06065044904,1624,1497,1697.6548516076205,-200.65485160762046,-0.11819531597816084,0
06065045207,977,970,1021.3108312935008,-51.31083129350077,-0.05024017147503965,0
06065045302,980,1072,1024.446893211495,47.55310678850492,0.04641832300299404,1
06065045706,830,803,867.6437973117764,-64.64379731177644,-0.07450499561232676,0
06065046101,734,780,767.2898159359565,12.71018406404346,0.016565036834926977,1
06065046200,660,738,689.9336219587619,48.06637804123807,0.06966811952833203,1
06065044000,747,809,780.8794175805988,28.120582419401217,0.03601142735523406,1
06065040904,1622,1416,1695.564143662291,-279.5641436622909,-0.16487972142325055,0
06065040606,1279,1280,1337.0077310382676,-57.00773103826759,-0.04263829573670276,0
06065040703,1878,1765,1963.1747606644774,-198.1747606644774,-0.10094606177465373,0
06065041407,1157,1135,1209.474546373163,-74.4745463731631,-0.061575951801953195,0
06065041809,1445,1417,1510.536490500623,-93.5364905006229,-0.06192269507479623,0
06065041906,1360,1344,1421.6814028241158,-77.68140282411582,-0.05464051416147435,0
06065030300,860,895,899.0044164917202,-4.004416491720235,-0.004454278998257975,0
06065030800,1269,1352,1326.55419131162,25.44580868838011,0.019181884053466953,1
06065031100,1266,1220,1323.4181293936253,-103.41812939362535,-0.07814471261702477,0
06065040301,885,783,925.13826580834,-142.13826580833995,-0.1536400244823368,0
06065040605,1213,1194,1268.0143688423914,-74.01436884239138,-0.05837029189973717,0
06065040901,1531,1566,1600.436932149795,-34.436932149794984,-0.02151720661903084,0
06065041404,1805,1674,1886.8639206599476,-212.86392065994755,-0.1128136048017159,0
06065041405,1254,1282,1310.8738817216479,-28.873881721647876,-0.022026437572870174,0
06065030200,1037,1098,1084.0320696533881,13.967930346611865,0.012885163398420506,1
06065030601,3273,2792,3421.4435525318604,-629.4435525318604,-0.18397017015407827,0
06065044403,909,911,950.226761152295,-39.22676115229501,-0.04128147380813247,0
06065044915,1136,1112,1187.5221129472025,-75.52211294720246,-0.06359638454207057,0
06065045103,1164,1065,1216.7920241818165,-151.7920241818165,-0.12474771461777374,0
06065044510,905,918,946.0453452616357,-28.045345261635703,-0.029644821363060098,0
06065044300,931,908,973.2245485509203,-65.2245485509203,-0.06701901287635643,0
06065045000,1036,859,1082.9867156807234,-223.98671568072336,-0.20682314236877228,0
06065045108,1063,987,1111.2112729426726,-124.21127294267262,-0.11178006916159199,0
06065045605,623,634,651.2555249701647,-17.255524970164743,-0.026495782851063337,0
06065046103,1338,1149,1398.6836154254902,-249.6836154254902,-0.17851329112018985,0
06065046404,1576,1355,1647.4778609197106,-292.47786091971057,-0.17753067756335963,0
06065041203,1124,1180,1174.977865275225,5.0221347247750145,0.004274237730936861,1
06065041812,2016,1825,2107.4336088922187,-282.4336088922187,-0.13401779667008398,0
06065043222,2255,1874,2357.2732083591036,-483.2732083591036,-0.2050136601244918,0
06065043306,1083,1041,1132.1183523959685,-91.11835239596849,-0.08048482934944864,0
06065043403,920,907,961.7256548516076,-54.7256548516076,-0.05690360299273878,0
06065043508,688,1124,719.2035331933761,404.7964668066239,0.5628399307345785,1
06065043509,1072,1008,1120.619458696656,-112.61945869665601,-0.10049750414617896,0
06065044911,1253,1163,1309.828527748983,-146.8285277489831,-0.11209751859758049,0
06037237202,1245,1367,1301.4656959676647,65.53430403233529,0.050354230799459734,1
06037237401,1319,1307,1378.8218899448593,-71.82188994485932,-0.052089316588766636,0
06037237402,960,1401,1003.5398137581993,397.46018624180067,0.39605821392709367,1
06037239201,1203,1119,1257.5608291157437,-138.56082911574367,-0.11018220821427221,0
06037239202,1263,1203,1320.282067475631,-117.28206747563104,-0.08883106903047878,0
06037239501,1015,1118,1061.0342822547627,56.96571774523727,0.053688856899309266,1
06037239502,990,1217,1034.900432938143,182.099567061857,0.17595853790964763,1
06037239601,1073,1162,1121.6648126693206,40.335187330679446,0.03596010757856475,1
06037239602,935,1221,977.4059644415796,243.5940355584204,0.24922503485805178,1
06037239701,992,1097,1036.9911408834728,60.00885911652722,0.05786824665194555,1
06037239801,1111,1149,1161.3882636305827,-12.388263630582742,-0.010666771844117094,0
06037240401,1064,1036,1112.2566269153376,-76.25662691533762,-0.0685602810268912,0
06037239702,1157,1262,1209.474546373163,52.52545362683691,0.043428324956770986,1
06037239802,1119,1195,1169.751095411901,25.248904588099094,0.02158485227082286,1
06037240402,1214,1056,1269.0597228150564,-213.05972281505638,-0.16788786137065526,0
06037241001,1163,1141,1215.746670209152,-74.74667020915194,-0.06148210975259578,0
06037241002,1370,1290,1432.1349425507638,-142.13494255076375,-0.09924689240359458,0
06037241201,1224,1275,1279.5132625417043,-4.513262541704307,-0.003527327675165229,0
06037241202,1116,1116,1166.6150334939068,-50.61503349390682,-0.04338623456815858,0
06037237201,1285,1141,1343.2798548742562,-202.27985487425622,-0.15058653201732972,0
06037264102,1999,2181,2089.6625913569173,91.33740864308265,0.043709165786316215,1
06037264103,1728,1937,1806.3716647647589,130.62833523524114,0.07231531460733617,1
06037265201,2340,1675,2446.1282960356107,-771.1282960356107,-0.3152444200434467,0
06037265202,2116,2372,2211.9690061586975,160.03099384130246,0.07234775595667683,1
06037265601,1918,2173,2004.9889195710691,168.01108042893088,0.08379651318216451,1
06037267403,1724,1724,1802.1902488740998,-78.19024887409978,-0.04338623456815858,0
06037267404,1999,2043,2089.6625913569173,-46.662591356917346,-0.022330203713230617,0
06037265602,2590,2576,2707.4667892018083,-131.4667892018083,-0.04855711978670888,0
06037267901,2756,2694,2880.995548664164,-186.99554866416383,-0.06490657326800396,0
06037269602,1378,1298,1440.497774332082,-142.49777433208192,-0.09892259250324362,0
06037267902,2257,2349,2359.363916304433,-10.363916304433133,-0.004392673903679324,0
06037269601,1319,1435,1378.8218899448593,56.17811005514068,0.040743558297719876,1
06037269903,1247,1435,1303.5564039129943,131.44359608700574,0.10083460576960115,1
06037269904,1229,1425,1284.7400324050282,140.25996759497184,0.10917381264473074,1
06037269905,1368,1482,1430.044234605434,51.955765394566015,0.036331579217828334,1
06037269906,1498,1664,1565.9402510518569,98.05974894814312,0.06262036427141805,1
06037269907,1311,1398,1370.459058163541,27.54094183645907,0.020096143458210865,1
06037271901,1764,1721,1844.0044077806913,-123.00440778069128,-0.06670505084569206,0
06037271902,1234,1404,1289.9668022683518,114.03319773164822,0.08840010264692524,1
06037272201,1314,1472,1373.5951200815355,98.40487991846453,0.07164038258422416,1
06037463900,1909,1978,1995.580733817086,-17.580733817085957,-0.008809833407971455,0
06037102104,2159,2093,2256.919226983284,-163.9192269832838,-0.07262963823582948,0
06037102107,1880,1977,1965.2654686098072,11.734531390192842,0.005970965031250274,1
06037101122,2420,2158,2529.756613848794,-371.75661384879413,-0.14695350999920911,0
06037102105,1676,1414,1752.0132581861897,-338.01325818618966,-0.19292848190893563,0
06037102103,1862,2080,1946.4490971018406,133.5509028981594,0.06861258437069308,1
06037104124,1752,1825,1831.4601601087138,-6.460160108713808,-0.00352732767516512,0
06037104108,1424,1327,1488.5840570746623,-161.58405707466227,-0.10854882954490609,0
06037104203,1341,1429,1401.8196773434845,27.1803226565155,0.01938931454295428,1
06037104204,1228,1555,1283.6946784323634,271.3053215676366,0.21134723554276338,1
06037104403,1382,1375,1444.679190222741,-69.679190222741,-0.04823160096325458,0
06037104404,1082,1492,1131.0729984233037,360.9270015766963,0.31910142146424,1
06037104703,1156,1308,1208.4291924004983,99.57080759950168,0.08239689029831204,1
06037104704,1500,1298,1568.0309589971864,-270.0309589971864,-0.17221022164631314,0
06037104821,1265,1391,1322.3727754209604,68.62722457903965,0.05189703376734526,1
06037104822,1422,1459,1486.4933491293327,-27.493349129332728,-0.01849544039025543,0
06037106405,1709,1427,1786.5099392841275,-359.50993928412754,-0.20123590212332476,0
06037106406,1840,1739,1923.4513097032152,-184.4513097032152,-0.09589601190979755,0
06037800331,2500,2609,2613.384931661977,-4.384931661977134,-0.0016778743953300998,0
06037800332,2774,2798,2899.81192017213,-101.81192017213016,-0.03510983573241078,0
06037800406,3504,3208,3662.9203202174276,-454.9203202174276,-0.12419607320052868,0
06037800408,3192,2541,3336.769880746013,-795.7698807460129,-0.23848509462333672,0
06037800410,3296,3291,3445.4866939031513,-154.48669390315126,-0.04483740836280638,0
06037405500,1578,1506,1649.56856886504,-143.5685688650401,-0.08703401093767216,0
06037408401,1594,1581,1666.2942324276767,-85.29423242767666,-0.051187977949973935,0
06037408402,1436,1823,1501.12830474664,321.87169525336003,0.21441984288457305,1
06037430600,3319,2331,3469.529835274441,-1138.5298352744412,-0.32815104331978834,0
06037431200,1471,1439,1537.7156937899076,-98.71569378990762,-0.06419632327911637,0
06037432402,1093,1162,1142.5718921226164,19.42810787738358,0.01700383845544367,1
06037124203,1151,1385,1203.2024225371745,181.79757746282553,0.15109475684022625,1
06037124204,1165,1167,1217.8373781544815,-50.837378154481485,-0.04174397917685921,0
06037124902,1130,1239,1181.2499891112138,57.750010888786164,0.04888889855756777,1
06037124903,1244,1416,1300.420341995,115.57965800500006,0.08887869119894501,1
06037125401,1270,1427,1327.5995452842844,99.40045471571557,0.07487231753640781,1
06037125402,1459,1618,1525.17144611793,92.82855388207008,0.06086434028013685,1
06037125501,1246,1315,1302.5110499403295,12.488950059670515,0.009588363999094409,1
06037125502,1392,1535,1455.132729949389,79.86727005061107,0.05488658759904943,1
06037127103,974,1022,1018.1747693755063,3.8252306244936563,0.00375694894388303,1
06037127104,1132,1334,1183.3406970565434,150.65930294345662,0.12731692852126905,1
06037127603,1134,1194,1185.431405001873,8.568594998127082,0.007228250375325213,1
06037127604,955,1137,998.3130438948754,138.68695610512464,0.1389213102575956,1
06037127605,1130,1273,1181.2499891112138,91.75001088878616,0.07767196760595946,1
06037127711,1476,1445,1542.9424636532315,-97.94246365323147,-0.06347771609145599,0
06037127606,1323,1331,1383.0033058355184,-52.003305835518404,-0.037601722003188905,0
06037127712,975,1156,1019.2201233481712,136.77987665182877,0.13420052598893203,1
06037127803,1012,1085,1057.8982203367684,27.101779663231582,0.025618513333545524,1
06037127804,1137,1153,1188.5674669198675,-35.56746691986746,-0.02992465123754342,0
06037127805,1153,1121,1205.293130482504,-84.29313048250401,-0.06993579267207779,0
06037127806,1113,1114,1163.4789715759125,-49.47897157591251,-0.042526743314401365,0
06037128101,1458,1293,1524.1260921452651,-231.12609214526515,-0.15164499403060966,0
06037980015,836,960,873.9159211477653,86.08407885223471,0.09850384547197105,1
06037980019,2375,3575,2482.7156850788783,1092.2843149211217,0.4399554574395089,1
06037404901,1420,1428,1484.4026411840032,-56.40264118400319,-0.037996861241781935,0
06037189600,1438,1822,1503.2190126919693,318.7809873080307,0.21206556371127633,1
06037503000,1496,1412,1563.8495431065273,-151.84954310652734,-0.09709984171807476,0
06037503301,1950,1900,2038.4402466963425,-138.44024669634246,-0.06791479265615447,0
06037128102,1149,1165,1201.1117145918447,-36.1117145918447,-0.03006524218616583,0
06037128601,1143,1180,1194.839590755856,-14.83959075585608,-0.012419734724783055,0
06037128602,1568,1723,1639.1150291383922,83.88497086160783,0.05117698841776975,1
06037128801,1348,1391,1409.1371551521381,-18.13715515213812,-0.012871107035837073,0
06037128802,1578,1670,1649.56856886504,20.431431134959894,0.012385924126220119,1
06037131701,1560,1523,1630.7521973570738,-107.75219735707378,-0.06607515079955467,0
06037131702,1717,1436,1794.8727710654462,-358.87277106544616,-0.1999432922771553,0
06037132001,2104,1371,2199.4247584867203,-828.4247584867203,-0.37665519372288275,0
06037132002,1621,2024,1694.5187896896261,329.48121031037385,0.19443939619620432,1
06037132101,1690,1550,1766.6482138034967,-216.64821380349667,-0.12263234531399149,0
06037132102,1206,1366,1260.6968910337378,105.30310896626224,0.08352769782744249,1
06037600601,1742,1441,1821.0066203820659,-380.0066203820659,-0.20867942825069827,0
06037276100,1719,1827,1796.9634790107755,30.036520989224528,0.01671515383593637,1
06037300100,2560,2514,2676.1061700218647,-162.10617002186473,-0.06057538816576185,0
06037302201,1161,1240,1213.6559622638222,26.344037736177825,0.021706347231252022,1
06037190301,1091,1025,1140.4811841772869,-115.48118417728688,-0.10125654485092796,0
06037197420,1136,1156,1187.5221129472025,-31.52211294720246,-0.026544442923231645,0
06037205110,1108,1165,1158.2522017125882,6.747798287411797,0.005825845422468891,1
06037208000,1036,1171,1082.9867156807234,88.01328431927664,0.08126903409332671,1
06037209401,772,768,807.0132668972186,-39.013266897218614,-0.04834278257557735,0
06037183820,963,1161,1006.6758756761936,154.32412432380636,0.15330070785708,1
06037214800,1700,1927,1777.1017535301446,149.8982464698554,0.08434983881597566,1
06037221900,1210,1060,1264.878306924397,-204.87830692439707,-0.16197471788615536,0
06037229300,1069,1097,1117.4833967786615,-20.483396778661472,-0.018329933883320677,0
06037236100,974,991,1018.1747693755063,-27.174769375506344,-0.026689690407643754,0
06037241120,1186,1129,1239.7898115804421,-110.78981158044212,-0.08936176966901431,0
06037301702,1314,1359,1373.5951200815355,-14.59512008153547,-0.010625489176657177,0
06037570301,1069,1022,1117.4833967786615,-95.48339677866147,-0.08544502500342181,0
06037604100,1383,1515,1445.7245441954058,69.27545580459423,0.04791746538629068,1
06037573800,1928,1809,2015.4424592977168,-206.44245929771682,-0.1024303414594391,0
06037576801,1038,1239,1085.077423626053,153.9225763739471,0.141854003246678,1
06037601212,1082,1125,1131.0729984233037,-6.072998423303716,-0.005369236496467842,0
06037650702,2316,2308,2421.039800691656,-113.03980069165618,-0.04669059990643786,0
06037106604,1408,1540,1471.8583935120257,68.14160648797429,0.04629630594107662,1
06037113321,1423,1448,1487.5387031019975,-39.5387031019975,-0.02657994916000946,0
06037541100,1170,1261,1223.0641480178053,37.93585198219466,0.031017058298762588,1
06037542800,1384,1539,1446.7698981680708,92.23010183192923,0.06374897760086995,1
06037550300,1820,1661,1902.5442302499193,-241.54423024991934,-0.1269585360536874,0
06037553802,1066,1030,1114.3473348606672,-84.34733486066716,-0.07569214034259215,0
06037555102,1413,1195,1477.0851633753496,-282.08516337534957,-0.19097420404030385,0
06037275603,1279,1417,1337.0077310382676,79.9922689617324,0.05982932417272827,1
06037278001,1684,2016,1760.3760899675078,255.62391003249218,0.1452098284504707,1
06037278102,2321,2415,2426.26657055498,-11.266570554979808,-0.004643583146102002,0
06037293306,2145,1848,2242.2842713659766,-394.28427136597656,-0.17584044824333653,0
06037293307,1114,1127,1164.524325548577,-37.52432554857705,-0.03222287823906153,0
06037294301,1443,1639,1508.4457825552934,130.55421744470664,0.08654882989798214,1
06037294701,869,993,908.4126022457034,84.5873977542966,0.09311561458437119,1
06037294302,1094,1027,1143.6172460952812,-116.61724609528119,-0.10197226956261304,0
06037294421,1001,1137,1046.3993266374557,90.60067336254428,0.08658326802797586,1
06037295103,2183,2225,2282.0077223272388,-57.00772232723875,-0.0249813888750127,0
06037296401,1788,1634,1869.0929031246462,-235.09290312464623,-0.12577914277649382,0
06037296402,1534,1313,1603.5729940677893,-290.5729940677893,-0.1812034719608814,0
06037296901,961,1110,1004.5851677308641,105.4148322691359,0.10493369368298032,1
06037296902,1291,1187,1349.551978710245,-162.55197871024507,-0.12044884619086296,0
06037297201,1272,1287,1329.690253229614,-42.69025322961397,-0.032105411862594226,0
06037297202,1195,1349,1249.197997334425,99.80200266557495,0.07989286156280698,1
06037301206,1682,1618,1758.2853820221785,-140.2853820221785,-0.07978533146925121,0
06037297601,1598,1543,1670.4756483183357,-127.47564831833574,-0.07631098869753965,0
06037297602,1375,1486,1437.3617124140876,48.638287585912394,0.03383858576852105,1
06037300301,2464,2059,2575.752188646045,-516.7521886460449,-0.20062185753889544,0
06037301205,2031,2212,2123.1139184821905,88.88608151780954,0.04186590307003122,1
06037301801,1206,1348,1260.6968910337378,87.30310896626224,0.0692498804329374,1
06037301802,1281,1529,1339.0984389835971,189.90156101640287,0.14181299558570318,1
06037302003,1345,1342,1406.0010932341436,-64.00109323414358,-0.045519945569121534,0
06037302004,1218,1327,1273.2411387057155,53.75886129428454,0.042222058069009534,1
06037302401,1081,1192,1130.027644450639,61.972355549361055,0.054841450873964075,1
06037302503,1316,1233,1375.6858280268648,-142.68582802686478,-0.10371977752472593,0
06037302504,1152,1313,1204.2477765098392,108.75222349016076,0.09030718230209014,1
06037310201,1743,1665,1822.0519743547306,-157.05197435473065,-0.08619511219505674,0
06037300702,3005,2883,3141.288687857697,-258.2886878576969,-0.08222379842262928,0
06037300902,2518,2597,2632.201303169944,-35.20130316994391,-0.013373332475578975,0
06037301300,3101,3123,3241.6426692335167,-118.6426692335167,-0.03659955193691032,0
06037123303,1220,1237,1275.3318466510448,-38.33184665104477,-0.030056370623616286,0
06037123420,1111,1231,1161.3882636305827,69.61173636941726,0.059938384560393264,1
06037127300,1176,1172,1229.3362718537942,-57.33627185379419,-0.04664002288595388,0
06037127520,1059,978,1107.0298570520135,-129.02985705201354,-0.11655499283065054,0
06037128303,1066,1108,1114.3473348606672,-6.347334860667161,-0.005696011164652538,0
06037131100,1938,1896,2025.8959990243648,-129.89599902436476,-0.06411780224005592,0
06037651102,1243,1414,1299.3749880223352,114.62501197766483,0.08821549824668051,1
06037408503,1816,1799,1898.3628143592603,-99.36281435926026,-0.05234131937671641,0
06037408624,1833,1794,1916.1338318945618,-122.13383189456181,-0.06373971893904873,0
06037480012,1225,1612,1280.5586165143689,331.44138348563115,0.2588256243886764,1
06037462500,1776,2054,1856.5486554526688,197.45134454733125,0.10635398321903292,1
06037462600,2533,2436,2647.8816127599157,-211.8816127599157,-0.08001929230479046,0
06037480500,1821,1915,1903.5895842225843,11.410415777415665,0.005994157496966772,1
06037481101,1180,1255,1233.5176877444533,21.48231225554673,0.01741548781098403,1
06037481401,1348,1349,1409.1371551521381,-60.13715515213812,-0.04267658043949979,0
06037481902,1145,1230,1196.9302987011856,33.06970129881438,0.02762876111892147,1
06037208401,877,866,916.7754340270216,-50.77543402702156,-0.05538481087346084,0
06037208402,1052,1121,1099.7123792433601,21.287620756639853,0.019357443963017373,1
06037208501,1156,1139,1208.4291924004983,-69.42919240049832,-0.0574540840598032,0
06037208502,857,910,895.8683545737258,14.13164542627419,0.015774243340695233,1
06037208801,828,938,865.5530893664469,72.4469106335531,0.08370013523558859,1
06037408302,1760,1481,1839.822991890032,-358.822991890032,-0.19503125761104695,0
06037530700,1110,1084,1160.342909657918,-76.34290965791797,-0.06579340384854397,0
06037531301,927,1046,969.0431326602612,76.95686733973878,0.07941531676559463,1
06037531502,1046,1026,1093.4402554073713,-67.4402554073713,-0.0616771287446755,0
06037103102,1815,1539,1897.3174603865955,-358.3174603865955,-0.18885477410490129,0
06037531101,958,1038,1001.4491058128697,36.550894187130325,0.03649800471633773,1
06037277400,1207,1197,1261.7422450064028,-64.74224500640275,-0.05131178357753585,0
06037291300,1354,1465,1415.409278988127,49.59072101187303,0.03503631193327016,1
06037294120,1366,1381,1427.9535266601044,-46.953526660104444,-0.03288169102388497,0
06037294520,976,1207,1020.2654773208359,186.73452267916412,0.18302542507810737,1
06037294820,941,952,983.6780882775682,-31.678088277568236,-0.032203714462153914,0
06037296220,768,810,802.8318510065594,7.168148993440582,0.00892858072889539,1
06037297300,1549,1802,1619.253303657761,182.74669634223892,0.11285862189036702,1
06037300600,1745,1631,1824.1426823000602,-193.1426823000602,-0.1058813458914994,0
06037300901,2826,2769,2954.170326750699,-185.17032675069913,-0.06268099204502149,0
06037301100,1489,1597,1556.5320652978737,40.467934702126286,0.025998779982975766,1
06037302202,1288,1215,1346.4159167922508,-131.41591679225075,-0.09760425077664019,0
06037302302,1162,1225,1214.7013162364872,10.298683763512827,0.008478367172122008,1
06037311300,1837,1913,1920.315247785221,-7.31524778522089,-0.0038093994169227517,0
06037400604,1452,1379,1517.8539683092763,-138.8539683092763,-0.09148045280267934,0
06037401203,1623,1668,1696.609497634956,-28.609497634955915,-0.016862747541397743,0
06037401500,1139,1327,1190.6581748651968,136.34182513480323,0.11450962838283918,1
06037401602,1406,1553,1469.767685566696,83.23231443330405,0.05662957163275249,1
06037101110,1549,1653,1619.253303657761,33.74669634223892,0.020840900102539785,1
06037103200,1615,1341,1688.2466658536373,-347.2466658536373,-0.20568479291387026,0
06037104103,2012,1861,2103.2521930015596,-242.2521930015596,-0.1151798123913236,0
06037106603,2549,2597,2664.607276322552,-67.60727632255202,-0.02537232293978324,0
06037108102,2461,2339,2572.6161267280504,-233.6161267280504,-0.09080877799874952,0
06037109601,1910,1997,1996.6260877897507,0.3739122102492729,0.00018727202481020908,1
06037109700,1807,2193,1888.9546286052773,304.0453713947227,0.16095959468291554,1
06037111201,2488,1934,2600.84068399,-666.8406839899999,-0.25639428362331934,0
06037113232,2401,2270,2509.8948883681633,-239.89488836816327,-0.09557965533932525,0
06037113422,1452,1630,1517.8539683092763,112.1460316907237,0.0738845989351941,1
06037208802,830,903,867.6437973117764,35.35620268822356,0.04074967492163005,1
06037209103,785,813,820.6028685418609,-7.6028685418608575,-0.00926497924065326,0
06037209104,719,770,751.6095063459846,18.39049365401536,0.024468149349816438,1
06037211121,1209,1297,1263.832952951732,33.16704704826793,0.026243220649378524,1
06037211122,1073,1163,1121.6648126693206,41.335187330679446,0.036851639512797595,1
06037211201,1060,1003,1108.0752110246785,-105.07521102467854,-0.0948267861055312,0
06037211202,849,999,887.5055227924075,111.49447720759247,0.12562679819365094,1
06037211703,1099,1180,1148.8440159586053,31.15598404139473,0.02711942057285985,1
06037211704,1130,1079,1181.2499891112138,-102.24998911121384,-0.08656083814074607,0
06037211803,1169,1215,1222.0187940451406,-7.018794045140567,-0.005743605646118481,0
06037211804,1125,1178,1176.0232192478898,1.976780752110244,0.0016809028255194386,1
06037211921,1033,1043,1079.850653762729,-36.85065376272905,-0.03412569472854724,0
06037211922,1092,1115,1141.5265381499516,-26.526538149951648,-0.02323777613873319,0
06037212101,1326,1383,1386.1393677535127,-3.1393677535127154,-0.0022648283618122928,0
06037212102,900,949,940.8185753983119,8.18142460168815,0.008696070438686228,1
06037212501,963,1052,1006.6758756761936,45.32412432380636,0.04502355268359016,1
06037242000,1183,1230,1236.6537496624478,-6.653749662447808,-0.005380446761483551,0
06037242700,1262,1362,1319.2367135029663,42.76328649703373,0.03241517315227263,1
06037267200,1895,2158,1980.945778199779,177.05422180022106,0.08937863103003373,1
06037267600,1700,1947,1777.1017535301446,169.8982464698554,0.09560411840929144,1
06037402301,1347,1390,1408.0918011794734,-18.09180117947335,-0.012848452895130091,0
06037402403,1093,1108,1142.5718921226164,-34.57189212261642,-0.030257957823897084,0
06037134302,2204,2020,2303.960155753199,-283.96015575319916,-0.123248726782069,0
06037134303,1963,1823,2052.0298483409847,-229.0298483409847,-0.11161136302483594,0
06037134421,3005,3007,3141.288687857697,-134.2886878576969,-0.04274955319349506,0
06037134520,1134,1130,1185.431405001873,-55.43140500187292,-0.046760533564390715,0
06037135111,1804,1976,1885.818566687283,90.18143331271699,0.047820842845520344,1
06037543603,1489,1171,1556.5320652978737,-385.5320652978737,-0.24768655519094263,0
06037543703,1879,1733,1964.2201146371422,-231.22011463714216,-0.11771598962566185,0
06037701201,3302,2704,3451.75881773914,-747.7588177391399,-0.21663124720542115,0
06037701702,1289,1359,1347.4612707649155,11.538729235084475,0.008563310490203748,1
06037554201,1489,1635,1556.5320652978737,78.46793470212629,0.050412025843560034,1
06037555001,1494,1481,1561.7588351611976,-80.75883516119757,-0.05171018299561085,0
06037570202,1644,1516,1718.5619310609163,-202.56193106091632,-0.11786711168207314,0
06037570203,1198,1121,1252.3340592524196,-131.3340592524196,-0.10487142650326017,0
06037570901,2146,1980,2243.329625338641,-263.3296253386411,-0.11738338510948441,0
06037570902,1768,1774,1848.1858236713504,-74.18582367135036,-0.04013980776239429,0
06037571000,1993,2026,2083.3904675209283,-57.39046752092827,-0.02754666895890065,0
06037571701,1138,1200,1189.6128208925322,10.387179107467773,0.008731562845526977,1
06037572700,1263,1156,1320.282067475631,-164.28206747563104,-0.12442952269262966,0
06037573100,1287,1235,1345.370562819586,-110.37056281958598,-0.08203729579772785,0
06037573401,1162,1402,1214.7013162364872,187.29868376351283,0.15419320063291025,1
06037574000,1840,2160,1923.4513097032152,236.5486902967848,0.1229813768112923,1
06037574901,2058,1896,2151.33847574414,-255.33847574413994,-0.11868819277999447,0
06037575201,1117,1096,1167.6603874665716,-71.66038746657159,-0.06137091592363633,0
06037575300,959,919,1002.4944597855346,-83.49445978553456,-0.0832867044506128,0
06037575401,930,939,972.1791945782556,-33.17919457825565,-0.034128681999463305,0
06037206010,661,686,690.9789759314268,-4.978975931426817,-0.007205683681931494,0
06037207900,1989,2250,2079.209051630269,170.7909483697308,0.08214226858805602,1
06037208902,815,929,851.9634877218047,77.03651227819535,0.09042231667016042,1
06037208904,756,736,790.2876033345821,-54.28760333458206,-0.06869347703990043,0
06037209402,809,809,845.6913638858158,-36.691363885815804,-0.0433862345681584,0
06037211000,3196,2683,3340.9512966366715,-657.9512966366715,-0.19693531518972746,0
06037571502,1247,1200,1303.5564039129943,-103.55640391299426,-0.07944144465259834,0
06037571600,355,328,371.1006602960008,-43.1006602960008,-0.11614277447424222,0
06037573202,1132,1308,1183.3406970565434,124.65930294345662,0.10534523426223381,1
06037573902,1642,2151,1716.4712231155868,434.5287768844132,0.25315238090370956,1
06037576403,1068,1141,1116.4380428059967,24.5619571940033,0.022000286851808243,1
06037576501,940,1006,982.6327343049036,23.36726569509642,0.02378026385577924,1
06037221220,876,1007,915.7300800543569,91.2699199456431,0.09966902030806435,1
06037221820,1343,1408,1403.9103852888143,4.089614711185732,0.0029130169233304807,1
06037224010,584,704,610.4867200362379,93.5132799637621,0.15317823778085007,1
06037224600,843,859,881.2333989564188,-22.233398956418796,-0.025229864168503154,0
06037227010,1170,1161,1223.0641480178053,-62.06414801780534,-0.050744801994557207,0
06037228310,970,1100,1013.9933534848473,86.00664651515274,0.08481973399487178,1
06037228800,865,956,904.2311863550441,51.76881364495591,0.057251745379006444,1
06037229410,987,1057,1031.7643710201487,25.2356289798513,0.02445871333480897,1
06037231900,922,981,963.8163627969373,17.183637203062744,0.01782874608311988,1
06037232120,998,1055,1043.2632647194614,11.736735280538596,0.011250022575744256,1
06037297110,1019,1099,1065.215698145422,33.78430185457796,0.03171592562276131,1
06037574201,1881,2048,1966.3108225824717,81.6891774175283,0.041544386817868956,1
06037575002,1630,1653,1703.9269754436093,-50.92697544360931,-0.029888003522187748,0
06037575202,1060,980,1108.0752110246785,-128.07521102467854,-0.11558349988376927,0
06037576601,1085,1244,1134.2090603412983,109.79093965870175,0.09679956147208366,1
06037576802,1264,1249,1321.3274214482958,-72.32742144829581,-0.054738454885783216,0
06037577602,1667,1799,1742.6050724322065,56.3949275677935,0.032362425921945354,1
06037600201,1120,1171,1170.796449384566,0.20355061543409647,0.00017385653632712476,1
06037600801,1458,1609,1524.1260921452651,84.87390785473485,0.0556869331823272,1
06037600912,1172,1212,1225.154855963135,-13.154855963135105,-0.010737300594375585,0
06037601402,1247,1364,1303.5564039129943,60.443596087005744,0.04636822457821322,1
06037221401,798,819,834.1924701865032,-15.192470186503215,-0.018212188109425854,0
06037651402,1780,1672,1860.7300713433278,-188.73007134332784,-0.10142796865053985,0
06037670324,3344,2922,3495.663684591061,-573.6636845910612,-0.16410723008617203,0
06037670326,3544,2950,3704.734479124019,-754.7344791240189,-0.20372161173139597,0
06037670328,3385,3214,3538.5231974703174,-324.5231974703174,-0.09171147943930913,0
06037670416,2364,2165,2471.216791379566,-306.2167913795661,-0.12391336626060209,0
06037670602,2838,2262,2966.714574422677,-704.7145744226768,-0.23754040260506504,0
06037700101,1146,1223,1197.9756526738504,25.02434732614961,0.02088886136399844,1
06037700102,1112,1235,1162.4336176032475,72.56638239675249,0.06242625927007581,1
06037700501,1729,1666,1807.4170187374234,-141.4170187374234,-0.0782426065879421,0
06037700502,1603,1614,1675.7024181816598,-61.70241818165982,-0.03682182320212584,0
06037700801,2023,2350,2114.7510867008723,235.2489132991277,0.11124189261731456,1
06037700802,1782,1912,1862.8207792886574,49.17922071134262,0.02640040376300846,1
06037273402,1364,1599,1425.862818714775,173.1371812852251,0.12142625434421887,1
06037273502,1507,1810,1575.3484368058398,234.6515631941602,0.14895216684249057,1
06037273902,2233,2329,2334.275420960478,-5.275420960478186,-0.002259982225365472,0
06037275101,1700,1667,1777.1017535301446,-110.1017535301446,-0.06195579589712952,0
06037274202,2608,2530,2726.283160709775,-196.28316070977507,-0.07199661558950966,0
06037275102,1229,1271,1284.7400324050282,-13.74003240502816,-0.010694795879682268,0
06037275602,2482,2768,2594.5685601540113,173.43143984598873,0.06684403816089331,1
06037276603,1897,1856,1983.0364861451083,-127.03648614510826,-0.06406159797496151,0
06037276604,1735,1968,1813.6891425734123,154.31085742658775,0.08508120482412919,1
06037275500,791,912,826.8749923778497,85.12500762215029,0.10294785597198407,1
06037272202,1350,1471,1411.227863097468,59.77213690253211,0.04235470292610279,1
06037464200,3114,3172,3255.2322708781594,-83.2322708781594,-0.025568765590943822,0
06037297120,1049,1235,1096.5763173253656,138.4236826746344,0.1262326027724732,1
06037297400,1734,1631,1812.6437886007477,-181.6437886007477,-0.10020931290695886,0
06037300501,1928,2224,2015.4424592977168,208.55754070228318,0.10347977921183385,1
06037300502,1367,1447,1428.9988806327692,18.001119367230785,0.012597014323244103,1
06037301000,1500,1479,1568.0309589971864,-89.03095899718642,-0.05677882728420426,0
06037301602,1249,1316,1305.647111858324,10.352888141675976,0.007929315699202013,1
06037302301,1438,1636,1503.2190126919693,132.78098730803072,0.08833109891967512,1
06037311200,1691,1629,1767.6935677761614,-138.69356777616144,-0.0784601869376287,0
06037400800,1268,1805,1325.508837338955,479.4911626610451,0.361741203946746,1
06037401704,1244,1317,1300.420341995,16.579658005000056,0.012749460670205206,1
06037401800,1807,2029,1888.9546286052773,140.04537139472268,0.0741390869182105,1
06037541801,1181,1273,1234.563041717118,38.43695828288196,0.031134058759300868,1
06037542200,1360,1313,1421.6814028241158,-108.68140282411582,-0.07644568087352367,0
06037542402,1590,1333,1662.1128165370176,-329.1128165370176,-0.19800871111909135,0
06037542700,1241,1390,1297.2842800770056,92.71571992299437,0.07146908456910528,1
06037543305,1239,1063,1295.193572131676,-232.1935721316761,-0.1792732585520198,0
06037543501,1252,1376,1308.7831737763183,67.21682622368166,0.05135825977173631,1
06037543903,1698,1384,1775.011045584815,-391.01104558481507,-0.2202865421921857,0
06037550000,1458,1604,1524.1260921452651,79.87390785473485,0.052406364713768076,1
06037403319,1816,1651,1898.3628143592603,-247.36281435926026,-0.13030323418063303,0
06037403408,2101,2038,2196.2886965687258,-158.28869656872575,-0.07207098812465824,0
06037404902,1432,1468,1496.9468888559807,-28.94688885598066,-0.019337285157860803,0
06037405203,1501,1477,1569.0763129698512,-92.07631296985119,-0.058681857732958066,0
06037405400,2007,1614,2098.0254231382355,-484.0254231382355,-0.2307052230159481,0
06037406102,1157,1284,1209.474546373163,74.5254536268369,0.06161804219056573,1
06037406500,1619,1692,1692.4280817442964,-0.428081744296378,-0.00025293940044718283,0
06037407900,1733,1627,1811.5984346280827,-184.5984346280827,-0.10189809788943673,0
06037408628,1379,1612,1441.5431283047467,170.4568716952533,0.11824611303562622,1
06037408705,1540,1609,1609.8451179037781,-0.8451179037781458,-0.0005249684546539459,0
06037408800,1048,1174,1095.5309633527008,78.46903664729916,0.07162648913834163,1
06037123204,1100,1155,1149.88936993127,5.110630068729961,0.004444453703433599,1
06037123205,1122,1189,1172.8871573298954,16.112842670104556,0.01373776033730799,1
06037238310,957,1008,1000.4037518402049,7.5962481597950955,0.007593182398428718,1
06037240010,946,1014,988.9048581408922,25.095141859107798,0.025376699944912616,1
06037240600,1062,1269,1110.165918970008,158.83408102999192,0.14307238072787834,1
06037240700,1262,1205,1319.2367135029663,-114.23671350296627,-0.08659303696880431,0
06037242100,616,524,643.9380471615112,-119.93804716151124,-0.1862571216131738,0
06037603703,1851,1788,1934.950203402528,-146.9502034025279,-0.07594521199776728,0
06037620501,2304,2227,2408.4955530196785,-181.49555301967848,-0.07535639947191365,0
06037620601,1775,1896,1855.5033014800038,40.496698519996244,0.02182518268099814,1
06037620800,2581,2647,2698.0586034478256,-51.05860344782559,-0.01892420104684837,0
06037621001,2168,2289,2266.327412737267,22.672587262733032,0.010004109351238492,1
06037404801,1221,1442,1276.3772006237098,165.62279937629023,0.12976007350754745,1
06037405002,1445,1381,1510.536490500623,-129.5364905006229,-0.08575528715475907,0
06037405800,1594,1523,1666.2942324276767,-143.29423242767666,-0.08599575611499703,0
06037406402,2253,2302,2355.182500413774,-53.18250041377405,-0.022581052807767805,0
06037406800,1783,1501,1863.8661332613224,-362.8661332613224,-0.19468465400269544,0
06037267502,1534,1471,1603.5729940677893,-132.5729940677893,-0.08267350133621976,0
06037267700,1593,1822,1665.248878455012,156.7511215449881,0.09413074740540825,1
06037270200,1325,1408,1385.0940137808482,22.905986219151828,0.016537495643798264,1
06037271200,1478,1636,1545.033171598561,90.96682840143899,0.05887694198003568,1
06037272100,1870,1773,1954.8119288831592,-181.81192888315923,-0.0930073764114145,0
06037272301,1549,1644,1619.253303657761,24.74669634223892,0.015282782679113979,1
06037272302,1265,1233,1322.3727754209604,-89.37277542096035,-0.0675851598597148,0
06037275400,2412,2694,2521.3937820674755,172.6062179325245,0.06845666835546489,1
06037276601,2113,2348,2208.8329442407035,139.16705575929655,0.06300478998294544,1
06037291110,1133,1068,1184.3860510292081,-116.38605102920815,-0.0982669889839305,0
06037291120,1026,1067,1072.5331759540754,-5.533175954075432,-0.005158978834527312,0
06037294610,977,1011,1021.3108312935008,-10.310831293500769,-0.010095683877592871,0
06037294620,1144,1101,1195.8849447285208,-94.88494472852085,-0.07934287085624343,0
06037294830,839,965,877.0519830657596,87.9480169342404,0.10027685773745777,1
06037296500,1176,1143,1229.3362718537942,-86.33627185379419,-0.07022998818997038,0
06037620702,2532,2442,2646.8362587872507,-204.8362587872507,-0.07738909352900593,0
06037621400,1885,1808,1970.492238473131,-162.492238473131,-0.08246276503937963,0
06037431001,1377,1348,1439.4524203594171,-91.45242035941715,-0.06353278445742748,0
06037432202,1320,1161,1379.8672439175239,-218.86724391752387,-0.158614710858812,0
06037432602,1478,1590,1545.033171598561,44.96682840143899,0.029104118428029787,1
06037432802,987,1031,1031.7643710201487,-0.7643710201487011,-0.0007408387434360962,0
06037433601,1176,1218,1229.3362718537942,-11.336271853794187,-0.009221457231307023,0
06037461600,1329,1182,1389.2754296715073,-207.27542967150725,-0.14919678650080015,0
06037462800,1409,1456,1472.9037474846905,-16.903747484690484,-0.011476478020751444,0
06037670500,4001,3641,4182.461244631829,-541.4612446318288,-0.12945995502690957,0
06037701202,2118,2125,2214.059714104027,-89.05971410402708,-0.040224621556816165,0
06037702300,1624,1654,1697.6548516076205,-43.65485160762046,-0.025714798014614584,0
06037703002,2080,2208,2174.336263142765,33.66373685723511,0.015482304843031898,1
06037800202,4001,4001,4182.461244631829,-181.46124463182878,-0.04338623456815852,0
06037900300,1079,1432,1127.9369365053094,304.0630634946906,0.2695745246509704,1
06037910709,1631,1744,1704.972329416274,39.02767058372592,0.022890500866420336,1
06037572900,1033,1091,1079.850653762729,11.149346237270947,0.010324896501586732,1
06037573700,2100,1925,2195.2433425960608,-270.24334259606076,-0.12310404835414518,0
06037574500,2052,2000,2145.066351908151,-145.06635190815086,-0.0676279089358269,0
06037533502,1262,980,1319.2367135029663,-339.23671350296627,-0.2571462043397745,0
06037533503,1124,1018,1174.977865275225,-156.97786527522499,-0.133600699991446,0
06037533701,1028,991,1074.623883899405,-83.62388389940497,-0.07781688565860403,0
06037534002,1132,1258,1183.3406970565434,74.65930294345662,0.06309197607178145,1
06037534102,1069,1146,1117.4833967786615,28.516603221338528,0.0255185923151454,1
06037535605,1035,969,1081.9413617080586,-112.9413617080586,-0.10438769207395704,0
06037540203,1059,1101,1107.0298570520135,-6.02985705201354,-0.005446878432051385,0
06037541002,868,971,907.3672482730385,63.63275172696149,0.07012899335750938,1
06037541802,1398,1431,1461.4048537853778,-30.40485378537778,-0.020805222937793147,0
06037543000,1113,1254,1163.4789715759125,90.52102842408749,0.07780203221161643,1
06037113211,2155,2180,2252.7378110926247,-72.73781109262472,-0.03228862708055021,0
06037113234,1114,1153,1164.524325548577,-11.524325548577053,-0.009896165580867745,0
06037115201,1350,1497,1411.227863097468,85.77213690253211,0.06077837544553085,1
06037408629,2087,1801,2181.6537409514185,-380.6537409514185,-0.17447944823059572,0
06037430724,1528,1425,1597.3008702318004,-172.30087023180045,-0.1078700158767184,0
06037431100,1334,1419,1394.502199534831,24.497800465168893,0.01756741615276097,1
06037432300,1511,1222,1579.5298526964991,-357.5298526964991,-0.22635207057729295,0
06037432401,1296,1164,1354.778748573569,-190.77874857356892,-0.14081911808436445,0
06037433200,1055,1046,1102.8484411613545,-56.84844116135446,-0.05154692071876187,0
06037460100,2394,2145,2502.5774105595096,-357.57741055950964,-0.1428836562860067,0
06037461300,1713,1500,1790.6913551747868,-290.69135517478685,-0.1623347062768463,0
06037575802,966,959,1009.8119375941881,-50.811937594188066,-0.050318218375635604,0
06037183610,1038,1191,1085.077423626053,105.9225763739471,0.0976175285446275,1
06037574602,1887,2358,1972.5829464184606,385.41705358153945,0.19538699464137904,1
06037500500,1151,991,1203.2024225371745,-212.20242253717447,-0.1763646902320114,0
06037500900,962,1227,1005.6305217035289,221.36947829647113,0.2201300313772033,1
06037501400,1332,1263,1392.4114915895016,-129.41149158950157,-0.09294055124593407,0
06037501501,2256,1921,2358.3185623317686,-437.3185623317686,-0.18543659423999673,0
06037501802,1511,1627,1579.5298526964991,47.47014730350088,0.03005333974692664,1
06037408626,1621,1587,1694.5187896896261,-107.51878968962615,-0.06345092798252161,0
06037431800,1671,1566,1746.7864883228656,-180.78648832286558,-0.10349661480175709,0
06037460302,2171,1784,2269.463474655261,-485.46347465526105,-0.21391112043739965,0
06037463700,2544,2458,2659.380506459228,-201.38050645922795,-0.07572459299077569,0
06037400205,4001,3668,4182.461244631829,-514.4612446318288,-0.12300442599250325,0
06037108104,2677,2715,2798.4125848236454,-83.41258482364537,-0.02980710752803522,0
06037113301,2961,2303,3095.293113060446,-792.2931130604461,-0.25596707133078994,0
06037117303,2157,2029,2254.828519037954,-225.8285190379538,-0.1001533008524772,0
06037190510,1006,1143,1051.6260965007798,91.3739034992202,0.08688820466063096,1
06037192620,932,1037,974.2699025235852,62.73009747641481,0.06438677548585797,1
06037311400,1926,1913,2013.3517513523873,-100.35175135238728,-0.049843129142724346,0
06037554002,1239,1190,1295.193572131676,-105.19357213167609,-0.08121841738184721,0
06037550800,1497,1471,1564.8948970791919,-93.89489707919188,-0.060000768904315945,0
06037310202,1634,1930,1708.1083913342684,221.8916086657316,0.12990487593846645,1
06037570402,1574,1682,1645.3871529743808,36.6128470256192,0.022251812869350438,1
06037572001,1932,2072,2019.6238751883761,52.37612481162387,0.025933603506612633,1
06037407101,1221,1186,1276.3772006237098,-90.37720062370977,-0.07080759557562324,0
06037603301,1162,1294,1214.7013162364872,79.29868376351283,0.06528245479242929,1
06037603302,1051,1105,1098.6670252706954,6.332974729304624,0.00576423482605594,1
06037603702,1839,1658,1922.4059557305507,-264.40595573055066,-0.13753908478195043,0
06037620102,1605,1710,1677.7931261269894,32.206873873010636,0.019195974385326546,1
06037620521,1571,1882,1642.2510910563867,239.7489089436133,0.14598797361090107,1
06037620602,2396,2197,2504.668118504839,-307.6681185048392,-0.12283787869208858,0
06037650701,2077,2032,2171.200201224771,-139.2002012247708,-0.06411209852792395,0
06037183402,1105,1417,1155.116139794594,261.8838602054061,0.22671647567142042,1
06037183701,1305,1220,1364.186934327552,-144.18693432755208,-0.10569441086065383,0
06037183702,1434,1505,1499.0375968013102,5.962403198689799,0.003977487430210255,1
06037185203,1301,1068,1360.005518436893,-292.005518436893,-0.2147090688076812,0
06037185204,1829,1282,1911.9524160039027,-629.9524160039027,-0.32948122073066116,0
06037186201,1156,1351,1208.4291924004983,142.57080759950168,0.11798027430658989,1
06037211120,1279,1268,1337.0077310382676,-69.0077310382676,-0.05161356171417117,0
06037211320,807,894,843.6006559404863,50.39934405951374,0.059743130478396966,1
06037213401,953,1064,996.2223359495457,67.77766405045429,0.06803467620092281,1
06037213402,947,1008,989.9502121135571,18.049787886442914,0.018233025929563038,1
06037220100,1062,1027,1110.165918970008,-83.16591897000808,-0.07491305357956576,0
06037573003,1428,1350,1492.7654729653214,-142.76547296532135,-0.09563824696569596,0
06037573004,1025,1049,1071.4878219814107,-22.48782198141066,-0.020987473231217746,0
06037573601,2088,2143,2182.6990949240835,-39.69909492408351,-0.018188075038105187,0
06037576001,1856,1823,1940.176973265852,-117.17697326585198,-0.06039499225094445,0
06037576301,956,1008,999.3583978675401,8.641602132459866,0.00864715016244379,1
06037576302,979,1093,1023.4015392388303,69.59846076116969,0.06800699245863413,1
06037576903,1109,1153,1159.297555685253,-6.2975556852529735,-0.005432216823342244,0
06037576904,1073,1249,1121.6648126693206,127.33518733067945,0.11352338585682219,1
06037577504,1560,1625,1630.7521973570738,-5.752197357073783,-0.003527327675165025,0
06037577604,2174,2033,2272.5995365732556,-239.5995365732556,-0.1054297216545843,0
06037294810,1086,1131,1135.254414313963,-4.254414313963025,-0.0037475426303750403,0
06037300701,2824,2779,2952.0796188053696,-173.0796188053696,-0.058629725872844325,0
06037910812,2157,1750,2254.828519037954,-504.8285190379538,-0.22388776564407842,0
06037910813,2587,2072,2704.330727283814,-632.3307272838142,-0.23382152223626765,0
06037911001,1095,1090,1144.662600067946,-54.66260006794596,-0.0477543339536919,0
06037920011,1071,1000,1119.574104723991,-119.57410472399101,-0.10680320687969973,0
06037920012,1487,1145,1554.441357352544,-409.44135735254395,-0.2634009674381583,0
06037201120,1292,1140,1350.5973326829098,-210.59733268290984,-0.15592903050131626,0
06037201200,1045,1001,1092.3949014347065,-91.39490143470653,-0.08366470890213074,0
06037201501,1121,1093,1171.8418033572307,-78.84180335723067,-0.06728024476627764,0
06037201700,1216,1232,1271.1504307603857,-39.15043076038569,-0.030799211338792064,0
06037203300,908,1063,949.1814071796301,113.81859282036987,0.1199123707643696,1
06037206020,1725,2178,1803.2356028467643,374.7643971532357,0.20782885861481212,1
06037208610,1082,1162,1131.0729984233037,30.927001576696284,0.02734306416987055,1
06037208620,1012,1127,1057.8982203367684,69.10177966323158,0.06531987514000535,1
06037209102,804,805,840.4645940224918,-35.46459402249184,-0.042196416451949624,0
06037211701,1633,1751,1707.0630373616034,43.93696263839661,0.025738336357106383,1
06037135201,2346,2240,2452.4004198715998,-212.40041987159975,-0.08660919242654525,0
06037601502,1126,1075,1177.0685732205545,-102.06857322055453,-0.08671421151045319,0
06037602103,1014,1141,1059.988928282098,81.01107171790204,0.07642633763089866,1
06037602106,993,988,1038.0364948561373,-50.036494856137324,-0.04820302089963797,0
06037602600,1195,1372,1249.197997334425,122.80200266557495,0.09830467462132779,1
06037602700,1682,1788,1758.2853820221785,29.71461797782149,0.01689976967427616,1
06037602900,865,1025,904.2311863550441,120.76881364495591,0.13355966424004354,1
06037620101,1690,1962,1766.6482138034967,195.35178619650333,0.11057763773803142,1
06037650102,1848,1817,1931.8141414845336,-114.8141414845336,-0.05943332695364929,0
06037650502,1907,1918,1993.4900258717562,-75.49002587175619,-0.037868273676836824,0
06037650603,1410,1280,1473.9491014573553,-193.94910145735525,-0.13158466684201622,0
06037650800,2269,2122,2371.908163976411,-249.90816397641083,-0.10536165260186534,0
06037670406,3167,3495,3310.636031429393,184.36396857060708,0.055688383386260226,1
06037700700,3480,3847,3637.831824873472,209.16817512652779,0.05749803322307317,1
06037702802,1587,1548,1658.9767546190233,-110.97675461902327,-0.06689470139351567,0
06037900605,978,945,1022.3561852661654,-77.35618526616543,-0.07566461315634934,0
06037900701,1049,989,1096.5763173253656,-107.57631732536561,-0.0981019885490073,0
06037901007,1564,1543,1634.933613247733,-91.93361324773309,-0.056230792799660215,0
06037273100,2133,2589,2229.740023693999,359.25997630600114,0.16112191219082886,1
06037265303,1607,1838,1679.8838340723191,158.11616592768087,0.09412327371731465,1
06037267402,1554,1701,1624.4800735210852,76.51992647891484,0.04710425675647516,1
06037273300,1719,1579,1796.9634790107755,-217.96347901077547,-0.1212954417586516,0
06037920026,2757,1892,2882.0409026368284,-990.0409026368284,-0.3435207674294362,0
06037920035,1636,1765,1710.199099279598,54.80090072040207,0.032043579454278937,1
06037700901,1859,1928,1943.3130351838465,-15.313035183846523,-0.007879860272947656,0
06037701100,1396,1363,1459.314145840048,-96.31414584004801,-0.06599959721805149,0
06037195802,1075,1142,1123.7555206146503,18.244479385349678,0.01623527453317485,1
06037191120,974,1026,1018.1747693755063,7.825230624493656,0.007685547569886486,1
06037191410,901,991,941.8639293709766,49.13607062902338,0.05216896952603215,1
06037195400,1421,1441,1485.4479951566677,-44.44799515666773,-0.029922282908315397,0
06037197700,981,1120,1025.4922471841599,94.50775281584015,0.09215842740434513,1
06037199000,1051,1043,1098.6670252706954,-55.667025270695376,-0.050667785589523666,0
06037199300,1478,1428,1545.033171598561,-117.03317159856101,-0.07574799929859967,0
06037199700,1100,1198,1149.88936993127,48.11063006872996,0.04183935544304195,1
06037201402,1178,1157,1231.4269797991237,-74.42697979912373,-0.060439620878912866,0
06037203900,1070,1156,1118.5287507513265,37.47124924867353,0.03350047928898004,1
06037603200,1240,1170,1296.2389261043406,-126.23892610434063,-0.09738862455221395,0
06037609900,1471,1263,1537.7156937899076,-274.7156937899076,-0.17865181118938428,0
06037620303,3106,3122,3246.8694390968403,-124.86943909684032,-0.0384584109213749,0
06037552800,1535,1445,1604.618348040454,-159.61834804045407,-0.09947433807882018,0
06037553300,1073,1259,1121.6648126693206,137.33518733067945,0.12243870519915062,1
06037553601,1281,1150,1339.0984389835971,-189.09843898359713,-0.14121324727039983,0
06037403407,3494,3574,3652.4667804907795,-78.46678049077946,-0.02148322906313632,0
06037701304,2249,2152,2351.001084523115,-199.00108452311497,-0.08464525424218637,0
06037701402,1549,1447,1619.253303657761,-172.25330365776108,-0.10637823203365089,0
06037701902,1331,1958,1391.3661376168366,566.6338623831634,0.4072500020402299,1
06037702002,1566,1663,1637.0243211930626,25.975678806937367,0.01586761935705775,1
06037702102,1861,1797,1945.4037431291758,-148.40374312917584,-0.07628428990810354,0
06037800203,3734,2784,3903.3517339303294,-1119.3517339303294,-0.2867668122757775,0
06037800204,3929,2965,4107.1957585999635,-1142.1957585999635,-0.27809625489808854,0
06037800327,2114,2032,2209.878298213368,-177.878298213368,-0.08049235035122894,0
06037800328,2071,2219,2164.928077388782,54.071922611217815,0.024976313613354034,1
06037800329,2375,2415,2482.7156850788783,-67.71568507887832,-0.0272748448345695,0
06037535001,1039,986,1086.122777598718,-100.1227775987179,-0.09218366437363268,0
06037535002,1070,1124,1118.5287507513265,5.47124924867353,0.004891469481672634,1
06037536103,1362,1432,1423.7721107694451,8.227889230554865,0.00577893692980704,1
06037536104,1223,1264,1278.4679085690393,-14.46790856903931,-0.011316598932258627,0
06037542103,1203,1206,1257.5608291157437,-51.56082911574367,-0.0410006640807974,0
06037542104,1508,1418,1576.3937907785046,-158.39379077850458,-0.10047856804883858,0
06037542105,1152,1313,1204.2477765098392,108.75222349016076,0.09030718230209014,1
06037542106,1139,1095,1190.6581748651968,-95.65817486519677,-0.08034058547158335,0
06037543306,1750,1683,1829.369452163384,-146.36945216338404,-0.0800108758732632,0
06037550201,1243,1228,1299.3749880223352,-71.37498802233517,-0.05493024621858297,0
06037550202,1605,1562,1677.7931261269894,-115.79312612698936,-0.06901513918720464,0
06037621201,2211,2141,2311.2776335618523,-170.27763356185233,-0.07367251388983577,0
06037651101,1771,1823,1851.3218855893447,-28.321885589344674,-0.015298196283316103,0
06037670003,1320,1440,1379.8672439175239,60.132756082476135,0.04357865319837271,1
06037670201,2367,2289,2474.35285329756,-185.35285329756016,-0.07490962861280724,0
06037670407,2088,2210,2182.6990949240835,27.30090507591649,0.012507864753050645,1
06037670702,2886,2945,3016.8915651105867,-71.89156511058673,-0.023829681497999574,0
06037700600,4001,3706,4182.461244631829,-476.4612446318288,-0.11391886661074618,0
06037700902,1955,1967,2043.6670165596663,-76.66701655966631,-0.037514436519471984,0
06037701601,2543,2422,2658.3351524865634,-236.3351524865634,-0.08890344479908764,0
06037502500,1337,1236,1397.6382614528254,-161.63826145282542,-0.11565099919689141,0
06037502601,1697,1627,1773.9656916121503,-146.9656916121503,-0.08284584775627218,0
06037502602,1297,1234,1355.824102546234,-121.82410254623392,-0.08985243905713772,0
06037502902,1157,1385,1209.474546373163,175.5254536268369,0.14512538040025977,1
06037503402,1846,1881,1929.723433539204,-48.72343353920405,-0.025248920489006538,0
06037503701,1223,1313,1278.4679085690393,34.53209143096069,0.02701052658381679,1
06037503802,1684,1721,1760.3760899675078,-39.37608996750782,-0.022367998629335285,0
06037530101,1108,1138,1158.2522017125882,-20.252201712588203,-0.01748513983624927,0
06037530500,1024,964,1070.442468008746,-106.44246800874589,-0.09943782238643041,0
06037310300,2263,2593,2365.6360401404218,227.36395985957824,0.09611113290533152,1
06037400206,2611,2645,2729.419222627769,-84.41922262776916,-0.03092937205391772,0
06037576602,1276,1259,1333.8716691202733,-74.87166912027328,-0.056131088809805295,0
06037575402,888,999,928.2743277263344,70.72567227366562,0.07619048611082169,1
06037501900,1865,1580,1949.5851590198351,-369.58515901983515,-0.18957117995586617,0
06037502401,1374,1454,1436.3163584414228,17.683641558577165,0.01231180126484534,1
06037401202,1893,2004,1978.8550702544492,25.144929745550826,0.012706807144960641,1
06037401311,1740,1813,1818.915912436736,-5.915912436736107,-0.003252438662109879,0
06037401703,1308,1452,1367.3229962455466,84.67700375445338,0.061929042360117606,1
06037122410,933,1000,975.31525649625,24.684743503750042,0.025309502070569687,1
06037123103,1343,1217,1403.9103852888143,-186.91038528881427,-0.1331355528439679,0
06037120020,1085,1049,1134.2090603412983,-85.20906034129825,-0.07512641480368508,0
06037119900,1765,1838,1845.0497617533558,-7.049761753355824,-0.0038209060262181854,0
06037120300,1699,1627,1776.0563995574796,-149.0563995574796,-0.08392548772359838,0
06037121210,1603,1418,1675.7024181816598,-257.7024181816598,-0.15378769845143397,0
06037125600,2137,1636,2233.9214395846584,-597.9214395846584,-0.2676555356825023,0
06037123410,937,1197,979.4966723869092,217.50332761309085,0.22205621902018596,1
06037124700,1746,1822,1825.188036272725,-3.1880362727249576,-0.0017466892229007532,0
06037125320,1259,1471,1316.100651584972,154.89934841502804,0.1176956703337877,1
06037128210,994,1174,1039.0818488288023,134.91815117119768,0.12984362235108834,1
06037128220,1138,1253,1189.6128208925322,63.38717910746777,0.05328387353787108,1
06037123601,1214,1453,1269.0597228150564,183.94027718494362,0.14494217559511166,1
06037123510,1064,1291,1112.2566269153376,178.74337308466238,0.1607033563651385,1
06037123520,1078,1302,1126.8915825326446,175.10841746735537,0.15539065175534106,1
06037123700,1232,1488,1287.8760943230225,200.12390567697753,0.15539065175534103,1
06037124102,1242,1210,1298.3296340496704,-88.3296340496704,-0.06803328810585492,0
06037124201,1455,1443,1520.9900302272708,-77.99003022727084,-0.051275832633575734,0
06037125200,1232,1364,1287.8760943230225,76.12390567697753,0.05910809744239595,1
06037125310,1544,1376,1614.0265337944372,-238.02653379443723,-0.14747374272395472,0
06037127210,1257,1177,1314.0099436396422,-137.0099436396422,-0.10426857445244431,0
06037131020,1510,1620,1578.4844987238343,41.51550127616565,0.02630086092687632,1
06037480011,1350,1291,1411.227863097468,-120.22786309746789,-0.08519379913147607,0
06037480600,1415,1496,1479.1758713206793,16.824128679320665,0.011373988046667685,1
06037481712,1200,1280,1254.4247671977491,25.575232802250866,0.02038801646063096,1
06037481713,1181,1180,1234.563041717118,-54.56304171711804,-0.044196237756500376,0
06037482303,1199,1144,1253.3794132250841,-109.37941322508414,-0.08726759995494004,0
06037482304,1094,1159,1143.6172460952812,15.382753904718811,0.013450963560790152,1
06037500800,1425,1364,1489.6294110473273,-125.62941104732727,-0.08433601680769706,0
06037503601,1763,1857,1842.9590538080265,14.04094619197349,0.0076186967708052385,1
06037503602,2238,1674,2339.502190823802,-665.5021908238018,-0.2844631620496412,0
06037503702,1595,1456,1667.3395864003414,-211.33958640034143,-0.12675257525469508,0
06037504002,1626,1730,1699.74555955295,30.25444044705,0.017799393725145086,1
06037197410,1437,1844,1502.1736587193045,341.8263412806955,0.22755447700509107,1
06037203710,931,1050,973.2245485509203,76.7754514490797,0.07888770537425743,1
06037577000,1240,1326,1296.2389261043406,29.761073895659365,0.022959558840824186,1
06037599000,1257,1454,1314.0099436396422,139.9900563603578,0.10653652739689547,1
06037601303,1108,1181,1158.2522017125882,22.747798287411797,0.019639762612820397,1
06037602104,1122,1154,1172.8871573298954,-18.887157329895444,-0.016103132523756582,0
06037189500,1313,1463,1372.5497661088705,90.45023389112953,0.0658994202793482,1
06037650602,1496,1532,1563.8495431065273,-31.849543106527335,-0.020366117218194427,0
06037650902,1617,1662,1690.337373798967,-28.337373798967064,-0.01676433014983271,0
06037131200,1938,1903,2025.8959990243648,-122.89599902436476,-0.060662540961406344,0
06037131600,2106,1951,2201.51546643205,-250.51546643204983,-0.11379228093185056,0
06037132700,1382,1318,1444.679190222741,-126.679190222741,-0.0876867273233233,0
06037181300,2075,1918,2169.1094932794413,-251.10949327944127,-0.11576616766348338,0
06037183300,1370,1349,1432.1349425507638,-83.13494255076375,-0.05804965724996053,0
06037183510,1481,1476,1548.1692335165556,-72.16923351655555,-0.046615855653343724,0
06037183810,1006,1098,1051.6260965007798,46.373903499220205,0.044097330461393525,1
06037188100,1384,1419,1446.7698981680708,-27.769898168070767,-0.01919441246547469,0
06037189300,3236,3261,3382.765455543263,-121.76545554326322,-0.035995831559568765,0
06037189800,1466,1640,1532.4889239265835,107.51107607341646,0.07015455341624835,1
06037191000,1111,1241,1161.3882636305827,79.61173636941726,0.06854876948777257,1
06037191201,965,1054,1008.7665836215233,45.233416378476704,0.04484031996389734,1
06037191710,868,885,907.3672482730385,-22.367248273038513,-0.0246507115124657,0
06037192700,1012,1190,1057.8982203367684,132.10177966323158,0.12487191784969509,1
06037194200,3142,3479,3284.5021821127734,194.49781788722657,0.05921683320731266,1
06037197300,1278,1267,1335.9623770656028,-68.96237706560282,-0.051619999372344905,0
06037197500,1194,1410,1248.1526433617603,161.84735663823972,0.12966952199237577,1
06037197600,1045,1296,1092.3949014347065,203.60509856529347,0.18638415310972883,1
06037199202,1158,1239,1210.519900345828,28.48009965417191,0.02352716353199609,1
06037201302,1759,1796,1838.7776379173674,-42.77763791736743,-0.023264171281644555,0
06037408133,1517,1547,1585.8019765324877,-38.80197653248774,-0.02446836181736391,0
06037408135,1781,1930,1861.7754253159926,68.2245746840074,0.036644900215302756,1
06037408211,1231,1349,1286.8307403503577,62.1692596496423,0.04831191678923978,1
06037532304,1231,1112,1286.8307403503577,-174.8307403503577,-0.13586148890316188,0
06037532606,896,917,936.6371595076527,-19.637159507652655,-0.020965599440849657,0
06037532800,933,1062,975.31525649625,86.68474350375004,0.08887869119894501,1
06037532900,971,991,1015.0387074575119,-24.03870745751192,-0.023682552478934055,0
06037603102,1115,1127,1165.5696795212418,-38.569679521241824,-0.03309083978324173,0
06037551700,1578,1612,1649.56856886504,-37.568568865040106,-0.022774784615888125,0
06037552100,1179,1220,1232.4723337717885,-12.472333771788499,-0.010119767746525291,0
06037552601,1351,1318,1412.2732170701324,-94.27321707013243,-0.06675281803170448,0
06037552900,1326,1490,1386.1393677535127,103.86063224648728,0.07492798679746904,1
06037553100,1662,1659,1737.3783025688826,-78.37830256888265,-0.04511297421695247,0
06037553701,1218,1203,1273.2411387057155,-70.24113870571546,-0.05516719227052112,0
06037553901,1221,1305,1276.3772006237098,28.62279937629023,0.02242503184975689,1
06037554516,2154,2534,2251.6924571199597,282.3075428800403,0.12537571105120074,1
06037555104,1632,1397,1706.0176833889388,-309.01768338893885,-0.1811339275071798,0
06037570002,1787,1792,1868.0475491519815,-76.04754915198146,-0.04070964317075547,0
06037570204,1208,1210,1262.7875989790675,-52.787598979067525,-0.04180243694327137,0
06037572002,1535,1597,1604.618348040454,-7.618348040454066,-0.004747763260813717,0
06037572201,1728,1301,1806.3716647647589,-505.37166476475886,-0.27977169628077214,0
06037400304,1419,1552,1483.3572872113384,68.64271278866158,0.04627523886555178,1
06037294110,1561,1246,1631.7975513297388,-385.7975513297388,-0.2364248867853463,0
06037296300,1811,1891,1893.1360444959364,-2.136044495936403,-0.0011283100874586872,0
06037297000,1346,1574,1407.0464472068086,166.95355279319142,0.11865532450944917,1
06037301203,1594,1668,1666.2942324276767,1.7057675723233388,0.0010236892975607028,1
06037310703,1444,1369,1509.4911365279581,-140.49113652795813,-0.09307185257881508,0
06037400602,1162,1307,1214.7013162364872,92.29868376351283,0.07598467419915385,1
06037575901,1162,1120,1214.7013162364872,-94.70131623648717,-0.0779626357283456,0
06037432801,863,807,902.1404784097145,-95.14047840971455,-0.10546082421379357,0
06037460000,2644,2497,2763.9159037257073,-266.91590372570727,-0.09657164437091215,0
06037460501,3779,2965,3950.3926627002447,-985.3926627002447,-0.24944170031611265,0
06037131300,2094,1943,2188.971218760072,-245.97121876007213,-0.11236841154055961,0
06037131400,1406,1469,1469.767685566696,-0.7676855666959455,-0.0005223176249108716,0
06037131900,1964,2056,2053.0752023136492,2.9247976863507574,0.0014245935477934504,1
06037132300,1033,1178,1079.850653762729,98.14934623727095,0.09089159310620455,1
06037133000,1729,1797,1807.4170187374234,-10.417018737423405,-0.005763483816645837,0
06037134101,1453,1602,1518.8993222819413,83.1006777180587,0.05471111646373714,1
06037480704,1483,1545,1550.2599414618849,-5.259941461884864,-0.003392941610117832,0
06037480803,1528,1317,1597.3008702318004,-280.30087023180045,-0.17548407783132502,0
06037481201,1235,1419,1291.0121562410168,127.98784375898322,0.09913759769051268,1
06037482521,1505,1335,1573.2577288605105,-238.2577288605105,-0.15144227451727021,0
06037502301,1500,1585,1568.0309589971864,16.969041002813583,0.010821878806312543,1
06037482502,1188,1147,1241.8805195257717,-94.88051952577166,-0.07640068270174898,0
06037501300,1579,1431,1650.6139228377049,-219.61392283770488,-0.13304984272769776,0
06037501700,1452,1423,1517.8539683092763,-94.8539683092763,-0.062492156880502324,0
06037134800,2152,1866,2249.60174917463,-383.6017491746302,-0.1705198483755501,0
06037134901,1637,1740,1711.244453252263,28.75554674773707,0.016803880178011057,1
06037530801,995,1041,1040.1272028014669,0.8727971985331351,0.0008391254417559246,1
06037530802,990,1146,1034.900432938143,111.09956706185699,0.10735290422716202,1
06037531302,998,1224,1043.2632647194614,180.7367352805386,0.17324173235328053,1
06037532302,1125,1091,1176.0232192478898,-85.02321924788976,-0.0722972283678763,0
06037532603,938,996,980.5420263595738,15.45797364042619,0.015764723209077024,1
06037533104,865,911,904.2311863550441,6.768813644955912,0.007485711339199658,1
06037533201,989,1055,1033.8550789654782,21.144921034521758,0.020452500030933074,1
06037533300,1036,913,1082.9867156807234,-169.98671568072336,-0.15696103490417823,0
06037533702,1066,1047,1114.3473348606672,-67.34733486066716,-0.06043657372688737,0
06037241400,1401,1192,1464.5409157033723,-272.5409157033723,-0.186093070382045,0
06037242200,1269,1063,1326.55419131162,-263.5541913116199,-0.1986757819905064,0
06037262302,4001,3451,4182.461244631829,-731.4612446318288,-0.17488775193569484,0
06037265520,2156,2286,2253.7831650652893,32.21683493471073,0.01429455833821416,1
06037143700,2426,3072,2536.0287376847828,535.9712623152172,0.2113427400686798,1
06037181500,2036,1944,2128.3406883455145,-184.34068834551454,-0.08661239685682723,0
06037402402,1512,1609,1580.5752066691641,28.424793330835882,0.01798382842581535,1
06037405102,1259,1273,1316.100651584972,-43.100651584971956,-0.03274875028218101,0
06037430002,1641,1686,1715.425869142922,-29.42586914292201,-0.017153681585566884,0
06037431600,2082,2005,2176.426971088095,-171.4269710880949,-0.07876532195444662,0
06037117510,1180,1246,1233.5176877444533,12.48231225554673,0.010119281125486934,1
06037134422,2414,2323,2523.4844900128055,-200.4844900128055,-0.0794474825608253,0
06037141700,3907,3214,4084.1979712013385,-870.1979712013385,-0.21306459122141325,0
06037131010,1224,1369,1279.5132625417043,89.48673745829569,0.06993810855897946,1
06037920110,2448,2446,2559.0265250834086,-113.02652508340861,-0.04416778176213888,0
06037577501,1947,1962,2035.304184778348,-73.30418477834792,-0.03601632882523209,0
06037407302,1569,1419,1640.160383111057,-221.16038311105694,-0.13484070545074367,0
06037408501,1425,1457,1489.6294110473273,-32.62941104732727,-0.02190438159004004,0
06037430721,1804,1475,1885.818566687283,-410.818566687283,-0.21784628380711413,0
06037432901,1331,1320,1391.3661376168366,-71.36613761683657,-0.05129213345602481,0
06037460600,3352,3702,3504.0265163723793,197.97348362762068,0.056498854304497984,1
06037700200,1363,1505,1424.8174647421101,80.18253525788987,0.05627565442033853,1
06037601301,1737,1910,1815.7798505187418,94.2201494812582,0.05188963268555981,1
06037603004,987,1013,1031.7643710201487,-18.7643710201487,-0.01818668248991345,0
06037920109,2262,2124,2364.590686167757,-240.5906861677572,-0.1017472865706316,0
06037403403,2762,2513,2887.2676725001525,-374.26767250015246,-0.12962693970665537,0
06037535802,1204,1132,1258.6061830884082,-126.60618308840822,-0.10059237336474695,0
06037402501,1026,979,1072.5331759540754,-93.53317595407543,-0.08720772284817455,0
06037402600,1133,1101,1184.3860510292081,-83.38605102920815,-0.0704044521266924,0
06037402902,1159,1183,1211.5652543184926,-28.565254318492634,-0.02357714883013927,0
06037403000,1140,1349,1191.7035288378615,157.29647116213846,0.1319929557610126,1
06037403322,1881,1951,1966.3108225824717,-15.310822582471701,-0.007786572909344565,0
06037403325,2194,2065,2293.5066160265515,-228.50661602655146,-0.09963198467787027,0
06037403600,1727,1794,1805.326310792094,-11.326310792094091,-0.006273830234670777,0
06037403722,1173,1215,1226.2002099357999,-11.200209935799876,-0.009134079284154,0
06037404701,1288,1404,1346.4159167922508,57.584083207749245,0.042768421324771336,1
06037400402,1934,2174,2021.7145831337057,152.28541686629433,0.07532488420311452,1
06037404703,1294,1245,1352.6880406282396,-107.6880406282396,-0.07961040342917884,0
06037405101,1469,1420,1535.6249858445779,-115.62498584457785,-0.07529506677112661,0
06037670002,1316,1438,1375.6858280268648,62.31417197313522,0.04529680447643481,1
06037651302,1904,2466,1990.353963953762,475.6460360462379,0.23897560165699633,1
06037186202,1386,1369,1448.8606061134,-79.86060611340008,-0.05511959244142049,0
06037186203,1981,1735,2070.846219848951,-335.846219848951,-0.1621782518807446,0
06037186301,1074,1177,1122.7101666419856,54.28983335801445,0.048356053922977094,1
06037186302,1436,1594,1501.12830474664,92.87169525336003,0.061867926252336496,1
06037186403,1173,1338,1226.2002099357999,111.79979006420012,0.09117580404757362,1
06037186404,1097,1199,1146.7533080132757,52.24669198672427,0.045560533047199564,1
06037187101,1231,1629,1286.8307403503577,342.1692596496423,0.26590075051865947,1
06037187102,1331,1447,1391.3661376168366,55.63386238316343,0.03998506279479704,1
06037188201,1482,1566,1549.21458748922,16.785412510779906,0.010834788573727333,1
06037188202,1697,1740,1773.9656916121503,-33.965691612150295,-0.01914675789546011,0
06037189101,1521,1453,1589.983392423147,-136.98339242314705,-0.08615397687543346,0
06037189102,1436,1436,1501.12830474664,-65.12830474663997,-0.043386234568158585,0
06037189201,1104,1243,1154.0707858219291,88.92921417807088,0.07705698408675643,1
06037189202,1970,1993,2059.3473261496383,-66.34732614963832,-0.03221764745905584,0
06037189903,1630,1685,1703.9269754436093,-18.926975443609308,-0.011107855979967544,0
06037189904,1272,1459,1329.690253229614,129.30974677038603,0.09724802182787493,1
06037189905,1541,1548,1610.890471876443,-62.890471876442916,-0.03904081188287436,0
06037190201,966,1155,1009.8119375941881,145.18806240581193,0.14377732823372355,1
06037190202,1061,1330,1109.120564997343,220.87943500265692,0.1991482639249287,1
06037190401,1033,1156,1079.850653762729,76.14934623727095,0.07051840545905982,1
06037190402,1077,1113,1125.8462285599799,-12.846228559979863,-0.011410286977122005,0
06037190801,885,1009,925.13826580834,83.86173419166005,0.09064778454319564,1
06037271600,1499,1731,1566.9856050245216,164.01439497547835,0.10466873112909783,1
06037463000,2046,1996,2138.7942280721622,-142.79422807216224,-0.06676389256991412,0
06037293302,1946,1799,2034.2588308056834,-235.25883080568337,-0.11564842548207464,0
06037460502,3392,3030,3545.840675278971,-515.840675278971,-0.14547768005351425,0
06037195710,925,1115,966.9524247149317,148.04757528506832,0.15310740373676027,1
06037139502,2268,1810,2370.862810003746,-560.8628100037458,-0.2365648521024545,0
06037143300,1522,1728,1591.0287463958116,136.9712536041884,0.08608974156782022,1
06037232300,1146,1571,1197.9756526738504,373.0243473261496,0.3113789053171231,1
06037235100,1814,1954,1896.272106413931,57.72789358606906,0.030442832223714536,1
06037237710,1068,1135,1116.4380428059967,18.5619571940033,0.016626052214550706,1
06037238100,1294,1330,1352.6880406282396,-22.688040628239605,-0.01677255948659265,0
06037240020,1171,1367,1224.10950199047,142.8904980095299,0.11673015998747008,1
06037241110,1403,1232,1466.6316236487016,-234.63162364870163,-0.15997992942834724,0
06037920030,1969,1845,2058.3019721769733,-213.30197217697332,-0.10363006743435874,0
06037910805,2343,1856,2449.2643579536048,-593.2643579536048,-0.24222144744280916,0
06037910809,4001,3362,4182.461244631829,-820.4612446318288,-0.19616708838244162,0
06037535606,918,946,959.6349469062781,-13.63494690627806,-0.014208472659561976,0
06037534202,1120,1173,1170.796449384566,2.2035506154340965,0.0018820954031696989,1
06037534900,1104,1131,1154.0707858219291,-23.07078582192912,-0.019990789217923154,0
06037535102,1028,1175,1074.623883899405,100.37611610059503,0.09340581165604467,1
06037535701,1243,1199,1299.3749880223352,-100.37498802233517,-0.07724866874273696,0
06037536000,997,1044,1042.2179107467964,1.7820892532035941,0.0017099008132825566,1
06037536102,1261,1334,1318.1913595303013,15.80864046969873,0.011992674929481919,1
06037536200,1244,1363,1300.420341995,62.579658005000056,0.04812263849163986,1
06037540400,1403,993,1466.6316236487016,-473.63162364870163,-0.32293836844346496,0
06037107010,1576,1628,1647.4778609197106,-19.477860919710565,-0.011822836216346468,0
06037108101,2254,2669,2356.227854386439,312.77214561356095,0.13274274176467823,1
06037109300,2034,2296,2126.249980400185,169.750019599815,0.07983540090044637,1
06037109400,1855,1654,1939.131619293187,-285.131619293187,-0.14704087977128513,0
06037109800,1848,2020,1931.8141414845336,88.1858585154664,0.0456492457642424,1
06037111204,3038,2665,3175.785368955635,-510.785368955635,-0.16083749674922398,0
06037113401,1949,1990,2037.3948927236775,-47.39489272367746,-0.02326249707061841,0
06037115301,1765,1938,1845.0497617533558,92.95023824664418,0.050378174168220435,1
06037117405,975,1133,1019.2201233481712,113.77987665182877,0.11163425254797578,1
06037119320,1411,1532,1474.9944554300198,57.0055445699802,0.03864797210601094,1
06037120030,1092,988,1141.5265381499516,-153.52653814995165,-0.13449230746642904,0
06037121020,1342,1527,1402.8650313161495,124.1349686838505,0.08848675097945004,1
06037122000,1722,1725,1800.09954092877,-75.09954092877001,-0.041719660063921825,0
06037123020,1497,1612,1564.8948970791919,47.10510292080812,0.030101128841769336,1
06037123800,1341,1355,1401.8196773434845,-46.8196773434845,-0.03339921539139045,0
06037124000,1626,1646,1699.74555955295,-53.74555955295,-0.03161976758867699,0
06037124300,1198,1100,1252.3340592524196,-152.3340592524196,-0.12164011521283336,0
06037124500,1565,1820,1635.9789672203979,184.02103277960214,0.11248373999102335,1
06037125100,1431,1388,1495.9015348833157,-107.90153488331566,-0.07213144205492929,0
06037127220,1000,1124,1045.353972664791,78.64602733520906,0.07523387234538988,1
06037301601,1288,1274,1346.4159167922508,-72.41591679225075,-0.05378421027937416,0
06037302102,1307,1374,1366.2776422728818,7.722357727118151,0.005652114539671133,1
06037143902,1737,2266,1815.7798505187418,450.2201494812582,0.24794864275679504,1
06037183620,1171,1317,1224.10950199047,92.89049800952989,0.0758841409681771,1
06037187300,1687,1880,1763.5121518855024,116.48784811449764,0.06605446295901721,1
06037189702,2105,1935,2200.470112459385,-265.47011245938484,-0.12064245315410288,0
06037199110,1176,1250,1229.3362718537942,20.663728146205813,0.01680884931105601,1
06037191720,884,936,924.0929118356752,11.907088164324819,0.012885163398420451,1
06037197200,1028,1158,1074.623883899405,83.37611610059503,0.07758632331719124,1
06037199900,849,932,887.5055227924075,44.49447720759247,0.050134310226709396,1
06037650101,1432,1356,1496.9468888559807,-140.94688885598066,-0.09415623887878695,0
06037574800,1381,1279,1443.6338362500762,-164.63383625007623,-0.11404127010331255,0
06037574902,1517,1641,1585.8019765324877,55.19802346751226,0.034807639468458836,1
06037575103,1111,1151,1161.3882636305827,-10.388263630582742,-0.008944694858641232,0
06037575902,928,943,970.088486632926,-27.088486632925992,-0.027923727583807584,0
06037576401,982,1060,1026.5376011568246,33.46239884317538,0.03259734354149908,1
06037600202,1013,1060,1058.9435743094332,1.0564256905668117,0.0009976222682646114,1
06037600400,1386,1308,1448.8606061134,-140.86060611340008,-0.09722164128077283,0
06037600602,1019,1137,1065.215698145422,71.78430185457796,0.06738945171344823,1
06037601600,1050,1070,1097.6216712980304,-27.62167129803038,-0.02516501998850425,0
06037601700,1146,1137,1197.9756526738504,-60.97565267385039,-0.050898908118670295,0
06037602200,1400,1560,1463.4955617307073,96.50443826929268,0.06594105290976626,1
06037603101,1211,1219,1265.9236608970618,-46.923660897061836,-0.03706673818215127,0
06037603400,1163,1502,1215.746670209152,286.25332979084806,0.23545475122839715,1
06037620001,1482,1720,1549.21458748922,170.7854125107799,0.11023999766718455,1
06037620002,1597,1590,1669.4302943456712,-79.4302943456712,-0.0475792817553989,0
06037620201,2258,2721,2360.4092702770977,360.5907297229023,0.15276618943314485,1
06037232600,1189,1091,1242.9258734984367,-151.92587349843666,-0.12223244904445844,0
06037234000,1444,1385,1509.4911365279581,-124.49113652795813,-0.082472254069875,0
06037234300,1208,1154,1262.7875989790675,-108.78759897906752,-0.08614877044011171,0
06037237300,1345,1366,1406.0010932341436,-40.00109323414358,-0.028450257561415806,0
06037237500,1073,951,1121.6648126693206,-170.66481266932055,-0.15215313054456533,0
06037199120,945,1023,987.8595041682274,35.14049583177257,0.03557236194367607,1
06037201301,1180,1078,1233.5176877444533,-155.51768774445327,-0.1260765770037922,0
06037203600,964,1011,1007.7212296488584,3.2787703511415884,0.0032536481862985855,1
06037204110,881,1076,920.9568499176809,155.04315008231913,0.1683500699258359,1
06037301502,1455,1525,1520.9900302272708,4.009969772729164,0.0026364208134421383,1
06037204420,882,848,922.0022038903456,-74.00220389034564,-0.08026250216983948,0
06037204600,1161,995,1213.6559622638222,-218.65596226382218,-0.18016305202008406,0
06037204920,1376,1059,1438.4070663867521,-379.40706638675215,-0.26376891163348815,0
06037206300,300,300,313.6061917994373,-13.606191799437283,-0.043386234568158474,0
06037920023,1203,1257,1257.5608291157437,-0.5608291157436724,-0.0004459657956569946,0
06037920033,993,1096,1038.0364948561373,57.963505143862676,0.055839563860320636,1
06037920045,2716,2495,2839.181389757572,-344.1813897575721,-0.12122557262428399,0
06037920114,2084,2026,2178.5176790334244,-152.51767903342443,-0.07000984224332493,0
06037920102,1844,1404,1927.6327255938745,-523.6327255938745,-0.27164548445428116,0
06037920115,2390,2109,2498.39599466885,-389.3959946688501,-0.15585839694738327,0
06037920116,2507,2121,2620.7024094706308,-499.70240947063076,-0.1906749914316171,0
06037920118,2533,2435,2647.8816127599157,-212.8816127599157,-0.0803969526938279,0
06037920119,3656,2989,3821.814124062476,-832.8141240624759,-0.21791068247380357,0
06037920336,1205,1348,1259.651537061073,88.34846293892701,0.07013722473205185,1
06037920337,1440,1553,1505.309720637299,47.69027936270095,0.03168137341364569,1
06037920338,3710,3231,3878.263238586374,-647.263238586374,-0.16689512773307807,0
06037920339,2928,2862,3060.796431962508,-198.796431962508,-0.06494924977256478,0
06037930101,1690,1670,1766.6482138034967,-96.64821380349667,-0.054707107531848896,0
06037930301,1076,1200,1124.800874587315,75.19912541268491,0.06685550048160761,1
06037980008,1082,975,1131.0729984233037,-156.07299842330372,-0.13798667163027212,0
06037980024,3265,2438,3413.0807207505422,-975.0807207505422,-0.28568932308642275,0
06037980010,1192,1031,1246.0619354164307,-215.06193541643074,-0.17259329516759342,0
06037920044,1754,1951,1833.5508680540431,117.44913194595688,0.06405556234750456,1
06037137000,2882,2755,3012.7101492199276,-257.71014921992764,-0.085540970241248,0
06037137501,1881,1963,1966.3108225824717,-3.310822582471701,-0.001683773767833614,0
06037651002,1563,1581,1633.888259275068,-52.888259275068094,-0.03236956932326194,0
06037651201,2374,2482,2481.670331106214,0.32966889378622,0.00013284153404826695,1
06037651221,1397,1363,1460.3594998127128,-97.35949981271278,-0.06666817302533991,0
06037670403,2106,2368,2201.51546643205,166.48453356795017,0.07562269541434027,1
06037670413,2484,2517,2596.659268099341,-79.6592680993408,-0.03067759758778381,0
06037670701,1884,1784,1969.4468845004662,-185.44688450046624,-0.09416191213885075,0
06037700300,1553,1585,1623.4347195484202,-38.43471954842016,-0.023674939981024483,0
06037701501,1500,1835,1568.0309589971864,266.9690410028136,0.17025750637828613,1
06037701701,1566,1491,1637.0243211930626,-146.02432119306263,-0.0892010700773463,0
06037702201,1593,1865,1665.248878455012,199.7511215449881,0.11995271345284654,1
06037702700,2461,2363,2572.6161267280504,-209.6161267280504,-0.08147975306158406,0
06037702801,1474,1598,1540.851755707902,57.14824429209807,0.0370887362008702,1
06037703001,1727,1889,1805.326310792094,83.67368920790591,0.046348235611319344,1
06037900504,1511,1288,1579.5298526964991,-291.5298526964991,-0.18456748519112384,0
06037900602,707,684,739.0652586740072,-55.06525867400717,-0.07450662580568652,0
06037900703,899,914,939.7732214256471,-25.77322142564708,-0.027424937035925325,0
06037910201,1514,1416,1582.6659146144934,-166.66591461449343,-0.10530707275331067,0
06037213202,951,1069,994.1316280042162,74.86837199578383,0.0753103209743834,1
06037214100,2692,2736,2814.092894413617,-78.09289441361716,-0.02775064553435421,0
06037217100,1355,1433,1416.4546329607917,16.54536703920826,0.011680830895814679,1
06037218300,1179,1221,1232.4723337717885,-11.472333771788499,-0.009308390506973263,0
06037218400,1094,1236,1143.6172460952812,92.38275390471881,0.08078118288277535,1
06037219700,1187,1374,1240.835165553107,133.1648344468931,0.10731871415615013,1
06037220000,1088,1274,1137.3451222592926,136.65487774070743,0.12015251577221148,1
06037602801,959,1011,1002.4944597855346,8.50554021446544,0.008484376279032053,1
06037602802,1325,1326,1385.0940137808482,-59.09401378084817,-0.042664261915002485,0
06037603005,1147,1298,1199.0210066465152,98.97899335348484,0.08254984091589394,1
06037603006,992,1168,1036.9911408834728,131.00885911652722,0.1263355625245874,1
06037603801,1232,1293,1287.8760943230225,5.123905676977529,0.003978570376112876,1
06037603802,1413,1447,1477.0851633753496,-30.085163375349566,-0.020367927402777975,0
06037604001,1434,1412,1499.0375968013102,-87.0375968013102,-0.058062317440892436,0
06037604002,1525,1423,1594.1648083138061,-171.16480831380613,-0.1073695815019603,0
06037620305,2355,2213,2461.8086056255825,-248.80860562558246,-0.10106740428846477,0
06037122120,1240,1427,1296.2389261043406,130.76107389565937,0.10087729296067581,1
06037123010,1185,1288,1238.7444576077771,49.25554239222288,0.03976247246937724,1
06037128910,1770,1748,1850.27653161668,-102.2765316166799,-0.0552763491667463,0
06037134305,1125,1186,1176.0232192478898,9.976780752110244,0.008483489601923645,1
06037134710,1111,1169,1161.3882636305827,7.611736369417258,0.006553998010641529,1
06037135202,2252,2267,2354.137146441109,-87.13714644110905,-0.03701447325311506,0
06037137302,2494,2642,2607.1128078259885,34.88719217401149,0.013381543011597998,1
06037139802,4001,3865,4182.461244631829,-317.4612446318288,-0.07590297340813114,0
06037141302,1805,1791,1886.8639206599476,-95.86392065994755,-0.050805953524416476,0
06037143100,1883,1881,1968.4015305278012,-87.40153052780124,-0.044402287425759954,0
06037143800,1921,2461,2008.1249814890632,452.8750185109368,0.22552133093584706,1
06037402702,974,1051,1018.1747693755063,32.825230624493656,0.03223928898240808,1
06037402703,1394,1371,1457.2234378947187,-86.2234378947187,-0.05916967546122338,0
06037403303,1336,1782,1396.5929074801606,385.40709251983935,0.2759623727541479,1
06037403702,1641,1868,1715.425869142922,152.574130857078,0.08894242158847038,1
06037119800,1668,1841,1743.6504264048715,97.3495735951285,0.05583090057555158,1
06037120010,1622,1434,1695.564143662291,-261.5641436622909,-0.15426378567863086,0
06037122200,1370,1464,1432.1349425507638,31.865057449236247,0.02225003838847871,1
06037122420,1135,1197,1186.4767589745377,10.523241025462312,0.008869319138250516,1
06037404402,1569,1647,1640.160383111057,6.8396168889430555,0.004170090290785872,1
06037406300,1689,2250,1765.602859830832,484.3971401691681,0.2743522630086699,1
06037543905,1442,1422,1507.4004285826284,-85.40042858262836,-0.056654109262081274,0
06037544001,1583,1558,1654.795338728364,-96.79533872836396,-0.05849384299253999,0
06037544002,1887,1720,1972.5829464184606,-252.58294641846055,-0.1280468062836421,0
06037550601,1436,1300,1501.12830474664,-201.12830474663997,-0.13398475274276195,0
06037550602,1813,2099,1895.226752441266,203.77324755873406,0.10751919119770292,1
06037550901,1257,1287,1314.0099436396422,-27.009943639642188,-0.020555357111551258,0
06037550902,1319,1255,1378.8218899448593,-123.82188994485932,-0.08980267201140178,0
06037551101,1195,1138,1249.197997334425,-111.19799733442505,-0.08901551040884037,0
06037551102,1171,1163,1224.10950199047,-61.10950199047011,-0.04992159761124528,0
06037551401,1202,1192,1256.5154751430787,-64.51547514307867,-0.05134475175145164,0
06037551402,1477,1764,1543.9878176258962,220.01218237410376,0.1424960610844742,1
06037551501,1290,1366,1348.5066247375803,17.493375262419704,0.012972405875888018,1
06037551502,1215,1462,1270.105076787721,191.89492321227908,0.15108586424802667,1
06037552001,1466,1603,1532.4889239265835,70.51107607341646,0.046010822637954946,1
06037552002,1526,1614,1595.2101622864711,18.78983771352887,0.011778910489509877,1
06037552301,1695,1722,1771.8749836668205,-49.874983666820526,-0.0281481391895981,0
06037552302,1226,1326,1281.6039704870336,44.39602951296638,0.034640989365923275,1
06037553503,1413,1370,1477.0851633753496,-107.08516337534957,-0.072497623042022,0
06037553504,1286,1262,1344.325208846921,-82.32520884692099,-0.06123905756222072,0
06037554103,1690,1612,1766.6482138034967,-154.64821380349667,-0.08753763912655114,0
06037554104,1262,1140,1319.2367135029663,-179.23671350296627,-0.1358639519870846,0
06037554105,1154,1211,1206.3384844551686,4.661515544831445,0.0038641853881804782,1
06037554203,1232,1162,1287.8760943230225,-125.87609432302247,-0.0977392894222404,0
06037554204,1078,1079,1126.8915825326446,-47.891582532644634,-0.04249883775421428,0
06037554301,1320,1375,1379.8672439175239,-4.867243917523865,-0.003527327675164949,0
06037504101,1421,1278,1485.4479951566677,-207.44799515666773,-0.13965348893603544,0
06037530005,1408,878,1471.8583935120257,-593.8583935120257,-0.4034752229764511,0
06037530204,1300,1309,1358.9601644642285,-49.960164464228455,-0.03676352388439973,0
06037533402,976,1076,1020.2654773208359,55.734522679164115,0.05462747090641553,1
06037531603,1124,1069,1174.977865275225,-105.97786527522499,-0.09019562700476991,0
06037502005,1590,1579,1662.1128165370176,-83.11281653701758,-0.050004317222089444,0
06037502801,1621,1729,1694.5187896896261,34.481210310373854,0.020348673924524347,1
06037502802,964,1179,1007.7212296488584,171.2787703511416,0.16996642058520875,1
06037503103,1727,1655,1805.326310792094,-150.3263107920941,-0.08326822131459316,0
06037503104,1530,1436,1599.3915781771302,-163.3915781771302,-0.10215858355547427,0
06037503105,1505,1518,1573.2577288605105,-55.2577288605105,-0.035123125630873546,0
06037262501,4001,3474,4182.461244631829,-708.4612446318288,-0.1693885975730524,0
06037262604,2873,3236,3003.3019634659445,232.69803653405552,0.07748073266183052,1
06037262704,2473,2103,2585.160374400028,-482.1603744000281,-0.18651081734607253,0
06037262706,3023,2976,3160.105059365663,-184.10505936566278,-0.05825915781503123,0
06037262802,3271,3518,3419.352844586531,98.64715541346914,0.02884965661547502,1
06037553000,1897,1777,1983.0364861451083,-206.03648614510826,-0.10389949331977727,0
06037553400,1307,1404,1366.2776422728818,37.72235772711815,0.027609584289445613,1
06037480201,2257,1974,2359.363916304433,-385.36391630443313,-0.16333381791650192,0
06037480901,1124,1193,1174.977865275225,18.022134724775015,0.015338275943226844,1
06037481300,1716,1347,1793.8274170927812,-446.82741709278116,-0.2490916421697607,0
06037481603,1208,1389,1262.7875989790675,126.21240102093248,0.09994745048412898,1
06037481714,1121,1170,1171.8418033572307,-1.841803357230674,-0.001571716721449993,0
06037482301,1281,1185,1339.0984389835971,-154.09843898359713,-0.1150762591438468,0
06037482401,1104,1133,1154.0707858219291,-21.07078582192912,-0.018257793266053875,0
06037482600,1404,1330,1467.6769776213664,-137.6769776213664,-0.09380604841570563,0
06037800504,3219,2713,3364.9944380079623,-651.9944380079623,-0.19375795414209823,0
06037800506,2884,2932,3014.8008571652567,-82.80085716525673,-0.027464784935450876,0
06037900103,1225,955,1280.5586165143689,-325.55861651436885,-0.25423171756129903,0
06037900104,1162,1040,1214.7013162364872,-174.70131623648717,-0.14382244746203518,0
06037900201,1081,1030,1130.027644450639,-100.02764445063895,-0.08851787382534984,0
06037900505,1400,1078,1463.4955617307073,-385.4955617307073,-0.263407400617482,0
06037574100,2048,1922,2140.884936017492,-218.88493601749178,-0.102240401777344,0
06037574400,2072,1929,2165.9734313614467,-236.97343136144673,-0.10940735834072278,0
06037143602,1846,1853,1929.723433539204,-76.72343353920405,-0.03975877175232807,0
06037139303,1238,1347,1294.1482181590113,52.85178184098868,0.04083904849490339,1
06037139600,1640,1655,1714.380515170257,-59.38051517025701,-0.034636718420915945,0
06037139701,2998,2619,3133.9712100490433,-514.9712100490433,-0.16431906215277087,0
06037183101,1416,1304,1480.2212252933439,-176.22122529334388,-0.11905060019553572,0
06037185310,1215,1017,1270.105076787721,-253.10507678772092,-0.19927884819408814,0
06037186401,1027,1113,1073.5785299267404,39.42147007325957,0.03671968931415724,1
06037189701,1821,2333,1903.5895842225843,429.41041577741566,0.22557930519082167,1
06037190700,994,1207,1039.0818488288023,167.91815117119768,0.16160242945295028,1
06037190902,994,1077,1039.0818488288023,37.91815117119768,0.03649197723349416,1
06037191110,941,1001,983.6780882775682,17.321911722431764,0.017609329646411695,1
06037191500,964,1068,1007.7212296488584,60.27877035114159,0.05981691025021453,1
06037192410,1242,1524,1298.3296340496704,225.6703659503296,0.173815924732791,1
06037192420,1268,1242,1325.508837338955,-83.50883733895489,-0.06300134332307003,0
06037540700,1217,1379,1272.1957847330507,106.80421526694931,0.08395265614667982,1
06037404702,1482,1395,1549.21458748922,-154.2145874892201,-0.09954372282225439,0
06037403721,1457,1649,1523.0807381726004,125.91926182739962,0.08267405572896823,1
06037403901,1860,1788,1944.3583891565113,-156.3583891565113,-0.0804164448429395,0
06037404100,1507,1463,1575.3484368058398,-112.34843680583981,-0.0713165634858764,0
06037404802,1401,1515,1464.5409157033723,50.45908429662768,0.03445385769396125,1
06037405001,1559,1322,1629.706843384409,-307.706843384409,-0.18881116234708495,0
06037406601,2014,1760,2105.3429009468887,-345.3429009468887,-0.16403166476661304,0
06037573402,1161,1231,1213.6559622638222,17.344037736177825,0.014290736646509063,1
06037501503,1151,1262,1203.2024225371745,58.79757746282553,0.04886756904863936,1
06037530003,1857,1635,1941.2223272385168,-306.22232723851675,-0.15774716936938024,0
06037530902,857,932,895.8683545737258,36.13164542627419,0.040331422850030725,1
06037531604,902,1032,942.9092833436415,89.0907166563585,0.09448492896414676,1
06037533105,984,1033,1028.6283091021544,4.37169089784561,0.004250020011272558,1
06037533106,1017,982,1063.1249902000925,-81.1249902000925,-0.07630804557122096,0
06037310100,2710,2786,2832.9092659215835,-46.90926592158348,-0.01655868985494079,0
06037310400,1305,1601,1364.186934327552,236.81306567244792,0.17359282640335508,1
06037320300,1242,1248,1298.3296340496704,-50.3296340496704,-0.03876491202984044,0
06037401603,1421,1082,1485.4479951566677,-403.44799515666773,-0.2716002152024964,0
06037401701,1182,1357,1235.608395689783,121.39160431021696,0.09824439906176717,1
06037401901,1134,1477,1185.431405001873,291.5685949981271,0.24595990435875656,1
06037402801,1135,1177,1186.4767589745377,-9.476758974537688,-0.007987311089623344,0
06037403304,2267,1908,2369.8174560310813,-461.8174560310813,-0.19487469587827372,0
06037403316,1895,1887,1980.945778199779,-93.94577819977894,-0.047424709567343085,0
06037403320,2151,1831,2248.556395201965,-417.5563952019652,-0.18569976545527572,0
06037403404,2622,2394,2740.918116327082,-346.91811632708186,-0.12657004025788382,0
06037504001,1769,1756,1849.2311776440154,-93.23117764401536,-0.0504161830987487,0
06037530006,1310,1280,1369.413704190876,-89.41370419087593,-0.0652934200360631,0
06037530202,1492,1328,1559.668127215868,-231.66812721586803,-0.1485368093207201,0
06037530601,1068,1073,1116.4380428059967,-43.4380428059967,-0.038907705703777176,0
06037531102,831,1065,868.6891512844413,196.31084871555868,0.22598515064369576,1
06037531602,973,981,1017.1294154028417,-36.12941540284169,-0.03552096208773233,0
06037531702,976,1050,1020.2654773208359,29.734522679164115,0.029143907483026307,1
06037531902,979,1210,1023.4015392388303,186.5984607611697,0.18233162019665808,1
06037532200,1138,1136,1189.6128208925322,-53.61282089253223,-0.0450674538395678,0
06037532303,1015,984,1061.0342822547627,-77.03428225476273,-0.07260300967001761,0
06037532700,991,1142,1035.9457869108078,106.05421308919222,0.10237428872165799,1
06037533103,910,898,951.2721151249597,-53.27211512495967,-0.05600092158484201,0
06037533203,1003,1063,1048.4900345827853,14.509965417214744,0.013838915906328613,1
06037533602,1068,1016,1116.4380428059967,-100.4380428059967,-0.08996293475772377,0
06037535400,1133,1163,1184.3860510292081,-21.386051029208147,-0.018056655607032936,0
06037535607,1182,1159,1235.608395689783,-76.60839568978304,-0.06200054641666312,0
06037540101,1341,1447,1401.8196773434845,45.1803226565155,0.03222976777022732,1
06037310501,1327,1360,1387.1847217261775,-27.184721726177486,-0.01959704522433718,0
06037221110,793,958,828.9657003231792,129.03429967682075,0.15565698270328393,1
06037221120,1060,1047,1108.0752110246785,-61.07521102467854,-0.05511829018194533,0
06037222500,1133,1316,1184.3860510292081,131.61394897079185,0.11112419709470736,1
06037224020,765,779,799.6957890885651,-20.695789088565107,-0.025879577423000635,0
06037224320,792,803,827.9203463505144,-24.920346350514365,-0.030099932270493936,0
06037227020,1021,991,1067.3064060907516,-76.30640609075158,-0.07149437654950545,0
06037228720,1154,1174,1206.3384844551686,-32.338484455168555,-0.026807139846635936,0
06037229200,958,917,1001.4491058128697,-84.44910581286967,-0.08432690720146271,0
06037231300,1070,1155,1118.5287507513265,36.47124924867353,0.03260644773250168,1
06037231710,933,1035,975.31525649625,59.68474350375004,0.061195334643039626,1
06037232700,1048,1122,1095.5309633527008,26.469036647299163,0.024160920624547957,1
06037236202,949,1041,992.0409200588866,48.95907994111337,0.049351875463168604,1
06037115202,1442,1345,1507.4004285826284,-162.40042858262836,-0.10773542683368446,0
06037115401,1264,1345,1321.3274214482958,23.67257855170419,0.01791575514701487,1
06037212701,1370,1450,1432.1349425507638,17.865057449236247,0.012474423267277412,1
06037212502,1074,1167,1122.7101666419856,44.28983335801445,0.039449035622866835,1
06037212702,2131,2067,2227.6493157486693,-160.64931574866932,-0.07211607078948072,0
06037214501,2127,2438,2223.4678998580102,214.53210014198976,0.09648535971924294,1
06037214502,2016,2138,2107.4336088922187,30.566391107781328,0.01450408258595092,1
06037214503,1910,1966,1996.6260877897507,-30.626087789750727,-0.015338919979580937,0
06037214901,1934,1901,2021.7145831337057,-120.71458313370567,-0.059709013399208505,0
06037214902,1712,2099,1789.646001202122,309.3539987978779,0.17285764815504404,1
06037215101,1234,1652,1289.9668022683518,362.0331977316482,0.2806531122312824,1
06037215102,1443,1595,1508.4457825552934,86.55421744470664,0.05737973379333832,1
06037216401,1539,1580,1608.7997639311131,-28.799763931113148,-0.017901397412404343,0
06037216402,1572,1799,1643.2964450290515,155.70355497094852,0.09475074046557429,1
06037217001,1918,2255,2004.9889195710691,250.01108042893088,0.12469449481168016,1
06037217002,1609,1768,1681.9745420176487,86.02545798235133,0.05114551726755486,1
06037218701,1109,1315,1159.297555685253,155.70244431474703,0.13430757578257152,1
06037218702,948,1042,990.9955660862217,51.00443391377826,0.05146787297466133,1
06037219901,1106,1200,1156.161493767259,43.83850623274111,0.03791728618282977,1
06037219902,1073,1336,1121.6648126693206,214.33518733067945,0.1910866641350796,1
06037221303,981,938,1025.4922471841599,-87.49224718415985,-0.08531731704886095,0
06037221304,1040,1103,1087.1681315713824,15.831868428617554,0.01456248391473205,1
06037211910,1029,1126,1075.66923787207,50.33076212793003,0.046790184525027666,1
06037213201,1013,1073,1058.9435743094332,14.056425690566812,0.013274008201743329,1
06037800324,2613,2373,2731.5099305730987,-358.5099305730987,-0.13124972622665138,0
06037800326,2784,2341,2910.265459898778,-569.2654598987779,-0.19560602554743495,0
06037701801,1334,1450,1394.502199534831,55.49780046516889,0.039797571121566885,1
06037702600,2327,1870,2432.5386943909684,-562.5386943909684,-0.2312558051750994,0
06037703200,2458,2105,2569.4800648100563,-464.4800648100563,-0.180768113818541,0
06037800325,2565,2113,2681.3329398851884,-568.3329398851884,-0.21195910863256084,0
06037900102,1085,663,1134.2090603412983,-471.20906034129825,-0.4154516806623863,0
06037900501,1193,1130,1247.1072893890957,-117.10728938909574,-0.0939031391969985,0
06037901205,1882,1750,1967.3561765551365,-217.35617655513647,-0.11048135520418557,0
06037910602,1064,926,1112.2566269153376,-186.25662691533762,-0.16745832068619812,0
06037920314,2322,2337,2427.3119245276444,-90.31192452764435,-0.037206559080872594,0
06037920036,1716,1546,1793.8274170927812,-247.82741709278116,-0.13815566354450637,0
06037920313,1918,1967,2004.9889195710691,-37.98891957106912,-0.01894719676515527,0
06037920334,2005,1575,2095.934715192906,-520.934715192906,-0.24854529648122178,0
06037103101,2083,1855,2177.4723250607594,-322.47232506075943,-0.14809479842723663,0
06037104201,1802,1834,1883.7278587419532,-49.72785874195324,-0.02639864272919124,0
06037104320,1443,1192,1508.4457825552934,-316.44578255529336,-0.2097826691651039,0
06037104620,1365,1556,1426.9081726874397,129.09182731256033,0.09046961099776218,1
06037104701,925,1017,966.9524247149317,50.04757528506832,0.05175805345317056,1
06037104810,1501,1843,1569.0763129698512,273.9236870301488,0.17457639553023582,1
06037106112,2119,2085,2215.105068076692,-130.10506807669208,-0.058735393617088474,0
06037106113,1727,1682,1805.326310792094,-123.32631079209409,-0.06831247628468018,0
06037267501,1472,1612,1538.7610477625722,73.23895223742784,0.047596052904978696,1
06037920031,1284,1340,1342.2345009015917,-2.234500901591673,-0.001664761932501912,0
06037910401,1693,1497,1769.7842757214912,-272.7842757214912,-0.15413419559866118,0
06037910804,2789,2218,2915.492229762102,-697.4922297621019,-0.23923652501691484,0
06037920018,2307,2256,2411.6316149376726,-155.63161493767257,-0.0645337430367427,0
06037601202,1272,1207,1329.690253229614,-122.69025322961397,-0.09226979962560314,0
06037601802,1068,1056,1116.4380428059967,-60.4380428059967,-0.05413470384267353,0
06037601900,1082,1166,1131.0729984233037,34.927001576696284,0.030879529106771997,1
06037602302,2488,2813,2600.84068399,212.1593160100001,0.0815733609966922,1
06037602402,1215,1367,1270.105076787721,96.89492321227908,0.07628890316487856,1
06037701502,1493,1689,1560.7134811885328,128.2865188114672,0.08219735419583417,1
06037543601,1437,1400,1502.1736587193045,-102.17365871930451,-0.06801720834754475,0
06037554518,1916,1967,2002.8982116257393,-35.89821162573935,-0.017923133296225278,0
06037552400,1375,1695,1437.3617124140876,257.6382875859124,0.17924387811416095,1
06037552602,1516,1436,1584.7566225598232,-148.7566225598232,-0.09386717205796549,0
06037552700,1719,1628,1796.9634790107755,-168.96347901077547,-0.09402721924197897,0
06037554700,1472,1441,1538.7610477625722,-97.76104776257216,-0.06353231250863876,0
06037920039,2257,2312,2359.363916304433,-47.36391630443313,-0.020074866779611154,0
06037920041,1937,2050,2024.8506450517,25.149354948300015,0.012420350611912852,1
06037920303,2418,2397,2527.665905903464,-130.66590590346414,-0.05169429456570535,0
06037920322,1905,1718,1991.3993179264269,-273.3993179264269,-0.13729005301212407,0
06037910603,1273,1190,1330.735607202279,-140.73560720227897,-0.10575775265994397,0
06037910705,1832,1575,1915.088477921897,-340.08847792189704,-0.1775836896533022,0
06037920028,2476,2507,2588.2964363180226,-81.29643631802264,-0.031409244774787376,0
06037920032,2750,2809,2874.723424828175,-65.72342482817521,-0.022862521055257188,0
06037920034,2107,2124,2202.5608204047144,-78.56082040471438,-0.03566794600036472,0
06037920312,1371,1604,1433.1802965234283,170.8197034765717,0.11918926313105317,1
06037920330,2071,1854,2164.928077388782,-310.9280773887822,-0.14362051129375467,0
06037930200,2450,2307,2561.1172330287377,-254.1172330287377,-0.09922124210152715,0
06037540000,1239,1306,1295.193572131676,10.806427868323908,0.008343484789334077,1
06037540902,1221,1188,1276.3772006237098,-88.37720062370977,-0.06924066066091097,0
06037541500,988,1127,1032.8097249928135,94.19027500718653,0.09119809073045079,1
06037542401,1382,1502,1444.679190222741,57.320809777259,0.039677189347775726,1
06037543201,1402,1487,1465.5862696760369,21.413730323963136,0.014611033664157193,1
06037543602,1367,1391,1428.9988806327692,-37.998880632769215,-0.0265912599007377,0
06037551202,1438,1535,1503.2190126919693,31.780987308030717,0.021141954059719633,1
06037553602,1473,1497,1539.806401735237,-42.80640173523693,-0.02779985957130558,0
06037553702,1110,1172,1160.342909657918,11.657090342082029,0.010046246023529949,1
06037554514,1719,1561,1796.9634790107755,-235.96347901077547,-0.13131233982600074,0
06037531901,973,989,1017.1294154028417,-28.129415402841687,-0.027655689607306088,0
06037533107,920,996,961.7256548516076,34.2743451483924,0.03563838083708068,1
06037533703,1090,1008,1139.435830204622,-131.4358302046221,-0.11535167380248049,0
06037534201,942,1118,984.7234422502331,133.27655774976688,0.1353441504806781,1
06037300800,1779,1925,1859.6847173706633,65.3152826293367,0.0351216967151741,1
06037310702,1382,1412,1444.679190222741,-32.679190222741,-0.022620378589174883,0
06037311700,1671,1605,1746.7864883228656,-141.78648832286558,-0.0811699021435633,0
06037401002,1381,1549,1443.6338362500762,105.36616374992377,0.07298676513680129,1
06037402102,1591,1431,1663.1581705096823,-232.15817050968235,-0.13958875026212114,0
06037403305,1958,2033,2046.8030784776606,-13.80307847766062,-0.006743725677766157,0
06037403321,1926,2078,2013.3517513523873,64.64824864761272,0.03210976353445834,1
06037119700,1605,1811,1677.7931261269894,133.20687387301064,0.07939409918820256,1
06037117530,1220,1243,1275.3318466510448,-32.33184665104477,-0.025351712760836736,0
06037119310,1481,1219,1548.1692335165556,-329.16923351655555,-0.21261837943186043,0
06037119400,1816,1950,1898.3628143592603,51.637185640739744,0.027200904511063363,1
06037109200,1953,2043,2041.5763086143368,1.4236913856632327,0.0006973490922950236,1
06037113212,1726,1921,1804.280956819429,116.7190431805709,0.06469005990415275,1
06037113231,2573,1941,2689.6957716665074,-748.6957716665074,-0.2783570467535157,0
06037555202,1838,2212,1921.360601757886,290.6393982421141,0.15126749136846207,1
06037555211,1289,1251,1347.4612707649155,-96.46127076491553,-0.0715874161712694,0
06037555212,1208,1238,1262.7875989790675,-24.787598979067525,-0.019629270194851205,0
06037570800,1626,1898,1699.74555955295,198.25444044705,0.11663771635278923,1
06037407002,1674,1622,1749.92255024086,-127.92255024085989,-0.07310183540594559,0
06037702400,1510,1708,1578.4844987238343,129.51550127616565,0.08205053732290417,1
06037702502,1885,1736,1970.492238473131,-234.492238473131,-0.11900185846701496,0
06037800102,2825,2467,2953.1249727780346,-486.1249727780346,-0.16461374891314942,0
06037576502,1087,1098,1136.2997682866278,-38.299768286627796,-0.03370569048375165,0
06037576503,972,1081,1016.0840614301768,64.9159385698232,0.06388835435372497,1
06037576901,1051,1084,1098.6670252706954,-14.667025270695376,-0.013349836605027476,0
06037577300,1303,1379,1362.0962263822225,16.90377361777746,0.012410117061020352,1
06037600100,1088,1012,1137.3451222592926,-125.34512225929257,-0.11020851965347095,0
06037600302,1222,1305,1277.4225545963745,27.57744540362546,0.02158835015429884,1
06037600703,1876,1874,1961.0840527191476,-87.08405271914762,-0.04440607866776589,0
06037600802,1413,1295,1477.0851633753496,-182.08516337534957,-0.12327330061271422,0
06037503106,1621,1718,1694.5187896896261,23.481210310373854,0.01385715546693628,1
06037531503,1008,1102,1053.7168044461093,48.283195553890664,0.04582179514473144,1
06037531504,1033,989,1079.850653762729,-90.85065376272905,-0.08413260986244796,0
06037533001,975,1058,1019.2201233481712,38.77987665182877,0.03804857828398797,1
06037533002,995,1104,1040.1272028014669,63.872797198533135,0.06140864023794288,1
06037533805,1164,1377,1216.7920241818165,160.2079758181835,0.1316642225082869,1
06037533806,1040,1074,1087.1681315713824,-13.168131571382446,-0.012112323005963535,0
06037221602,884,1040,924.0929118356752,115.90708816432482,0.12542795933157827,1
06037221402,1035,1068,1081.9413617080586,-13.941361708058594,-0.01288550581525915,0
06037221601,980,961,1024.446893211495,-63.44689321149508,-0.0619328279795921,0
06037222001,1317,1586,1376.7311819995296,209.26881800047045,0.15200412450637873,1
06037234501,1283,1513,1341.189146928927,171.8108530710731,0.12810337264097904,1
06037234502,1162,1116,1214.7013162364872,-98.70131623648717,-0.08125562631503007,0
06037222002,1133,1347,1184.3860510292081,162.61394897079185,0.1372980953545371,1
06037226001,1098,1132,1147.7986619859403,-15.79866198594027,-0.013764314691398197,0
06037226002,708,782,740.1106126466719,41.88938735332806,0.05659882001087588,1
06037234901,898,911,938.7278674529822,-27.727867452982196,-0.029537705669924617,0
06037234902,952,976,995.176981976881,-19.176981976881052,-0.019269921153910442,0
06037236203,966,1065,1009.8119375941881,55.188062405811934,0.05465182213758924,1
06037236204,999,989,1044.3086186921262,-55.308618692126174,-0.0529619479358446,0
06037237101,1141,1071,1192.7488828105265,-121.74888281052654,-0.10207419563759666,0
06037237102,1006,1017,1051.6260965007798,-34.626096500779795,-0.03292624309723387,0
06037134720,1503,1378,1571.1670209151807,-193.16702091518073,-0.12294493096135883,0
06037137201,1815,1736,1897.3174603865955,-161.31746038659549,-0.08502396871092179,0
06037137502,2384,2534,2492.1238708328615,41.876129167138515,0.016803389934683954,1
06037137504,3944,2829,4122.876068189936,-1293.8760681899357,-0.3138285135885701,0
06037139702,3982,3758,4162.5995191511975,-404.59951915119746,-0.09719876180490696,0
06037143500,2032,2031,2124.159272454855,-93.159272454855,-0.04385700905902051,0
06037181400,1449,1384,1514.717906391282,-130.71790639128199,-0.08629851528111197,0
06037189400,2096,2150,2191.0619267054017,-41.061926705401675,-0.01874065091676555,0
06037185202,1072,1482,1120.619458696656,361.380541303344,0.3224828361660345,1
06037188300,1524,1663,1593.1194543411414,69.88054565885864,0.04386397107162237,1
06037189902,1402,1517,1465.5862696760369,51.41373032396314,0.03508065774615095,1
06037190100,1135,1287,1186.4767589745377,100.52324102546231,0.08472415516368288,1
06037192300,1620,1587,1693.4734357169614,-106.47343571696138,-0.06287281127139972,0
06037195100,1988,2343,2078.1636976576046,264.83630234239536,0.1274376521160988,1
06037195720,1083,1029,1132.1183523959685,-103.11835239596849,-0.09108442785838872,0
06037199201,924,964,965.9070707422668,-1.9070707422667965,-0.001974383250762703,0
06037203200,1048,1072,1095.5309633527008,-23.530963352700837,-0.021479049100253646,0
06037203800,1114,1132,1164.524325548577,-32.52432554857705,-0.027929279650947342,0
06037204700,978,1022,1022.3561852661654,-0.3561852661654257,-0.00034839645057039935,0
06037204810,1056,1120,1103.8937951340192,16.10620486598077,0.014590357276195563,1
06037216100,1958,2039,2046.8030784776606,-7.80307847766062,-0.003812324966534774,0
06037216700,1549,1696,1619.253303657761,76.74669634223892,0.04739635001446308,1
06037600704,1346,1496,1407.0464472068086,88.95355279319142,0.06322005429868867,1
06037601001,962,1035,1005.6305217035289,29.36947829647113,0.02920503869226195,1
06037601211,1139,1178,1190.6581748651968,-12.65817486519677,-0.010631241721940805,0
06037601501,943,1015,985.7687962228978,29.231203777102223,0.029653204574039478,1
06037407001,1371,1567,1433.1802965234283,133.8197034765717,0.09337255319598524,1
06037480804,1309,1300,1368.3683502182114,-68.36835021821139,-0.04996341095386254,0
06037463101,1288,1680,1346.4159167922508,333.58408320774925,0.24775708534588023,1
06037480102,1410,1425,1473.9491014573553,-48.949101457355255,-0.03320949238271337,0
06037480302,1350,1450,1411.227863097468,38.77213690253211,0.02747404435271859,1
06037481001,1023,1381,1069.3971140360811,311.6028859639189,0.2913818280169826,1
06037481500,1410,1107,1473.9491014573553,-366.94910145735525,-0.24895642671414997,0
06037481604,1206,1252,1260.6968910337378,-8.696891033737757,-0.006898479004423132,0
06037481711,1265,1283,1322.3727754209604,-39.37277542096035,-0.029774339091657824,0
06037481901,1282,1502,1340.143792956262,161.8562070437381,0.12077525403948991,1
06037482101,1399,1359,1462.4502077580426,-103.45020775804255,-0.07073759312232122,0
06037482201,1140,1261,1191.7035288378615,69.29647116213846,0.058149086148730086,1
06037482202,1421,1297,1485.4479951566677,-188.44799515666773,-0.12686273485918464,0
06037482503,1227,1221,1282.6493244596984,-61.64932445969839,-0.04806405249203049,0
06037482701,1431,1328,1495.9015348833157,-167.90153488331566,-0.11224103389693522,0
06037500402,1172,1265,1225.154855963135,39.845144036864895,0.03252253692088687,1
06037502100,1191,1183,1245.016581443766,-62.01658144376597,-0.049811851800278285,0
06037503302,1265,1460,1322.3727754209604,137.62722457903965,0.1040759664272639,1
06037101210,1221,1191,1276.3772006237098,-85.37720062370977,-0.06689025828884257,0
06037106010,1989,1938,2079.209051630269,-141.2090516302692,-0.06791479265615441,0
06037106020,2287,1822,2390.7245354843767,-568.7245354843767,-0.2378879402637449,0
06037106111,2031,2016,2123.1139184821905,-107.11391848219046,-0.050451328847566486,0
06037106114,1388,1352,1450.9513140587298,-98.95131405872985,-0.06819754260529559,0
06037106642,2594,2359,2711.648205092468,-352.64820509246783,-0.13004939373411178,0
06037108103,3506,2783,3665.011028162757,-882.0110281627572,-0.2406571280100357,0
06037242300,1227,1185,1282.6493244596984,-97.64932445969839,-0.07613096003526301,0
06037407701,1265,985,1322.3727754209604,-337.37277542096035,-0.25512683086927745,0
06037406200,1156,1214,1208.4291924004983,5.570807599501677,0.004609957815100015,1
06037277000,2830,2614,2958.3517426413587,-344.35174264135867,-0.11639986472126025,0
06037291130,1508,1331,1576.3937907785046,-245.39379077850458,-0.15566782374682944,0
06037291220,1091,1253,1140.4811841772869,112.51881582271312,0.09865907248954855,1
06037294410,1381,1066,1443.6338362500762,-377.63383625007623,-0.2615856090149579,0
06037296210,833,855,870.7798592297709,-15.779859229770864,-0.01812152527704142,0
06037134103,1651,1537,1725.87940886957,-188.87940886956994,-0.1094395169783523,0
06037432902,1748,1297,1827.2787442180547,-530.2787442180547,-0.2902013422396463,0
06037433602,963,1091,1006.6758756761936,84.32412432380636,0.0837649201309856,1
06037920108,2718,2623,2841.272097702902,-218.2720977029021,-0.07682196220466518,0
06037900507,1209,1083,1263.832952951732,-180.83295295173207,-0.14308295453872247,0
06037900508,1685,1443,1761.4214439401726,-318.4214439401726,-0.18077527387647035,0
06037900608,1260,1156,1317.1460055576365,-161.1460055576365,-0.12234483107999296,0
06037901008,1579,1443,1650.6139228377049,-207.61392283770488,-0.12577982044449187,0
06037900609,1378,1133,1440.497774332082,-307.4977743320819,-0.21346633074435672,0
06037901009,1516,1458,1584.7566225598232,-126.7566225598232,-0.07998491424826858,0
06037620904,2598,2000,2715.829620983127,-715.8296209831269,-0.26357677795855156,0
06037621004,2039,2163,2131.4767502635086,31.52324973649138,0.014789394129020758,1
06037621104,1916,2167,2002.8982116257393,164.10178837426065,0.08193216580939493,1
06037621204,1506,1974,1574.3030828331753,399.69691716682473,0.25388816265767267,1
06037621324,1891,1964,1976.7643623091196,-12.764362309119633,-0.006457199731286731,0
06037621326,1693,1850,1769.7842757214912,80.21572427850879,0.04532514237974405,1
06037650003,1280,1247,1338.0530850109324,-91.05308501093236,-0.0680489332081981,0
06037650004,1424,1483,1488.5840570746623,-5.584057074662269,-0.00375125411838412,0
06037650401,2047,2154,2139.8395820448272,14.160417955172761,0.006617513795889825,1
06037651304,1729,1732,1807.4170187374234,-75.4170187374234,-0.041726407329121085,0
06037651401,962,1434,1005.6305217035289,428.36947829647113,0.4259710391156557,1
06037650604,1267,1344,1324.4634833662901,19.53651663370988,0.014750513607257312,1
06037650605,1453,1512,1518.8993222819413,-6.899322281941295,-0.004542317045461574,0
06037900506,1385,1211,1447.8152521407355,-236.81525214073554,-0.1635673141242166,0
06037264000,2495,2732,2608.158161798653,123.84183820134695,0.04748248783959575,1
06037265304,1438,1517,1503.2190126919693,13.780987308030717,0.009167651015371129,1
06037265410,2242,3098,2343.6836067144613,754.3163932855387,0.32185077846023413,1
06037269100,1957,2026,2045.7577245049958,-19.75772450499585,-0.009657900477817602,0
06037269700,1676,1655,1752.0132581861897,-97.01325818618966,-0.05537244523287727,0
06037270300,1490,1515,1557.5774192705385,-42.577419270538485,-0.027335668034067163,0
06037271702,1468,1579,1534.579631871913,44.42036812808692,0.02894627766817288,1
06037273700,1881,2025,1966.3108225824717,58.6891774175283,0.029847355129972965,1
06037275302,2189,2056,2288.2798461632274,-232.27984616322738,-0.10150849624126716,0
06037293301,1235,1671,1291.0121562410168,379.9878437589832,0.2943332810013014,1
06037403406,1710,1696,1787.5552932567925,-91.55529325679254,-0.051218160133097546,0
06037403801,1765,1685,1845.0497617533558,-160.04976175335582,-0.08674549872370928,0
06037403902,1357,1440,1418.5453409061213,21.454659093878718,0.015124408416987341,1
06037404301,1245,1340,1301.4656959676647,38.534304032335285,0.029608390103347513,1
06037404803,1271,1250,1328.6448992569492,-78.6448992569492,-0.05919181212446736,0
06037404903,1395,1453,1458.2687918673835,-5.26879186738347,-0.003613045754504921,0
06037190520,901,989,941.8639293709766,47.13607062902338,0.05004552054616125,1
06037190901,962,996,1005.6305217035289,-9.63052170352887,-0.009576600446866763,0
06037191203,961,985,1004.5851677308641,-19.5851677308641,-0.01949577632636431,0
06037191610,1033,1117,1079.850653762729,37.14934623727095,0.03440230008457597,1
06037191810,1013,1178,1058.9435743094332,119.05642569056681,0.11242943304907142,1
06037703100,1606,1596,1678.8384800996544,-82.83848009965436,-0.0493427337302497,0
06037910403,782,818,817.4668066238665,0.533193376133454,0.000652250796990204,1
06037910807,2090,2201,2184.789802869413,16.21019713058695,0.007419568284920198,1
06037910810,2984,2505,3119.336254431736,-614.336254431736,-0.19694454342936893,0
06037190802,999,1141,1044.3086186921262,96.69138130787383,0.09258889525298414,1
06037191301,982,1192,1026.5376011568246,165.46239884317538,0.16118493726553482,1
06037191302,963,1138,1006.6758756761936,131.32412432380636,0.13045323474707757,1
06037191901,1300,1450,1358.9601644642285,91.03983553577154,0.06699227682782306,1
06037191902,1793,1816,1874.3196729879703,-58.31967298797031,-0.031115115435457853,0
06037192001,1358,1480,1419.590694878786,60.40930512121395,0.04255403007299374,1
06037192002,1787,2052,1868.0475491519815,183.95245084801854,0.09847310949420188,1
06037194101,1667,1926,1742.6050724322065,183.3949275677935,0.10524181896924222,1
06037194102,4001,2702,4182.461244631829,-1480.4612446318288,-0.35396890922348523,0
06037194401,1365,1777,1426.9081726874397,350.0918273125603,0.24534993492482224,1
06037194402,1819,2054,1901.4988762772548,152.5011237227452,0.0802004805920849,1
06037195201,1432,1543,1496.9468888559807,46.05311114401934,0.030764692780259388,1
06037195202,1940,2210,2027.9867069696945,182.01329303030548,0.08975073278575756,1
06037195803,1257,1412,1314.0099436396422,97.99005636035781,0.07457329895764539,1
06037195804,1086,1265,1135.254414313963,129.74558568603697,0.11428767336213579,1
06037195901,1308,1224,1367.3229962455466,-143.32299624554662,-0.10482014610965293,0
06037195902,1359,1462,1420.636048851451,41.36395114854895,0.02911650114889783,1
06037195903,992,1233,1036.9911408834728,196.00885911652722,0.18901690804179477,1
06037206031,2280,2275,2383.407057675723,-108.40705767572308,-0.045484071773052755,0
06037201601,1341,1094,1401.8196773434845,-307.8196773434845,-0.21958578718684957,0
06037201602,1545,1505,1615.071887767102,-110.071887767102,-0.06815293399681456,0
06037206032,828,885,865.5530893664469,19.446910633553102,0.022467611602874096,1
06037207101,1100,1559,1149.88936993127,409.11063006872996,0.355782600280219,1
06037207102,501,710,523.7223403050602,186.27765969493976,0.3556801865401347,1
06037207103,936,922,978.4513184142443,-56.45131841424427,-0.05769456011948939,0
06037207301,751,1406,785.060833471258,620.939166528742,0.7909440135781215,1
06037302505,1192,1171,1246.0619354164307,-75.06193541643074,-0.0602393294289543,0
06037302506,1409,1469,1472.9037474846905,-3.9037474846904843,-0.002650375145936724,0
06037310601,1476,1364,1542.9424636532315,-178.94246365323147,-0.1159748129749107,0
06037310602,1599,1613,1671.5210022910007,-58.52100229100074,-0.035010629367379385,0
06037320201,1046,1111,1093.4402554073713,17.559744592628704,0.01605917150552195,1
06037132501,1610,1250,1683.0198959903134,-433.01989599031344,-0.2572874491988808,0
06037132502,1222,1302,1277.4225545963745,24.57744540362546,0.019239871188426887,1
06037134001,1279,1394,1337.0077310382676,56.99226896173241,0.04262673104924715,1
06037134521,1226,1323,1281.6039704870336,41.39602951296638,0.032300172647900825,1
06037134903,1354,1576,1415.409278988127,160.59072101187303,0.11345885843469883,1
06037134002,1471,1333,1537.7156937899076,-204.71569378990762,-0.1331297421341641,0
06037134423,2243,2451,2344.728960687126,106.27103931287411,0.04532337898949789,1
06037134424,3584,3315,3746.5486380306106,-431.5486380306106,-0.11518564944013539,0
06037134522,1096,1065,1145.707954040611,-80.70795404061096,-0.07044374070719786,0
06037134905,1880,1960,1965.2654686098072,-5.265468609807158,-0.002679265826378079,0
06037135113,2017,2012,2108.478962864883,-96.47896286488321,-0.04575761227126165,0
06037135114,1440,1598,1505.309720637299,92.69027936270095,0.06157555358339074,1
06037137103,2069,1951,2162.8373694434526,-211.83736944345264,-0.09794419702391365,0
06037139001,1877,1769,1962.1294066918126,-193.12940669181262,-0.09842847573312326,0
06037134904,1314,1479,1373.5951200815355,105.40487991846453,0.07673649853401328,1
06037137104,2673,2918,2794.2311689329863,123.7688310670137,0.044294413591512705,1
06037139401,1497,1302,1564.8948970791919,-262.8948970791919,-0.16799524208934016,0
06037139402,3259,3173,3406.8085969145536,-233.80859691455362,-0.06862980125338042,0
06037650001,1379,1357,1441.5431283047467,-84.54312830474669,-0.058647657947056585,0
06037650501,1867,2033,1951.6758669651647,81.32413303483531,0.04166887258860944,1
06037670202,3579,3570,3741.321868167287,-171.321868167287,-0.045791801455246146,0
06037221500,892,926,932.4557436169936,-6.455743616993573,-0.006923378038245289,0
06037221710,929,1047,971.1338406055908,75.86615939440924,0.0781212189527859,1
06037226410,799,960,835.2378241591679,124.76217584083213,0.1493732350620375,1
06037228600,1016,990,1062.0796362274275,-72.0796362274275,-0.06786650809298898,0
06037232110,923,1047,964.861716769602,82.13828323039797,0.08512959090697518,1
06037232200,950,1179,993.0862740315514,185.9137259684486,0.1872080309938328,1
06037234800,1436,1214,1501.12830474664,-287.12830474663997,-0.19127499217670232,0
06037236000,1777,1675,1857.5940094253335,-182.59400942533352,-0.09829597237009874,0
06037238200,1108,1111,1158.2522017125882,-47.2522017125882,-0.04079612509496743,0
06037239330,1206,1158,1260.6968910337378,-102.69689103373776,-0.08146041428683864,0
06037240200,1227,1145,1282.6493244596984,-137.6493244596984,-0.10731641286107692,0
06037132900,1739,2219,1817.8705584640713,401.12944153592866,0.22065896808122856,1
06037133100,1639,1524,1713.3351611975922,-189.33516119759224,-0.11050678552890386,0
06037134104,1649,1602,1723.7887009242402,-121.78870092424017,-0.07065175729423274,0
06037212305,795,917,831.0564082685088,85.94359173149121,0.10341487157358326,1
06037212620,1101,1083,1150.9347239039348,-67.93472390393481,-0.05902569667331118,0
06037213320,827,879,864.507735393782,14.492264606217987,0.01676360316153421,1
06037214700,1885,1872,1970.492238473131,-98.49223847313101,-0.04998357088148156,0
06037216800,2101,2134,2196.2886965687258,-62.288696568725754,-0.02836088746713478,0
06037217200,1195,1347,1249.197997334425,97.80200266557495,0.07829183434032691,1
06037221810,1011,1065,1056.8528663641036,8.147133635896353,0.007708862695263323,1
06037222100,978,1202,1022.3561852661654,179.64381473383457,0.175715486757744,1
06037224700,1259,1561,1316.100651584972,244.89934841502804,0.18607949788650074,1
06037204120,1066,1067,1114.3473348606672,-47.34733486066716,-0.04248884829664644,0
06037204410,1056,912,1103.8937951340192,-191.89379513401923,-0.17383356621795504,0
06037204910,958,1047,1001.4491058128697,45.550894187130325,0.04548498163584355,1
06037205120,830,980,867.6437973117764,112.35620268822356,0.1294957712327768,1
06037206050,803,803,839.4192400498272,-36.41924004982718,-0.04338623456815854,0
06037216200,1658,1888,1733.1968866782236,154.80311332177644,0.08931651938197624,1
06037216900,1461,1502,1527.2621540632597,-25.262154063259686,-0.016540810623801604,0
06037218800,1053,1172,1100.757733216025,71.24226678397508,0.06472111404189763,1
06037311500,1553,1757,1623.4347195484202,133.56528045157984,0.08227326842482018,1
06037302103,1363,1330,1424.8174647421101,-94.81746474211013,-0.06654709609365432,0
06037310800,1774,1351,1854.4579475073392,-503.4579475073392,-0.2714852327517374,0
06037310900,1789,1734,1870.138257097311,-136.138257097311,-0.07279582489725366,0
06037320100,1587,1572,1658.9767546190233,-86.97675461902327,-0.05242795257791125,0
06037400204,2690,2227,2812.002186468287,-585.0021864682872,-0.20803760014248646,0
06037400302,1305,1256,1364.186934327552,-108.18693432755208,-0.07930506560736166,0
06037401101,1393,1218,1456.1780839220537,-238.1780839220537,-0.16356384329075158,0
06037401201,2221,1981,2321.731173288501,-340.73117328850094,-0.14675737536223418,0
06037401601,1241,1179,1297.2842800770056,-118.28428007700563,-0.09117838078634884,0
06037402101,1474,1518,1540.851755707902,-22.85175570790193,-0.014830599779148333,0
06037601801,1247,1143,1303.5564039129943,-160.55640391299426,-0.12316797603159992,0
06037602002,1292,1206,1350.5973326829098,-144.59733268290984,-0.10706176384612931,0
06037602105,1149,1084,1201.1117145918447,-117.1117145918447,-0.09750276612000323,0
06037620400,2480,2622,2592.4778522086813,29.52214779131873,0.011387618129955136,1
06037650901,1442,1456,1507.4004285826284,-51.400428582628365,-0.03409872228241233,0
06037651222,1598,1740,1670.4756483183357,69.52435168166426,0.04161949427497149,1
06037670100,1340,1452,1400.77432337082,51.22567662918004,0.03656954284107,1
06037401902,1485,1586,1552.3506494072146,33.64935059278537,0.021676385168283217,1
06037403500,2484,2239,2596.659268099341,-357.6592680993408,-0.13773823639215255,0
06037555002,1570,1667,1641.2057370837217,25.794262916278285,0.015716654124127316,1
06037572301,1276,1314,1333.8716691202733,-19.871669120273282,-0.014897736851536265,0
06037575102,1073,1073,1121.6648126693206,-48.664812669320554,-0.04338623456815836,0
06037600911,1384,1310,1446.7698981680708,-136.76989816807077,-0.0945346584424044,0
06037603600,1805,1821,1886.8639206599476,-65.86392065994755,-0.03490655576100637,0
06037621002,2175,2565,2273.6448905459206,291.3551094540794,0.12814450957824056,1
06037700400,1605,1801,1677.7931261269894,123.20687387301064,0.07343388881168018,1
06037702501,1778,1744,1858.6393633979983,-114.6393633979983,-0.06167918621308683,0
06037900705,1013,988,1058.9435743094332,-70.94357430943319,-0.06699466905561752,0
06037463102,1683,1772,1759.3307359948433,12.66926400515672,0.007201183805836639,1
06037482402,1347,1470,1408.0918011794734,61.90819882052665,0.04396602463608544,1
06037533401,1026,1132,1072.5331759540754,59.46682404592457,0.05544520708464394,1
06037534301,1084,1094,1133.1637063686335,-39.163706368633484,-0.034561384333547475,0
06037542000,1393,1367,1456.1780839220537,-89.1780839220537,-0.061241193578372266,0
06037261200,3546,3250,3706.825187069349,-456.8251870693489,-0.12323893467188811,0
06037229100,1215,1187,1270.105076787721,-83.10507678772092,-0.06543165467687576,0
06037271100,1925,2029,2012.3063973797227,16.69360262027726,0.008295755875951317,1
06037275311,1517,1819,1585.8019765324877,233.19802346751226,0.14705368445650618,1
06037482102,1069,1672,1117.4833967786615,554.5166032213385,0.49621909803745473,1
06037464100,2634,3388,2753.462363999059,634.5376360009409,0.23045081142106277,1
06037481402,1356,1257,1417.4999869334565,-160.4999869334565,-0.11322750505322654,0
06037482800,1465,1280,1531.4435699539188,-251.44356995391877,-0.16418729027115556,0
06037503201,2102,1816,2197.3340505413908,-381.33405054139075,-0.17354395907505993,0
06037651001,1566,1605,1637.0243211930626,-32.02432119306263,-0.01956252010338082,0
06037670411,2932,2725,3064.977847853167,-339.9778478531671,-0.11092342742095221,0
06037701000,2255,2395,2357.2732083591036,37.72679164089641,0.016004420491911503,1
06037702901,2120,2572,2216.150422049357,355.8495779506429,0.16057103994844155,1
06037901102,1381,1393,1443.6338362500762,-50.63383625007623,-0.03507387744637559,0
06037273600,2046,2252,2138.7942280721622,113.20577192783776,0.05292971639907485,1
06037274100,2617,2429,2735.691346463758,-306.6913464637578,-0.11210743743448867,0
06037920112,2017,2204,2108.478962864883,95.52103713511679,0.04530329152790225,1
06037920326,2048,1978,2140.884936017492,-162.88493601749178,-0.0760829941288171,0
06037101300,2317,2072,2422.0851546643207,-350.0851546643207,-0.14453874752922938,0
06037103300,2295,2467,2399.0873672656953,67.91263273430468,0.028307694692964243,1
06037104401,1534,1674,1603.5729940677893,70.4270059322107,0.04391880269419995,1
06037104500,1290,1148,1348.5066247375803,-200.5066247375803,-0.14868790487150846,0
06037107020,1835,1860,1918.2245398398916,-58.22453983989158,-0.030353349480531307,0
06037601002,1073,1157,1121.6648126693206,35.335187330679446,0.03150244790740053,1
06037601401,1194,1213,1248.1526433617603,-35.15264336176028,-0.028163737463296597,0
06037602004,1430,1303,1494.8561809106511,-191.85618091065112,-0.12834424030930808,0
06037602301,1741,1369,1819.961266409401,-450.9612664094011,-0.24778618904296898,0
06037602403,1090,1188,1139.435830204622,48.56416979537789,0.04262124158993372,1
06037603001,1188,1209,1241.8805195257717,-32.88051952577166,-0.026476395280221898,0
06037503401,1560,1678,1630.7521973570738,47.24780264292622,0.028973011791429592,1
06037402502,1173,1135,1226.2002099357999,-91.20020993579988,-0.07437627982511505,0
06037404600,1179,1294,1232.4723337717885,61.5276662282115,0.049922147980324814,1
06037301204,1518,1459,1586.8473305051525,-127.84733050515251,-0.08056687499008108,0
06037311600,1620,1705,1693.4734357169614,11.526564283038624,0.006806463000796144,1
06037577603,1875,1792,1960.038698746483,-168.03869874648308,-0.08573233725127469,0
06037139503,1377,1413,1439.4524203594171,-26.452420359417147,-0.018376724360790082,0
06037139504,1494,1398,1561.7588351611976,-163.75883516119757,-0.10485539218626871,0
06037141101,1584,1656,1655.8406927010287,0.15930729897127094,9.620931510712351e-05,1
06037141102,1893,2109,1978.8550702544492,130.14492974555083,0.06576779254926247,1
06037141201,1554,1618,1624.4800735210852,-6.48007352108516,-0.003989013855392823,0
06037141202,1735,1987,1813.6891425734123,173.31085742658775,0.0955570904398093,1
06037141303,1546,1631,1616.1172417397668,14.882758260233231,0.00920895952091433,1
06037408303,1708,1509,1785.464585311463,-276.464585311463,-0.154841819650674,0
06037408623,1842,1552,1925.542017648545,-373.54201764854497,-0.19399317918012052,0
06037408625,2040,1938,2132.5221042361736,-194.52210423617362,-0.0912169228397506,0
06037408704,1322,1322,1381.9579518628536,-59.95795186285363,-0.04338623456815848,0
06037430102,1448,1272,1513.6725524186172,-241.67255241861722,-0.15965973091899,0
06037430701,1903,1602,1989.308609981097,-387.3086099810971,-0.194695085537672,0
06037431700,2059,1953,2152.3838297168045,-199.38382971680448,-0.0926339563436685,0
06037432700,1353,1142,1414.3639250154622,-272.3639250154622,-0.19256990382619144,0
06037433902,1073,1199,1121.6648126693206,77.33518733067945,0.06894678914517997,1
06037434001,1200,1222,1254.4247671977491,-32.424767197749134,-0.025848315535241383,0
06037460301,2312,1881,2416.8583848009966,-535.8583848009966,-0.2217169148887137,0
06037460800,3198,3212,3343.0420045820015,-131.04200458200148,-0.03919843196776894,0
06037461200,2213,1917,2313.3683415071823,-396.3683415071823,-0.1713381887334658,0
06037207302,1452,1685,1517.8539683092763,167.1460316907237,0.11011996883791537,1
06037207501,1499,1794,1566.9856050245216,227.01439497547835,0.14487331233137002,1
06037207502,509,406,532.0851720863786,-126.08517208637863,-0.23696426568697912,0
06037208301,955,1076,998.3130438948754,77.68695610512464,0.07781823204676594,1
06037208302,767,896,801.7864970338946,94.21350296610535,0.11750447695818776,1
06037405600,1673,1720,1748.8771962681953,-28.87719626819535,-0.016511849047957366,0
06037405900,1766,1718,1846.0951157260208,-128.09511572602082,-0.0693870617146638,0
06037406000,1869,1595,1953.7665749104942,-358.7665749104942,-0.1836281670070694,0
06037406411,2006,1690,2096.9800691655705,-406.9800691655705,-0.19407913081764094,0
06037406412,2291,1505,2394.9059513750362,-889.9059513750362,-0.37158283850941887,0
06037407400,1620,1642,1693.4734357169614,-51.473435716961376,-0.03039518343266436,0
06037800101,3304,3050,3453.8495256844694,-403.8495256844694,-0.11692736544578798,0
06037920111,2271,2144,2373.9988719217404,-229.99887192174037,-0.09688246891859617,0
06037531000,1085,998,1134.2090603412983,-136.20906034129825,-0.12009167013734767,0
06037530004,1346,1396,1407.0464472068086,-11.04644720680858,-0.00785080494587608,0
06037530301,1069,1036,1117.4833967786615,-81.48339677866147,-0.07291687466100294,0
06037530901,1199,1044,1253.3794132250841,-209.37941322508414,-0.16705190065817954,0
06037532001,1122,1026,1172.8871573298954,-146.88715732989544,-0.12523554070136417,0
06037532500,967,1101,1010.8572915668528,90.14270843314716,0.0891745147264297,1
06037533403,1132,954,1183.3406970565434,-229.34069705654338,-0.19380783372616892,0
06037533501,1109,1061,1159.297555685253,-98.29755568525297,-0.08479061756250314,0
06037533601,1057,1152,1104.939149106684,47.060850893316,0.04259135078285853,1
06037534803,1126,1110,1177.0685732205545,-67.06857322055453,-0.05697932537358423,0
06037535603,971,993,1015.0387074575119,-22.03870745751192,-0.021712184270011623,0
06037535902,1621,1626,1694.5187896896261,-68.51878968962615,-0.040435544360163916,0
06037540102,1500,1351,1568.0309589971864,-217.03095899718642,-0.13840986860105473,0
06037540502,1049,1073,1096.5763173253656,-23.576317325365608,-0.021499932975818835,0
06037540800,1385,1412,1447.8152521407355,-35.81525214073554,-0.024737446361184003,0
06037541300,1492,1505,1559.668127215868,-54.668127215868026,-0.0350511280328944,0
06037541400,1086,1257,1135.254414313963,121.74558568603697,0.10724079479541872,1
06037542900,1103,1205,1153.0254318492646,51.97456815073542,0.04507668843641783,1
06037550700,1992,1744,2082.3451135482637,-338.3451135482637,-0.16248272745324724,0
06037551800,1266,1338,1323.4181293936253,14.58187060637465,0.011018339769197428,1
06037211410,941,1109,983.6780882775682,125.32191172243176,0.12740134523263794,1
06037211500,1267,1344,1324.4634833662901,19.53651663370988,0.014750513607257312,1
06037212420,1033,1067,1079.850653762729,-12.850653762729053,-0.011900399113480254,0
06037212800,1349,1219,1410.1825091248031,-191.18250912480312,-0.13557288357196834,0
06037213100,1183,1228,1236.6537496624478,-8.653749662447808,-0.006997714327725042,0
06037216300,1431,1804,1495.9015348833157,308.09846511668434,0.20596172804964522,1
06037219800,1090,1061,1139.435830204622,-78.4358302046221,-0.06883742649249186,0
06037222700,1861,2432,1945.4037431291758,486.59625687082416,0.25012610291791443,1
06037224310,886,858,926.1836197810047,-68.18361978100472,-0.07361782083462745,0
06037224420,712,790,744.2920285373311,45.707971462668866,0.061411340858363514,1
06037228220,1026,1118,1072.5331759540754,45.46682404592457,0.042391997809745514,1
06037228320,1145,1106,1196.9302987011856,-90.93029870118562,-0.07596958553046573,0
06037228410,1125,1282,1176.0232192478898,105.97678075211024,0.09011453091877412,1
06037228420,1056,981,1103.8937951340192,-122.89379513401923,-0.11132755313576086,0
06037228500,1020,1062,1066.2610521180868,-4.261052118086809,-0.00399625599155328,0
06037228900,717,549,749.5187984006551,-200.5187984006551,-0.2675300457153682,0
06037229420,1466,1183,1532.4889239265835,-349.48892392658354,-0.22805314835888915,0
06037231220,857,992,895.8683545737258,96.13164542627419,0.10730554878458205,1
06037231500,1375,1415,1437.3617124140876,-22.361712414087606,-0.01555747048286858,0
06037234200,1217,1540,1272.1957847330507,267.8042152669493,0.21050550432624143,1
06037207710,1675,2122,1750.967904213525,371.0320957864751,0.21190114044559263,1
06037208710,1145,1187,1196.9302987011856,-9.93029870118562,-0.008296471993366028,0
06037211310,943,1083,985.7687962228978,97.23120377710222,0.09863489709722637,1
06037141304,1655,1751,1730.060824760229,20.939175239770975,0.0121031439704861,1
06037143604,1757,1759,1836.6869299720377,-77.68692997203766,-0.04229731736220304,0
06037183103,1224,1229,1279.5132625417043,-50.51326254170431,-0.039478498598257306,0
06037143603,1482,1658,1549.21458748922,108.7854125107799,0.07021971868150698,1
06037183221,1236,1272,1292.0575102136816,-20.057510213681553,-0.015523697710920333,0
06037183104,1433,1354,1497.9922428286454,-143.99224282864543,-0.09612349030375895,0
06037183222,1229,1745,1284.7400324050282,460.25996759497184,0.3582514407474071,1
06037183401,1453,1304,1518.8993222819413,-214.8993222819413,-0.14148358560005417,0
06037408722,2008,1873,2099.0707771109,-226.07077711090005,-0.10770040704490075,0
06037533202,1235,1273,1291.0121562410168,-18.012156241016783,-0.013951964862563327,0
06037534404,1059,1053,1107.0298570520135,-54.02985705201354,-0.048806142587602276,0
06037541700,1649,1563,1723.7887009242402,-160.78870092424017,-0.09327633998182633,0
06037543400,1663,1466,1738.4236565415474,-272.4236565415474,-0.1567072879596635,0
06037143200,1445,1645,1510.536490500623,134.4635094993771,0.08901705476496838,1
06037128400,1484,1653,1551.3052954345499,101.69470456545014,0.06555428184557542,1
06037294900,1171,987,1224.10950199047,-237.1095019904701,-0.19369958455915656,0
06037300200,2178,2095,2276.7809524639147,-181.78095246391467,-0.07984121277332049,0
06037218110,1133,1252,1184.3860510292081,67.61394897079185,0.057087761977639526,1
06037219500,1234,1260,1289.9668022683518,-29.966802268351785,-0.023230677111733756,0
06037226700,1028,1130,1074.623883899405,55.37611610059503,0.0515306954649621,1
06037231100,799,954,835.2378241591679,118.76217584083213,0.14218965234289976,1
06037235201,1497,1394,1564.8948970791919,-170.89489707919188,-0.10920535136139797,0
06037502402,1641,1473,1715.425869142922,-242.425869142922,-0.1413210990365006,0
06037503902,1985,1905,2075.02763573961,-170.0276357396101,-0.08193993796087756,0
06037531701,1237,1166,1293.1028641863463,-127.10286418634632,-0.09829292603595208,0
06037301900,1476,1504,1542.9424636532315,-38.94246365323147,-0.025239089966470448,0
06037400603,1599,1667,1671.5210022910007,-4.521002291000741,-0.002704723592945717,0
06037403402,2091,1898,2185.8351568420776,-287.8351568420776,-0.1316820053612456,0
06037404401,1346,1401,1407.0464472068086,-6.04644720680858,-0.004297261983647843,0
06037407102,1292,1568,1350.5973326829098,217.40266731709016,0.16096778962625974,1
06037201110,1128,1265,1179.1592811658843,85.8407188341157,0.07279823871567324,1
06037209810,729,842,762.0630460726326,79.93695392736743,0.10489546021071411,1
06037461502,1377,1389,1439.4524203594171,-50.45242035941715,-0.035049731165702355,0
06037461901,1242,1209,1298.3296340496704,-89.3296340496704,-0.06880350852890793,0
06037461902,1669,1484,1744.695780377536,-260.69578037753604,-0.14942191258187365,0
06037462001,1285,1273,1343.2798548742562,-70.27985487425622,-0.05231959268892265,0
06037462002,969,1150,1012.9479995121824,137.05200048781762,0.13530013441343428,1
06037462201,1040,1121,1087.1681315713824,33.831868428617554,0.03111926062412931,1
06037462202,1739,1827,1817.8705584640713,9.129441535928663,0.005022052584229197,1
06037462301,1358,1364,1419.590694878786,-55.59069487878605,-0.03915966417597063,0
06037462302,1624,1803,1697.6548516076205,105.34514839237954,0.06205333686798664,1
06037463601,1693,1627,1769.7842757214912,-142.7842757214912,-0.0806789153233278,0
06037463602,1629,1764,1702.8816214709443,61.11837852905569,0.03589114930740858,1
06037480303,1379,1244,1441.5431283047467,-197.5431283047467,-0.13703587802957878,0
06037481605,1342,1316,1402.8650313161495,-86.8650313161495,-0.06191973523971431,0
06037481606,1266,1279,1323.4181293936253,-44.41812939362535,-0.03356318642391367,0
06037500403,1779,1929,1859.6847173706633,69.3152826293367,0.037272598942114724,1
06037500404,1627,1489,1700.790913525615,-211.790913525615,-0.12452495591394473,0
06037501001,1463,1492,1529.352862008589,-37.352862008589,-0.02442396580703507,0
06037501803,1063,999,1111.2112729426726,-112.21127294267262,-0.10098104264683931,0
06037553801,1200,1347,1254.4247671977491,92.57523280225087,0.07379895169724211,1
06037554511,1913,1870,1999.762149707745,-129.76214970774504,-0.06488879176291495,0
06037554515,1985,2001,2075.02763573961,-74.0276357396101,-0.035675493889614704,0
06037554517,1911,1749,1997.6714417624155,-248.6714417624155,-0.12448065110398178,0
06037554519,1732,1877,1810.553080655418,66.44691934458206,0.03669979082884903,1
06037554900,1457,1318,1523.0807381726004,-205.08073817260038,-0.13464863223118245,0
06037555103,1589,1769,1661.0674625643528,107.93253743564719,0.06497781689674491,1
06037570501,1506,1384,1574.3030828331753,-190.30308283317527,-0.12088084239198633,0
06037570502,1519,1514,1587.8926844778175,-73.89268447781751,-0.04653506197247662,0
06037571200,1295,1366,1353.7333946009041,12.266605399095852,0.00906131550571092,1
06037571300,2011,1884,2102.2068390288946,-218.2068390288946,-0.10379893879980635,0
06037571900,1290,1277,1348.5066247375803,-71.5066247375803,-0.05302652832832431,0
06037572302,1525,1468,1594.1648083138061,-126.16480831380613,-0.07914163432528301,0
06037572500,506,520,528.9491101683842,-8.949110168384209,-0.016918660030518576,0
06037573403,2594,2426,2711.648205092468,-285.64820509246783,-0.10534117388679745,0
06037574300,1710,2013,1787.5552932567925,225.44470674320746,0.12611901158730818,1
06037575101,1176,1167,1229.3362718537942,-62.33627185379419,-0.05070725828319811,0
06037575803,815,794,851.9634877218047,-57.963487721804654,-0.06803517821732252,0
06037222600,972,1144,1016.0840614301768,127.9159385698232,0.12589109840949247,1
06037533803,1088,1128,1137.3451222592926,-9.345122259292566,-0.008216610839046672,0
06037534101,1096,981,1145.707954040611,-164.70795404061096,-0.1437608541162076,0
06037219010,1161,1503,1213.6559622638222,289.3440377361778,0.23840696765207403,1
06037219020,1421,1275,1485.4479951566677,-210.44799515666773,-0.1416730816850119,0
06037231400,1287,1129,1345.370562819586,-216.37056281958598,-0.16082599753492693,0
06037234700,991,1096,1035.9457869108078,60.05421308919222,0.0579704206995947,1
06037235202,1111,1071,1161.3882636305827,-90.38826363058274,-0.07782777427767573,0
06037237600,1073,1006,1121.6648126693206,-115.66481266932055,-0.10311887416175891,0
06037237800,1488,1312,1555.486711325209,-243.48671132520894,-0.15653409929665588,0
06037239310,943,1093,985.7687962228978,107.23120377710222,0.10877926364475385,1
06037239320,1106,1205,1156.161493767259,48.83850623274111,0.04224194154192489,1
06037240300,1088,952,1137.3451222592926,-185.34512225929257,-0.1629629552471387,0
06037240800,1479,1240,1546.0785255712258,-306.0785255712258,-0.19797087955680628,0
06037270100,1361,1499,1422.7267567967804,76.27324320321964,0.05361060571809739,1
06037276000,2110,2097,2205.696882322709,-108.69688232270892,-0.049280063454705376,0
06037291210,1147,1241,1199.0210066465152,41.97899335348484,0.03501105745502649,1
06037293202,998,1134,1043.2632647194614,90.7367352805386,0.08697395791553933,1
06037576402,1089,1056,1138.3904762319573,-82.39047623195734,-0.07237453049033549,0
06037576700,1386,1351,1448.8606061134,-97.86060611340008,-0.06754314783663921,0
06037430101,1130,1279,1181.2499891112138,97.75001088878616,0.08275133273214623,1
06037430200,3551,2736,3712.0519569326725,-976.0519569326725,-0.26294135110630285,0
06037430400,2396,2811,2504.668118504839,306.3318814951608,0.12230438006214793,1
06037431400,1898,1546,1984.0818401177733,-438.08184011777325,-0.22079827114982772,0
06037533603,969,1067,1012.9479995121824,54.05200048781762,0.053361081234029877,1
06037533902,1147,1195,1199.0210066465152,-4.021006646515161,-0.0033535748116384745,0
06037534203,1113,1097,1163.4789715759125,-66.47897157591251,-0.05713809462827495,0
06037534405,1106,1181,1156.161493767259,24.83850623274111,0.021483595818268298,1
06037534501,1201,1213,1255.470121170414,-42.470121170413904,-0.03382806205759885,0
06037534700,1356,1397,1417.4999869334565,-20.499986933456512,-0.014462072044039369,0
06037535501,954,1021,997.2676899222106,23.732310077789407,0.02379733176720143,1
06037535804,1196,1276,1250.24335130709,25.75664869290995,0.020601308270091725,1
06037540202,1021,1008,1067.3064060907516,-59.30640609075158,-0.055566429426742184,0
06037540300,1151,1144,1203.2024225371745,-59.20242253717447,-0.04920404200345212,0
06037540501,1291,1535,1349.551978710245,185.44802128975493,0.13741450808510983,1
06037541001,1338,1443,1398.6836154254902,44.31638457450981,0.031684352405192386,1
06037542502,1052,1157,1099.7123792433601,57.28762075663985,0.052093276240152635,1
06037542601,1059,1066,1107.0298570520135,-41.02985705201354,-0.03706300854547391,0
06037542602,1154,1210,1206.3384844551686,3.6615155448314454,0.003035230652104359,1
06037543322,1939,1908,2026.9413529970298,-118.94135299702975,-0.058680214314619124,0
06037543503,1427,1428,1491.7201189926566,-63.72011899265658,-0.042715867528612624,0
06037550400,1446,1870,1511.581844473288,358.4181555267121,0.23711462057921398,1
06037554101,1130,1156,1181.2499891112138,-25.249989111213836,-0.021375652354682535,0
06037554512,2240,2306,2341.592898769132,-35.59289876913181,-0.015200293265256041,0
06037554513,2168,2065,2266.327412737267,-201.32741273726697,-0.08883421327640564,0
06037554801,1660,1373,1735.2875946235529,-362.2875946235529,-0.20877668678438646,0
06037554802,1388,1411,1450.9513140587298,-39.95131405872985,-0.02753456554443201,0
06037462700,1405,1454,1468.7223315940314,-14.722331594031402,-0.010023903958791847,0
06037463200,1531,1478,1600.436932149795,-122.43693214979498,-0.07650219117683754,0
06037463800,2834,2585,2962.5331585320173,-377.5331585320173,-0.12743592673207108,0
06037464000,2024,1985,2115.796440673537,-130.79644067353684,-0.06181900969258624,0
06037430501,1889,2393,1974.67365436379,418.3263456362099,0.21184581295838897,1
06037430801,1703,1674,1780.2378154481391,-106.23781544813914,-0.05967619299301083,0
06037430803,1625,1658,1698.7002055802852,-40.70020558028523,-0.023959616562465664,0
06037431002,1354,1194,1415.409278988127,-221.40927898812697,-0.15642774303868628,0
06037431300,1824,1720,1906.7256461405786,-186.72564614057865,-0.09793000189541258,0
06037432601,1208,1367,1262.7875989790675,104.21240102093248,0.08252567661037027,1
06037433302,1006,1006,1051.6260965007798,-45.626096500779795,-0.04338623456815857,0
06037433501,762,775,796.5597271705707,-21.55972717057068,-0.027066052218271394,0
06037460200,1816,1843,1898.3628143592603,-55.362814359260256,-0.02916345281338986,0
06037101220,1156,1232,1208.4291924004983,23.570807599501677,0.019505327865076787,1
06037103400,1575,1599,1646.4325069470458,-47.432506947045795,-0.028809262904435213,0
06037104105,1229,1275,1284.7400324050282,-9.74003240502816,-0.007581325528398814,0
06037540201,984,974,1028.6283091021544,-54.62830910215439,-0.05310791917620574,0
06037218220,1230,1229,1285.7853863776927,-56.7853863776927,-0.04416396933680213,0
06037222200,924,1011,965.9070707422668,45.0929292577332,0.04668454204717729,1
06037228100,1061,1297,1109.120564997343,187.87943500265692,0.16939496113581393,1
06037232400,1186,1259,1239.7898115804421,19.21018841955788,0.015494713894340996,1
06037241300,1031,1100,1077.7599458173995,22.24005418260049,0.02063544323474843,1
06037481103,1273,1271,1330.735607202279,-59.73560720227897,-0.044889162714948555,0
06037500100,2698,2518,2820.3650182496062,-302.36501824960624,-0.10720776080156534,0
06037920038,1212,1384,1266.9690148697266,117.0309851302734,0.09237083445352202,1
06037480002,2625,2195,2744.054178245076,-549.054178245076,-0.20008867995318386,0
06037500700,1400,1554,1463.4955617307073,90.50443826929268,0.06184127962934409,1
06037670405,2673,2058,2794.2311689329863,-736.2311689329863,-0.26348255545876176,0
06037601302,1206,1233,1260.6968910337378,-27.696891033737757,-0.021969508476400737,0
06037602404,1112,1286,1162.4336176032475,123.56638239675249,0.10629973232495343,1
06037406602,1453,1553,1518.8993222819413,34.100677718058705,0.02245091377539562,1
06037407301,1376,1531,1438.4070663867521,92.59293361324785,0.06437185674138776,1
06037407702,1476,1612,1542.9424636532315,69.05753634676853,0.044757039211469174,1
06037123206,1026,1132,1072.5331759540754,59.46682404592457,0.05544520708464394,1
06037123301,1251,1382,1307.7378198036533,74.26218019634666,0.05678674966171472,1
06037534302,1169,1249,1222.0187940451406,26.981205954859433,0.022079207035389313,1
06037920029,1663,1602,1738.4236565415474,-136.42365654154742,-0.0784754947553758,0
06037920040,2407,2224,2516.167012204152,-292.1670122041519,-0.11611590597406918,0
06037920043,3274,3010,3422.488906504526,-412.48890650452586,-0.12052308065062836,0
06037920104,2496,2243,2609.2035157713185,-366.2035157713185,-0.14035069075976753,0
06037534802,1214,1078,1269.0597228150564,-191.05972281505638,-0.15055219181587726,0
06037534804,1025,1171,1071.4878219814107,99.51217801858934,0.09287289689823071,1
06037535200,1343,1281,1403.9103852888143,-122.91038528881427,-0.08754859752927106,0
06037535300,988,1006,1032.8097249928135,-26.80972499281347,-0.025958048558266646,0
06037535702,1233,1091,1288.9214482956872,-197.92144829568724,-0.15355586529915727,0
06037535803,1131,1082,1182.2953430838786,-100.2953430838786,-0.08483103961339303,0
06037535901,1216,1418,1271.1504307603857,146.8495692396143,0.1155249337025916,1
06037541603,940,1134,982.6327343049036,151.36726569509642,0.1540425638294768,1
06037541604,1024,1133,1070.442468008746,62.55753199125411,0.05844081663503563,1
06037137301,3054,3120,3192.511032518272,-72.5110325182718,-0.02271285260401267,0
06037139302,1229,1419,1284.7400324050282,134.25996759497184,0.10450360711780556,1
06037137401,2555,2752,2670.8794001585406,81.12059984145935,0.03037224362756481,1
06037137402,2429,2316,2539.1647996027773,-223.1647996027773,-0.08788905692048378,0
06037139200,1675,1677,1750.967904213525,-73.96790421352489,-0.0422440091765981,0
06037139703,3835,3188,4008.9324851694732,-820.9324851694732,-0.20477583202171817,0
06037139801,3559,3164,3720.414788713991,-556.4147887139911,-0.14955719195663209,0
06037141600,3562,3335,3723.550850631985,-388.5508506319852,-0.10434954864817754,0
06037143400,1863,1845,1947.4944510745056,-102.4944510745056,-0.052628879644794666,0
06037181000,1754,1894,1833.5508680540431,60.44913194595688,0.03296834192013001,1
06037183520,1058,1055,1105.9845030793488,-50.98450307934877,-0.04609874997108426,0
06037191204,979,1053,1023.4015392388303,29.59846076116969,0.028921649642215677,1
06037191620,1053,1068,1100.757733216025,-32.75773321602492,-0.029759257852605227,0
06037191820,1062,1100,1110.165918970008,-10.165918970008079,-0.009157116784345025,0
06037192510,1184,1268,1237.6991036351124,30.30089636488765,0.02448163392531687,1
06037192520,1028,1025,1074.623883899405,-49.62388389940497,-0.04617790898089721,0
06037192610,1056,1080,1103.8937951340192,-23.89379513401923,-0.021645012626525708,0
06037194500,1852,1755,1935.995557375193,-180.9955573751929,-0.0934896553278176,0
06037195300,1389,1549,1451.9966680313946,97.00333196860538,0.06680685576236323,1
06037195600,1135,1373,1186.4767589745377,186.5232410254623,0.15720766514354048,1
06037199400,1054,1078,1101.8030871886897,-23.803087188689688,-0.02160375793593441,0
06037199800,909,991,950.226761152295,40.77323884770499,0.042908956592909685,1
06037236400,1560,1548,1630.7521973570738,-82.75219735707378,-0.050744801994557207,0
06037237720,1003,1119,1048.4900345827853,70.50996541721474,0.06724905634918318,1
06037240500,1315,1277,1374.6404740542002,-97.64047405420024,-0.07102982626885057,0
06037240900,1147,1269,1199.0210066465152,69.97899335348484,0.058363442312996464,1
06037261102,4001,3996,4182.461244631829,-186.46124463182878,-0.0445817029078634,0
06037262200,3968,3819,4147.964563533891,-328.9645635338911,-0.0793074671914813,0
06037262301,4001,4001,4182.461244631829,-181.46124463182878,-0.04338623456815852,0
06037262400,4001,3478,4182.461244631829,-704.4612446318288,-0.1684322229012885,0
06037265100,2848,2431,2977.1681141493245,-546.1681141493245,-0.183452224801683,0
06037570303,1137,1329,1188.5674669198675,140.43253308013254,0.11815276539922359,1
06037570603,1068,1140,1116.4380428059967,23.5619571940033,0.021104581078931987,1
06037570702,1998,1934,2088.6172373842523,-154.61723738425235,-0.07402851734475402,0
06037576200,998,929,1043.2632647194614,-114.2632647194614,-0.10952486163709345,0
06037577100,1239,1371,1295.193572131676,75.80642786832391,0.05852903341973738,1
06037577200,1212,1474,1266.9690148697266,207.0309851302734,0.16340651010440135,1
06037600501,1586,1258,1657.9314006463585,-399.9314006463585,-0.2412231293106831,0
06037600502,1436,1479,1501.12830474664,-22.12830474663997,-0.014741114851188406,0
06037600702,1891,1901,1976.7643623091196,-75.76436230911963,-0.03832746267269658,0
06037212900,835,1117,872.8705671751004,244.1294328248996,0.2796857197453497,1
06037900607,1046,913,1093.4402554073713,-180.4402554073713,-0.1650206808419968,0
06037901004,2085,1808,2179.563033006089,-371.563033006089,-0.17047592906437908,0
06037910706,1698,1435,1775.011045584815,-340.01104558481507,-0.19155432662267813,0
06037502302,1214,1164,1269.0597228150564,-105.05972281505638,-0.08278548355629045,0
06037920329,1658,1812,1733.1968866782236,78.80311332177644,0.04546691372888822,1
06037920332,1946,1498,2034.2588308056834,-536.2588308056834,-0.2636138640200933,0
06037101400,1687,1634,1763.5121518855024,-129.51215188550236,-0.0734398976196627,0
06037104310,1670,1514,1745.7411343502008,-231.7411343502008,-0.13274656235700114,0
06037106403,1552,1827,1622.3893655757556,204.61063442424438,0.1261168488685402,1
06037106520,1227,1705,1282.6493244596984,422.3506755403016,0.3292799267003178,1
06037571101,1891,1835,1976.7643623091196,-141.76436230911963,-0.07171535718274498,0
06037571102,2042,2098,2134.612812181503,-36.61281218150316,-0.017151968718901338,0
06037600304,900,966,940.8185753983119,25.18142460168815,0.026765441563509903,1
06037600303,991,976,1035.9457869108078,-59.94578691080778,-0.05786575674926603,0
06037602504,1042,1049,1089.2588395167122,-40.258839516712214,-0.036959846508635597,0
06037602505,941,965,983.6780882775682,-18.678088277568236,-0.018988008882330383,0
06037602506,1062,1082,1110.165918970008,-28.16591897000808,-0.025370909418783016,0
06037602507,974,988,1018.1747693755063,-30.174769375506344,-0.029636139377146348,0
06037602508,996,1074,1041.1725567741319,32.82744322586814,0.03152930127891337,1
06037602509,1334,1270,1394.502199534831,-124.5021995348311,-0.08928074805214486,0
06037113322,2352,2148,2458.6725437075884,-310.6725437075884,-0.12635783667194067,0
06037113421,1405,1454,1468.7223315940314,-14.722331594031402,-0.010023903958791847,0
06037117301,2148,2453,2245.420333283971,207.5796667160289,0.09244579450852286,1
06037212410,1169,1244,1222.0187940451406,21.981205954859433,0.01798761693516758,1
06037910501,786,754,821.6482225145257,-67.64822251452574,-0.0823323420666559,0
06037920106,1407,1472,1470.8130395393607,1.186960460639284,0.0008070097481669217,1
06037401001,2268,1935,2370.862810003746,-435.86281000374584,-0.18384143028632569,0
06037292000,1292,1340,1350.5973326829098,-10.597332682909837,-0.007846404273477011,0
06037620701,2321,1916,2426.26657055498,-510.2665705549798,-0.21030936037595505,0
06037621102,2045,2304,2137.7488740994972,166.25112590050276,0.07776924966012866,1
06037621301,2027,2143,2118.9325025915314,24.067497408468626,0.011358312442247784,1
06037650200,1770,1717,1850.27653161668,-133.2765316166799,-0.07203060155566557,0
06037650300,1515,1560,1583.7112685871582,-23.7112685871582,-0.0149719643078067,0
06037670001,1258,1234,1315.055297612307,-81.05529761230696,-0.06163641769245431,0
06037701302,1714,1855,1791.7367091474516,63.26329085254838,0.03530836340493937,1
06037701602,1711,1837,1788.6006472294573,48.39935277054269,0.027059898946985902,1
06037701802,1459,1588,1525.17144611793,62.82855388207008,0.04119442049743962,1
06037702202,1921,1912,2008.1249814890632,-96.1249814890632,-0.04786802732655847,0
06037480304,1190,1232,1243.9712274711012,-11.971227471101201,-0.00962339578821111,0
06037501002,1808,1887,1889.999982577942,-2.9999825779420917,-0.001587292383913223,0
06037502003,1349,1391,1410.1825091248031,-19.18250912480312,-0.01360285565923541,0
06037502004,1576,1542,1647.4778609197106,-105.47786091971057,-0.06402384118280482,0
06037501804,962,1159,1005.6305217035289,153.36947829647113,0.1525107631346199,1
06037123104,1158,1152,1210.519900345828,-58.51990034582809,-0.04834278257557748,0
06037124600,1802,1610,1883.7278587419532,-273.72785874195324,-0.14531178560196178,0
06037127102,1296,1273,1354.778748573569,-81.77874857356892,-0.06036317639295186,0
06037128302,1051,1163,1098.6670252706954,64.33297472930462,0.05855547973095299,1
06037128702,1505,1719,1573.2577288605105,145.7422711394895,0.09263725101484083,1
06037503202,1449,1410,1514.717906391282,-104.71790639128199,-0.06913360299593055,0
06037503501,1464,1408,1530.398215981254,-122.398215981254,-0.07997801794533278,0
06037503502,1535,1436,1604.618348040454,-168.61834804045407,-0.10508314842988635,0
06037265700,2340,2294,2446.1282960356107,-152.12829603561067,-0.06219146243562198,0
06037267300,1269,1422,1326.55419131162,95.44580868838011,0.0719501768668861,1
06037408134,1917,2039,2003.9435655984041,35.05643440159588,0.017493723377947305,1
06037542501,1293,1341,1351.6426866555746,-10.642686655574607,-0.00787389060781163,0
06037543321,1907,1662,1993.4900258717562,-331.4900258717562,-0.1662862726021391,0
06037543502,1612,1381,1685.110603935643,-304.110603935643,-0.18046922452768416,0
06037550100,1745,1641,1824.1426823000602,-183.1426823000602,-0.10039931858243441,0
06037550500,1687,1974,1763.5121518855024,210.48784811449764,0.11935718610696806,1
06037551000,1594,1595,1666.2942324276767,-71.29423242767666,-0.042786100461864915,0
06037552200,1122,1288,1172.8871573298954,115.11284267010456,0.09814485728717635,1
06037294200,1419,1429,1483.3572872113384,-54.35728721133842,-0.03664477040021038,0
06037294510,1279,1157,1337.0077310382676,-180.0077310382676,-0.13463477200575397,0
06037301400,2772,2434,2897.7212122268,-463.72121222680016,-0.16002961577882305,0
06037301501,2323,2185,2428.3572785003093,-243.35727850030935,-0.10021477508886192,0
06037301701,1430,1381,1494.8561809106511,-113.85618091065112,-0.07616530764938945,0
06037302104,1219,1369,1274.28649267838,94.71350732162,0.07432669801164168,1
06037480703,1691,1719,1767.6935677761614,-48.693567776161444,-0.027546385110978344,0
06037480902,1155,1191,1207.3838384278336,-16.383838427833552,-0.013569701619633556,0
06037480903,1234,1336,1289.9668022683518,46.033197731648215,0.03568556776089182,1
06037481002,1354,1319,1415.409278988127,-96.40927898812697,-0.06811406454608646,0
06037481102,1378,1396,1440.497774332082,-44.49777433208192,-0.030890554032764316,0
06037481202,1282,1302,1340.143792956262,-38.143792956261905,-0.02846246287655402,0
06037481800,1339,1401,1399.7289693981552,1.2710306018448136,0.0009080547946302217,1
06037482001,924,1411,965.9070707422668,445.0929292577332,0.4608030552211347,1
06037482002,1228,1178,1283.6946784323634,-105.69467843236339,-0.08233630645056253,0
06037482522,1391,1348,1454.0873759767242,-106.08737597672416,-0.07295804759013486,0
06037500600,1047,1313,1094.485609380036,218.51439061996393,0.19965030946705634,1
06037501200,1586,1769,1657.9314006463585,111.0685993536415,0.0669922768278232,1
06037502200,1340,1364,1400.77432337082,-36.77432337081996,-0.026252853694752422,0
06037502700,1274,1566,1331.7809611749437,234.21903882505626,0.1758690397694378,1
06037201504,1025,1202,1071.4878219814107,130.51217801858934,0.1218046302917791,1
06037204820,1359,1033,1420.636048851451,-387.63604885145105,-0.2728609126629197,0
06037206200,465,592,486.0895972891278,105.91040271087218,0.21788247125946267,1
06037208720,797,820,833.1471162138383,-13.14711621383833,-0.01578006567865734,0
06037211802,1008,1157,1053.7168044461093,103.28319555389066,0.09801798274269899,1
06037212204,772,798,807.0132668972186,-9.013266897218614,-0.01116867251993584,0
06037212303,838,823,876.0066290930948,-53.00662909309483,-0.06050939266061389,0
06037212306,1092,1178,1141.5265381499516,36.47346185004835,0.03195147955925767,1
06037213310,939,1202,981.5873803322387,220.4126196677613,0.22454712039304953,1
06037214000,2222,2241,2322.7765272611655,-81.77652726116548,-0.035206368887148135,0
06037920037,1503,1446,1571.1670209151807,-125.16702091518073,-0.07966500012345783,0
06037920042,1824,1851,1906.7256461405786,-55.72564614057865,-0.02922583343512133,0
06037920107,3697,2851,3864.673636941732,-1013.6736369417322,-0.26229217061233967,0
06037920328,2058,2096,2151.33847574414,-55.33847574413994,-0.02572281227155507,0
06037900804,1160,1089,1212.6106082911574,-123.6106082911574,-0.10193759434890043,0
06037551201,1402,1464,1465.5862696760369,-1.5862696760368635,-0.0010823447987046873,0
06037900704,935,930,977.4059644415796,-47.40596444157961,-0.04850181620148391,0
06037900805,1337,1259,1397.6382614528254,-138.63826145282542,-0.09919466665767498,0
06037900900,1705,1261,1782.3285233934685,-521.3285233934685,-0.2924985582348667,0
06037910206,2519,1963,2633.2466571426085,-670.2466571426085,-0.25453242495327316,0
06037910301,1822,1759,1904.634938195249,-145.6349381952491,-0.07646343941020349,0
06037910502,1025,957,1071.4878219814107,-114.48782198141066,-0.10684939168949036,0
06037910707,1189,1092,1242.9258734984367,-150.92587349843666,-0.12142789583551661,0
06037920017,1950,1889,2038.4402466963425,-149.44024669634246,-0.07331107543551357,0
06037543701,1745,1535,1824.1426823000602,-289.1426823000602,-0.15850880805852335,0
06037543702,1586,1522,1657.9314006463585,-135.9314006463585,-0.08198855549352917,0
06037543801,922,1109,963.8163627969373,145.18363720306274,0.15063412783504582,1
06037551300,1180,1206,1233.5176877444533,-27.51768774445327,-0.02230830414338905,0
06037120107,1051,1094,1098.6670252706954,-4.667025270695376,-0.0042478978283210875,0
06037120108,1392,1214,1455.132729949389,-241.13272994938893,-0.1657118453776899,0
06037121101,1229,1250,1284.7400324050282,-34.74003240502816,-0.027040515223920408,0
06037121102,1565,1467,1635.9789672203979,-168.97896722039786,-0.10328920518305976,0
06037121221,1624,1557,1697.6548516076205,-140.65485160762046,-0.0828524428710731,0
06037554522,1944,1790,2032.1681228603536,-242.1681228603536,-0.11916736619187432,0
06037554600,1287,1264,1345.370562819586,-81.37056281958598,-0.06048189626585264,0
06037570001,1558,1377,1628.6614894117442,-251.66148941174424,-0.1545204396664661,0
06037572202,1672,1794,1747.8318422955306,46.16815770446942,0.026414530612872952,1
06037572600,1557,1477,1627.6161354390797,-150.6161354390797,-0.09253787312599245,0
06037573002,974,990,1018.1747693755063,-28.174769375506344,-0.02767184006414462,0
06037574202,1563,1489,1633.888259275068,-144.8882592750681,-0.08867696946384379,0
06037575001,1659,1704,1734.242240650888,-30.242240650888107,-0.01743830241358769,0
06037575801,885,899,925.13826580834,-26.138265808339952,-0.02825336144268298,0
06037577400,1392,1585,1455.132729949389,129.86727005061107,0.08924771423094029,1
06037599100,846,894,884.3694608744131,9.630539125586893,0.010889723754215546,1
06037600902,1053,1064,1100.757733216025,-36.75773321602492,-0.0333931183100861,0
06037601100,1045,1112,1092.3949014347065,19.605098565293474,0.01794689680402659,1
06037603500,1469,1709,1535.6249858445779,173.37501415542215,0.11290192316066522,1
06037603704,1085,1093,1134.2090603412983,-41.209060341298255,-0.03633286118248598,0
06037603900,1357,1388,1418.5453409061213,-30.545340906121282,-0.021532861886959423,0
06037620901,2715,2982,2838.1360357849076,143.86396421509244,0.05068959429751428,1
06037117404,2065,2127,2158.655953552793,-31.655953552793108,-0.014664659044296804,0
06037121010,1783,1669,1863.8661332613224,-194.86613326132237,-0.10454942540339686,0
06037121600,2342,1904,2448.21900398094,-544.2190039809402,-0.22229179787266165,0
06037231600,1041,1088,1088.2134855440474,-0.2134855440474439,-0.00019617983684581226,0
06037224410,1045,1075,1092.3949014347065,-17.394901434706526,-0.01592363843135919,0
06037226420,889,946,929.3196816989991,16.680318301000852,0.01794895624130718,1
06037228710,1120,1085,1170.796449384566,-85.7964493845659,-0.07328041473790356,0
06037232500,1080,1313,1128.9822904779742,184.01770952202583,0.16299432778889628,1
06037620301,3420,3284,3575.110586513585,-291.1105865135851,-0.08142701588357674,0
06037620522,1938,1863,2025.8959990243648,-162.89599902436476,-0.08040689112511824,0
06037117520,1112,1155,1162.4336176032475,-7.433617603247512,-0.006394874933653798,0
06037106643,3305,3842,3454.894879657134,387.10512034286603,0.11204541203907269,1
06037109100,1180,1752,1233.5176877444533,518.4823122555467,0.4203282347767681,1
06037109500,1550,1463,1620.298657630426,-157.29865763042608,-0.09708003946659094,0
06037111202,1913,1931,1999.762149707745,-68.76214970774504,-0.03438516411453946,0
06037111301,1436,1509,1501.12830474664,7.871695253360031,0.005243852393209395,1
06037115101,3036,2603,3173.694661010305,-570.694661010305,-0.17982027950623067,0
06037119340,1055,1044,1102.8484411613545,-58.84844116135446,-0.05336040653000707,0
06037120400,1191,1169,1245.016581443766,-76.01658144376597,-0.06105668195648801,0
06037123203,978,1045,1022.3561852661654,22.643814733834574,0.02214865529271422,1
06037123602,1237,1324,1293.1028641863463,30.897135813653676,0.02389379582195493,1
06037124400,1420,1310,1484.4026411840032,-174.4026411840032,-0.11749011780583637,0
06037127400,1147,1180,1199.0210066465152,-19.02100664651516,-0.01586378098555096,0
06037128500,1485,1651,1552.3506494072146,98.64935059278537,0.06354836816698335,1
06037131800,1482,1353,1549.21458748922,-196.2145874892201,-0.12665423439319726,0
06037134304,1586,1998,1657.9314006463585,340.0685993536415,0.20511620638891506,1
06037134306,1478,1554,1545.033171598561,8.966828401438988,0.005803647822112132,1
06037135102,1930,2382,2017.5331672430466,364.4668327569534,0.18064973536717432,1
06037135203,2244,2221,2345.774314659791,-124.77431465979089,-0.05319109936536541,0
06037139301,2763,2711,2888.3130264728175,-177.31302647281746,-0.06138982334935856,0
06037141400,2114,1841,2209.878298213368,-368.878298213368,-0.16692244930935654,0
06037141500,4001,4001,4182.461244631829,-181.46124463182878,-0.04338623456815852,0
06037123304,1020,1145,1066.2610521180868,78.73894788191319,0.07384584452888088,1
06037296600,1111,1068,1161.3882636305827,-93.38826363058274,-0.08041088975588952,0
06037297500,1500,1837,1568.0309589971864,268.9690410028136,0.1715329913988619,1
06037300400,1983,2101,2072.9369277942806,28.063072205719436,0.013537832159505256,1
06037265510,1772,1916,1852.3672395620094,63.632760437990555,0.034352130117047665,1
06037403317,2292,1853,2395.951305347701,-542.9513053477008,-0.22661199505008622,0
06037403318,1971,1822,2060.392680122303,-238.39268012230286,-0.11570254661754677,0
06037403324,2251,1992,2353.0917924684445,-361.0917924684445,-0.1534541889203784,0
06037403405,2515,2345,2629.065241251949,-284.0652412519489,-0.10804800002478385,0
06037403703,2251,1731,2353.0917924684445,-622.0917924684445,-0.2643720888660517,0
06037404501,1148,1295,1200.0663606191802,94.93363938081984,0.07910699149323573,1
06037405201,1306,1201,1365.2322883002169,-164.23228830021685,-0.12029622336627736,0
06037405202,1238,1220,1294.1482181590113,-74.14821815901132,-0.057294996908847706,0
06037406101,1207,1550,1261.7422450064028,288.25775499359725,0.22846009645348322,1
06037407200,1332,1129,1392.4114915895016,-263.41149158950157,-0.1891764705911794,0
06037408202,1463,1206,1529.352862008589,-323.352862008589,-0.21143116807190637,0
06037408706,2444,2675,2554.845109192749,120.15489080725092,0.047030205617911644,1
06037430301,2407,2538,2516.167012204152,21.832987795848112,0.00867708212131853,1
06037408301,1425,1376,1489.6294110473273,-113.62941104732727,-0.0762803219409026,0
06037408627,1928,1742,2015.4424592977168,-273.4424592977168,-0.13567366214612653,0
06037408703,2761,2393,2886.222318527488,-493.2223185274879,-0.170888540138212,0
06037430502,1645,1709,1719.607285033581,-10.607285033581093,-0.006168434575673451,0
06037430723,1576,1572,1647.4778609197106,-75.47786091971057,-0.04581418828752865,0
06037111100,2091,1996,2185.8351568420776,-189.8351568420776,-0.08684788340413395,0
06037111302,1459,1806,1525.17144611793,280.8285538820701,0.18412917091837278,1
06037111400,1410,1273,1473.9491014573553,-200.94910145735525,-0.13633381319522395,0
06037502901,1823,1708,1905.6802921679139,-197.68029216791388,-0.10373213858607497,0
06037503801,1716,1810,1793.8274170927812,16.17258290721884,0.009015684983469262,1
06037503901,1675,1698,1750.967904213525,-52.96790421352489,-0.030250642565213818,0
06037543100,1499,1355,1566.9856050245216,-211.98560502452165,-0.13528242017335207,0
06037543202,1154,1183,1206.3384844551686,-23.338484455168555,-0.019346547221950863,0
06037543304,2099,2013,2194.197988623396,-181.1979886233962,-0.08258050985502764,0
06037543604,2156,1849,2253.7831650652893,-404.78316506528927,-0.1796016455085923,0
06037302002,1360,1264,1421.6814028241158,-157.68140282411582,-0.11091191212805326,0
06037503703,1630,1541,1703.9269754436093,-162.9269754436093,-0.09561851991995846,0
06037121222,1234,1275,1289.9668022683518,-14.966802268351785,-0.011602470886873445,0
06037121801,1218,1314,1273.2411387057155,40.75886129428454,0.03201189472696197,1
06037121802,1590,1697,1662.1128165370176,34.88718346298242,0.020989660338261062,1
06037122121,1249,1197,1305.647111858324,-108.64711185832402,-0.08321322880551306,0
06037122122,1078,1172,1126.8915825326446,45.108417467355366,0.040029065942595796,1
06037123901,1224,1348,1279.5132625417043,68.48673745829569,0.05352561748539394,1
06037123902,1577,1500,1648.5232148923753,-148.52321489237534,-0.0900947063108673,0
06037124103,1322,1146,1381.9579518628536,-235.95795186285363,-0.17074177368767748,0
06037124104,996,1092,1041.1725567741319,50.82744322586814,0.048817501859006886,1
06037124105,1064,1146,1112.2566269153376,33.74337308466238,0.030337758632415723,1
06037143901,3436,3544,3591.836250076222,-47.83625007622186,-0.013318048693118104,0
06037183220,1209,1322,1263.832952951732,58.16704704826793,0.04602431588163332,1
06037185100,1414,1599,1478.1305173480143,120.86948265198566,0.08177186062624799,1
06037185320,948,889,990.9955660862217,-101.99556608622174,-0.10292232334503462,0
06037554302,1260,1375,1317.1460055576365,57.8539944423635,0.04392375195935094,1
06037554405,1023,1124,1069.3971140360811,54.60288596391888,0.051059503758934394,1
06037554406,1446,1310,1511.581844473288,-201.5818444732879,-0.13335820697391962,0
06037570403,1002,1068,1047.4446806101205,20.555319389879514,0.019624252975256273,1
06037571703,1013,1178,1058.9435743094332,119.05642569056681,0.11242943304907142,1
06037571704,1281,1104,1339.0984389835971,-235.09843898359713,-0.17556471737958385,0
06037570404,1302,1415,1361.0508724095578,53.94912759044223,0.03963784799236236,1
06037571503,1688,1677,1764.5575058581671,-87.55750585816713,-0.049620092044313856,0
06037571504,1399,1282,1462.4502077580426,-180.45020775804255,-0.12338895833908448,0
06037407602,1569,1450,1640.160383111057,-190.16038311105694,-0.11594011480167607,0
06037407801,1854,1507,1938.0862653205224,-431.08626532052244,-0.22242883252115148,0
06037407802,1689,1608,1765.602859830832,-157.6028598308319,-0.08926291603647059,0
06037408003,1858,1646,1942.2676812111815,-296.2676812111815,-0.15253699790053218,0
06037408004,1632,1471,1706.0176833889388,-235.01768338893885,-0.1377580582412752,0
06037408005,2520,1913,2634.292011115273,-721.292011115273,-0.2738086772733679,0
06037408006,1544,1489,1614.0265337944372,-125.02653379443723,-0.0774625021191632,0
06037408136,1421,1365,1485.4479951566677,-120.44799515666773,-0.08108529921571861,0
06037408137,1541,1563,1610.890471876443,-47.890471876442916,-0.02972919184297973,0
06037408138,1270,1266,1327.5995452842844,-61.59954528428443,-0.04639919130967604,0
06037408139,1302,1356,1361.0508724095578,-5.050872409557769,-0.0037110092737502732,0
06037408140,1631,1320,1704.972329416274,-384.9723294162741,-0.22579388695890204,0
06037408141,1319,1518,1378.8218899448593,139.17811005514068,0.10093987560692598,1
06037408504,1776,1587,1856.5486554526688,-269.54865545266875,-0.14518803730837135,0
06037408505,2213,1917,2313.3683415071823,-396.3683415071823,-0.1713381887334658,0
06037408630,1420,1794,1484.4026411840032,309.5973588159968,0.20856696843994624,1
06037408631,1761,1711,1840.8683458626967,-129.86834586269674,-0.07054732955486602,0
06037408723,1656,1671,1731.1061787328938,-60.106178732893795,-0.03472125480881208,0
06037408724,1199,1229,1253.3794132250841,-24.379413225084136,-0.019450944357186466,0
06037430003,2140,2118,2237.057501502653,-119.05750150265294,-0.05322058168942054,0
06037430901,1452,1393,1517.8539683092763,-124.8539683092763,-0.08225690410016848,0
06037430902,1450,1545,1515.763260363947,29.236739636053017,0.019288460408410375,1
06037431501,1373,1082,1435.271004468758,-353.27100446875806,-0.2461354011673325,0
06037431502,1674,1688,1749.92255024086,-61.92255024085989,-0.035385880496446455,0
06037433102,1135,1127,1186.4767589745377,-59.47675897453769,-0.050128886659307995,0
06037433304,1045,1113,1092.3949014347065,20.605098565293474,0.018862316675253232,1
06037433305,1077,1194,1125.8462285599799,68.15377144002014,0.06053559510271009,1
06037433101,672,808,702.4778696307395,105.52213036926048,0.1502141703406666,1
06037433306,1306,1352,1365.2322883002169,-13.232288300216851,-0.009692334713744368,0
06037433307,1234,1350,1289.9668022683518,60.033197731648215,0.04653856023742812,1
06037433503,1279,1298,1337.0077310382676,-39.00773103826759,-0.029175396770500142,0
06037433504,1108,1176,1158.2522017125882,17.747798287411797,0.01532291349083555,1
06037434003,1146,1195,1197.9756526738504,-2.975652673850391,-0.00248390079314952,0
06037106407,1297,1292,1355.824102546234,-63.82410254623392,-0.04707402857522036,0
06037106408,1240,1275,1296.2389261043406,-21.238926104340635,-0.016385039576130588,0
06037432000,1443,1129,1508.4457825552934,-379.44578255529336,-0.2515475113149348,0
06037432101,1990,1612,2080.2544056029337,-468.25440560293373,-0.22509477895671923,0
06037432102,1820,1470,1902.5442302499193,-432.54423024991934,-0.22735042022812793,0
06037432201,1378,1226,1440.497774332082,-214.49777433208192,-0.14890531464482024,0
06037433401,1274,1256,1331.7809611749437,-75.78096117494374,-0.056901970657462414,0
06037433403,990,1045,1034.900432938143,10.099567061856987,0.009758974622499408,1
06037433700,947,1096,989.9502121135571,106.04978788644291,0.10712638533611218,1
06037433801,1076,1127,1124.800874587315,2.199125412684907,0.0019551242023098155,1
06037433901,1028,1052,1074.623883899405,-22.623883899404973,-0.021052839266247673,0
06037461400,1584,1493,1655.8406927010287,-162.84069270102873,-0.09834321225395233,0
06037463400,1507,1569,1575.3484368058398,-6.34843680583981,-0.004029862002283022,0
06037480202,2295,2342,2399.0873672656953,-57.08736726569532,-0.023795451572386602,0
06037480400,1383,1302,1445.7245441954058,-143.72454419540577,-0.09941350499475217,0
06037127910,1074,1184,1122.7101666419856,61.28983335801445,0.05459096673305427,1
06037127920,1319,1312,1378.8218899448593,-66.82188994485932,-0.048463032413513255,0
06037572400,1264,1605,1321.3274214482958,283.6725785517042,0.214687573985843,1
06037572800,692,755,723.3849490840354,31.615050915964616,0.04370432500150332,1
06037573201,1027,987,1073.5785299267404,-86.57852992674043,-0.08064480381574735,0
06037573300,1121,1108,1171.8418033572307,-63.841803357230674,-0.054479882160142386,0
06037218210,1095,1171,1144.662600067946,26.33739993205404,0.023008876091951184,1
06037218600,1477,1345,1543.9878176258962,-198.98781762589624,-0.12887913709828921,0
06037218900,1006,1094,1051.6260965007798,42.373903499220205,0.04029369719923909,1
06037219300,1110,1073,1160.342909657918,-87.34290965791797,-0.07527336008255321,0
06037430302,1671,1476,1746.7864883228656,-270.7864883228656,-0.15501979785912737,0
06037482702,979,1163,1023.4015392388303,139.5984607611697,0.1364063423873664,1
06037500201,2486,2274,2598.7499760446703,-324.74997604467035,-0.1249639168978248,0
06037500202,3077,2798,3216.5541738895618,-418.55417388956175,-0.13012501927907294,0
06037500300,2064,2037,2157.6105995801286,-120.61059958012856,-0.055900077429912244,0
06037209510,791,900,826.8749923778497,73.12500762215029,0.08843538418287901,1
06037212304,844,859,882.2787529290836,-23.278752929083566,-0.026384805087734765,0
06037530602,973,1192,1017.1294154028417,174.8705845971583,0.17192559958350975,1
06037532605,971,1006,1015.0387074575119,-9.038707457511919,-0.008904790912015802,0
06037535502,1126,1061,1177.0685732205545,-116.06857322055453,-0.09860816596520078,0
06037540600,1233,1176,1288.9214482956872,-112.92144829568724,-0.08760925535454532,0
06037543802,1430,1539,1494.8561809106511,44.14381908934888,0.029530479020702122,1
06037551900,1499,1552,1566.9856050245216,-14.985605024521647,-0.009563332921802519,0
06037554001,1689,1433,1765.602859830832,-332.6028598308319,-0.18837920315936713,0
06037602003,1171,1256,1224.10950199047,31.890498009529892,0.026051997764639657,1
06037553902,1230,1273,1285.7853863776927,-12.785386377692703,-0.00994363951647609,0
06037910402,992,880,1036.9911408834728,-156.99114088347278,-0.15139101453626974,0
06037920331,1967,1903,2056.211264231644,-153.21126423164378,-0.07451144096756765,0
06037138000,2749,2895,2873.67807085551,21.321929144489786,0.007419734785442451,1
06037181600,1475,1548,1541.8971096805667,6.1028903194333,0.0039580399244004225,1
06037187200,1147,1387,1199.0210066465152,187.97899335348484,0.15677706421444138,1
06037191420,959,1104,1002.4944597855346,101.50554021446544,0.10125296875573826,1
06037195500,1458,1624,1524.1260921452651,99.87390785473485,0.06552863858800459,1
06037408212,1761,1560,1840.8683458626967,-280.86834586269674,-0.15257383641472297,0
06037320202,1461,1566,1527.2621540632597,38.737845936740314,0.025364241386901923,1
06037311801,1344,1362,1404.955739261479,-42.95573926147904,-0.030574443066839176,0
06037311802,1225,1377,1280.5586165143689,96.44138348563115,0.075311963265017,1
06037400207,2601,2392,2718.9656829011215,-326.96568290112145,-0.12025369976433496,0
06037400403,2082,1733,2176.426971088095,-443.4269710880949,-0.2037407994748409,0
06037400404,2205,2424,2305.005509725864,118.99449027413584,0.05162438431146654,1
06037400501,2623,2400,2741.963470299747,-341.96347029974686,-0.12471481622706082,0
06037401303,2866,2399,2995.984485657291,-596.9844856572909,-0.19926154107781305,0
06037702803,1385,1534,1447.8152521407355,86.18474785926446,0.05952744849996015,1
06037900806,706,763,738.0199047013424,24.980095298657602,0.033847454708916556,1
06037271500,1794,1707,1875.365026960635,-168.36502696063508,-0.08977720312588998,0
06037277200,1427,1582,1491.7201189926566,90.27988100734342,0.06052065656143896,1
06037201401,1243,1144,1299.3749880223352,-155.37498802233517,-0.11957671146096004,0
06037212202,865,840,904.2311863550441,-64.23118635504409,-0.07103403125693994,0
06037432500,1424,1341,1488.5840570746623,-147.58405707466227,-0.0991439189297054,0
06037433802,1303,1369,1362.0962263822225,6.9037736177774605,0.0050684918466547225,1
06037462900,1514,2118,1582.6659146144934,535.3340853855066,0.33824831914441245,1
06037404302,1452,1557,1517.8539683092763,39.1460316907237,0.025790380700673143,1
06037433402,963,1086,1006.6758756761936,79.32412432380636,0.07879807815055029,1
06037461000,1703,1622,1780.2378154481391,-158.23781544813914,-0.08888577361688385,0
06037480702,1676,1517,1752.0132581861897,-235.01325818618966,-0.1341389724581721,0
06037530302,989,1121,1033.8550789654782,87.14492103452176,0.08429123463002462,1
06037532102,1627,1545,1700.790913525615,-155.790913525615,-0.09159909797652425,0
06037261101,3860,3115,4035.066334486093,-920.0663344860932,-0.22801764784451134,0
06037243000,1388,1427,1450.9513140587298,-23.95131405872985,-0.01650731752792663,0
06037262100,4001,3969,4182.461244631829,-213.46124463182878,-0.05103723194226973,0
06037262303,3941,2905,4119.740006271942,-1214.7400062719416,-0.2948584144685361,0
06037262601,3767,4001,3937.8484150282675,63.15158497173252,0.016037078707936803,1
06037400900,1877,1999,1962.1294066918126,36.87059330818738,0.01879111193300543,1
06037401102,1529,1559,1598.3462242044652,-39.346224204465216,-0.02461683433077759,0
06037401312,1439,1121,1504.2643666646343,-383.2643666646343,-0.25478524597005264,0
06037402200,1523,1525,1592.0741003684766,-67.07410036847659,-0.04213001163259466,0
06037403312,1713,1655,1790.6913551747868,-135.69135517478685,-0.07577595925878707,0
06037238000,1472,1379,1538.7610477625722,-159.76104776257216,-0.1038244683895995,0
06037238320,961,887,1004.5851677308641,-117.5851677308641,-0.1170484808136905,0
06037238400,1176,1497,1229.3362718537942,267.6637281462058,0.21773027793492067,1
06037242600,436,541,455.7743320818488,85.2256679181512,0.1869909337124457,1
06037243100,831,828,868.6891512844413,-40.68915128444132,-0.0468397138657464,0
06037264302,2132,2276,2228.6946697213343,47.30533027866568,0.021225576980708854,1
06037265305,1503,1638,1571.1670209151807,66.83297908481927,0.04253715753649799,1
06037265420,3229,2822,3375.44797773461,-553.44797773461,-0.16396282253061112,0
06037267100,1887,1947,1972.5829464184606,-25.58294641846055,-0.012969262694332058,0
06037267800,2508,2558,2621.7477634432958,-63.74776344329575,-0.02431498725093678,0
06037269000,2706,3011,2828.7278500309244,182.2721499690756,0.06443608563018283,1
06037269300,3181,3271,3325.2709870466997,-54.2709870466997,-0.016320771226798522,0
06037269500,3711,3567,3879.3085925590394,-312.3085925590394,-0.08050625133511762,0
06037269800,1410,1552,1473.9491014573553,78.05089854264475,0.052953591454055336,1
06037271802,1498,1491,1565.9402510518569,-74.94025105185688,-0.04785639235055029,0
06037273200,1692,2060,1768.7389217488262,291.2610782511738,0.16467160566760852,1
06037275200,1291,1345,1349.551978710245,-4.551978710245066,-0.0033729554563695667,0
06037293304,1130,1170,1181.2499891112138,-11.249989111213836,-0.009523800393580074,0
06037264301,1838,1978,1921.360601757886,56.63939824211411,0.02947879653111121,1
06037540901,1326,1251,1386.1393677535127,-135.13936775351272,-0.09749334799756122,0
06037541200,1540,1466,1609.8451179037781,-143.84511790377815,-0.0893533895304678,0
06037541605,1191,1183,1245.016581443766,-62.01658144376597,-0.049811851800278285,0
06037186100,1411,1639,1474.9944554300198,164.0055445699802,0.11119061767738377,1
06037541606,1184,1054,1237.6991036351124,-183.69910363511235,-0.14841984056996532,0
06037228210,1140,1127,1191.7035288378615,-64.70352883786154,-0.054294988033609194,0
06037231210,951,1064,994.1316280042162,69.86837199578383,0.07028080590902146,1
06037231720,949,1065,992.0409200588866,72.95907994111337,0.0735444259061235,1
06037231800,873,1046,912.5940181363625,133.40598186363752,0.1461832745036727,1
06037271400,2617,2518,2735.691346463758,-217.69134646375778,-0.07957452756691744,0
06037271701,1539,1704,1608.7997639311131,95.20023606888685,0.05917469544890063,1
06037271801,1420,1494,1484.4026411840032,9.597358815996813,0.006465468700824783,1
06037273800,1653,1807,1727.9701168148995,79.02988318510052,0.045735677032872096,1
06037276400,2457,2072,2568.4347108373913,-496.4347108373913,-0.19328297843924475,0
06037276500,2378,2230,2485.8517469968733,-255.85174699687332,-0.10292317202985442,0
06037277100,2480,2318,2592.4778522086813,-274.47785220868127,-0.10587471440685126,0
06037293201,1164,1382,1216.7920241818165,165.2079758181835,0.1357733881673584,1
06037106645,2577,2481,2693.877187557166,-212.87718755716605,-0.07902260301265075,0
06037106646,2310,2186,2414.767676855667,-228.7676768556671,-0.0947369302017292,0
06037106648,1236,1136,1292.0575102136816,-156.05751021368155,-0.12078217028270873,0
06037106649,2200,2150,2299.77873986254,-149.77873986254008,-0.06512745650979124,0
06037108201,2825,2839,2953.1249727780346,-114.12497277803459,-0.038645493783717545,0
06037108202,3385,2735,3538.5231974703174,-803.5231974703174,-0.22707868583276616,0
06037109603,1351,1511,1412.2732170701324,98.72678292986757,0.06990629131570146,1
06037109604,2022,1728,2113.7057327282073,-385.7057327282073,-0.18247844378525116,0
06037111205,1981,1997,2070.846219848951,-73.84621984895102,-0.035659924499047264,0
06037111206,2752,2334,2876.8141327735043,-542.8141327735043,-0.1886858544629657,0
06037113101,2278,2532,2381.3163497303935,150.68365026960646,0.06327746008490912,1
06037113102,3579,3129,3741.321868167287,-612.321868167287,-0.16366457892253927,0
06037113235,1481,1808,1548.1692335165556,259.83076648344445,0.16783098440295025,1
06037113237,2071,1945,2164.928077388782,-219.92807738878219,-0.10158678234431114,0
06037115103,1616,1630,1689.2920198263023,-59.292019826302294,-0.03509873907555596,0
06037115104,1464,1485,1530.398215981254,-45.398215981254,-0.02966431580171816,0
06037117201,1153,1164,1205.293130482504,-41.29313048250401,-0.034259823969936265,0
06037115403,1142,1242,1193.7942367831913,48.20576321680869,0.04038029480415685,1
06037115404,1462,1673,1528.3075080359242,144.69249196407577,0.09467498602426197,1
06037117101,2165,1756,2263.1913508192724,-507.19135081927243,-0.22410449325712994,0
06037117102,2010,1783,2101.1614850562296,-318.1614850562296,-0.15142171951991362,0
06037117407,1071,1111,1119.574104723991,-8.574104723991013,-0.00765836284334639,0
06037117408,1004,1019,1049.53538855545,-30.535388555450027,-0.029094196239993438,0
06037117202,2279,2146,2382.3617037030585,-236.36170370305854,-0.09921318972499696,0
06037119001,1831,1894,1914.043123949232,-20.04312394923204,-0.010471615659252859,0
06037119002,1692,1667,1768.7389217488262,-101.73892174882621,-0.05752059871461,0
06037119201,1540,1615,1609.8451179037781,5.154882096221854,0.0032020981639116703,1
06037119202,1626,1685,1699.74555955295,-14.745559552949999,-0.008675156978688169,0
06037119341,1390,1353,1453.0420220040594,-100.04202200405939,-0.06885005422353842,0
06037119342,1482,1458,1549.21458748922,-91.2145874892201,-0.05887795546584007,0
06037120103,1019,1151,1065.215698145422,85.78430185457796,0.0805323297468592,1
06037120104,1130,1159,1181.2499891112138,-22.249989111213836,-0.01883596979158915,0
06037120105,1033,1107,1079.850653762729,27.149346237270947,0.025141760244964725,1
06037120106,1068,1050,1116.4380428059967,-66.4380428059967,-0.059508938479931064,0
06037910713,1579,1338,1650.6139228377049,-312.6139228377049,-0.1893925154225434,0
06037910714,1359,1366,1420.636048851451,-54.63604885145105,-0.038458864179620765,0
06037910715,1519,1347,1587.8926844778175,-240.8926844778175,-0.15170589727670147,0
06037910716,1908,1567,1994.5353798444212,-427.5353798444212,-0.2143533697947088,0
06037232800,984,1161,1028.6283091021544,132.3716908978456,0.12868758299427632,1
06037234600,1503,1521,1571.1670209151807,-50.16702091518073,-0.03192978228753758,0
06037237900,1392,1412,1455.132729949389,-43.13272994938893,-0.029641783915402092,0
06037800330,3307,3336,3456.9855876024635,-120.98558760246351,-0.03499742319908574,0
06037402001,1244,1349,1300.420341995,48.579658005000056,0.03735688871989888,1
06037402002,1342,1533,1402.8650313161495,130.1349686838505,0.092763712672886,1
06037402303,896,1142,936.6371595076527,205.36284049234735,0.21925549120888735,1
06037402304,835,922,872.8705671751004,49.129432824899595,0.05628490027324302,1
06037402405,1536,1453,1605.6637020131188,-152.66370201311884,-0.09507825444500925,0
06037402705,1738,1525,1816.8252044914068,-291.8252044914068,-0.16062370984835544,0
06037402706,1716,1391,1793.8274170927812,-402.82741709278116,-0.22456308408176479,0
06037402406,1242,1175,1298.3296340496704,-123.3296340496704,-0.09499100291271034,0
06037402803,1169,1179,1222.0187940451406,-43.01879404514057,-0.03520305436771497,0
06037402804,1193,1186,1247.1072893890957,-61.10728938909574,-0.04899922397136302,0
06037402903,1554,1371,1624.4800735210852,-253.48007352108516,-0.15603766254372284,0
06037402904,1719,1554,1796.9634790107755,-242.96347901077547,-0.1352078001855254,0
06037404201,1165,1214,1217.8373781544815,-3.8373781544814847,-0.0031509774813256856,0
06037404202,1232,1323,1287.8760943230225,35.12390567697753,0.027272736742147977,1
06037404503,1424,1500,1488.5840570746623,11.415942925337731,0.007668994485788146,1
06037404504,1193,1140,1247.1072893890957,-107.10728938909574,-0.08588458290670645,0
06037405301,1239,1408,1295.193572131676,112.80642786832391,0.08709619187089003,1
06037405302,1633,1524,1707.0630373616034,-183.0630373616034,-0.10723859245675035,0
06037405701,1700,1427,1777.1017535301446,-350.1017535301446,-0.1970071510169189,0
06037405702,1343,1377,1403.9103852888143,-26.91038528881427,-0.0191681645572258,0
06037406701,1420,1542,1484.4026411840032,57.59735881599681,0.038801708659084215,1
06037406702,1484,1502,1551.3052954345499,-49.30529543454986,-0.0317831026424354,0
06037406901,1388,1232,1450.9513140587298,-218.95131405872985,-0.15090190272908593,0
06037406902,1792,1565,1873.2743190153053,-308.2743190153053,-0.16456442918480355,0
06037407501,1402,1390,1465.5862696760369,-75.58626967603686,-0.05157408420095595,0
06037407502,1528,1489,1597.3008702318004,-108.30087023180045,-0.0678024236073219,0
06037407601,1087,1083,1136.2997682866278,-53.299768286627796,-0.04690643241703373,0
06037401304,2045,2223,2137.7488740994972,85.25112590050276,0.03987892447676476,1
06037208903,791,813,826.8749923778497,-13.874992377849708,-0.016780036288132627,0
06037209200,1564,1755,1634.933613247733,120.06638675226691,0.07343808077549989,1
06037210010,701,828,732.7931348380184,95.20686516198157,0.12992324932605534,1
06037211420,1007,1071,1052.6714504734443,18.328549526555662,0.01741146253972434,1
06037212203,774,804,809.1039748425482,-5.103974842548155,-0.006308181644443645,0
06037212610,1048,1165,1095.5309633527008,69.46903664729916,0.06341129458787734,1
06037214400,1715,1717,1792.7820631201164,-75.78206312011639,-0.04227065000205716,0
06037214600,1647,1933,1721.6979929789106,211.30200702108937,0.12272884552504537,1
06037218120,988,1095,1032.8097249928135,62.19027500718653,0.060214648935087496,1
06037218500,1188,1307,1241.8805195257717,65.11948047422834,0.0524361880634822,1
06037221210,1049,1072,1096.5763173253656,-24.576317325365608,-0.022411862208832983,0
06037221302,1076,1108,1124.800874587315,-16.800874587315093,-0.014936754555315639,0
06037224200,772,865,807.0132668972186,57.986733102781386,0.0718535066043302,1
06037463500,1465,1616,1531.4435699539188,84.55643004608123,0.05521354603266612,1
06037460900,1381,1557,1443.6338362500762,113.36616374992377,0.07852833655132319,1
06037461100,1750,1615,1829.369452163384,-214.36945216338404,-0.11718215361575762,0
06037461700,2720,2321,2843.3628056482316,-522.3628056482316,-0.18371303324731472,0
06037480101,1763,1389,1842.9590538080265,-453.9590538080265,-0.2463207486189292,0
06037480802,1434,1024,1499.0375968013102,-475.0375968013102,-0.316895051741837,0
06037501504,930,1042,972.1791945782556,69.82080542174435,0.07181886406449332,1
06037501600,1515,1529,1583.7112685871582,-54.7112685871582,-0.034546239376049004,0
06037530203,1037,1126,1084.0320696533881,41.967930346611865,0.03871465754701411,1
06037530400,587,502,613.6227819542322,-111.62278195423221,-0.18190781900036712,0
06037531201,947,1017,989.9502121135571,27.049787886442914,0.027324392232505563,1
06037531202,976,963,1020.2654773208359,-57.265477320835885,-0.05612801627985302,0
06037531800,985,1127,1029.6736630748192,97.32633692518084,0.09452153669206631,1
06037201503,943,1165,985.7687962228978,179.23120377710222,0.18181870278695172,1
06037194300,3486,3199,3644.1039487094613,-445.1039487094613,-0.12214359276636232,0
06037530102,988,1122,1032.8097249928135,89.19027500718653,0.08635692794992528,1
06037104610,1613,1769,1686.1559579083078,82.84404209169224,0.04913189773647098,1
06037106510,1738,1962,1816.8252044914068,145.1747955085932,0.07990575821477154,1
06037106641,2584,2540,2701.1946653658197,-161.19466536581967,-0.05967532345322075,0
06037113213,1962,1854,2050.9844943683197,-196.9844943683197,-0.09604387303229649,0
06037113233,1271,1217,1328.6448992569492,-111.6448992569492,-0.08402914828438142,0
06037113303,1899,1620,1985.127194090438,-365.127194090438,-0.18393138493966127,0
06037115302,1240,1389,1296.2389261043406,92.76107389565937,0.07156170982647421,1
06037117302,1981,1899,2070.846219848951,-171.84621984895102,-0.08298357367235391,0
06037121900,1567,1181,1638.0696751657274,-457.0696751657274,-0.2790294467294162,0
06037900606,1110,1054,1160.342909657918,-106.34290965791797,-0.09164782994129644,0
06037900803,1406,1354,1469.767685566696,-115.76768556669595,-0.0787659755371881,0
06037901101,1282,1266,1340.143792956262,-74.1437929562619,-0.05532525192144193,0
06037910202,2462,2217,2573.6614807007154,-356.6614807007154,-0.1385813493247796,0
06037910404,1315,1131,1374.6404740542002,-243.64047405420024,-0.1772394154346672,0
06037910601,1277,1143,1334.917023092938,-191.91702309293805,-0.14376700556883723,0
06037910808,2314,1899,2418.949092746326,-519.9490927463262,-0.21494834029599522,0
06037920013,1949,1702,2037.3948927236775,-335.39489272367746,-0.16461948241919222,0
06037920016,3241,2737,3387.9922254065873,-650.9922254065873,-0.19214690651436273,0
06037463300,1765,1844,1845.0497617533558,-1.0497617533558241,-0.000568961214551868,0
06037430802,1848,2069,1931.8141414845336,137.1858585154664,0.07101400469614728,1
06037431900,1346,1329,1407.0464472068086,-78.04644720680858,-0.05546828063973446,0
06037460700,3599,3981,3762.2289476205824,218.7710523794176,0.05814931930651884,1
06037462100,1277,1324,1334.917023092938,-10.917023092938052,-0.008178053694786091,0
06037462400,1576,1737,1647.4778609197106,89.52213908028943,0.054338902636490286,1
06037203100,822,818,859.2809655304582,-41.28096553045816,-0.04804128938777815,0
06037203500,951,1004,994.1316280042162,9.868371995783832,0.009926625124678137,1
06037203720,958,920,1001.4491058128697,-81.44910581286967,-0.0813312482282941,0
06037204200,900,930,940.8185753983119,-10.81857539831185,-0.01149910905376376,0
06037204300,944,960,986.8141501955627,-26.81415019556266,-0.027172441933720495,0
06037209300,816,931,853.0088416944694,77.99115830553058,0.09143065639343682,1
06037209820,806,865,842.5553019678215,22.444698032178508,0.026638842554023483,1
06037403323,2338,2046,2444.037588090281,-398.03758809028113,-0.1628606654946331,0
06037403401,2007,1961,2098.0254231382355,-137.0254231382355,-0.06531161235085145,0
06037404000,1352,1451,1413.3185710427972,37.6814289572028,0.026661666894676184,1
06037403802,1397,1347,1460.3594998127128,-113.35949981271278,-0.07762437935813123,0
06037532002,1094,1082,1143.6172460952812,-61.61724609528119,-0.053879255761195045,0
06037532101,1153,1215,1205.293130482504,9.706869517495988,0.008053534258185082,1
06037532604,1127,1093,1178.1139271932195,-85.11392719321952,-0.07224592225643064,0
06037533804,986,1015,1030.719017047484,-15.71901704748393,-0.015250535584869078,0
06037533901,1132,1257,1183.3406970565434,73.65930294345662,0.06224691090797241,1
06037534001,1059,1105,1107.0298570520135,-2.02985705201354,-0.00183360641908881,0
06037534403,1132,1173,1183.3406970565434,-10.340697056543377,-0.008738562851987562,0
06037534406,1181,1225,1234.563041717118,-9.56304171711804,-0.007746094281112678,0
06037534502,1321,1336,1380.9125978901889,-44.91259789018886,-0.032523852674534254,0
06037535101,1201,1134,1255.470121170414,-121.4701211704139,-0.09675269775211631,0
06037535503,1046,1069,1093.4402554073713,-24.440255407371296,-0.022351706265163845,0
06037535604,1114,1213,1164.524325548577,48.47567445142295,0.041627017476502534,1
06037271300,1929,1878,2016.4878132703818,-138.48781327038182,-0.06867773380974686,0
06037434004,1259,1415,1316.100651584972,98.89934841502804,0.07514573318987736,1
06037461501,1496,1554,1563.8495431065273,-9.849543106527335,-0.0062982677265497,0
06037460401,1896,1839,1981.9911321724435,-142.99113217244349,-0.07214519270614099,0
06037910205,1676,1559,1752.0132581861897,-193.01325818618966,-0.11016655112873454,0
06037910302,2060,1420,2153.429183689469,-733.429183689469,-0.34058662771203146,0
06037920020,2228,2125,2329.048651097154,-204.0486510971541,-0.08761030002573458,0
06037920015,3085,2670,3224.91700567088,-554.9170056708799,-0.17207171678994587,0
06037901010,1450,1197,1515.763260363947,-318.763260363947,-0.21029884329523157,0
06037901011,1362,1256,1423.7721107694451,-167.77211076944513,-0.11783635140793461,0
06037901209,1282,895,1340.143792956262,-445.1437929562619,-0.33216121680070343,0
06037901210,1645,1213,1719.607285033581,-506.6072850335811,-0.2946063845174324,0
06037901213,2311,2196,2415.813030828332,-219.8130308283321,-0.0909892562144856,0
06037910001,1363,1167,1424.8174647421101,-257.81746474211013,-0.1809477151438305,0
06037910002,1302,1145,1361.0508724095578,-216.05087240955777,-0.1587382784796785,0
06037910101,1050,993,1097.6216712980304,-104.62167129803038,-0.09531669612017264,0
06037910207,1733,1763,1811.5984346280827,-48.598434628082714,-0.02682627325081558,0
06037910208,1591,1584,1663.1581705096823,-79.15817050968235,-0.04759509462976932,0
06037910209,1990,1794,2080.2544056029337,-286.25440560293373,-0.1376054798066714,0
06037910504,1231,1120,1286.8307403503577,-166.8307403503577,-0.1296446650823213,0
06037910505,1561,1308,1631.7975513297388,-323.7975513297388,-0.19842997746005853,0
06037910210,2380,1835,2487.9424549422024,-652.9424549422024,-0.2624427480809121,0
06037910605,1332,1300,1392.4114915895016,-92.41149158950157,-0.06636794665060514,0
06037910606,1482,1284,1549.21458748922,-265.2145874892201,-0.171192931974032,0
06037910711,1179,1321,1232.4723337717885,88.5276662282115,0.07182933344822959,1
06037910712,1809,1527,1891.0453365506069,-364.04533655060686,-0.19251010513298952,0
06037209403,777,697,812.2400367605426,-115.24003676054258,-0.1418792863500727,0
06037209520,808,871,844.6460099131511,26.353990086848853,0.03120122486526473,1
06037553200,1625,1466,1698.7002055802852,-232.70020558028523,-0.13698721223195096,0
06037553502,1159,1133,1211.5652543184926,-78.56525431849263,-0.06484607745101251,0
06037554403,1231,1151,1286.8307403503577,-135.8307403503577,-0.10555447277656413,0
06037554404,1224,1230,1279.5132625417043,-49.51326254170431,-0.03869695140427704,0
06037554521,1808,1853,1889.999982577942,-36.99998257794209,-0.01957671053915803,0
06037570003,2177,1887,2275.7355984912497,-388.7355984912497,-0.1708175583969292,0
06037570100,1690,1744,1766.6482138034967,-22.648213803496674,-0.012819877566194297,0
06037570304,1012,1108,1057.8982203367684,50.10177966323158,0.04735973527517828,1
06037570601,1431,1247,1495.9015348833157,-248.90153488331566,-0.16638898288364323,0
06037570602,1188,1317,1241.8805195257717,75.11948047422834,0.06048849248630915,1
06037570701,1589,1410,1661.0674625643528,-251.0674625643528,-0.1511482635249235,0
06037571400,1661,1659,1736.3329485962179,-77.33294859621788,-0.04453808738625829,0
06037571800,2246,2337,2347.865022605121,-10.865022605120885,-0.004627618070252344,0
06037572100,1218,1672,1273.2411387057155,398.75886129428454,0.31318408522334884,1
06037134201,2212,2064,2312.322987534518,-248.32298753451778,-0.1073911338827664,0
06037310701,1140,1073,1191.7035288378615,-118.70352883786154,-0.09960827165932801,0
06037311000,1493,1686,1560.7134811885328,125.2865188114672,0.0802751564086302,1
06037311100,1977,2072,2066.664803958292,5.335196041708059,0.0025815487985712707,1
06001402800,555,818,580.171454828959,237.82854517104101,0.40992803625810154,1
06001404400,2804,2948,2931.1725393520737,16.827460647926273,0.005740863228626565,1
06001400900,1318,1529,1377.7765359721946,151.22346402780545,0.10975906475363095,1
06001402600,816,844,853.0088416944694,-9.008841694469425,-0.01056125242098746,0
06001404200,2465,2919,2576.7975426187095,342.2024573812905,0.13280145285823353,1
06001405500,1138,1156,1189.6128208925322,-33.61282089253223,-0.02825526112547568,0
06001405600,1067,1275,1115.392688833332,159.60731116666807,0.1430951742507947,1
06001427300,1445,1795,1510.536490500623,284.4635094993771,0.18831952176481354,1
06001427600,1336,1559,1396.5929074801606,162.40709251983935,0.11628806909299476,1
06001427900,1393,1590,1456.1780839220537,133.8219160779463,0.09189941639384645,1
06001428302,2577,2099,2693.877187557166,-594.877187557166,-0.22082565244802657,0
06001428600,1533,1809,1602.5276400951245,206.47235990487547,0.128841684061449,1
06001430800,1567,1542,1638.0696751657274,-96.0696751657274,-0.05864810064077879,0
06001433600,1389,1376,1451.9966680313946,-75.99666803139462,-0.052339423157513366,0
06001437400,1482,1813,1549.21458748922,263.7854125107799,0.17027041614570093,1
06001438201,1294,1502,1352.6880406282396,149.3119593717604,0.11038166590311116,1
06001436900,1180,1417,1233.5176877444533,183.48231225554673,0.14874720814993178,1
06001437000,1804,1681,1885.818566687283,-204.818566687283,-0.10860990039305683,0
06001438300,1841,1836,1924.49666367588,-88.49666367587997,-0.04598431649491517,0
06001440304,2042,1930,2134.612812181503,-204.61281218150316,-0.09585476626667282,0
06001441402,2223,2394,2323.82188123383,70.17811876616997,0.03019943969582944,1
06001441522,2245,2285,2346.8196686324554,-61.81966863245543,-0.02634189130879372,0
06001441800,1721,1870,1799.0541869561052,70.94581304389476,0.03943506179985103,1
06001441921,1933,2169,2020.669229161041,148.3307708389591,0.07340675489998151,1
06001442000,2830,2831,2958.3517426413587,-127.35174264135867,-0.04304820850263495,0
06001442100,2669,2756,2790.0497530423268,-34.049753042326756,-0.01220399493062739,0
06001442200,2319,2983,2424.1758626096503,558.8241373903497,0.23052128602120878,1
06001440331,1625,1710,1698.7002055802852,11.299794419714772,0.006652023931353267,1
06001441302,2040,2164,2132.5221042361736,31.477895763826382,0.014760876663973023,1
06001403501,965,1075,1008.7665836215233,66.2334163784767,0.06565782159505658,1
06001403502,1275,1441,1332.8263151476083,108.17368485239172,0.08116112626453632,1
06001403701,1126,1309,1177.0685732205545,131.93142677944547,0.11208474151889933,1
06001403702,1422,1604,1486.4933491293327,117.50665087066727,0.07904956382044571,1
06001404102,1099,1340,1148.8440159586053,191.15598404139473,0.16638985048104424,1
06001404101,1228,1616,1283.6946784323634,332.3053215676366,0.2588663232392962,1
06001405301,1140,1296,1191.7035288378615,104.29647116213846,0.08751880701725154,1
06001405302,846,941,884.3694608744131,56.63053912558689,0.0640349329448734,1
06001405401,922,989,963.8163627969373,25.183637203062744,0.02612908244261525,1
06001406602,1110,1173,1160.342909657918,12.657090342082029,0.010908060226621698,1
06001405402,868,1142,907.3672482730385,234.6327517269615,0.25858631350594824,1
06001405901,948,1011,990.9955660862217,20.004433913778257,0.020186199210539928,1
06001406601,1230,1420,1285.7853863776927,134.2146136223073,0.10438337147415865,1
06001405902,984,956,1028.6283091021544,-72.62830910215439,-0.07060695147069064,0
06001407101,972,1017,1016.0840614301768,0.9159385698231972,0.0009014397573897371,1
06001407102,1258,1206,1315.055297612307,-109.05529761230696,-0.08292829800413282,0
06001410500,459,715,479.81747345313903,235.18252654686097,0.49014998318903424,1
06001425101,1460,1417,1526.216800090595,-109.21680009059492,-0.07156047560484978,0
06001423000,1381,1630,1443.6338362500762,186.36616374992377,0.12909517570883544,1
06001428100,1560,1625,1630.7521973570738,-5.752197357073783,-0.003527327675165025,0
06001428400,1409,1429,1472.9037474846905,-43.903747484690484,-0.029807614760751246,0
06001430200,2184,2127,2283.0530762999033,-156.0530762999033,-0.06835280262201143,0
06001432200,1436,1569,1501.12830474664,67.87169525336003,0.045213786882004996,1
06001432400,1320,1368,1379.8672439175239,-11.867243917523865,-0.008600279461545927,0
06001433800,1311,1391,1370.459058163541,20.54094183645907,0.01498836591585931,1
06001434000,1103,1202,1153.0254318492646,48.97456815073542,0.042474837759812645,1
06001435102,2310,2137,2414.767676855667,-277.7676768556671,-0.11502873734725311,0
06001435500,1181,1350,1234.563041717118,115.43695828288196,0.09350430426163092,1
06001438000,1630,2152,1703.9269754436093,448.0730245563907,0.2629649222143085,1
06001440307,1046,1061,1093.4402554073713,-32.440255407371296,-0.029668063935770664,0
06001441401,1777,2070,1857.5940094253335,212.40599057466648,0.11434467892172873,1
06001441601,1967,2056,2056.211264231644,-0.21126423164378139,-0.00010274441898008262,0
06001443321,1690,1818,1766.6482138034967,51.351786196503326,0.029067352399460303,1
06001444301,1622,1476,1695.564143662291,-219.56414366229092,-0.1294932689411849,0
06001444601,2174,2125,2272.5995365732556,-147.5995365732556,-0.06494744639251925,0
06001443322,2428,2629,2538.1194456301128,90.88055436988725,0.03580625589798642,1
06001444302,1410,1707,1473.9491014573553,233.05089854264475,0.15811326070365495,1
06001444602,1787,1915,1868.0475491519815,46.95245084801854,0.02513450520535897,1
06001450102,2846,2796,2975.077406203995,-179.077406203995,-0.06019251997630747,0
06001450501,1922,2141,2009.1703354617282,131.8296645382718,0.06561398116002742,1
06001450502,2891,3038,3022.1183349739104,15.88166502608965,0.0052551433351555885,1
06001450744,2759,2554,2884.131610582158,-330.1316105821579,-0.11446482170608065,0
06001450745,2641,2592,2760.7798418077127,-168.77984180771273,-0.06113484286280448,0
06001450101,2123,2354,2219.286483967351,134.71351603264884,0.06070127358763776,1
06001400700,1344,1465,1404.955739261479,60.04426073852096,0.04273747496848796,1
06001402700,1095,1161,1144.662600067946,16.33739993205404,0.014272677320884136,1
06001402900,751,889,785.060833471258,103.93916652874202,0.1323963215298364,1
06001403400,1039,1167,1086.122777598718,80.8772224012821,0.07446416194317511,1
06001404600,2893,2898,3024.2090429192403,-126.20904291924035,-0.041732909705676946,0
06001406201,991,1034,1035.9457869108078,-1.945786910807783,-0.0018782709823166742,0
06001406800,1765,2003,1845.0497617533558,157.95023824664418,0.08560757629460554,1
06001407800,2093,1801,2187.9258647874076,-386.9258647874076,-0.17684596677365194,0
06001408000,2779,3058,2905.038690035454,152.96130996454622,0.0526537944190614,1
06001408200,1399,1374,1462.4502077580426,-88.45020775804255,-0.060480833664510195,0
06001409900,2250,2559,2352.0464384957795,206.9535615042205,0.08798872255114781,1
06001420200,1437,1845,1502.1736587193045,342.8263412806955,0.22822017899912853,1
06001420500,1406,1904,1469.767685566696,434.23231443330405,0.295442823173703,1
06001432502,1255,1385,1311.9192356943126,73.08076430568735,0.05570523117378526,1
06001433103,1083,1244,1132.1183523959685,111.88164760403151,0.09882504542678759,1
06001433104,1133,1260,1184.3860510292081,75.61394897079185,0.063842316367273,1
06001435103,2894,2829,3025.254396891905,-196.2543968919049,-0.06487203095830002,0
06001435104,1438,1558,1503.2190126919693,54.78098730803072,0.036442452394164944,1
06001435601,1186,1322,1239.7898115804421,82.21018841955788,0.06630977900581318,1
06001435602,1235,1404,1291.0121562410168,112.98784375898322,0.08751880701725144,1
06001437101,2534,2415,2648.9269667325802,-233.92696673258024,-0.08831008543097976,0
06001437102,1526,1408,1595.2101622864711,-187.21016228647113,-0.11735767907730489,0
06001437701,1245,1297,1301.4656959676647,-4.465695967664715,-0.0034312821163867743,0
06001437702,1163,1286,1215.746670209152,70.25332979084806,0.05778615850846786,1
06001438203,1752,1587,1831.4601601087138,-244.4601601087138,-0.13347828439478743,0
06001406000,1054,998,1101.8030871886897,-103.80308718868969,-0.09421201337668139,0
06001406100,1245,1408,1301.4656959676647,106.53430403233529,0.08185717407874127,1
06001406500,1097,1192,1146.7533080132757,45.24669198672427,0.039456343112812244,1
06001407500,919,1042,960.680300878943,81.31969912105706,0.08464803436341545,1
06001407900,1978,1968,2067.7101579309565,-99.71015793095648,-0.048222502340816924,0
06001408100,2455,2160,2566.344002892062,-406.3440028920618,-0.158335750169948,0
06001408500,1261,1322,1318.1913595303013,3.80864046969873,0.0028892925463081683,1
06001421600,2100,1954,2195.2433425960608,-241.24334259606076,-0.10989366778389593,0
06001421900,1760,1846,1839.822991890032,6.177008109968028,0.0033573926063520105,1
06001422200,1296,1427,1354.778748573569,72.22125142643108,0.05330852104262191,1
06001435700,1753,1642,1832.5055140813786,-190.50551408137858,-0.1039590400233407,0
06001436100,1366,1434,1427.9535266601044,6.046473339895556,0.004234362832548119,1
06001438204,1227,1198,1282.6493244596984,-84.64932445969839,-0.06599568786687349,0
06001440333,2695,2420,2817.2289563316117,-397.2289563316117,-0.14099988410201988,0
06001440334,2230,1951,2331.1393590424836,-380.13935904248365,-0.16307019894281483,0
06001440335,2826,2404,2954.170326750699,-550.1703267506991,-0.1862351408003726,0
06001440336,1528,1882,1597.3008702318004,284.69912976819955,0.17823763517194102,1
06001441523,1854,2151,1938.0862653205224,212.91373467947756,0.10985771814665107,1
06001441524,2103,2485,2198.3794045140553,286.6205954859447,0.13037812986121078,1
06001441924,1759,2059,1838.7776379173674,220.22236208263257,0.11976562991709012,1
06001441925,1831,2014,1914.043123949232,99.95687605076796,0.052222896548186244,1
06001441926,1379,1640,1441.5431283047467,198.4568716952533,0.13766974279058747,1
06001441927,1609,2096,1681.9745420176487,414.0254579823513,0.24615441413619626,1
06001442301,1848,1916,1931.8141414845336,-15.814141484533593,-0.008186160948372063,0
06001442601,1740,1940,1818.915912436736,121.08408756326389,0.06656937065389235,1
06001442602,1584,1830,1655.8406927010287,174.15930729897127,0.10517878203299881,1
06001443104,2591,2312,2708.5121431744733,-396.5121431744733,-0.14639481834101983,0
06001443105,3234,3103,3380.674747597934,-277.67474759793413,-0.08213589544372168,0
06001442302,1392,1592,1455.132729949389,136.86727005061107,0.09405827195940501,1
06001440100,1725,1907,1803.2356028467643,103.76439715323568,0.057543449668708314,1
06001441301,2031,2252,2123.1139184821905,128.88608151780954,0.06070615448178585,1
06001421800,1471,1720,1537.7156937899076,182.28430621009238,0.11854226821398182,1
06001442800,1718,2096,1795.918125038111,300.08187496188907,0.1670910665571244,1
06001443102,2910,2825,3041.9800604545417,-216.98006045454167,-0.07132856104984457,0
06001443200,4001,3508,4182.461244631829,-674.4612446318288,-0.16125941286305925,0
06001444100,1944,1885,2032.1681228603536,-147.1681228603536,-0.07241926551490675,0
06001444500,1727,1889,1805.326310792094,83.67368920790591,0.046348235611319344,1
06001450601,3007,2682,3143.3793958030265,-461.37939580302645,-0.14677814469963454,0
06001450741,1792,2258,1873.2743190153053,384.7256809846947,0.20537605041579143,1
06001451101,2826,2675,2954.170326750699,-279.17032675069913,-0.09450041665598863,0
06001441923,1376,1749,1438.4070663867521,310.59293361324785,0.21592839806707198,1
06001423400,1557,1653,1627.6161354390797,25.3838645609203,0.015595731701242033,1
06001423901,998,1436,1043.2632647194614,392.7367352805386,0.37645026769551543,1
06001423902,1355,1871,1416.4546329607917,454.54536703920826,0.32090358311658707,1
06001427200,1445,1498,1510.536490500623,-12.536490500622904,-0.008299362894879854,0
06001428500,1482,1570,1549.21458748922,20.785412510779906,0.013416742056674274,1
06001430400,2234,2210,2335.320774933143,-125.32077493314318,-0.05366319534271729,0
06001431100,1308,1347,1367.3229962455466,-20.32299624554662,-0.014863347066750405,0
06001451503,1572,1865,1643.2964450290515,221.70355497094852,0.13491391382339968,1
06001409300,1039,1232,1086.122777598718,145.8772224012821,0.13431006642158674,1
06001409700,1192,1377,1246.0619354164307,130.93806458356926,0.1050815058721861,1
06001451300,2191,2149,2290.3705541085574,-141.37055410855737,-0.06172387863394475,0
06001402400,933,896,975.31525649625,-79.31525649624996,-0.08132268614476956,0
06001404300,3435,3081,3590.790896103557,-509.79089610355686,-0.14197175799257533,0
06001404800,1194,1246,1248.1526433617603,-2.1526433617602834,-0.0017246635443260994,0
06001406202,926,994,967.9977786875965,26.00222131240355,0.026861860517549067,1
06001406400,1416,1518,1480.2212252933439,37.77877470665612,0.025522384128203058,1
06001407000,1198,1315,1252.3340592524196,62.66594074758041,0.050039316813749214,1
06001407200,909,1012,950.226761152295,61.77323884770499,0.06500894457318325,1
06001407400,940,1116,982.6327343049036,133.36726569509642,0.13572442789567557,1
06001408300,1542,1470,1611.9358258491075,-141.93582584910746,-0.08805302517197977,0
06001410100,1562,1332,1632.8429053024036,-300.84290530240355,-0.1842448555984553,0
06001420600,1988,2079,2078.1636976576046,0.8363023423953564,0.0004024237086510518,1
06001421100,3058,2536,3196.6924484089304,-660.6924484089304,-0.20668001663337138,0
06001421400,2470,2365,2582.0243124820336,-217.02431248203357,-0.08405200192457277,0
06001422100,1354,1489,1415.409278988127,73.59072101187303,0.05199253820384933,1
06001423700,1383,1609,1445.7245441954058,163.27545580459423,0.11293676686900443,1
06001408700,1154,1385,1206.3384844551686,178.66151554483145,0.14810230946542524,1
06001409200,1262,1282,1319.2367135029663,-37.23671350296627,-0.02822595302407231,0
06001409500,1115,1118,1165.5696795212418,-47.569679521241824,-0.040812385871929244,0
06001409600,1359,1132,1420.636048851451,-288.63604885145105,-0.20317381716788485,0
06001410200,1289,1238,1347.4612707649155,-109.46127076491553,-0.08123518882496523,0
06001421300,2335,1953,2440.9015261722866,-487.9015261722866,-0.19988578848463096,0
06001421700,1573,1537,1644.341799001716,-107.34179900171603,-0.06527949302686552,0
06001422000,1188,1748,1241.8805195257717,506.11948047422834,0.4075428131101506,1
06001422300,1417,1572,1481.2665792660086,90.73342073399135,0.06125394443109033,1
06001422800,1144,1292,1195.8849447285208,96.11505527147915,0.08037149033036646,1
06001423602,1409,1373,1472.9037474846905,-99.90374748469048,-0.06782775022149157,0
06001427100,2090,1968,2184.789802869413,-216.78980286941305,-0.09922684671298367,0
06001430500,1559,1420,1629.706843384409,-209.706843384409,-0.12867764790685374,0
06001430600,2137,2119,2233.9214395846584,-114.9214395846584,-0.05144381424891341,0
06001430700,1720,1851,1798.0088329834405,52.99116701655953,0.029472139426941053,1
06001400200,1858,2215,1942.2676812111815,272.7323187888185,0.1404195319868294,1
06001401100,1161,1396,1213.6559622638222,182.34403773617782,0.15024359736679663,1
06001401400,868,1042,907.3672482730385,134.6327517269615,0.1483773543548144,1
06001433500,1557,1522,1627.6161354390797,-105.6161354390797,-0.06489007643721091,0
06001433900,1181,1225,1234.563041717118,-9.56304171711804,-0.007746094281112678,0
06001450743,1691,2156,1767.6935677761614,388.30643222383856,0.21966840820286834,1
06001450746,2212,2128,2312.322987534518,-184.32298753451778,-0.0797133395845576,0
06001450750,2141,2155,2238.1028554753175,-83.10285547531748,-0.03713093670919271,0
06001450751,4001,3679,4182.461244631829,-503.4612446318288,-0.12037439564515251,0
06001450752,4001,3843,4182.461244631829,-339.4612446318288,-0.0811630341028326,0
06001451403,2061,2154,2154.474537662134,-0.4745376621340256,-0.0002202567975804237,0
06001451404,1437,1676,1502.1736587193045,173.8263412806955,0.11571654200679643,1
06001451504,2267,2174,2369.8174560310813,-195.8174560310813,-0.08262976354264523,0
06001451505,2529,2488,2643.700196869256,-155.70019686925616,-0.058894800951197375,0
06001451506,1518,1764,1586.8473305051525,177.1526694948475,0.11163813058087523,1
06001451703,2602,2577,2720.011036873786,-143.011036873786,-0.05257737374409852,0
06001451704,2182,2085,2280.9623683545738,-195.96236835457375,-0.08591214439716331,0
06001981900,1625,1679,1698.7002055802852,-19.70020558028523,-0.011597223286115711,0
06001982000,2078,2023,2172.245555197436,-149.2455551974358,-0.06870565569364043,0
06001983200,2395,2441,2503.622764532174,-62.62276453217419,-0.02501285953272431,0
06001423800,2333,2122,2438.810818226957,-316.81081822695705,-0.12990381043876215,0
06001426200,3101,3144,3241.6426692335167,-97.6426692335167,-0.030121354879809815,0
06001428000,1180,1342,1233.5176877444533,108.48231225554673,0.0879454857707893,1
06001430300,1705,2003,1782.3285233934685,220.67147660653154,0.12381077546039805,1
06001431200,1523,1642,1592.0741003684766,49.92589963152341,0.03135903009788824,1
06001432100,2132,2078,2228.6946697213343,-150.69466972133432,-0.06761566389898374,0
06001432300,1443,1497,1508.4457825552934,-11.445782555293363,-0.0075877984397319945,0
06001432600,1323,1298,1383.0033058355184,-85.0033058355184,-0.061462836333688355,0
06001400500,1321,1648,1380.9125978901889,267.08740210981114,0.19341369071284997,1
06001401600,1142,1257,1193.7942367831913,63.20576321680869,0.05294527421000415,1
06001402500,892,888,932.4557436169936,-44.45574361699357,-0.047675982395207143,0
06001403900,1338,1446,1398.6836154254902,47.31638457450981,0.033829226318716696,1
06001407600,1363,1322,1424.8174647421101,-102.81746474211013,-0.07216185040286542,0
06001408400,1325,1245,1385.0940137808482,-140.09401378084817,-0.10114404682064713,0
06001408900,1100,1092,1149.88936993127,-57.88936993127004,-0.05034342558948096,0
06001443301,2477,2572,2589.341790290687,-17.341790290687186,-0.006697373964192014,0
06001450742,2231,2039,2332.184713015148,-293.1847130151482,-0.12571247525077311,0
06001451601,2545,2242,2660.425860431893,-418.42586043189294,-0.15727777520699854,0
06001451701,2030,2195,2122.0685645095255,72.93143549047454,0.03436808626743463,1
06001400600,1340,1353,1400.77432337082,-47.77432337081996,-0.03410565326173023,0
06001401200,1328,1530,1388.2300756988425,141.76992430115752,0.1021227869809619,1
06001403100,1255,1219,1311.9192356943126,-92.91923569431265,-0.07082694815823522,0
06001403800,1561,1623,1631.7975513297388,-8.79755132973878,-0.0053913252428708,0
06001404000,1217,1391,1272.1957847330507,118.80421526694931,0.09338516657000119,1
06001404501,3654,3292,3819.723416117146,-527.7234161171459,-0.1381574943071641,0
06001405100,3232,3158,3378.5840396526046,-220.5840396526046,-0.06528890122717967,0
06001405700,1028,1141,1074.623883899405,66.37611610059503,0.06176683497833784,1
06001405800,1118,1230,1168.7057414392364,61.29425856076364,0.052446271450058125,1
06001406900,1416,1601,1480.2212252933439,120.77877470665612,0.08159508365563445,1
06001436602,1245,1252,1301.4656959676647,-49.465695967664715,-0.03800768327657382,0
06001433300,1873,1460,1957.9479908011535,-497.94799080115354,-0.25432135743166656,0
06001435300,1313,1415,1372.5497661088705,42.45023389112953,0.030928010728146074,1
06001436300,1389,1706,1451.9966680313946,254.00333196860538,0.17493382564918764,1
06001437300,1339,1621,1399.7289693981552,221.2710306018448,0.15808133963033233,1
06001437500,1246,1394,1302.5110499403295,91.48895005967051,0.07024044061957233,1
06001437800,1924,1728,2011.2610434070577,-283.26104340705774,-0.14083753291776394,0
06001438100,2050,1942,2142.9756439628213,-200.97564396282132,-0.09378344757627496,0
06001442400,2029,1969,2121.023210536861,-152.02321053686092,-0.07167446814426029,0
06001444200,2011,2046,2102.2068390288946,-56.20683902889459,-0.026737064110617725,0
06001450604,2169,2338,2267.3727667099315,70.62723329006849,0.031149370022888673,1
06001450701,3812,3836,3984.889343798183,-148.88934379818284,-0.03736348263469457,0
06001435800,1549,1688,1619.253303657761,68.74669634223892,0.04245580119364015,1
06001435900,1705,1899,1782.3285233934685,116.67147660653154,0.06546014108801593,1
06001436500,1346,1464,1407.0464472068086,56.95355279319142,0.04047737934042795,1
06001436700,1541,1780,1610.890471876443,169.10952812355708,0.10497891140082923,1
06001420100,2077,2426,2171.200201224771,254.7997987752292,0.11735435480868922,1
06001422900,1238,1371,1294.1482181590113,76.85178184098868,0.05938406494915557,1
06001436800,1343,1474,1403.9103852888143,70.08961471118573,0.0499245645916116,1
06001436401,1434,1514,1499.0375968013102,14.962403198689799,0.009981339514510515,1
06001410400,1734,1471,1812.6437886007477,-341.6437886007477,-0.18847817246237675,0
06001424001,1245,1543,1301.4656959676647,241.53430403233529,0.1855863775593024,1
06001432700,1810,1780,1892.0906905232714,-112.0906905232714,-0.05924171134327177,0
06001401500,1096,1235,1145.707954040611,89.29204595938904,0.07793613166817902,1
06001401700,1691,1742,1767.6935677761614,-25.693567776161444,-0.014535080199723256,0
06001402200,1096,1384,1145.707954040611,238.29204595938904,0.20798672569130344,1
06001450602,2214,2332,2314.4136954798473,17.58630452015268,0.007598600265155496,1
06001425102,1873,2089,1957.9479908011535,131.05200919884646,0.06693334542825245,1
06001425103,1921,2113,2008.1249814890632,104.8750185109368,0.05222534427771022,1
06001430101,2707,2612,2829.773204003589,-217.77320400358894,-0.07695782958700768,0
06001430102,2152,2147,2249.60174917463,-102.60174917463019,-0.04560885019416186,0
06001425104,1453,1477,1518.8993222819413,-41.899322281941295,-0.02758531896570552,0
06001428700,2158,2022,2255.873873010619,-233.8738730106188,-0.1036732930013051,0
06001432501,1128,1439,1179.1592811658843,259.8407188341157,0.2203610004046275,1
06001435400,1263,1415,1320.282067475631,94.71793252436896,0.07174067940305279,1
06001436000,1862,1688,1946.4490971018406,-258.4490971018406,-0.1327797872991683,0
06001436601,1319,1387,1378.8218899448593,8.178110055140678,0.005931230215287436,1
06001437200,1263,1705,1320.282067475631,384.71793252436896,0.2913907126376007,1
06001440305,2150,2242,2247.5110412293006,-5.511041229300645,-0.002452064140377402,0
06001438400,1549,1620,1619.253303657761,0.7466963422389199,0.00046113621664516216,1
06001440306,2134,2009,2230.785377666664,-221.78537766666386,-0.09942031173731508,0
06001440332,3188,3065,3332.5884648553533,-267.5884648553533,-0.08029448210520877,0
06001441521,2321,2301,2426.26657055498,-125.26657055497981,-0.05162935189200029,0
06001442900,2150,2013,2247.5110412293006,-234.51104122930064,-0.10434255357474563,0
06001443002,1777,2030,1857.5940094253335,172.40599057466648,0.09281144841116391,1
06001443103,3661,3246,3827.0408939257995,-581.0408939257995,-0.15182510718608094,0
06001450400,2400,2106,2508.8495343954983,-402.84953439549827,-0.16057142083355908,0
06001450603,2739,2665,2863.2245311288625,-198.2245311288625,-0.06923122129395488,0
06001450606,3000,2550,3136.061917994373,-586.0619179943728,-0.1868782993829347,0
06001451102,4001,3228,4182.461244631829,-954.4612446318288,-0.2282056398865323,0
06001451202,2440,2334,2550.6636933020895,-216.66369330208954,-0.08494404568937769,0
06001422700,1441,1445,1506.3550746099638,-61.35507460996382,-0.04073081814780643,0
06001422400,1471,1509,1537.7156937899076,-28.71569378990762,-0.018674254223896174,0
06001422500,1364,1579,1425.862818714775,153.1371812852251,0.10739965954316548,1
06001423100,1066,1394,1114.3473348606672,279.65266513933284,0.25095646248779274,1
06001426100,3983,3083,4163.644873123862,-1080.6448731238625,-0.25954299803505715,0
06001443001,1997,2063,2087.5718834115874,-24.57188341158735,-0.011770556792243756,0
06001450200,1789,2177,1870.138257097311,306.861742902689,0.1640850572080039,1
06001427800,1325,1466,1385.0940137808482,80.90598621915183,0.058411909526852455,1
06001428301,2316,2116,2421.039800691656,-305.0398006916562,-0.12599536802513975,0
06001433000,1629,1563,1702.8816214709443,-139.8816214709443,-0.08214406668510225,0
06001433200,1239,1226,1295.193572131676,-69.19357213167609,-0.05342334429423922,0
06001435200,2212,2129,2312.322987534518,-183.32298753451778,-0.07928087404864809,0
06001436402,2410,2370,2519.303074122146,-149.30307412214597,-0.0592636414632927,0
06001442700,1420,2243,1484.4026411840032,758.5973588159968,0.5110455463828313,1
06001451201,1828,1988,1910.907062031238,77.09293796876204,0.04034363549152125,1
06001451401,1702,1878,1779.1924614754741,98.80753852452585,0.0555350478736771,1
06001451602,1780,1813,1860.7300713433278,-47.730071343327836,-0.025651260265208583,0
06001400300,1312,1595,1371.5044121362057,223.4955878637943,0.16295652123764273,1
06001401800,809,944,845.6913638858158,98.3086361141842,0.1162464704173776,1
06001404502,2503,2450,2616.520993579972,-166.52099357997213,-0.0636421393096239,0
06001406700,1868,1692,1952.7212209378295,-260.72122093782946,-0.13351686771377094,0
06001408600,1207,1180,1261.7422450064028,-81.74224500640275,-0.06478521689347728,0
06001409000,1335,1277,1395.547553507496,-118.5475535074961,-0.08494698242961689,0
06001409800,1438,1383,1503.2190126919693,-120.21901269196928,-0.07997438275922329,0
06001410000,1776,2052,1856.5486554526688,195.45134454733125,0.10527671546516823,1
06001421200,2451,2415,2562.1625870014027,-147.1625870014027,-0.05743686514977675,0
06001423500,1235,1209,1291.0121562410168,-82.01215624101678,-0.06352547173514458,0
06001424002,1474,1516,1540.851755707902,-24.85175570790193,-0.016128583178648796,0
06001430900,1291,1403,1349.551978710245,53.448021289754934,0.03960427025629256,1
06001431000,1161,1503,1213.6559622638222,289.3440377361778,0.23840696765207403,1
06001432800,1396,2061,1459.314145840048,601.685854159952,0.4123072854978693,1
06001433102,1478,1538,1545.033171598561,-7.033171598561012,-0.0045521168916290485,0
06001433700,1233,1301,1288.9214482956872,12.078551704312758,0.009371053387531074,1
06001407300,1442,1505,1507.4004285826284,-2.400428582628365,-0.0015924292823012059,0
06001421500,2425,2543,2534.9833837121178,8.016616287882243,0.0031623940178034083,1
06001440200,1410,1585,1473.9491014573553,111.05089854264475,0.07534242426203461,1
06001440308,1481,1874,1548.1692335165556,325.83076648344445,0.21046198272739422,1
06001441501,2740,2335,2864.2698851015275,-529.2698851015275,-0.18478352471410595,0
06001442500,1565,1695,1635.9789672203979,59.02103277960214,0.0360768897169146,1
06001450300,2070,2353,2163.882723416117,189.1172765838828,0.08739719326624308,1
06001450607,1590,1939,1662.1128165370176,276.8871834629824,0.1665874787247426,1
06001404700,2649,2910,2769.1426735890313,140.85732641096865,0.050866763837923254,1
06001404900,1548,1458,1618.2079496850963,-160.2079496850963,-0.09900331395373062,0
06001405200,1351,1471,1412.2732170701324,58.72678292986757,0.041583159844736504,1
06001406300,1164,1130,1216.7920241818165,-86.79202418181649,-0.07132856104984443,0
06001400100,2850,2833,2979.2588220946545,-146.25882209465453,-0.049092351765471325,0
06001400800,1370,1428,1432.1349425507638,-4.134942550763753,-0.002887257637467487,0
06001401000,1190,1383,1243.9712274711012,139.0287725288988,0.11176204839683769,1
06001441503,2945,2673,3078.5674494978093,-405.5674494978093,-0.13173901697816218,0
06001450605,2006,2343,2096.9800691655705,246.0199308344295,0.11732106301435934,1
06001433400,1818,1633,1900.45352230459,-267.45352230459,-0.1407314197193635,0
06001441200,1630,1876,1703.9269754436093,172.0730245563907,0.10098614966265929,1
06001444400,1600,1823,1672.5663562636655,150.4336437363345,0.08994180898890443,1
06001436200,1213,1226,1268.0143688423914,-42.01436884239138,-0.033133984814973004,0
06001437900,1324,1489,1384.0486598081832,104.95134019181683,0.07582922713596077,1
06001441700,1750,1783,1829.369452163384,-46.36945216338404,-0.025347232134300835,0
06001409100,1354,1401,1415.409278988127,-14.409278988126971,-0.010180291454940957,0
06001409400,1210,1465,1264.878306924397,200.12169307560293,0.1582141870724362,1
06001410300,1326,1263,1386.1393677535127,-123.13936775351272,-0.08883620984885678,0
06001420300,1678,1754,1754.1039661315192,-0.10396613151920064,-5.927022202024111e-05,0
06001423200,1315,1716,1374.6404740542002,341.35952594579976,0.24832640416809115,1
06001423300,1526,1673,1595.2101622864711,77.78983771352887,0.04876463274408304,1
06001423601,1359,1752,1420.636048851451,331.36395114854895,0.23325041724546444,1
06001427700,1378,1575,1440.497774332082,134.50222566791808,0.09337204684698869,1
06001437600,1373,1491,1435.271004468758,55.728995531241935,0.038828204121540866,1
06001440301,1518,1497,1586.8473305051525,-89.84733050515251,-0.05662002183697833,0
06001407700,1802,1970,1883.7278587419532,86.27214125804676,0.045798622586419445,1
06001420400,1626,1675,1699.74555955295,-24.74555955295,-0.01455839046842889,0
06001428200,1664,1651,1739.469010514212,-88.46901051421196,-0.050859779610594645,0
06001441100,2145,1742,2242.2842713659766,-500.28427136597656,-0.22311366928565596,0
06001441602,1469,1700,1535.6249858445779,164.37501415542215,0.10704111724583433,1
06001451501,1556,1728,1626.5707814664147,101.4292185335853,0.06235770351299625,1
06001403600,1248,1352,1304.6017578856593,47.398242114340746,0.036331579217828196,1
06001405000,2323,1967,2428.3572785003093,-461.35727850030935,-0.18998739707084275,0
06001400400,1810,1721,1892.0906905232714,-171.0906905232714,-0.09042414900099478,0
06001403300,1519,1439,1587.8926844778175,-148.8926844778175,-0.09376747303724826,0
06001401300,986,1061,1030.719017047484,30.28098295251607,0.02937850418172799,1
06001408800,880,854,919.911495945016,-65.91149594501599,-0.07164982309228102,0
06001403000,669,842,699.3418077127451,142.6581922872549,0.20398922345831183,1
06021010501,928,890,970.088486632926,-80.08848663292599,-0.08255791892851405,0
06021010502,763,781,797.6050811432356,-16.605081143235566,-0.020818675226385114,0
06021010100,912,768,953.3628230702893,-185.36282307028932,-0.1944305133205545,0
06021010200,825,896,862.4170274484525,33.58297255154753,0.03894052585082432,1
06021010400,818,814,855.099549639799,-41.099549639798965,-0.04806405249203053,0
06021010300,895,857,935.5918055349879,-78.59180553498788,-0.08400223801666123,0
06087121500,1404,1431,1467.6769776213664,-36.676977621366404,-0.02498981600216147,0
06087122100,1433,1574,1497.9922428286454,76.00775717135457,0.05073975351690059,1
06087123300,1083,1047,1132.1183523959685,-85.11835239596849,-0.07518503009497861,0
06087100100,2010,2363,2101.1614850562296,261.8385149437704,0.12461608344051828,1
06087100600,1961,2129,2049.939140395655,79.06085960434484,0.0385674179522644,1
06087110502,1367,1334,1428.9988806327692,-94.99888063276921,-0.06647932473586203,0
06087121000,2790,2849,2916.537583734767,-67.53758373476694,-0.02315676784397265,0
06087121300,2126,2029,2222.4225458853452,-193.42254588534524,-0.08703230006528377,0
06087110300,1102,1170,1151.9800778765996,18.01992212340042,0.01564256402473196,1
06087122203,2164,1978,2262.1459968466074,-284.14599684660743,-0.12560904435111706,0
06087121600,1208,1454,1262.7875989790675,191.21240102093248,0.1514208732929615,1
06087110100,1202,1285,1256.5154751430787,28.484524856921325,0.02266945805317504,1
06087120400,2122,1777,2218.241129994686,-441.24112999468616,-0.1989148627839856,0
06087120800,2202,2242,2301.8694478078696,-59.86944780786962,-0.0260090544513221,0
06087121100,1769,1536,1849.2311776440154,-313.23117764401536,-0.16938454284719703,0
06087121402,1579,1509,1650.6139228377049,-141.61392283770488,-0.08579469788685948,0
06087122500,1604,1617,1676.7477721543246,-59.74777215432459,-0.035633130484234526,0
06087101200,1610,1781,1683.0198959903134,97.98010400968656,0.05821684238143462,1
06087120600,1887,1862,1972.5829464184606,-110.58294641846055,-0.05605997284891951,0
06087121403,1434,1594,1499.0375968013102,94.9624031986898,0.0633489135971795,1
06087121700,1606,1704,1678.8384800996544,25.16151990034564,0.014987457220334902,1
06087122001,2024,2064,2115.796440673537,-51.796440673536836,-0.024480824184129973,0
06087122400,1638,2031,1712.2898072249277,318.7101927750723,0.18613098754094626,1
06087110501,1215,1325,1270.105076787721,54.89492321227908,0.04322077300180255,1
06087100700,1083,1236,1132.1183523959685,103.88164760403151,0.09175864642082755,1
06087120301,2023,2055,2114.7510867008723,-59.75108670087229,-0.02825443007294408,0
06087120700,1154,1519,1206.3384844551686,312.66151554483145,0.2591822440996252,1
06087122002,2272,2019,2375.044225894405,-356.0442258944049,-0.14991056672232037,0
06087122003,1758,1728,1837.7322839447024,-109.73228394470243,-0.05971070155504995,0
06087100300,1658,1425,1733.1968866782236,-308.19688667822356,-0.1778198940045995,0
06087100500,2057,2097,2150.293121771475,-53.293121771474944,-0.024784119537884442,0
06087110400,1564,1602,1634.933613247733,-32.93361324773309,-0.020143700625441133,0
06087110700,1488,1682,1555.486711325209,126.51328867479106,0.08133357087120795,1
06087121800,1626,1649,1699.74555955295,-50.74555955295,-0.029854797541754772,0
06087122201,1823,2082,1905.6802921679139,176.31970783208612,0.09252323622001869,1
06087123100,1465,1342,1531.4435699539188,-189.44356995391877,-0.12370261214366464,0
06087100400,1382,1591,1444.679190222741,146.320809777259,0.10128256208542688,1
06087101000,1353,1361,1414.3639250154622,-53.3639250154622,-0.03772998170529471,0
06087101100,1872,2121,1956.9026368284885,164.09736317151146,0.08385566051332051,1
06087120302,1491,1853,1558.6227732432035,294.3772267567965,0.18887009211616507,1
06087120500,2009,2027,2100.116131083565,-73.11613108356505,-0.0348152799749414,0
06087122202,2763,2229,2888.3130264728175,-659.3130264728175,-0.22826924243663602,0
06087122300,1633,1778,1707.0630373616034,70.93696263839661,0.04155497546712458,1
06087100200,1651,1690,1725.87940886957,-35.87940886956994,-0.020789059006776446,0
06087100800,1555,1491,1625.52542749375,-134.52542749374993,-0.08275811944766837,0
06087110600,1301,1219,1360.005518436893,-141.005518436893,-0.10368010756232526,0
06087100900,1526,1725,1595.2101622864711,129.78983771352887,0.08136221845997803,1
06087120200,2125,1660,2221.3771919126807,-561.3771919126807,-0.252715835003832,0
06087120900,2029,1996,2121.023210536861,-125.02321053686092,-0.05894476303501449,0
06087121200,2354,2482,2460.763251652918,21.236748347082084,0.008630146899673164,1
06087121401,1619,1569,1692.4280817442964,-123.42808174429638,-0.0729295874227551,0
06087110200,1455,1511,1520.9900302272708,-9.990030227270836,-0.006568110262877986,0
06045011200,828,900,865.5530893664469,34.4469106335531,0.03979757112156688,1
06045011500,1075,989,1123.7555206146503,-134.75552061465032,-0.11991533580270584,0
06045011400,985,1269,1029.6736630748192,239.32633692518084,0.23242930795229116,1
06045011600,904,874,944.999991288971,-70.99999128897105,-0.07513226660682581,0
06045011800,1000,802,1045.353972664791,-243.35397266479094,-0.2327957601236631,0
06045011700,1222,1115,1277.4225545963745,-162.42255459637454,-0.1271486510175914,0
06045010600,1086,1188,1135.254414313963,52.745585686036975,0.04646146715748404,1
06045010900,944,775,986.8141501955627,-211.81415019556266,-0.21464441926940978,0
06045010700,985,914,1029.6736630748192,-115.67366307481916,-0.11234012019827098,0
06045010802,1377,1294,1439.4524203594171,-145.45242035941715,-0.10104704976848009,0
06045011300,898,941,938.7278674529822,2.2721325470178044,0.0024204379413841235,1
06045010100,792,488,827.9203463505144,-339.92034635051436,-0.4105713162490673,0
06045010200,685,706,716.0674712753819,-10.067471275381877,-0.014059389204554686,0
06045010400,1135,1046,1186.4767589745377,-140.4767589745377,-0.11839823908219713,0
06045010801,1259,1230,1316.100651584972,-86.10065158497196,-0.06542102344625501,0
06045010500,931,973,973.2245485509203,-0.22454855092030357,-0.00023072635318811517,0
06045010300,979,934,1023.4015392388303,-89.40153923883031,-0.0873572452366292,0
06045011001,622,933,650.2101709975,282.7898290025,0.43492064814776227,1
06045011002,1254,1067,1310.8738817216479,-243.87388172164788,-0.18603916450097696,0
06045011102,951,1035,994.1316280042162,40.86837199578383,0.04110961852992218,1
06071010410,962,793,1005.6305217035289,-212.63052170352887,-0.21144000417104955,0
06071000104,2140,1876,2237.057501502653,-361.05750150265294,-0.16139840002330166,0
06071000401,1876,1766,1961.0840527191476,-195.08405271914762,-0.09947766004657127,0
06071001703,1555,1590,1625.52542749375,-35.52542749374993,-0.02185473502467652,0
06071002301,1701,1524,1778.1471075028094,-254.14710750280938,-0.1429280549570097,0
06071002501,1449,1349,1514.717906391282,-165.71790639128199,-0.10940512797270235,0
06071003401,1278,1264,1335.9623770656028,-71.96237706560282,-0.05386557159166847,0
06071003403,1337,1106,1397.6382614528254,-291.6382614528254,-0.208665052679419,0
06071004900,864,830,903.1858323823794,-73.18583238237943,-0.08103075774487452,0
06071005800,808,774,844.6460099131511,-70.64600991315115,-0.08363978410365683,0
06071007000,1004,991,1049.53538855545,-58.53538855545003,-0.05577266778590137,0
06071005200,1032,1004,1078.8052997900643,-74.80529979006428,-0.06934087161475885,0
06071000825,1191,1203,1245.016581443766,-42.01658144376597,-0.03374780871997868,0
06071012400,1045,1053,1092.3949014347065,-39.394901434706526,-0.036062875598345326,0
06071012500,965,843,1008.7665836215233,-165.7665836215233,-0.16432600594917887,0
06071012700,1435,1512,1500.082950773975,11.917049226025028,0.007944260162330604,1
06071025000,1214,1220,1269.0597228150564,-49.059722815056375,-0.03865832468958278,0
06071025100,563,578,588.5342866102773,-10.534286610277263,-0.017899189307985015,0
06071000115,2585,2322,2702.240019338484,-380.2400193384842,-0.14071289619623353,0
06071000116,2521,2355,2635.337365087938,-280.337365087938,-0.10637627227608618,0
06071000113,1622,1576,1695.564143662291,-119.56414366229092,-0.07051584813774214,0
06071000117,2774,2366,2899.81192017213,-533.8119201721302,-0.18408501477586986,0
06071010004,1518,1501,1586.8473305051525,-85.84733050515251,-0.054099300452441206,0
06071010014,925,812,966.9524247149317,-154.95242471493168,-0.16024824050739972,0
06071010016,1152,1117,1204.2477765098392,-87.24777650983924,-0.07245002084429955,0
06071010017,1730,1570,1808.4623727100882,-238.46237271008818,-0.13185918397225935,0
06071002018,2140,1909,2237.057501502653,-328.05750150265294,-0.14664687934140877,0
06071002019,1980,1691,2069.800865876286,-378.800865876286,-0.18301319325997775,0
06071010300,627,792,655.4369408608239,136.56305913917606,0.2083542300191682,1
06071011300,1338,1115,1398.6836154254902,-283.6836154254902,-0.202821862140132,0
06071000103,1911,1898,1997.6714417624155,-99.6714417624155,-0.049893811203749236,0
06071001200,1366,1372,1427.9535266601044,-55.953526660104444,-0.03918441715044908,0
06071001600,1087,998,1136.2997682866278,-138.2997682866278,-0.12171063670563219,0
06071010023,1304,1099,1363.1415803548875,-264.14158035488754,-0.19377413480859376,0
06071002804,1022,987,1068.3517600634164,-81.35176006341635,-0.0761469799596599,0
06071003101,1181,1100,1234.563041717118,-134.56304171711804,-0.10899649282385628,0
06071003102,955,1025,998.3130438948754,26.686956105124636,0.026732051903285394,1
06071003302,968,921,1011.9026455395177,-90.90264553951772,-0.089833390534374,0
06071003404,1150,1098,1202.1570685645095,-104.15706856450947,-0.08664181352681558,0
06071003405,1087,1051,1136.2997682866278,-85.2997682866278,-0.07506801520803551,0
06071003503,1710,1486,1787.5552932567925,-301.55529325679254,-0.16869704360718335,0
06071003505,1153,1046,1205.293130482504,-159.293130482504,-0.1321613194781386,0
06071003506,1390,1246,1453.0420220040594,-207.0420220040594,-0.1424886678215291,0
06071003507,1449,1447,1514.717906391282,-67.71790639128199,-0.0447066124362493,0
06071003509,985,1084,1029.6736630748192,54.32633692518084,0.052760732718899625,1
06071003510,1077,1103,1125.8462285599799,-22.846228559979863,-0.020292494641298807,0
06071003603,1612,1462,1685.110603935643,-223.11060393564298,-0.13240116311330502,0
06071003605,1648,1360,1722.7433469515756,-362.74334695157563,-0.21056145571158716,0
06071003606,1075,1030,1123.7555206146503,-93.75552061465032,-0.08343053172577049,0
06071003607,1128,1144,1179.1592811658843,-35.159281165884295,-0.02981724498756507,0
06071003609,1099,1191,1148.8440159586053,42.15598404139473,0.03669426262904753,1
06071003611,1227,1182,1282.6493244596984,-100.64932445969839,-0.07846986899719904,0
06071003612,1143,1294,1194.839590755856,99.16040924414392,0.0829905620899413,1
06071003801,1240,1261,1296.2389261043406,-35.238926104340635,-0.027185517572941704,0
06071003803,1326,1178,1386.1393677535127,-208.13936775351272,-0.15015760506884662,0
06071003804,1694,1556,1770.8296296941558,-214.82962969415576,-0.12131580931998495,0
06071004001,1221,1263,1276.3772006237098,-13.377200623709768,-0.010480601359200804,0
06071004003,1338,1181,1398.6836154254902,-217.6836154254902,-0.15563463604259722,0
06071004004,987,1042,1031.7643710201487,10.235628979851299,0.009920510212744508,1
06071004101,1194,1139,1248.1526433617603,-109.15264336176028,-0.08745135776644256,0
06071004103,1040,1144,1087.1681315713824,56.831868428617554,0.05227514197502581,1
06071004104,1059,1049,1107.0298570520135,-58.02985705201354,-0.05241941460056485,0
06071006100,1348,1353,1409.1371551521381,-56.13715515213812,-0.039837963924865244,0
06071006700,1082,1110,1131.0729984233037,-21.072998423303716,-0.01863098000984827,0
06071007107,959,984,1002.4944597855346,-18.49445978553456,-0.01844844089162459,0
06071007108,938,906,980.5420263595738,-74.54202635957381,-0.07602124575559861,0
06071007408,874,857,913.6393721090274,-56.63937210902736,-0.06199313847243923,0
06071000111,2583,2588,2700.149311393155,-112.14931139315513,-0.041534485119006676,0
06071000303,1188,1047,1241.8805195257717,-194.88051952577166,-0.15692372693001846,0
06071000812,2053,1712,2146.111705880816,-434.11170588081586,-0.20227824334178635,0
06071002010,2917,2553,3049.2975382631953,-496.2975382631953,-0.16275799000771637,0
06071002021,2506,2143,2619.657055497966,-476.6570554979662,-0.1819539906941595,0
06071002022,3672,3116,3838.5397876251122,-722.5397876251122,-0.18823298118583381,0
06071002023,1320,1233,1379.8672439175239,-146.86724391752387,-0.10643577819889337,0
06071002025,1578,1676,1649.56856886504,26.431431134959894,0.016023238823679592,1
06071002027,1647,1542,1721.6979929789106,-179.69799297891063,-0.10437254019678223,0
06071002028,1635,1686,1709.1537453069332,-23.15374530693316,-0.013546906105146887,0
06071008401,1456,1654,1522.0353841999356,131.9646158000644,0.0867027252913914,1
06071008703,2211,1896,2311.2776335618523,-415.2776335618523,-0.17967449151570697,0
06071007403,1049,1031,1096.5763173253656,-65.57631732536561,-0.05980096076241306,0
06071006500,896,920,936.6371595076527,-16.637159507652655,-0.017762651565519833,0
06071007106,1426,1267,1490.674765019992,-223.67476501999204,-0.15004934025095154,0
06071007200,1006,1048,1051.6260965007798,-3.626096500779795,-0.003448085315536962,0
06071007601,906,877,947.0906992343006,-70.09069923430059,-0.07400632198264347,0
06071007800,1131,1195,1182.2953430838786,12.704656916121394,0.010745755695004928,1
06071008100,960,998,1003.5398137581993,-5.53981375819933,-0.005520273019814773,0
06071008800,1431,1150,1495.9015348833157,-345.90153488331566,-0.23123282302821951,0
06071009800,867,723,906.3218943003739,-183.32189430037386,-0.20227018176791078,0
06071010009,1360,1193,1421.6814028241158,-228.68140282411582,-0.16085277782339205,0
06071010010,1217,1166,1272.1957847330507,-106.19578473305069,-0.08347440386727434,0
06071010013,1215,1052,1270.105076787721,-218.10507678772092,-0.17172207305819148,0
06071010020,858,908,896.9137085463906,11.08629145360942,0.012360488359105071,1
06071010413,776,882,811.1946827878778,70.80531721212219,0.08728523339031467,1
06071010416,806,656,842.5553019678215,-186.5553019678215,-0.22141609165845155,0
06071010802,1046,869,1093.4402554073713,-224.4402554073713,-0.2052606480303343,0
06071011600,1213,1102,1268.0143688423914,-166.01436884239138,-0.13092467476843414,0
06071940100,334,390,349.14822687004016,40.85177312995984,0.11700409736053356,1
06071000108,2197,2131,2296.6426779445455,-165.64267794454554,-0.07212383516829567,0
06071000826,1249,1348,1305.647111858324,42.352888141675976,0.0324382352298817,1
06071002029,1922,2054,2009.1703354617282,44.8296645382718,0.022312525596775486,1
06071002031,2493,2345,2606.067453853324,-261.06745385332397,-0.10017678301738137,0
06071002033,2156,1860,2253.7831650652893,-393.78316506528927,-0.17472096303189924,0
06071002034,2169,1911,2267.3727667099315,-356.3727667099315,-0.15717431731662093,0
06071002035,1913,1719,1999.762149707745,-280.76214970774504,-0.14039777167938547,0
06071002036,1644,1752,1718.5619310609163,33.43806893908368,0.01945700549670702,1
06071002101,1551,1360,1621.3440116030908,-261.34401160309085,-0.1611897350178566,0
06071002037,2176,2096,2274.690244518585,-178.69024451858513,-0.07855585829727031,0
06071000804,1972,1958,2061.438034094968,-103.43803409496786,-0.050177610184814606,0
06071001702,1650,1478,1724.834054896905,-246.83405489690495,-0.14310597254044735,0
06071000118,2399,2172,2507.8041804228337,-335.8041804228337,-0.13390366881285554,0
06071000203,1350,1398,1411.227863097468,-13.227863097467889,-0.009373300686137525,0
06071000403,1771,1296,1851.3218855893447,-555.3218855893447,-0.29995966120854506,0
06071000205,1290,1379,1348.5066247375803,30.493375262419704,0.022612699636053862,1
06071000207,1324,1261,1384.0486598081832,-123.04865980818317,-0.08890486540064034,0
06071000208,1385,1496,1447.8152521407355,48.18474785926446,0.033281005838292306,1
06071000404,1252,1411,1308.7831737763183,102.21682622368166,0.07810065736767437,1
06071000501,1861,1640,1945.4037431291758,-305.40374312917584,-0.1569873319139064,0
06071000503,1520,1536,1588.9380384504823,-52.93803845048228,-0.03331661598466543,0
06071000504,2225,1859,2325.9125891791596,-466.91258917915957,-0.20074382474705904,0
06071000603,1345,1461,1406.0010932341436,54.99890676585642,0.03911725746908602,1
06071000604,1277,1268,1334.917023092938,-66.91702309293805,-0.05012822665029363,0
06071000605,1055,1259,1102.8484411613545,156.15155883864554,0.14158931817885162,1
06071000606,1723,1564,1801.1448949014348,-237.14489490143478,-0.13166341895798017,0
06071000813,2129,1976,2225.55860780334,-249.55860780333978,-0.11213301996556178,0
06071000815,2550,2282,2665.6526302952166,-383.65263029521657,-0.14392446560177935,0
06071000816,1295,1835,1353.7333946009041,481.26660539909585,0.3555106251485941,1
06071000817,1209,1636,1263.832952951732,372.16704704826793,0.2944748719987535,1
06071000814,2394,2375,2502.5774105595096,-127.57741055950964,-0.050978407309681076,0
06071000818,1686,1568,1762.4667979128376,-194.4667979128376,-0.11033785041688762,0
06071000819,2095,2354,2190.016572732737,163.98342726726287,0.07487771065706675,1
06071000820,2356,2334,2462.8539595982475,-128.85395959824746,-0.05231896073093458,0
06071000821,1403,1547,1466.6316236487016,80.36837635129837,0.054797929524632145,1
06071000823,1162,1258,1214.7013162364872,43.29868376351283,0.03564553951226897,1
06071000824,1093,1108,1142.5718921226164,-34.57189212261642,-0.030257957823897084,0
06071000901,1161,1182,1213.6559622638222,-31.655962263822175,-0.026083143203758152,0
06071000903,1251,1175,1307.7378198036533,-132.73781980365334,-0.10150185900686338,0
06071000904,1168,1189,1220.9734400724758,-31.973440072475796,-0.02618684323762021,0
06071001001,1233,1232,1288.9214482956872,-56.92144829568724,-0.04416207703809509,0
06071004202,970,991,1013.9933534848473,-22.993353484847262,-0.022676039646438242,0
06071004401,1279,953,1337.0077310382676,-384.0077310382676,-0.287214293622717,0
06071006302,1089,997,1138.3904762319573,-141.39047623195734,-0.12420208986634894,0
06071007404,1424,1281,1488.5840570746623,-207.58405707466227,-0.1394506787091369,0
06071007901,2348,2192,2454.491127816929,-262.49112781692884,-0.10694319683705414,0
06071008301,1395,1422,1458.2687918673835,-36.26879186738347,-0.024871129430768066,0
06071008302,1893,1690,1978.8550702544492,-288.8550702544492,-0.14597080634980864,0
06071000105,2700,2380,2822.455726194936,-442.4557261949358,-0.15676268084156197,0
06071000107,1941,1824,2029.032060942359,-205.03206094235907,-0.10104919724488456,0
06071000201,1232,1206,1287.8760943230225,-81.87609432302247,-0.06357451208538892,0
06071002601,2096,1901,2191.0619267054017,-290.0619267054017,-0.13238417553152154,0
06071003000,899,839,939.7732214256471,-100.77322142564708,-0.1072314246970912,0
06071008704,1166,1010,1218.8827321271463,-208.88273212714626,-0.17137229580946833,0
06071001002,1117,1099,1167.6603874665716,-68.66038746657159,-0.05880167572999665,0
06071001104,1236,1353,1292.0575102136816,60.94248978631845,0.0471670102178654,1
06071001101,1214,1136,1269.0597228150564,-133.05972281505638,-0.10484906298964429,0
06071001103,1513,1591,1581.6205606418287,9.37943935817134,0.005930271514910707,1
06071001305,1179,1142,1232.4723337717885,-90.4723337717885,-0.07340719243158352,0
06071001307,1654,1567,1729.015470787564,-162.01547078756403,-0.0937038872843435,0
06071001308,1279,1252,1337.0077310382676,-85.0077310382676,-0.06358058301746239,0
06071001309,1518,1381,1586.8473305051525,-205.8473305051525,-0.12972094198855516,0
06071001310,1593,1351,1665.248878455012,-314.2488784550119,-0.18870985743978785,0
06071001311,2500,2152,2613.384931661977,-461.38493166197713,-0.17654687071627073,0
06071001312,1588,1579,1660.0221085916878,-81.02210859168781,-0.048807849107759475,0
06071001501,1130,1167,1181.2499891112138,-14.249989111213836,-0.012063482956673458,0
06071001503,1164,1158,1216.7920241818165,-58.79202418181649,-0.04831723335904412,0
06071001504,1369,1272,1431.0895885780988,-159.08958857809876,-0.11116675702753655,0
06071000301,1094,1083,1143.6172460952812,-60.61724609528119,-0.05300483732844199,0
06071002502,1481,1417,1548.1692335165556,-131.16923351655555,-0.0847253844585285,0
06071004201,987,992,1031.7643710201487,-39.7643710201487,-0.03854016686080369,0
06071006201,1102,1148,1151.9800778765996,-3.98007787659958,-0.0034549884612031694,0
06071007407,959,874,1002.4944597855346,-128.49445978553456,-0.12817473306837388,0
06071010415,922,934,963.8163627969373,-29.816362796937256,-0.030935730028915424,0
06071011900,683,971,713.9767633300522,257.0232366699478,0.35998823753194453,1
06071007302,1624,1484,1697.6548516076205,-213.65485160762046,-0.12585293848469653,0
06071008200,1211,1314,1265.9236608970618,48.076339102938164,0.03797728140168436,1
06071009710,1109,992,1159.297555685253,-167.29755568525297,-0.1443094181168738,0
06071010412,1151,1091,1203.2024225371745,-112.20242253717447,-0.09325315544210337,0
06071002401,1297,1141,1355.824102546234,-214.82410254623392,-0.15844540758848796,0
06071002402,1231,1123,1286.8307403503577,-163.8307403503577,-0.1273133561495061,0
06071003700,886,944,926.1836197810047,17.816380218995278,0.01923633698381315,1
06071004601,1305,1264,1364.186934327552,-100.18693432755208,-0.07344076666218562,0
06071004700,933,762,975.31525649625,-213.31525649624996,-0.2187141594222259,0
06071004800,785,897,820.6028685418609,76.39713145813914,0.09309878674186227,1
06071004301,1236,1332,1292.0575102136816,39.94248978631845,0.03091386371780984,1
06071004302,827,972,864.507735393782,107.49226460621799,0.1243392744857921,1
06071001704,1563,1579,1633.888259275068,-54.888259275068094,-0.033593643239361544,0
06071001706,1410,1346,1473.9491014573553,-127.94910145735525,-0.08680700122605768,0
06071001707,1500,1549,1568.0309589971864,-19.030958997186417,-0.012136851564051655,0
06071001804,1752,1821,1831.4601601087138,-10.460160108713808,-0.005711377367931881,0
06071001806,1921,1848,2008.1249814890632,-160.1249814890632,-0.07973855360851467,0
06071001808,2092,1804,2186.8805108147426,-382.8805108147426,-0.1750806726390812,0
06071001810,1381,1490,1443.6338362500762,46.36616374992377,0.03211767595470234,1
06071001809,1376,1265,1438.4070663867521,-173.40706638675215,-0.12055493221563976,0
06071001812,970,1118,1013.9933534848473,104.00664651515274,0.10257132964206059,1
06071001901,2318,2073,2423.1305086369853,-350.13050863698527,-0.14449510968929785,0
06071001903,2815,2168,2942.6714330513864,-774.6714330513864,-0.263254478345921,0
06071001905,2334,2028,2439.856172199622,-411.85617219962205,-0.1688034634551094,0
06071001813,1218,1210,1273.2411387057155,-63.24113870571546,-0.04966941200941859,0
06071001906,2094,1988,2188.971218760072,-200.97121876007213,-0.09181080913156589,0
06071002011,2366,2285,2473.3074993248956,-188.30749932489562,-0.07613590278454875,0
06071002013,1479,1447,1546.0785255712258,-99.07852557122578,-0.06408376025701508,0
06071002014,2123,2044,2219.286483967351,-175.28648396735116,-0.07898326116689398,0
06071002015,1905,1819,1991.3993179264269,-172.39931792642687,-0.08657194786324429,0
06071002016,1825,1743,1907.7710001132434,-164.77100011324342,-0.08636833252180831,0
06071002017,2519,2786,2633.2466571426085,152.75334285739154,0.05800950793692355,1
06071009712,756,875,790.2876033345821,84.71239666541794,0.10719185813870533,1
06071009717,1288,1445,1346.4159167922508,98.58408320774925,0.07321963590761722,1
06071004403,1142,1080,1193.7942367831913,-113.79423678319131,-0.09532148277899405,0
06071004404,794,676,830.0110542958439,-154.0110542958439,-0.1855530158288099,0
06071004505,1056,996,1103.8937951340192,-107.89379513401923,-0.09773928942224037,0
06071004507,1115,971,1165.5696795212418,-194.56967952124182,-0.1669309719871586,0
06071004509,1464,1374,1530.398215981254,-156.398215981254,-0.10219445785290286,0
06071004510,1460,1325,1526.216800090595,-201.21680009059492,-0.1318402471252124,0
06071004603,1177,1097,1230.381625826459,-133.38162582645896,-0.10840671140294805,0
06071004604,1108,1149,1158.2522017125882,-9.252201712588203,-0.007988071767882613,0
06071005701,370,369,386.78096988597264,-17.780969885972638,-0.045971677177433695,0
06071006203,821,886,858.2356115577934,27.76438844220661,0.03235054345019679,1
06071006204,829,871,866.5984433391118,4.401556660888218,0.005079119048412402,1
06071006601,994,1054,1039.0818488288023,14.918151171197678,0.014357051071590389,1
06071006603,1151,1247,1203.2024225371745,43.79757746282553,0.03640083883015316,1
06071006604,902,1005,942.9092833436415,62.090716656358495,0.06585014884589874,1
06071007109,1086,1165,1135.254414313963,29.745585686036975,0.026201691278172484,1
06071007110,1696,1595,1772.9203376394855,-177.92033763948552,-0.10035438923125757,0
06071007303,837,931,874.96127512043,56.038724879570054,0.06404709153768762,1
06071007305,1016,1059,1062.0796362274275,-3.0796362274274998,-0.002899628354015484,0
06071007306,1288,1252,1346.4159167922508,-94.41591679225075,-0.07012388639699878,0
06071007409,1273,1230,1330.735607202279,-100.73560720227897,-0.07569918972414376,0
06071007410,915,882,956.4988849882836,-74.49888498828363,-0.07788705889520842,0
06071007603,849,940,887.5055227924075,52.49447720759247,0.059148338640672565,1
06071007604,1186,1173,1239.7898115804421,-66.78981158044212,-0.053871882924494054,0
06071007903,2080,1861,2174.336263142765,-313.3362631427649,-0.1441066262169917,0
06071007904,2153,2093,2250.6471031472947,-157.64710314729473,-0.070045234069278,0
06071008601,1210,1255,1264.878306924397,-9.878306924397066,-0.00780968957275943,0
06071008602,966,946,1009.8119375941881,-63.811937594188066,-0.06319190258952166,0
06071008709,640,685,669.0265425054662,15.973457494533818,0.023875670813767916,1
06071008710,593,588,619.8949057902211,-31.89490579022106,-0.05145211791918585,0
06071009109,1065,1391,1113.3019808880024,277.6980191119976,0.24943638283163522,1
06071009108,1160,1044,1212.6106082911574,-168.6106082911574,-0.13904761111134256,0
06071009110,1456,1399,1522.0353841999356,-123.0353841999356,-0.08083608664893799,0
06071009112,1308,1270,1367.3229962455466,-97.32299624554662,-0.07117776597978695,0
06071009114,1474,1166,1540.851755707902,-374.85175570790193,-0.24327567809122988,0
06071009116,694,727,725.4756570293649,1.5243429706350753,0.002101163499926194,1
06071009117,919,928,960.680300878943,-32.680300878942944,-0.03401787342682386,0
06071009118,1577,1464,1648.5232148923753,-184.52321489237534,-0.11193243335940649,0
06071009119,1321,1397,1380.9125978901889,16.087402109811137,0.011649833692870993,1
06071009201,1241,1259,1297.2842800770056,-38.28428007700563,-0.029511095343522635,0
06071009202,1458,1139,1524.1260921452651,-385.12609214526515,-0.25268650286223077,0
06071002038,2303,2021,2407.4501990470135,-386.4501990470135,-0.1605226140087921,0
06071002103,1385,1228,1447.8152521407355,-219.81525214073554,-0.1518254845124178,0
06071002105,1295,1407,1353.7333946009041,53.26660539909585,0.039347928928649537,1
06071002107,1021,1220,1067.3064060907516,152.69359390924842,0.14306444057477632,1
06071002109,1395,1515,1458.2687918673835,56.73120813261653,0.03890312159802137,1
06071002110,1403,1451,1466.6316236487016,-15.631623648701634,-0.010658179870561576,0
06071002206,1747,1651,1826.2333902453897,-175.23339024538973,-0.09595344778021156,0
06071002207,1448,1413,1513.6725524186172,-100.67255241861722,-0.0665088048651988,0
06071002304,2513,2146,2626.97453330662,-480.97453330661983,-0.18309067225756795,0
06071002305,1994,1786,2084.435821493593,-298.4358214935928,-0.14317342775262326,0
06071002306,1924,1723,2011.2610434070577,-288.26104340705774,-0.14332353542668244,0
06071002307,1637,1609,1711.244453252263,-102.24445325226293,-0.05974859585837943,0
06071002604,1638,1613,1712.2898072249277,-99.2898072249277,-0.057986566763394226,0
06071002606,1652,1564,1726.9247628422347,-162.9247628422347,-0.09434386856210648,0
06071002607,2111,1812,2206.7422362953735,-394.74223629537346,-0.17888008386428375,0
06071002703,2170,1882,2268.4181206825965,-386.4181206825965,-0.17034695551026469,0
06071002704,2381,2019,2488.9878089148674,-469.9878089148674,-0.18882688265145406,0
06071002705,1666,1606,1741.5597184595417,-135.55971845954173,-0.0778381108742272,0
06071002706,1458,1806,1524.1260921452651,281.87390785473485,0.18494133084355682,1
06071002801,1381,1170,1443.6338362500762,-273.63383625007623,-0.18954518062617332,0
06071003301,1188,980,1241.8805195257717,-261.88051952577166,-0.21087416656295901,0
06071002803,1024,1018,1070.442468008746,-52.44246800874589,-0.04899139334998564,0
06071009906,1351,1341,1412.2732170701324,-71.27321707013243,-0.050467017435899625,0
06071009908,1434,1198,1499.0375968013102,-301.0375968013102,-0.20082057811203197,0
06071009910,1073,1192,1121.6648126693206,70.33518733067945,0.06270606560555007,1
06071009911,1541,1280,1610.890471876443,-330.8904718764429,-0.20540842326232506,0
06071009912,857,886,895.8683545737258,-9.86835457372581,-0.0110154070331253,0
06071009913,842,947,880.1880449837539,66.81195501624609,0.0759064558954323,1
06071010025,1083,1078,1132.1183523959685,-54.118352395968486,-0.04780273394688342,0
06071010026,1239,1081,1295.193572131676,-214.1935721316761,-0.16537572200821582,0
06071010417,873,660,912.5940181363625,-252.59401813636248,-0.27678684400341874,0
06071010419,870,968,909.457956218368,58.542043781631946,0.06437025854945133,1
06071010420,683,755,713.9767633300522,41.02323666994778,0.05745738345686727,1
06071010421,751,741,785.060833471258,-44.06083347125798,-0.05612410095207112,0
06071010422,968,1151,1011.9026455395177,139.09735446048228,0.13746120249178667,1
06071010423,780,605,815.3760986785369,-210.3760986785369,-0.25801111783812286,0
06071010424,563,844,588.5342866102773,255.46571338972274,0.4340710799724233,1
06071010803,1128,1080,1179.1592811658843,-99.1592811658843,-0.08409320330993905,0
06071010804,1174,1039,1227.2455639084644,-188.24556390846442,-0.15338866926432412,0
06071010901,1759,1615,1838.7776379173674,-223.77763791736743,-0.12169912952107792,0
06071010902,1575,1779,1646.4325069470458,132.5674930529542,0.08051802457348953,1
06071011001,1272,1027,1329.690253229614,-302.690253229614,-0.22763967209237318,0
06071011002,1283,1478,1341.189146928927,136.8108530710731,0.10200712806567548,1
06071005100,1328,1103,1388.2300756988425,-285.2300756988425,-0.2054631150065353,0
06071006402,911,951,952.3174690976246,-1.3174690976245529,-0.0013834347687362392,0
06071008402,1316,1289,1375.6858280268648,-86.68582802686478,-0.06301280878294543,0
06071009400,619,606,647.0741090795057,-41.07410907950566,-0.0634766690602651,0
06071009707,1035,930,1081.9413617080586,-151.9413617080586,-0.14043400787283802,0
06071009708,1205,1005,1259.651537061073,-254.651537061073,-0.2021603035195014,0
06071009711,1739,1384,1817.8705584640713,-433.87055846407134,-0.23866966569426754,0
06071009714,1191,1106,1245.016581443766,-139.01658144376597,-0.11165841765943177,0
06071003200,1259,1265,1316.100651584972,-51.100651584971956,-0.038827312731311056,0
06071008705,1111,974,1161.3882636305827,-187.38826363058274,-0.16134850807325504,0
06071006301,996,977,1041.1725567741319,-64.17255677413186,-0.06163489073603504,0
06071008708,1668,1416,1743.6504264048715,-327.6504264048715,-0.18791061639599074,0
06071009107,868,1092,907.3672482730385,184.6327517269615,0.2034818339303813,1
06071010011,937,1008,979.4966723869092,28.503327613090846,0.029099973911735556,1
06071011500,1284,1197,1342.2345009015917,-145.23450090159167,-0.1082035224128394,0
06071001803,1186,1234,1239.7898115804421,-5.7898115804421195,-0.004669994483227333,0
06071002602,1622,1522,1695.564143662291,-173.56414366229092,-0.10236365537160123,0
06071002901,1116,1093,1166.6150334939068,-73.61503349390682,-0.06310139281630585,0
06071002902,995,1026,1040.1272028014669,-14.127202801466865,-0.013582187604955255,0
06071010018,1347,1289,1408.0918011794734,-119.09180117947335,-0.0845767307782897,0
06071009500,751,689,785.060833471258,-96.06083347125798,-0.12236100614841701,0
06071009713,1282,1091,1340.143792956262,-249.1437929562619,-0.18590825422298038,0
06071009716,850,841,888.5508767650723,-47.5508767650723,-0.05351508620214268,0
06071010402,1128,1117,1179.1592811658843,-62.159281165884295,-0.05271491490481659,0
06071010409,865,548,904.2311863550441,-356.2311863550441,-0.39396029658190845,0
06071010411,777,855,812.2400367605426,42.75996323945742,0.05264449091920783,1
06071010700,759,585,793.4236652525763,-208.42366525257626,-0.2626889950228889,0
06071010019,1080,1070,1128.9822904779742,-58.982290477974175,-0.052243769433268084,0
06071010022,1260,1156,1317.1460055576365,-161.1460055576365,-0.12234483107999296,0
06071010024,1594,1208,1666.2942324276767,-458.29423242767666,-0.27503799959745007,0
06071011800,931,788,973.2245485509203,-185.2245485509203,-0.1903204649191287,0
06071009715,1408,1378,1471.8583935120257,-93.85839351202571,-0.06376863013843923,0
06071010012,1243,1140,1299.3749880223352,-159.37498802233517,-0.12265511456773989,0
06071010015,1118,1055,1168.7057414392364,-113.70574143923636,-0.09729201920340542,0
06071000109,2068,1815,2161.7920154707876,-346.79201547078765,-0.16041876970077737,0
06071009904,963,997,1006.6758756761936,-9.675875676193641,-0.009611709101198303,0
06071009905,1400,1080,1463.4955617307073,-383.4955617307073,-0.262040809524008,0
06071004503,2131,1948,2227.6493157486693,-279.6493157486693,-0.1255356100135019,0
06071003900,1016,957,1062.0796362274275,-105.0796362274275,-0.09893762448988935,0
06071005600,824,860,861.3716734757878,-1.3716734757878157,-0.001592429282301413,0
06071011101,1225,1258,1280.5586165143689,-22.55861651436885,-0.01761623109121903,0
06071011102,1247,931,1303.5564039129943,-372.55640391299426,-0.2857999874763075,0
06071011203,1175,1192,1228.2909178811294,-36.29091788112942,-0.029545865195953154,0
06071011204,1436,1382,1501.12830474664,-119.12830474663997,-0.07935917560807462,0
06071011205,753,837,787.1515414165876,49.848458583412366,0.06332765161547317,1
06071011206,857,1150,895.8683545737258,254.1316454262742,0.28367074707890055,1
06071011401,1061,1016,1109.120564997343,-93.12056499734308,-0.08395892018967853,0
06071011403,848,982,886.4601688197428,95.53983118025724,0.10777678968640134,1
06071011404,1204,1165,1258.6061830884082,-93.60618308840822,-0.0743728930829772,0
06071012001,996,872,1041.1725567741319,-169.17255677413186,-0.16248272745324724,0
06071012002,1016,796,1062.0796362274275,-266.0796362274275,-0.25052701054749416,0
06071012101,1190,1035,1243.9712274711012,-208.9712274711012,-0.16798718720844033,0
06071012103,1046,820,1093.4402554073713,-273.4402554073713,-0.2500733387628011,0
06071012104,699,970,730.7024268926889,239.2975731073111,0.3274897746335998,1
06071012200,2566,2287,2682.378293857854,-395.3782938578538,-0.14739840937543985,0
06071006401,650,633,679.4800822321142,-46.48008223211423,-0.06840536381791448,0
06071008001,1380,1404,1442.5884822774117,-38.588482277411686,-0.02674947343021353,0
06071008404,1040,991,1087.1681315713824,-96.16813157138245,-0.08845746005485089,0
06071008901,566,391,591.6703485282717,-200.6703485282717,-0.33915904190132506,0
06071009300,778,778,813.2853907332074,-35.28539073320735,-0.043386234568158474,0
06071010021,1349,1182,1410.1825091248031,-228.18250912480312,-0.16181062213459113,0
06071011700,655,748,684.706852095438,63.29314790456203,0.09243831533285124,1
06071007104,1615,1657,1688.2466658536373,-31.246665853637296,-0.018508353361881436,0
06071007105,1191,1173,1245.016581443766,-72.01658144376597,-0.05784387334042809,0
06071000808,1349,1462,1410.1825091248031,51.81749087519688,0.03674523725822993,1
06071001400,907,970,948.1360532069655,21.86394679303453,0.023059925544527227,1
06071002204,1275,1143,1332.8263151476083,-189.82631514760828,-0.14242389498933725,0
06071000304,1438,1356,1503.2190126919693,-147.21901269196928,-0.09793583732574604,0
06071008500,2485,2181,2597.7046220720053,-416.70462207200535,-0.1604126267980497,0
06071008002,1007,961,1052.6714504734443,-91.67145047344434,-0.08708457936444902,0
06071008403,1934,1674,2021.7145831337057,-347.7145831337057,-0.17198994657037087,0
06071008706,1680,1556,1756.1946740768487,-200.19467407684874,-0.11399344106431819,0
06071009709,1094,1023,1143.6172460952812,-120.61724609528119,-0.10546994329362526,0
06071004504,1705,1546,1782.3285233934685,-236.32852339346846,-0.13259537750285802,0
06071005300,983,964,1027.5829551294894,-63.58295512948939,-0.061876225965111574,0
06071005400,954,884,997.2676899222106,-113.2676899222106,-0.11357802029166889,0
06071005500,816,795,853.0088416944694,-58.008841694469425,-0.06800497117853677,0
06051000200,1365,1219,1426.9081726874397,-207.90817268743967,-0.14570536259237013,0
06051000101,1214,797,1269.0597228150564,-472.0597228150564,-0.37197597112917824,0
06051000102,1034,866,1080.8960077353938,-214.89600773539382,-0.19881284249132034,0
06101050101,898,816,938.7278674529822,-122.7278674529822,-0.1307384937724023,0
06101050601,1337,1355,1397.6382614528254,-42.63826145282542,-0.030507365624423834,0
06101050201,791,880,826.8749923778497,53.12500762215029,0.06424793120103725,1
06101050301,1146,1027,1197.9756526738504,-170.9756526738504,-0.14272047373603727,0
06101050402,1350,1348,1411.227863097468,-63.22786309746789,-0.0448034401465761,0
06101050403,1529,1571,1598.3462242044652,-27.346224204465216,-0.01710907423582527,0
06101050702,1143,1032,1194.839590755856,-162.83959075585608,-0.13628573409828484,0
06101050302,911,880,952.3174690976246,-72.31746909762455,-0.07593840441271071,0
06101050501,1009,946,1054.762158418774,-108.7621584187741,-0.10311533984289192,0
06101050701,917,779,958.5895929336133,-179.5895929336133,-0.18734773907153265,0
06101050401,1228,1267,1283.6946784323634,-16.69467843236339,-0.013005178499883464,0
06101051000,907,922,948.1360532069655,-26.13605320696547,-0.027565720255614327,0
06101051100,1088,935,1137.3451222592926,-202.34512225929257,-0.1779100453320112,0
06101050102,755,821,789.2422493619172,31.757750638082825,0.04023828002588328,1
06101050503,1501,1191,1569.0763129698512,-378.0763129698512,-0.24095470044681994,0
06101050900,1119,794,1169.751095411901,-375.7510954119009,-0.32122311907695955,0
06101050603,1428,1123,1492.7654729653214,-369.76547296532135,-0.24770500099442708,0
06101050604,1113,1114,1163.4789715759125,-49.47897157591251,-0.042526743314401365,0
06101050202,767,842,801.7864970338946,40.21350296610535,0.05015487678436841,1
06101050800,1118,1189,1168.7057414392364,20.294258560763637,0.017364729068389522,1
06101050504,1325,1271,1385.0940137808482,-114.09401378084817,-0.08237275783858836,0
06053014102,1259,1410,1316.100651584972,93.89934841502804,0.07134663165917107,1
06053000300,1404,1368,1467.6769776213664,-99.6769776213664,-0.06791479265615437,0
06053000600,1067,1151,1115.392688833332,35.60731116666807,0.031923565147188006,1
06053001300,810,842,846.7367178584807,-4.736717858480688,-0.005594085810357357,0
06053011900,2301,2291,2405.359491101684,-114.35949110168394,-0.04754361729493744,0
06053012000,1377,1570,1439.4524203594171,130.54757964058285,0.09069252848801101,1
06053013100,2598,3047,2715.829620983127,331.1703790168731,0.12194077878014668,1
06053000900,1138,1159,1189.6128208925322,-30.612820892532227,-0.02573343221836186,0
06053010101,1160,1130,1212.6106082911574,-82.6106082911574,-0.06812624574311983,0
06053010501,1734,1731,1812.6437886007477,-81.64378860074771,-0.045041275684822676,0
06053011000,2294,1951,2398.0420132930303,-447.0420132930303,-0.18641959182322454,0
06053013000,1314,1496,1373.5951200815355,122.40487991846453,0.08911278012635825,1
06053000103,1202,1329,1256.5154751430787,72.48452485692133,0.05768693365966508,1
06053001400,1123,1220,1173.9325113025604,46.06748869743956,0.03924202477902622,1
06053001500,1269,1277,1326.55419131162,-49.55419131161989,-0.03735557253233927,0
06053000102,1774,1795,1854.4579475073392,-59.45794750733921,-0.03206217082854822,0
06053011602,2154,2380,2251.6924571199597,128.30754288004027,0.05698271203703936,1
06053011604,1783,2100,1863.8661332613224,236.13386673867763,0.12669035749123223,1
06053011801,1098,1813,1147.7986619859403,665.2013380140597,0.579545315781356,1
06053011802,1141,1631,1192.7488828105265,438.25111718947346,0.36742949291790833,1
06053012502,1353,1538,1414.3639250154622,123.6360749845378,0.08741461288556704,1
06053014105,1194,1321,1248.1526433617603,72.84735663823972,0.058364140816970486,1
06053014107,1865,1863,1949.5851590198351,-86.58515901983515,-0.044412093834037145,0
06053014201,1185,1365,1238.7444576077771,126.25554239222288,0.10192218549743784,1
06053014202,1061,1006,1109.120564997343,-103.12056499734308,-0.09297507255001633,0
06053014500,1404,1127,1467.6769776213664,-340.6769776213664,-0.2321198620785716,0
06053014601,1453,1600,1518.8993222819413,81.1006777180587,0.05339437349686606,1
06053014700,1424,1348,1488.5840570746623,-140.58405707466227,-0.09444146362210505,0
06053014800,1526,1411,1595.2101622864711,-184.21016228647113,-0.1154770491321571,0
06053010504,1400,1326,1463.4955617307073,-137.49556173070732,-0.09395010502669868,0
06053010701,2533,2463,2647.8816127599157,-184.8816127599157,-0.06982246180077953,0
06053010702,2685,2104,2806.775416604964,-702.775416604964,-0.25038533986272093,0
06053011302,899,875,939.7732214256471,-64.77322142564708,-0.06892431061973157,0
06053011400,951,859,994.1316280042162,-135.13162800421617,-0.1359293117708182,0
06053012100,1632,1773,1706.0176833889388,66.98231661106115,0.039262381195254284,1
06053012600,2333,2063,2438.810818226957,-375.81081822695705,-0.1540959288101632,0
06053013200,2534,2398,2648.9269667325802,-250.92696673258024,-0.0947277784113828,0
06053013300,1310,1347,1369.413704190876,-22.413704190875933,-0.016367372491075782,0
06053000701,1007,1031,1052.6714504734443,-21.671450473444338,-0.02058709815270234,0
06053000501,956,921,999.3583978675401,-78.35839786754013,-0.07840870505990999,0
06053000502,1126,1120,1177.0685732205545,-57.068573220554526,-0.04848364362019309,0
06053000702,1025,995,1071.4878219814107,-76.48782198141066,-0.07138468623933428,0
06053001801,1589,1463,1661.0674625643528,-198.0674625643528,-0.11924107059359085,0
06053011700,1953,2319,2041.5763086143368,277.42369138566323,0.13588700565101916,1
06053013600,1066,1261,1114.3473348606672,146.65266513933284,0.13160408837669058,1
06053013700,1169,1235,1222.0187940451406,12.981205954859433,0.010622754754768458,1
06053013800,1708,1627,1785.464585311463,-158.464585311463,-0.0887525782449613,0
06053010102,2099,1623,2194.197988623396,-571.1979886233962,-0.2603219908071087,0
06053010305,1784,1742,1864.9114872339871,-122.91148723398715,-0.06590741066016377,0
06053011102,1505,1386,1573.2577288605105,-187.2577288605105,-0.11902546253253671,0
06053011202,1330,1225,1390.320783644172,-165.32078364417202,-0.11890837394435654,0
06053012200,1596,1528,1668.3849403730064,-140.38494037300643,-0.0841442145489638,0
06053013400,1988,1929,2078.1636976576046,-149.16369765760464,-0.07177668334103517,0
06053013500,1512,1275,1580.5752066691641,-305.5752066691641,-0.19333164621322899,0
06053010605,1785,1612,1865.9568412066517,-253.9568412066517,-0.13610006169404557,0
06053011101,940,981,982.6327343049036,-1.632734304903579,-0.001661591607833567,0
06053001802,1192,1285,1246.0619354164307,38.93806458356926,0.031248899815366125,1
06053010306,1063,959,1111.2112729426726,-152.21127294267262,-0.13697779769601492,0
06053010506,1128,1252,1179.1592811658843,72.8407188341157,0.061773434681441024,1
06053010505,1301,1121,1360.005518436893,-239.005518436893,-0.17573863870169534,0
06053010607,1099,1137,1148.8440159586053,-11.844015958605269,-0.010309507464964703,0
06053010608,1379,1289,1441.5431283047467,-152.5431283047467,-0.10581933020910533,0
06053010804,1255,1050,1311.9192356943126,-261.91923569431265,-0.19964585362276208,0
06053011203,1179,1282,1232.4723337717885,49.5276662282115,0.040185621105700474,1
06053011204,1355,1131,1416.4546329607917,-285.45463296079174,-0.20152755077238912,0
06053011303,1288,1230,1346.4159167922508,-116.41591679225075,-0.08646356251462341,0
06053011304,1334,1235,1394.502199534831,-159.5021995348311,-0.11437931011369994,0
06053011502,1260,857,1317.1460055576365,-460.1460055576365,-0.34935079605151725,0
06053001600,1375,1184,1437.3617124140876,-253.3617124140876,-0.17626858307541796,0
06053010202,2176,1554,2274.690244518585,-720.6902445185851,-0.3168300590620029,0
06053010603,2207,1874,2307.0962176711937,-433.0962176711937,-0.1877235177076253,0
06053010604,1885,1644,1970.492238473131,-326.492238473131,-0.16569070006899342,0
06053012401,1365,1420,1426.9081726874397,-6.908172687439674,-0.004841357572736315,0
06053014301,1644,1240,1718.5619310609163,-478.5619310609163,-0.27846650295895164,0
06053000104,1964,1818,2053.0752023136492,-235.07520231364924,-0.11449907049129937,0
06053000200,1348,1370,1409.1371551521381,-39.13715515213812,-0.027773843737668433,0
06053001200,1224,1342,1279.5132625417043,62.48673745829569,0.04883633432151236,1
06053010400,1045,1029,1092.3949014347065,-63.394901434706526,-0.05803295250778475,0
06053000101,1730,1498,1808.4623727100882,-310.4623727100882,-0.17167201120410477,0
06053000400,957,1152,1000.4037518402049,151.5962481597951,0.15153506559820426,1
06053010606,1582,1343,1653.7499847556994,-310.7499847556994,-0.18790626613466305,0
06053012402,1305,1435,1364.186934327552,70.81306567244792,0.05190862329095225,1
06053012800,1673,1750,1748.8771962681953,1.1228037318046518,0.000642014050043378,1
06053012302,1632,1695,1706.0176833889388,-11.017683388938849,-0.006458129652591081,0
06053012700,1162,1440,1214.7013162364872,225.29868376351283,0.18547661120641282,1
06053013900,1400,1575,1463.4955617307073,111.50443826929268,0.07619048611082171,1
06053014302,1138,1448,1189.6128208925322,258.3871791074678,0.2172027525002692,1
06053014000,1248,1370,1304.6017578856593,65.39824211434075,0.05012889314232591,1
06053001700,1160,1299,1212.6106082911574,86.3893917088426,0.07124248387582952,1
06053000800,1082,1146,1131.0729984233037,14.927001576696284,0.013197204422264758,1
06093001200,776,660,811.1946827878778,-151.1946827878778,-0.18638519950384616,0
06093000600,803,856,839.4192400498272,16.58075995017282,0.019752656550007835,1
06093000702,701,717,732.7931348380184,-15.793134838018432,-0.021551968880698442,0
06093000800,712,753,744.2920285373311,8.707971462668866,0.011699670463731299,1
06093001100,852,828,890.6415847104018,-62.641584710401844,-0.0703331012000413,0
06093000900,998,889,1043.2632647194614,-154.2632647194614,-0.147866094720534,0
06093000701,995,881,1040.1272028014669,-159.12720280146686,-0.15298821372316335,0
06093000200,556,546,581.2168088016238,-35.216808801623756,-0.060591518119090866,0
06093000400,585,669,611.5320740089027,57.46792599109733,0.09397369072461882,1
06093000500,461,459,481.9081813984686,-22.908181398468628,-0.047536402747906166,0
06093000300,696,743,727.5663649746945,15.433635025305534,0.021212683499796384,1
06093001000,976,945,1020.2654773208359,-75.26547732083588,-0.07377048326527633,0
06093000100,647,651,676.3440203141198,-25.344020314119803,-0.03747208455003281,0
06093000703,794,867,830.0110542958439,36.988945704156095,0.044564401296481995,1
06031001401,918,908,959.6349469062781,-51.63494690627806,-0.053806863821228616,0
06031001402,929,714,971.1338406055908,-257.13384060559076,-0.2647769337800486,0
06031000403,989,980,1033.8550789654782,-53.85507896547824,-0.05209151655894369,0
06031000601,1757,1588,1836.6869299720377,-248.68692997203766,-0.13539973847139194,0
06031000602,1457,1149,1523.0807381726004,-374.0807381726004,-0.2456079502531325,0
06031000702,1137,1102,1188.5674669198675,-86.56746691986746,-0.07283344810387932,0
06031001100,691,745,722.3395951113705,22.6604048886295,0.031370846956182315,1
06031001200,1042,883,1089.2588395167122,-206.25883951671221,-0.18935704906303644,0
06031000900,859,863,897.9590625190555,-34.959062519055465,-0.03893168851259698,0
06031001300,830,803,867.6437973117764,-64.64379731177644,-0.07450499561232676,0
06031001500,914,780,955.453531015619,-175.45353101561898,-0.18363376691812217,0
06031000300,1194,1247,1248.1526433617603,-1.1526433617602834,-0.0009234794861754783,0
06031000701,1318,1248,1377.7765359721946,-129.77653597219455,-0.09419273197349154,0
06031000200,888,983,928.2743277263344,54.72567227366562,0.05895420204898671,1
06031000800,926,672,967.9977786875965,-295.99777868759645,-0.3057835309177133,0
06031000100,935,799,977.4059644415796,-178.4059644415796,-0.18253005499460823,0
06031000402,1273,1519,1330.735607202279,188.26439279772103,0.1414739274870127,1
06031000405,834,857,871.8252132024357,-14.825213202435748,-0.017004799790062242,0
06031001001,1152,1136,1204.2477765098392,-68.24777650983924,-0.056672536865823,0
06031001601,796,721,832.1017622411737,-111.10176224117367,-0.13351944111010344,0
06031001003,1236,1076,1292.0575102136816,-216.05751021368155,-0.1672197317114389,0
06031000404,1456,1082,1522.0353841999356,-440.0353841999356,-0.2891098254139749,0
06031000500,927,954,969.0431326602612,-15.043132660261222,-0.015523697710920391,0
06031001002,777,825,812.2400367605426,12.75996323945742,0.015709596500990013,1
06031001701,709,746,741.1559666193368,4.844033380663177,0.0065357813993705705,1
06023000500,718,746,750.56415237332,-4.564152373319985,-0.006080962378616025,0
06023001000,820,797,857.1902575851285,-60.190257585128506,-0.07021808408636859,0
06023010300,1103,1069,1153.0254318492646,-84.02543184926458,-0.0728738755696841,0
06023010400,1230,1317,1285.7853863776927,31.214613622307297,0.024276690303849952,1
06023010600,1240,1138,1296.2389261043406,-158.23892610434063,-0.12207543140206793,0
06023010800,951,989,994.1316280042162,-5.131628004216168,-0.005161920071407691,0
06023000300,956,1021,999.3583978675401,21.641602132459866,0.021655496345094356,1
06023000600,1073,1004,1121.6648126693206,-117.66481266932055,-0.1049019380302246,0
06023000100,741,756,774.60729374461,-18.607293744610047,-0.024021583446056368,0
06023000200,898,978,938.7278674529822,39.272132547017804,0.0418354817286649,1
06023010102,579,683,605.259950172914,77.74004982708595,0.12844076302236213,1
06023000900,1217,1117,1272.1957847330507,-155.1957847330507,-0.12199048809583657,0
06023011000,920,935,961.7256548516076,-26.7256548516076,-0.027789271001334905,0
06023000800,1123,1152,1173.9325113025604,-21.932511302560442,-0.01868294053652606,0
06023010501,1127,1062,1178.1139271932195,-116.11392719321952,-0.09855916691338458,0
06023010200,795,861,831.0564082685088,29.94359173149121,0.03603075727901329,1
06023011100,889,975,929.3196816989991,45.68031830100085,0.049154579635596725,1
06023000700,990,1035,1034.900432938143,0.0995670618569875,9.620931510706857e-05,1
06023001101,1091,1083,1140.4811841772869,-57.48118417728688,-0.050400817632736565,0
06023001300,882,931,922.0022038903456,8.99779610965436,0.009758974622499356,1
06023010901,814,975,850.9181337491398,124.08186625086023,0.14582115638334833,1
06023010902,1107,1069,1157.2068477399237,-88.20684773992366,-0.07622392479978454,0
06023011500,742,558,775.6526477172749,-217.65264771727493,-0.28060582060516503,0
06023011600,750,928,784.0154794985932,143.9845205014068,0.18365009909433191,1
06023940000,435,334,454.728978109184,-120.72897810918403,-0.26549655711670095,0
06023001200,833,850,870.7798592297709,-20.779859229770864,-0.02386350466138621,0
06023011200,938,873,980.5420263595738,-107.54202635957381,-0.10967610104264634,0
06023010700,1024,916,1070.442468008746,-154.4424680087459,-0.144279092641048,0
06023000400,881,1026,920.9568499176809,105.04315008231913,0.11405870979917065,1
06023010502,1023,1010,1069.3971140360811,-59.39711403608112,-0.0555426167290714,0
06049000100,623,648,651.2555249701647,-3.2555249701647426,-0.004998844302033191,0
06049000200,628,605,656.4822948334887,-51.48229483348871,-0.0784214520919361,0
06049000400,530,594,554.0376055123393,39.96239448766073,0.07212938993681849,1
06049000300,843,683,881.2333989564188,-198.2333989564188,-0.22494993856471204,0
06011000200,986,1022,1030.719017047484,-8.71901704748393,-0.008459159968213002,0
06011000400,663,648,693.0696838767564,-45.06968387675636,-0.06502907993991955,0
06011000500,778,845,813.2853907332074,31.71460926679265,0.038995670681113224,1
06011000300,1180,1115,1233.5176877444533,-118.51768774445327,-0.09608106063008191,0
06011000100,1153,986,1205.293130482504,-219.293130482504,-0.18194174092298726,0
06115040301,716,693,748.4734444279903,-55.47344442799033,-0.07411544770353888,0
06115040302,729,652,762.0630460726326,-110.06304607263257,-0.14442774339977957,0
06115040303,1336,1390,1396.5929074801606,-6.5929074801606475,-0.004720708121063047,0
06115040901,1319,1110,1378.8218899448593,-268.8218899448593,-0.19496491309374978,0
06115041000,1358,1260,1419.590694878786,-159.59069487878605,-0.11242021764055939,0
06115041100,903,839,943.9546373163062,-104.95463731630616,-0.1111861027715226,0
06115040600,855,846,893.7776466283963,-47.77764662839627,-0.05345585315165156,0
06115040800,1154,1424,1206.3384844551686,217.66151554483145,0.1804315441723939,1
06115040100,900,882,940.8185753983119,-58.81857539831185,-0.0625185098767953,0
06115040400,760,807,794.4690192252411,12.53098077475886,0.01577277460986327,1
06115040500,896,792,936.6371595076527,-144.63715950765265,-0.15442176091292578,0
06115040902,1380,1448,1442.5884822774117,5.411517722588314,0.003751255322685761,1
06115040200,928,929,970.088486632926,-41.08848663292599,-0.042355400769201745,0
06115040700,1641,1560,1715.425869142922,-155.425869142922,-0.09060482993682345,0
06063000100,955,1007,998.3130438948754,8.686956105124636,0.008701635382056965,1
06063000400,536,816,560.309729348328,255.690270651672,0.45633737423951976,1
06063000201,1011,1320,1056.8528663641036,263.14713363589635,0.2489912664391996,1
06063000202,743,697,776.6980016899397,-79.6980016899397,-0.10261131291252555,0
06063000300,885,805,925.13826580834,-120.13826580833995,-0.12985979528516106,0
06063000501,944,937,986.8141501955627,-49.81415019556266,-0.05047976884572511,0
06063000502,1384,926,1446.7698981680708,-520.7698981680708,-0.3599535066547072,0
06003010000,1183,1317,1236.6537496624478,80.34625033755219,0.06497069237002127,1
06009000300,1005,1009,1050.5807425281148,-41.5807425281148,-0.03957881659629036,0
06009000120,1370,1344,1432.1349425507638,-88.13494255076375,-0.06154094836467528,0
06009000210,1784,1554,1864.9114872339871,-310.91148723398715,-0.16671648459580626,0
06009000220,1427,1419,1491.7201189926566,-72.72011899265658,-0.04874917088452473,0
06009000400,879,696,918.8661419723512,-222.86614197235122,-0.2425447318082347,0
06009000121,997,1009,1042.2179107467964,-33.217910746796406,-0.031872327662258525,0
06009000122,1229,1079,1284.7400324050282,-205.74003240502816,-0.1601413727412881,0
06009000501,1096,1190,1145.707954040611,44.29204595938904,0.03865910662763808,1
06009000503,1027,1115,1073.5785299267404,41.42147007325957,0.03858261777653668,1
06009000504,604,1223,631.3937994895338,591.6062005104662,0.9369844952369902,1
06035040303,838,917,876.0066290930948,40.99337090690517,0.04679573138543992,1
06035040304,906,666,947.0906992343006,-281.0906992343006,-0.29679385455010326,0
06035040305,1114,1047,1164.524325548577,-117.52432554857705,-0.10092045564888857,0
06035040600,926,807,967.9977786875965,-160.99777868759645,-0.1663204009681468,0
06035040302,1181,1107,1234.563041717118,-127.56304171711804,-0.10332647050546263,0
06035040400,1304,797,1363.1415803548875,-566.1415803548875,-0.4153211878457227,0
06035040200,822,748,859.2809655304582,-111.28096553045816,-0.1295047487311223,0
06035040100,702,521,733.8384888106832,-212.8384888106832,-0.29003451311967315,0
06035040500,1155,1315,1207.3838384278336,107.61616157216645,0.08913168964750787,1
06099003905,1416,1327,1480.2212252933439,-153.22122529334388,-0.1035123822541993,0
06099003908,843,874,881.2333989564188,-7.233398956418796,-0.00820826691882626,0
06099002501,1411,1210,1474.9944554300198,-264.9944554300198,-0.17965793325830728,0
06099003604,1448,1175,1513.6725524186172,-338.6725524186172,-0.2237422828850733,0
06099003202,1647,1518,1721.6979929789106,-203.69799297891063,-0.11831226719761052,0
06099001603,957,969,1000.4037518402049,-31.403751840204905,-0.03139107763484382,0
06099002200,819,876,856.1449036124638,19.85509638753615,0.023191280242116127,1
06099003002,890,943,930.3650356716639,12.634964328336082,0.013580652586771436,1
06099000202,1241,1220,1297.2842800770056,-77.28428007700563,-0.05957389699690041,0
06099003300,957,1176,1000.4037518402049,175.5962481597951,0.17552537946483351,1
06099003201,1074,1024,1122.7101666419856,-98.71016664198555,-0.08792132606870982,0
06099000510,1546,1418,1616.1172417397668,-198.11724173976677,-0.12258840919640925,0
06099002005,1248,1152,1304.6017578856593,-152.60175788565925,-0.11697190883214639,0
06099002006,1599,1484,1671.5210022910007,-187.52100229100074,-0.11218584871741538,0
06099002401,1247,1264,1303.5564039129943,-39.556403912994256,-0.030344988367403583,0
06099002402,1006,881,1051.6260965007798,-170.6260965007798,-0.1622497740104848,0
06099002503,839,922,877.0519830657596,44.9480169342404,0.051248977029985564,1
06099002504,1457,1230,1523.0807381726004,-293.0807381726004,-0.1924262652840322,0
06099003606,1820,1617,1902.5442302499193,-285.54423024991934,-0.15008546225094072,0
06099003605,1139,1148,1190.6581748651968,-42.65817486519677,-0.035827390065185094,0
06099003804,955,859,998.3130438948754,-139.31304389487536,-0.1395484560147101,0
06099003805,1158,1222,1210.519900345828,11.480099654171909,0.0094836108443093,1
06099004000,1051,1011,1098.6670252706954,-87.66702527069538,-0.0797939896749841,0
06099000602,1238,1285,1294.1482181590113,-9.148218159011321,-0.007068910678581396,0
06099000801,1033,1062,1079.850653762729,-17.850653762729053,-0.016530669033285875,0
06099000907,1001,1181,1046.3993266374557,134.60067336254428,0.1286322247502546,1
06099000803,910,901,951.2721151249597,-50.27211512495967,-0.05284724983067111,0
06099000906,1325,1184,1385.0940137808482,-201.09401378084817,-0.14518437866316963,0
06099001002,917,892,958.5895929336133,-66.58959293361329,-0.0694662172680451,0
06099001100,1012,880,1057.8982203367684,-177.89822033676842,-0.1681619431027465,0
06099001601,987,973,1031.7643710201487,-58.7643710201487,-0.05695522414875201,0
06099002604,824,782,861.3716734757878,-79.37167347578782,-0.09214567406832525,0
06099002801,1366,1174,1427.9535266601044,-253.95352666010444,-0.17784439193485949,0
06099002802,1074,982,1122.7101666419856,-140.71016664198555,-0.1253308029291729,0
06099003906,845,878,883.3241069017483,-5.324106901748337,-0.006027353787980038,0
06099000402,1884,1477,1969.4468845004662,-492.44688450046624,-0.2500432422808759,0
06099000404,1288,1217,1346.4159167922508,-129.41591679225075,-0.09611882567503795,0
06099000905,1302,1279,1361.0508724095578,-82.05087240955777,-0.06028494163799897,0
06099000908,1227,1163,1282.6493244596984,-119.64932445969839,-0.09328295908946066,0
06099000912,1867,1672,1951.6758669651647,-279.6758669651647,-0.143300366469181,0
06099002002,875,796,914.684726081692,-118.68472608169202,-0.12975479167571896,0
06099002302,826,773,863.4623814211174,-90.46238142111736,-0.10476702096995949,0
06099003400,751,724,785.060833471258,-61.06083347125798,-0.07777847380472266,0
06099003700,1206,1141,1260.6968910337378,-119.69689103373776,-0.09494501960387124,0
06099003802,866,818,905.276540327709,-87.27654032770897,-0.09640870655514278,0
06099000201,1161,1236,1213.6559622638222,22.344037736177825,0.018410520304699595,1
06099000807,951,947,994.1316280042162,-47.13162800421617,-0.04740984662044801,0
06099000909,1046,1055,1093.4402554073713,-38.440255407371296,-0.035155332188725776,0
06099001001,1053,1050,1100.757733216025,-50.75773321602492,-0.04611162991126918,0
06099003907,1391,1086,1454.0873759767242,-368.08737597672416,-0.253139792049619,0
06099001700,787,856,822.6935764871904,33.3064235128096,0.040484603824214004,1
06099001800,638,633,666.9358345601366,-33.93583456013664,-0.05088320765148015,0
06099001900,1067,1113,1115.392688833332,-2.392688833331931,-0.0021451537716592113,0
06099002603,1059,1099,1107.0298570520135,-8.02985705201354,-0.007253514438532672,0
06099002702,952,1028,995.176981976881,32.82301802311895,0.03298209124362712,1
06099002901,1089,895,1138.3904762319573,-243.39047623195734,-0.2138022772621688,0
06099003904,894,885,934.5464515623231,-49.546451562323114,-0.053016574488613265,0
06099001300,1081,1089,1130.027644450639,-41.027644450638945,-0.03630676174350094,0
06099001400,915,894,956.4988849882836,-62.498884988283635,-0.06534130459446295,0
06099001604,775,794,810.149328815213,-16.14932881521304,-0.01993376806079727,0
06099000203,1236,1052,1292.0575102136816,-240.05751021368155,-0.18579475628293096,0
06099000301,915,932,956.4988849882836,-24.498884988283635,-0.025613082642102325,0
06099000503,1135,1096,1186.4767589745377,-90.47675897453769,-0.07625666351251248,0
06099000504,1929,1722,2016.4878132703818,-294.4878132703818,-0.1460399667840171,0
06099000506,934,1105,976.3606104689147,128.63938953108527,0.13175397302161124,1
06099000601,1528,1304,1597.3008702318004,-293.30087023180045,-0.18362280751104618,0
06099000805,1021,1106,1067.3064060907516,38.69359390924842,0.03625350104565788,1
06099002701,932,1275,974.2699025235852,300.7300974764148,0.30867226494162864,1
06099001500,1141,1099,1192.7488828105265,-93.74888281052654,-0.0785990112098214,0
06099002004,958,1011,1001.4491058128697,9.550894187130325,0.00953707395782028,1
06099002100,733,810,766.2444619632918,43.75553803670823,0.05710388813068435,1
06099003001,1854,1578,1938.0862653205224,-360.08626532052244,-0.18579475628293102,0
06099003500,1107,1098,1157.2068477399237,-59.20684773992366,-0.05116358225459628,0
06099003603,981,1003,1025.4922471841599,-22.49224718415985,-0.02193312260128735,0
06099003909,1188,1041,1241.8805195257717,-200.88051952577166,-0.16175510958371464,0
06099000101,1322,1531,1381.9579518628536,149.04204813714637,0.10784846813627032,1
06099000102,1716,1277,1793.8274170927812,-516.8274170927812,-0.2881143482188452,0
06099000806,1111,1241,1161.3882636305827,79.61173636941726,0.06854876948777257,1
06099000304,1192,970,1246.0619354164307,-276.06193541643074,-0.22154752309657189,0
06099000403,1365,1171,1426.9081726874397,-255.90817268743967,-0.17934452797019312,0
06099000505,1304,1173,1363.1415803548875,-190.14158035488754,-0.1394877708193635,0
06099000911,1278,1277,1335.9623770656028,-58.96237706560282,-0.04413475864126633,0
06099002803,1086,991,1135.254414313963,-144.25441431396303,-0.12706791754792365,0
06099002902,1350,1382,1411.227863097468,-29.22786309746789,-0.020710945313477867,0
06099000910,998,971,1043.2632647194614,-72.2632647194614,-0.06926656689948088,0
06099001200,1031,984,1077.7599458173995,-93.75994581739951,-0.0869952035063705,0
06099002301,1131,1076,1182.2953430838786,-106.2953430838786,-0.0899059137005646,0
06099002602,884,895,924.0929118356752,-29.09291183567518,-0.03148266961368985,0
06099002605,1009,1127,1054.762158418774,72.2378415812259,0.06848732769245328,1
06099003100,908,1007,949.1814071796301,57.81859282036987,0.06091416496681108,1
06099003803,1037,962,1084.0320696533881,-122.03206965338813,-0.11257237960903413,0
06099000302,1172,991,1225.154855963135,-234.1548559631351,-0.19112266079952658,0
06099000303,1201,1132,1255.470121170414,-123.4701211704139,-0.09834572650387625,0
06099000501,1677,1439,1753.0586121588544,-314.05861215885443,-0.17914895142729878,0
06019006405,1021,1135,1067.3064060907516,67.69359390924842,0.06342470496095995,1
06019006201,887,747,927.2289737536696,-180.2289737536696,-0.19437375109629584,0
06019006202,1082,1009,1131.0729984233037,-122.07299842330372,-0.10792671966660983,0
06019006501,799,817,835.2378241591679,-18.23782415916787,-0.021835486410745168,0
06019006502,673,723,703.5232236034043,19.47677639659571,0.027684624676406294,1
06019006603,958,968,1001.4491058128697,-33.449105812869675,-0.03340070465759641,0
06019004408,1101,1088,1150.9347239039348,-62.93472390393481,-0.054681401644102096,0
06019004409,1246,1214,1302.5110499403295,-88.51104994032949,-0.06795416433847862,0
06019004801,871,840,910.5033101910329,-70.50331019103294,-0.0774333375858245,0
06019004802,887,859,927.2289737536696,-68.2289737536696,-0.07358373787378598,0
06019004901,871,812,910.5033101910329,-98.50331019103294,-0.10818555966629702,0
06019004902,981,1078,1025.4922471841599,52.50775281584015,0.05120248637668219,1
06019005203,900,815,940.8185753983119,-125.81857539831185,-0.13373309019227683,0
06019005204,915,934,956.4988849882836,-22.498884988283635,-0.02352212359197808,0
06019005409,886,846,926.1836197810047,-80.18361978100472,-0.08657421494882847,0
06019005410,873,901,912.5940181363625,-11.594018136362479,-0.012704464313758044,0
06019005516,1417,1423,1481.2665792660086,-58.26657926600865,-0.03933564699399393,0
06019005517,2351,1772,2457.627189734924,-685.6271897349238,-0.2789793312015215,0
06019005518,2297,1756,2401.178075211025,-645.1780752110249,-0.2686923064439209,0
06019005520,2431,2147,2541.255507548107,-394.25550754810683,-0.1551420179423432,0
06019005525,1163,1700,1215.746670209152,484.25332979084806,0.3983176278883323,1
06019005607,904,906,944.999991288971,-38.999991288971046,-0.041269832432247355,0
06019005608,741,821,774.60729374461,46.39270625538995,0.059891904749719206,1
06019004002,829,831,866.5984433391118,-35.59844333911178,-0.0410783605864171,0
06019004215,1524,1478,1593.1194543411414,-115.11945434114136,-0.07226040334103556,0
06019004216,1443,1555,1508.4457825552934,46.55421744470664,0.03086237369820758,1
06019003809,1061,1082,1109.120564997343,-27.12056499734308,-0.02445231461144898,0
06019005805,2057,1727,2150.293121771475,-423.29312177147494,-0.19685368356791913,0
06019005522,2700,1997,2822.455726194936,-825.4557261949358,-0.2924601149750417,0
06019005524,2055,1983,2148.2024138261454,-165.2024138261454,-0.07690262926942008,0
06019005905,1790,1944,1871.1836110699758,72.81638893002423,0.0389146145248603,1
06019005906,1715,1131,1792.7820631201164,-661.7820631201164,-0.3691369278697301,0
06019005907,1856,1848,1940.176973265852,-92.17697326585198,-0.047509569763985376,0
06019005909,2130,1921,2226.603961776005,-305.6039617760048,-0.1372511533358838,0
06019005911,2246,1954,2347.865022605121,-393.8650226051209,-0.1677545424515503,0
06019005912,2027,1696,2118.9325025915314,-422.9325025915314,-0.19959696784785244,0
06019006404,1389,1124,1451.9966680313946,-327.9966680313946,-0.22589354042808504,0
06019005804,1268,1098,1325.508837338955,-227.5088373389549,-0.171638868734888,0
06019006604,908,928,949.1814071796301,-21.181407179630128,-0.022315446783316102,0
06019007801,785,879,820.6028685418609,58.39713145813914,0.07116369403132322,1
06019007802,523,668,546.7201277036856,121.27987229631435,0.22183173099133874,1
06019007902,689,986,720.248887166041,265.75111283395904,0.3689712230998487,1
06019008501,756,748,790.2876033345821,-42.28760333458206,-0.05350913155685534,0
06019008502,1047,890,1094.485609380036,-204.48560938003607,-0.1868326158220258,0
06019003810,1427,1299,1491.7201189926566,-192.72011899265658,-0.12919321563001948,0
06019004213,1281,1088,1339.0984389835971,-251.09843898359713,-0.18751305480886524,0
06019004214,1684,1590,1760.3760899675078,-170.37608996750782,-0.09678391506138471,0
06019007003,1015,1104,1061.0342822547627,42.96571774523727,0.04049418427266317,1
06019007300,876,962,915.7300800543569,46.269919945643096,0.05052790222081222,1
06019000300,692,699,723.3849490840354,-24.384949084035384,-0.033709505727085004,0
06019000800,773,668,808.0586208698834,-140.05862086988338,-0.1733273023176324,0
06019001301,824,855,861.3716734757878,-6.371673475787816,-0.007397124460892684,0
06019001500,741,828,774.60729374461,53.39270625538995,0.0689287419400335,1
06019001600,896,841,936.6371595076527,-95.63715950765265,-0.10210694561587193,0
06019001900,1008,922,1053.7168044461093,-131.71680444610934,-0.12500209153952596,0
06019002100,1014,848,1059.988928282098,-211.98892828209796,-0.1999916438992094,0
06019002501,804,825,840.4645940224918,-15.464594022491838,-0.01840005412777446,0
06019003900,662,755,692.0243299040916,62.97567009590841,0.09100210408012141,1
06019005802,1839,1902,1922.4059557305507,-20.40595573055066,-0.010614800515844224,0
06019006900,770,746,804.9225589518891,-58.92255895188907,-0.07320276751668346,0
06019007400,695,775,726.5210110020297,48.478988997970305,0.06672758015780891,1
06019007700,868,892,907.3672482730385,-15.367248273038513,-0.01693608437188633,0
06019002000,655,773,684.706852095438,88.29314790456203,0.12895029111269254,1
06019004302,1506,1491,1574.3030828331753,-83.30308283317527,-0.052914260120268515,0
06019004404,935,955,977.4059644415796,-22.405964441579613,-0.022923908034857134,0
06019002701,960,923,1003.5398137581993,-80.53981375819933,-0.08025572344417739,0
06019003201,948,941,990.9955660862217,-49.99556608622174,-0.05044983832134711,0
06019000501,659,726,688.8882679860973,37.111732013902724,0.05387191760776465,1
06019000502,725,679,757.8816301819735,-78.88163018197349,-0.10408172865073057,0
06019000901,816,777,853.0088416944694,-76.00884169446942,-0.08910674541600386,0
06019000902,503,542,525.8130482503899,16.186951749610103,0.03078461404385299,1
06019001303,1080,722,1128.9822904779742,-406.9822904779742,-0.3604859827390837,0
06019001304,757,788,791.3329573072467,-3.3329573072467156,-0.004211826736735603,0
06019001407,772,789,807.0132668972186,-18.013266897218614,-0.022320905536628292,0
06019001408,420,435,439.0486685192122,-4.048668519212185,-0.009221457231306969,0
06019001409,1476,1315,1542.9424636532315,-227.94246365323147,-0.1477323160278648,0
06019001410,1211,1094,1265.9236608970618,-171.92366089706184,-0.13580886921351393,0
06019001411,795,798,831.0564082685088,-33.05640826850879,-0.03977637130237793,0
06019001412,1671,1489,1746.7864883228656,-257.7864883228656,-0.1475775603063961,0
06019001413,1783,1620,1863.8661332613224,-243.86613326132237,-0.13083886707819228,0
06019001414,1608,1403,1680.9291880449837,-277.9291880449837,-0.1653425914795561,0
06019002903,734,728,767.2898159359565,-39.28981593595654,-0.051205965620734824,0
06019002904,922,933,963.8163627969373,-30.816362796937256,-0.031973272073852345,0
06019002905,863,869,902.1404784097145,-33.14047840971455,-0.03673538567755467,0
06019003003,853,898,891.6869386830666,6.313061316933386,0.007079907805150934,1
06019003004,1055,957,1102.8484411613545,-145.84844116135446,-0.13224703931917314,0
06019003103,860,932,899.0044164917202,32.995583508279765,0.03670235974706544,1
06019002906,941,809,983.6780882775682,-174.67808827756824,-0.17757647584021272,0
06019003104,818,864,855.099549639799,8.900450360201035,0.010408671556370541,1
06019003301,1091,807,1140.4811841772869,-333.4811841772869,-0.2924039333606818,0
06019003302,837,858,874.96127512043,-16.961275120429946,-0.019385172353022586,0
06019003702,883,889,923.0475578630104,-34.04755786301041,-0.03688602778153215,0
06019003807,842,874,880.1880449837539,-6.188044983753912,-0.007030366998302196,0
06019003808,1431,1150,1495.9015348833157,-345.90153488331566,-0.23123282302821951,0
06019003701,972,906,1016.0840614301768,-110.0840614301768,-0.1083414902456292,0
06019004001,1244,1316,1300.420341995,15.579658005000056,0.011980478543652279,1
06019005503,1802,1696,1883.7278587419532,-187.72785874195324,-0.09965763253473738,0
06019005510,1384,1241,1446.7698981680708,-205.76989816807077,-0.14222710773055255,0
06019005513,1881,1908,1966.3108225824717,-58.3108225824717,-0.029654936499758807,0
06019008100,951,864,994.1316280042162,-130.13162800421617,-0.13089979670545626,0
06019004602,1072,1032,1120.619458696656,-88.61945869665601,-0.07908077805442132,0
06019005302,851,844,889.5962307377371,-45.59623073773707,-0.05125497294421356,0
06019005403,764,756,798.6504351159002,-42.65043511590022,-0.053403132635507534,0
06019005507,1515,1445,1583.7112685871582,-138.7112685871582,-0.08758621052870556,0
06019005605,1503,1373,1571.1670209151807,-198.16702091518073,-0.12612727881708685,0
06019006700,994,1026,1039.0818488288023,-13.081848828802322,-0.012589815560292468,0
06019007201,1042,1062,1089.2588395167122,-27.258839516712214,-0.025025125826664444,0
06019007202,1052,1026,1099.7123792433601,-73.71237924336015,-0.06702878010164512,0
06019007500,959,867,1002.4944597855346,-135.49445978553456,-0.13515731529780337,0
06019005515,1806,1665,1887.9092746326123,-222.90927463261232,-0.11807202688592677,0
06019005301,1056,963,1103.8937951340192,-140.89379513401923,-0.12763346959198543,0
06019005407,1077,1174,1125.8462285599799,48.15377144002014,0.04277117977435648,1
06019005512,1646,1530,1720.6526390062459,-190.65263900624586,-0.11080251451353733,0
06019005602,852,902,890.6415847104018,11.358415289598156,0.01275307091493086,1
06019005701,1193,1078,1247.1072893890957,-169.10728938909574,-0.13559963190651714,0
06019002502,760,646,794.4690192252411,-148.46901922524114,-0.18687829938293474,0
06019002602,876,869,915.7300800543569,-46.730080054356904,-0.05103040849284218,0
06019000100,294,297,307.33406796344855,-10.334067963448547,-0.03362486961477237,0
06019000200,695,664,726.5210110020297,-62.521011002029695,-0.08605533777447082,0
06019002702,801,741,837.3285321044976,-96.32853210449764,-0.11504269639825906,0
06019003001,936,917,978.4513184142443,-61.45131841424427,-0.06280467638782188,0
06019003400,847,792,885.4148148470779,-93.41481484707788,-0.10550401154425203,0
06019004207,1614,1348,1687.2013118809725,-339.2013118809725,-0.20104376963932935,0
06019004211,1465,1351,1531.4435699539188,-180.44356995391877,-0.1178258040283837,0
06019004504,868,929,907.3672482730385,21.632751726961487,0.023841230514033182,1
06019003202,892,882,932.4557436169936,-50.45574361699357,-0.05411060413578007,0
06019003500,877,808,916.7754340270216,-108.77543402702156,-0.11865003139232835,0
06019003805,749,1008,782.9701255259284,225.02987447407156,0.28740544132883344,1
06019004210,1070,1077,1118.5287507513265,-41.52875075132647,-0.03712801367281012,0
06019004303,1347,1371,1408.0918011794734,-37.09180117947335,-0.02634189130879378,0
06019004503,1056,1021,1103.8937951340192,-82.89379513401923,-0.07509218323303958,0
06019006100,1092,1013,1141.5265381499516,-128.52653814995165,-0.11259180917357553,0
06019000400,744,835,777.7433556626045,57.25664433739553,0.07361894373062858,1
06019000700,919,907,960.680300878943,-53.680300878942944,-0.05587738275660479,0
06019001100,830,865,867.6437973117764,-2.6437973117764386,-0.0030470998812735413,0
06019001202,915,919,956.4988849882836,-37.498884988283635,-0.03920431646790991,0
06019001700,1011,992,1056.8528663641036,-64.85286636410365,-0.06136413916084393,0
06019001201,801,825,837.3285321044976,-12.32853210449764,-0.014723649836118392,0
06019002300,795,831,831.0564082685088,-0.05640826850878966,-6.78753787920549e-05,0
06019003803,1463,1381,1529.352862008589,-148.352862008589,-0.09700368416857602,0
06019004100,734,863,767.2898159359565,95.71018406404346,0.12473798306223331,1
06019004212,1124,1084,1174.977865275225,-90.97786527522499,-0.07742942906751224,0
06019004704,837,820,874.96127512043,-54.961275120429946,-0.0628156658851731,0
06019002400,703,839,734.883842783348,104.11615721665203,0.14167702588522774,1
06019002601,881,793,920.9568499176809,-127.95684991768087,-0.13893902839108935,0
06019003804,1218,1343,1273.2411387057155,69.75886129428454,0.05478841295152962,1
06019005514,1623,1552,1696.609497634956,-144.60949763495591,-0.08523440298815906,0
06019006402,1008,963,1053.7168044461093,-90.71680444610934,-0.08609220623922288,0
06019007002,801,857,837.3285321044976,19.67146789550236,0.023493129806601867,1
06019007004,1297,1125,1355.824102546234,-230.82410254623392,-0.17024634841108585,0
06019007100,742,707,775.6526477172749,-68.65264771727493,-0.0885095253904152,0
06019005703,1559,1443,1629.706843384409,-186.706843384409,-0.1145646802321056,0
06019005904,1398,1412,1461.4048537853778,-49.40485378537778,-0.03380641145224593,0
06019006300,1107,1169,1157.2068477399237,11.79315226007634,0.010191049493968075,1
06019008200,700,748,731.7477808653537,16.25221913464634,0.02221013791859637,1
06019008302,652,767,681.5707901774438,85.42920982255623,0.12534165350647603,1
06019008402,569,697,594.8064104462661,102.19358955373389,0.1718098321722205,1
06019005100,783,790,818.5121605965313,-28.512160596531317,-0.03483413193977676,0
06019005405,1102,1208,1151.9800778765996,56.01992212340042,0.04862924559134719,1
06019005408,1222,1333,1277.4225545963745,55.57744540362546,0.04350748716910372,1
06019004208,1672,1546,1747.8318422955306,-201.83184229553058,-0.11547554942725664,0
06019004506,991,1016,1035.9457869108078,-19.945786910807783,-0.019253697599645785,0
06019005000,978,997,1022.3561852661654,-25.356185266165426,-0.02480171356283629,0
06019005702,1658,1477,1733.1968866782236,-256.19688667822356,-0.14781753224196031,0
06019006403,900,1016,940.8185753983119,75.18142460168815,0.07991065075416777,1
06019007600,648,764,677.3893742867845,86.61062571321554,0.12785943949062809,1
06019008000,985,982,1029.6736630748192,-47.67366307481916,-0.04629977903140274,0
06019008401,720,702,752.6548603186495,-50.654860318649526,-0.06730157870395458,0
06019004406,941,1001,983.6780882775682,17.321911722431764,0.017609329646411695,1
06019004701,861,870,900.049770464385,-30.049770464385006,-0.033386787542738536,0
06019005202,765,726,799.6957890885651,-73.6957890885651,-0.09215477947252691,0
06019005304,749,808,782.9701255259284,25.029874474071562,0.03196785376358869,1
06019005305,1015,1068,1061.0342822547627,6.965717745237271,0.006565026089858939,1
06019005504,2002,1768,2092.7986532749114,-324.79865327491143,-0.15519823312512696,0
06019004703,897,889,937.6825134803175,-48.68251348031754,-0.05191790694659191,0
06019005406,1275,1200,1332.8263151476083,-132.82631514760828,-0.09965763253473728,0
06019005509,1348,1283,1409.1371551521381,-126.13715515213812,-0.08951375293096978,0
06019005606,1476,1489,1542.9424636532315,-53.94246365323147,-0.03496077457451762,0
06019006000,963,935,1006.6758756761936,-71.67587567619364,-0.07120054965859621,0
06019004405,1792,1661,1873.2743190153053,-212.2743190153053,-0.11331726317952633,0
06019004301,2072,1670,2165.9734313614467,-495.9734313614467,-0.22898407901970297,0
06019005704,1115,1058,1165.5696795212418,-107.56967952124182,-0.09228935979651265,0
06019003102,872,910,911.5486641636976,-1.5486641636975946,-0.0016989374507157225,0
06019001800,926,971,967.9977786875965,3.002221312403549,0.003101475415030328,1
06019008301,726,783,758.9269841546381,24.07301584536185,0.031719804866572984,1
06019001000,825,834,862.4170274484525,-28.417027448452473,-0.03295044803617469,0
06019004205,947,928,989.9502121135571,-61.950212113557086,-0.06257911898548164,0
06019004505,837,786,874.96127512043,-88.96127512042995,-0.1016745285192025,0
06019005508,1875,1503,1960.038698746483,-457.0386987464831,-0.23317840562983586,0
06019006602,844,832,882.2787529290836,-50.278752929083566,-0.056987378152497464,0
06019005801,1215,1223,1270.105076787721,-47.10507678772092,-0.03708754310852489,0
06019002200,891,866,931.4103896443287,-65.41038964432869,-0.07022724931091492,0
06019000600,633,627,661.7090646968127,-34.709064696812675,-0.05245366362438447,0
06019003600,1237,1278,1293.1028641863463,-15.102864186346324,-0.011679553579714197,0
06019004601,1026,1065,1072.5331759540754,-7.533175954075432,-0.007023723016655658,0
06019002800,879,787,918.8661419723512,-131.86614197235122,-0.1435096320877596,0
06019005505,1959,1861,2047.8484324503254,-186.8484324503254,-0.09124133870921024,0
06019006802,700,774,731.7477808653537,42.25221913464634,0.05774150634892191,1
06059052425,1823,1857,1905.6802921679139,-48.680292167913876,-0.02554483685851359,0
06059052506,2140,2239,2237.057501502653,1.94249849734706,0.0008683274775200303,1
06059052524,2107,2157,2202.5608204047144,-45.56082040471438,-0.02068538583935344,0
06059062614,1223,1363,1278.4679085690393,84.53209143096069,0.06611983833491415,1
06059062625,1170,951,1223.0641480178053,-272.06414801780534,-0.22244470861052876,0
06059062635,2490,2212,2602.9313919353294,-390.93139193532943,-0.15018889592962512,0
06059075806,1347,1543,1408.0918011794734,134.90819882052665,0.09580923538331962,1
06059075807,1635,1807,1709.1537453069332,97.84625469306684,0.05724836338552763,1
06059075808,2235,2243,2336.3661289058077,-93.36612890580773,-0.039962113707552316,0
06059075809,3762,2949,3932.6216451649434,-983.6216451649434,-0.2501185554868419,0
06059075812,1547,1485,1617.1625957124318,-132.16259571243177,-0.08172498922670685,0
06059075814,2732,2379,2855.907053320209,-476.9070533202089,-0.1669896969391102,0
06059076101,1721,1888,1799.0541869561052,88.94581304389476,0.04944031907920789,1
06059076201,1748,2041,1827.2787442180547,213.72125578194527,0.1169614961363778,1
06059076208,1738,1774,1816.8252044914068,-42.825204491406794,-0.023571450013759068,0
06059086304,1371,1569,1433.1802965234283,135.8197034765717,0.09476805103031323,1
06059086305,1940,1975,2027.9867069696945,-52.986706969694524,-0.026127738800058288,0
06059086702,1395,1364,1458.2687918673835,-94.26879186738347,-0.06464431824442168,0
06059086902,1397,1410,1460.3594998127128,-50.359499812712784,-0.03448431692276543,0
06059087002,1383,1357,1445.7245441954058,-88.72454419540577,-0.06137029668039838,0
06059087401,1951,1814,2039.485600669007,-225.485600669007,-0.11056003562616061,0
06059087404,1331,1392,1391.3661376168366,0.6338623831634322,0.00045556835546474206,1
06059087504,1365,1322,1426.9081726874397,-104.90817268743967,-0.07352132021912494,0
06059087701,1425,1363,1489.6294110473273,-126.62941104732727,-0.08500732471326326,0
06059087901,1140,1173,1191.7035288378615,-18.70352883786154,-0.015694783463552426,0
06059088301,1432,1370,1496.9468888559807,-126.94688885598066,-0.08480386966367119,0
06059088901,1372,1412,1434.225650496093,-22.225650496093067,-0.01549662041562658,0
06059088903,1482,1575,1549.21458748922,25.785412510779906,0.016644183910357952,1
06059088905,1706,1754,1783.3738773661332,-29.37387736613323,-0.01647095863572676,0
06059110015,2010,2005,2101.1614850562296,-96.1614850562296,-0.0457658708005759,0
06059099512,1673,1802,1748.8771962681953,53.12280373180465,0.030375376753244667,1
06059099905,1204,1440,1258.6061830884082,181.39381691159178,0.14412277593177067,1
06059011403,1467,1368,1533.5342778992483,-165.5342778992483,-0.10794299174454042,0
06059001102,1410,1575,1473.9491014573553,101.05089854264475,0.06855792947173786,1
06059001507,1523,1621,1592.0741003684766,28.925899631523407,0.018168689274468238,1
06059011101,1202,1327,1256.5154751430787,70.48452485692133,0.05609523022300644,1
06059011708,1472,1485,1538.7610477625722,-53.76104776257216,-0.034937879302795675,0
06059011710,2187,2336,2286.189138217898,49.810861782102165,0.021787725673882836,1
06059021903,2248,2167,2349.95573055045,-182.95573055044997,-0.07785496899875416,0
06059021912,3187,2940,3331.543110882689,-391.5431108826888,-0.1175260525981757,0
06059021920,2743,2614,2867.4059470195216,-253.4059470195216,-0.08837463257789512,0
06059032003,2107,2137,2202.5608204047144,-65.56082040471438,-0.02976572533087543,0
06059032029,2163,2066,2261.100642873943,-195.1006428739429,-0.08628569607850924,0
06059032049,2742,2623,2866.3605930468566,-243.3605930468566,-0.08490229513941631,0
06059032054,1728,1681,1806.3716647647589,-125.37166476475886,-0.06940524323441812,0
06059032056,2697,2667,2819.319664276941,-152.31966427694078,-0.054027099589647125,0
06059001201,1343,1351,1403.9103852888143,-52.91038528881427,-0.037687865153821394,0
06059074200,1600,1545,1672.5663562636655,-127.56635626366551,-0.07626983275487803,0
06059074408,1283,1307,1341.189146928927,-34.1891469289269,-0.025491666859378988,0
06059074805,1318,1418,1377.7765359721946,40.22346402780545,0.029194476010888613,1
06059074901,1256,1261,1312.9645896669774,-51.96458966697742,-0.039578058750356554,0
06059075004,1031,1065,1077.7599458173995,-12.759945817399512,-0.011839320868175386,0
06059075504,1427,1516,1491.7201189926566,24.27988100734342,0.01627643195141685,1
06059075506,1875,1805,1960.038698746483,-155.03869874648308,-0.07909981514428059,0
06059075513,1488,1605,1555.486711325209,49.513288674791056,0.03183138005249034,1
06059099902,1846,1494,1929.723433539204,-435.72343353920405,-0.22579579330705782,0
06059099903,1435,1572,1500.082950773975,71.91704922602503,0.04794204826401039,1
06059110001,1587,1860,1658.9767546190233,201.02324538097673,0.12117303320934164,1
06059110102,1659,1636,1734.242240650888,-98.2422406508881,-0.05664851100271682,0
06059042114,2038,1914,2130.431396290844,-216.43139629084408,-0.10159040871612142,0
06059042203,2557,2330,2672.97010810387,-342.9701081038702,-0.12831049141330036,0
06059042312,1620,1591,1693.4734357169614,-102.47343571696138,-0.060510801974037146,0
06059011402,2286,2021,2389.679181511712,-368.67918151171216,-0.15427978130457057,0
06059021814,1636,1654,1710.199099279598,-56.19909927959793,-0.032861144239446256,0
06059052410,1708,1653,1785.464585311463,-132.464585311463,-0.0741905420030246,0
06059052420,2824,2637,2952.0796188053696,-315.0796188053696,-0.10673140954540859,0
06059052502,2023,2036,2114.7510867008723,-78.75108670087229,-0.03723893899197769,0
06059001103,1087,1146,1136.2997682866278,9.700231713372204,0.00853668370275101,1
06059001501,1602,1466,1674.6570642089953,-208.65706420899528,-0.12459689130893913,0
06059088401,1793,1924,1874.3196729879703,49.68032701202969,0.026505791796354126,1
06059088501,1377,1387,1439.4524203594171,-52.45242035941715,-0.036439148399445044,0
06059099217,1902,2388,1988.2632560084323,399.73674399156766,0.20104819760843196,1
06059099220,1600,1720,1672.5663562636655,47.43364373633449,0.028359797839229636,1
06059099224,2292,2109,2395.951305347701,-286.9513053477008,-0.11976508233169554,0
06059099234,1603,1543,1675.7024181816598,-132.70241818165982,-0.07919211474651808,0
06059074407,1303,1348,1362.0962263822225,-14.09622638222254,-0.0103489211035131,0
06059074802,1141,1206,1192.7488828105265,13.251117189473462,0.011109729282034013,1
06059075100,1282,1227,1340.143792956262,-113.1437929562619,-0.08442660672007049,0
06059042106,1815,2056,1897.3174603865955,158.68253961340451,0.08363520756356267,1
06059042109,1928,2039,2015.4424592977168,23.557540702283177,0.011688520599338682,1
06059062646,796,791,832.1017622411737,-41.101762241173674,-0.049395115004288226,0
06059087803,1392,1397,1455.132729949389,-58.13272994938893,-0.03995012190496935,0
06059052526,2067,2200,2160.7466614981226,39.25333850187735,0.018166562143227663,1
06059062612,2142,2002,2239.148209447982,-237.14820944798203,-0.10591001008657942,0
06059062620,2408,2331,2517.2123661768164,-186.21236617681643,-0.07397562823022312,0
06059062643,4001,3623,4182.461244631829,-559.4612446318288,-0.13376364104984712,0
06059062701,2691,3112,2813.0475404409526,298.9524595590474,0.1062735184035268,1
06059063005,2668,2914,2789.004399069662,124.99560093033779,0.04481728353387789,1
06059063603,1772,1875,1852.3672395620094,22.632760437990555,0.012218290171954267,1
06059063805,1925,2013,2012.3063973797227,0.6936026202772609,0.00034468042301133623,1
06059063807,1641,1684,1715.425869142922,-31.42586914292201,-0.018319572829237626,0
06059063902,1618,1730,1691.3827277716316,38.61727222836839,0.02283177638880468,1
06059074003,1598,2054,1670.4756483183357,383.52435168166426,0.22958990875907553,1
06059074110,2566,2214,2682.378293857854,-468.3782938578538,-0.17461306443254213,0
06059110109,1663,1578,1738.4236565415474,-160.42365654154742,-0.09228110532083833,0
06059110114,1930,2001,2017.5331672430466,-16.53316724304659,-0.008194743715484547,0
06059110402,1421,1479,1485.4479951566677,-6.44799515666773,-0.004340774754613789,0
06059110500,1244,1317,1300.420341995,16.579658005000056,0.012749460670205206,1
06059042331,2121,2081,2217.1957760220216,-136.19577602202162,-0.06142704108266752,0
06059001503,1449,1654,1514.717906391282,139.28209360871801,0.09195249691115664,1
06059001901,1871,1753,1955.8572828558238,-202.85728285582377,-0.10371783495349104,0
06059042334,1739,1734,1817.8705584640713,-83.87055846407134,-0.04613670542908953,0
06059052417,2278,2302,2381.3163497303935,-79.31634973039354,-0.03330777523086067,0
06059052513,1690,1975,1766.6482138034967,208.35178619650333,0.1179362051644302,1
06059062610,1928,2048,2015.4424592977168,32.55754070228318,0.016154041288595204,1
06059062626,1815,2008,1897.3174603865955,110.68253961340451,0.058336331122390006,1
06059062631,3112,2971,3253.1415629328294,-282.1415629328294,-0.08672895337467829,0
06059062645,2847,2936,2976.1227601766595,-40.12276017665954,-0.013481554159505804,0
06059062647,1067,1459,1115.392688833332,343.60731116666807,0.30805949743679173,1
06059062702,2312,2433,2416.8583848009966,16.141615199003354,0.006678759210930123,1
06059063004,1920,2068,2007.0796275163987,60.92037248360134,0.030352743183879285,1
06059063010,1645,1894,1719.607285033581,174.3927149664189,0.10141426852760356,1
06059063400,3055,2986,3193.5563864909363,-207.55638649093635,-0.06499224105418043,0
06059063802,2071,2008,2164.928077388782,-156.92807738878219,-0.07248650845623483,0
06059063806,1724,2222,1802.1902488740998,419.8097511259002,0.23294419187328982,1
06059063906,1460,1468,1526.216800090595,-58.216800090594916,-0.03814451530551834,0
06059074005,1401,1494,1464.5409157033723,29.45908429662768,0.020114893329886533,1
06059074107,1619,1689,1692.4280817442964,-3.428081744296378,-0.0020255405717229855,0
06059074109,1453,1402,1518.8993222819413,-116.8993222819413,-0.07696318022337112,0
06059074403,1064,1133,1112.2566269153376,20.74337308466238,0.018649808490861272,1
06059074501,998,979,1043.2632647194614,-64.2632647194614,-0.06159832028279277,0
06059074801,1349,1406,1410.1825091248031,-4.1825091248031185,-0.002965934620334282,0
06059075507,1402,1588,1465.5862696760369,122.41373032396314,0.08352543474020284,1
06059075515,1705,1742,1782.3285233934685,-40.32852339346846,-0.022626874262599395,0
06059075810,3398,2124,3552.112799114959,-1428.1127991149592,-0.4020460159572597,0
06059099235,1544,1431,1614.0265337944372,-183.02653379443723,-0.11339747517295,0
06059099243,2416,2342,2525.575197958135,-183.57519795813505,-0.07268649062857088,0
06059099311,1793,1842,1874.3196729879703,-32.31967298797031,-0.01724341554631793,0
06059099410,1323,1501,1383.0033058355184,117.9966941644816,0.08531917000241432,1
06059099510,405,239,423.36835892924034,-184.36835892924034,-0.43547977793034537,0
06059099702,1656,1296,1731.1061787328938,-435.1061787328938,-0.25134574879247185,0
06059099802,1205,1256,1259.651537061073,-3.651537061072986,-0.002898846985565933,0
06059110111,1814,1941,1896.272106413931,44.72789358606906,0.023587276021612036,1
06059110113,1832,2074,1915.088477921897,158.91152207810296,0.08297868422796904,1
06059110605,2114,2064,2209.878298213368,-145.878298213368,-0.06601191492368924,0
06059052416,2154,1981,2251.6924571199597,-270.6924571199597,-0.12021733086328783,0
06059052426,2278,2302,2381.3163497303935,-79.31634973039354,-0.03330777523086067,0
06059062632,2620,2665,2738.827408381752,-73.82740838175187,-0.026955845467229757,0
06059042206,1939,1781,2026.9413529970298,-245.94135299702975,-0.12133619585657057,0
06059052522,2303,2348,2407.4501990470135,-59.450199047013484,-0.024694259125504145,0
06059063009,2191,2582,2290.3705541085574,291.62944589144263,0.12732849947285002,1
06059063907,1915,2065,2001.8528576530748,63.14714234692519,0.03154434758054966,1
06059074601,1500,1370,1568.0309589971864,-198.03095899718642,-0.12629276090558475,0
06059001707,2552,2238,2667.7433382405466,-429.74333824054656,-0.16108871197630828,0
06059063201,1508,1622,1576.3937907785046,45.60620922149542,0.028930721174036545,1
06059063605,1330,1438,1390.320783644172,47.679216355827975,0.034293680218788,1
06059063702,1257,1496,1314.0099436396422,181.9900563603578,0.13849975583614554,1
06059063908,1652,1644,1726.9247628422347,-82.92476284223471,-0.048018746749426515,0
06059074108,1643,1614,1717.5165770882513,-103.51657708825132,-0.06027107887584151,0
06059088403,1991,1741,2081.2997595755987,-340.2997595755987,-0.16350348286447206,0
06059088602,1622,1593,1695.564143662291,-102.56414366229092,-0.06048968660115688,0
06059088801,1413,1372,1477.0851633753496,-105.08516337534957,-0.0711436049734702,0
06059088802,1442,1477,1507.4004285826284,-30.400428582628365,-0.020167453853793278,0
06059089003,1482,1624,1549.21458748922,74.7854125107799,0.04827311407645798,1
06059089004,1423,1327,1487.5387031019975,-160.5387031019975,-0.10792237053545066,0
06059089105,1447,1493,1512.6271984459524,-19.627198445952445,-0.012975568908265761,0
06059099222,1558,1595,1628.6614894117442,-33.66148941174424,-0.02066819264198506,0
06059099229,1637,1819,1711.244453252263,107.75554674773707,0.06296911381827708,1
06059099246,2151,1938,2248.556395201965,-310.5563952019652,-0.13811367856489587,0
06059099251,1440,1630,1505.309720637299,124.69027936270095,0.08283363725965388,1
06059099308,3434,3204,3589.7455421308923,-385.7455421308923,-0.10745762829248105,0
06059099411,1584,1636,1655.8406927010287,-19.84069270102873,-0.011982247319133301,0
06059099413,1623,1619,1696.609497634956,-77.60949763495591,-0.04574387785942623,0
06059099415,2588,2368,2705.376081256479,-337.3760812564792,-0.12470579731738775,0
06059099417,1660,1876,1735.2875946235529,140.71240537644712,0.08108880960851493,1
06059099508,1552,1428,1622.3893655757556,-194.38936557575562,-0.11981671582688812,0
06059099511,1471,1672,1537.7156937899076,134.28430621009238,0.08732713514754513,1
06059062900,3185,2503,3329.4524029373592,-826.4524029373592,-0.24822472374383067,0
06059099203,1651,1466,1725.87940886957,-259.87940886956994,-0.1505779647952274,0
06059099216,1864,1685,1948.5398050471704,-263.5398050471704,-0.13524989551896302,0
06059099225,2057,1971,2150.293121771475,-179.29312177147494,-0.08338078188324761,0
06059088104,1240,1437,1296.2389261043406,140.76107389565937,0.10859192010125517,1
06059099242,1846,1798,1929.723433539204,-131.72343353920405,-0.0682602653052811,0
06059099245,2481,2303,2593.5232061813463,-290.52320618134627,-0.11201874172126922,0
06059099309,1910,2253,1996.6260877897507,256.3739122102493,0.12840356728687902,1
06059099404,1725,1817,1803.2356028467643,13.764397153235677,0.007633166254873103,1
06059099307,1731,1597,1809.5077266827532,-212.50772668275317,-0.11743952432429182,0
06059099408,1879,1748,1964.2201146371422,-216.22011463714216,-0.1100793709553704,0
06059099240,1700,1727,1777.1017535301446,-50.101753530144606,-0.02819295711718217,0
06059099248,1285,1352,1343.2798548742562,8.720145125743784,0.006491681606108857,1
06059099250,1709,1659,1786.5099392841275,-127.50993928412754,-0.07137376427652121,0
06059099504,3000,2400,3136.061917994373,-736.0619179943728,-0.23470898765452677,0
06059099604,2263,2189,2365.6360401404218,-176.63604014042176,-0.0746674624258501,0
06059099605,2054,1697,2147.157059853481,-450.15705985348086,-0.20965259983552342,0
06059099801,1458,1436,1524.1260921452651,-88.12609214526515,-0.05782073582981861,0
06059110003,1819,1542,1901.4988762772548,-359.4988762772548,-0.18906078818257308,0
06059110005,1975,2118,2064.574096012962,53.425903987038055,0.025877445663109122,1
06059110012,2168,2115,2266.327412737267,-151.32741273726697,-0.06677208768987793,0
06059110110,1637,1520,1711.244453252263,-191.24445325226293,-0.11175752995943862,0
06059042333,3896,3082,4072.6990775020254,-990.6990775020254,-0.24325368966608427,0
06059052404,2450,2628,2561.1172330287377,66.8827669712623,0.02611468389995087,1
06059052415,2794,2400,2920.7189996254256,-520.7189996254256,-0.17828452504065143,0
06059052418,2118,2111,2214.059714104027,-103.05971410402708,-0.046547847579500666,0
06059052419,3148,2617,3290.7743059487616,-673.7743059487616,-0.20474643451870092,0
06059052421,2045,2160,2137.7488740994972,22.251125900502757,0.010408671556370621,1
06059042319,2385,3143,2493.1692248055265,649.8307751944735,0.2606444715942465,1
06059042324,2203,2210,2302.914801780534,-92.91480178053416,-0.04034660844104856,0
06059042326,2400,2160,2508.8495343954983,-348.84953439549827,-0.13904761111134262,0
06059042329,2506,2385,2619.657055497966,-234.6570554979662,-0.08957548661015884,0
06059042330,1980,2027,2069.800865876286,-42.800865876286025,-0.02067873609578646,0
06059042335,1944,2172,2032.1681228603536,139.8318771396464,0.06880920705656367,1
06059042336,2735,2504,2859.0431152382034,-355.0431152382034,-0.12418249775454077,0
06059042337,3324,2404,3474.7566051377653,-1070.7566051377653,-0.30815298071656233,0
06059052423,1715,1891,1792.7820631201164,98.21793687988361,0.05478520724875358,1
06059052519,1935,2000,2022.7599371063704,-22.759937106370444,-0.011251922034272312,0
06059099232,1928,1752,2015.4424592977168,-263.4424592977168,-0.13071197249139707,0
06059099237,2303,2158,2407.4501990470135,-249.45019904701348,-0.10361593321671123,0
06059099239,2951,2428,3084.839573333798,-656.839573333798,-0.212925034744659,0
06059099247,1291,1349,1349.551978710245,-0.5519787102450664,-0.00040900885549631635,0
06059021830,2987,2338,3122.4723163497306,-784.4723163497306,-0.251234354342268,0
06059011504,1309,1383,1368.3683502182114,14.63164978178861,0.010692771269852394,1
06059011709,2101,2157,2196.2886965687258,-39.288696568725754,-0.017888675851269784,0
06059011714,1639,1873,1713.3351611975922,159.66483880240776,0.09318949521283666,1
06059021810,2273,2021,2376.0895798670695,-355.08957986706946,-0.14944284208633876,0
06059021817,2062,1977,2155.519891634799,-178.51989163479902,-0.08281987669313744,0
06059021921,3335,3191,3486.2554988370775,-295.25549883707754,-0.08469129670374617,0
06059032002,2250,2156,2352.0464384957795,-196.0464384957795,-0.08335143187953314,0
06059032014,1381,1233,1443.6338362500762,-210.63383625007623,-0.14590530573681343,0
06059032037,1140,1308,1191.7035288378615,116.29647116213846,0.09758842560074461,1
06059032044,3792,3464,3963.982264344887,-499.98226434488697,-0.1261313071055118,0
06059062800,1631,1905,1704.972329416274,200.02767058372592,0.11732018586613001,1
06059063101,1515,1624,1583.7112685871582,40.2887314128418,0.02543944228469354,1
06059063301,1617,1676,1690.337373798967,-14.337373798967064,-0.008481959886353562,0
06059063302,2193,1915,2292.4612620538865,-377.46126205388646,-0.1646532782480727,0
06059063500,2145,2243,2242.2842713659766,0.715728634023435,0.00031919620681610563,1
06059063808,1490,1540,1557.5774192705385,-17.577419270538485,-0.011285101499975862,0
06059074102,1817,1740,1899.408168331925,-159.40816833192503,-0.08392517784732836,0
06059074103,1782,1819,1862.8207792886574,-43.82077928865738,-0.023523883658518624,0
06059074106,1461,1481,1527.2621540632597,-46.262154063259686,-0.0302909058148137,0
06059074300,1666,1403,1741.5597184595417,-338.5597184595417,-0.1944002923764264,0
06059074602,1267,1359,1324.4634833662901,34.53651663370988,0.026075854160909736,1
06059074701,1461,1611,1527.2621540632597,83.73784593674031,0.05482873108192784,1
06059087801,1433,1526,1497.9922428286454,28.00775717135457,0.01869686395602942,1
06059087105,1335,1306,1395.547553507496,-89.5475535074961,-0.06416660849888775,0
06059087200,1346,1342,1407.0464472068086,-65.04644720680858,-0.04622906893794104,0
06059087403,1185,1259,1238.7444576077771,20.25554239222288,0.01635167145880896,1
06059088001,1471,1740,1537.7156937899076,202.28430621009238,0.13154857365833045,1
06059088106,1374,1155,1436.3163584414228,-281.31635844142284,-0.19585960766100663,0
06059088402,1277,1278,1334.917023092938,-56.91702309293805,-0.04263712433681014,0
06059088902,1388,1553,1450.9513140587298,102.04868594127015,0.07033226060205322,1
06059088904,1230,1446,1285.7853863776927,160.2146136223073,0.12460447545889676,1
06059099233,2034,2035,2126.249980400185,-91.249980400185,-0.04291592298240054,0
06059099305,1463,1652,1529.352862008589,122.647137991411,0.08019544804743839,1
06059110006,1492,2370,1559.668127215868,810.331872784132,0.519554037582751,1
06059110014,1491,1601,1558.6227732432035,42.37722675679652,0.027188892324867937,1
06059110104,1672,1593,1747.8318422955306,-154.83184229553058,-0.08858509070997402,0
06059110304,1737,1992,1815.7798505187418,176.2201494812582,0.0970492923087095,1
06059110607,1832,1696,1915.088477921897,-219.08847792189704,-0.11440123025523843,0
06059099405,1527,1718,1596.255516259136,121.7444837408641,0.07626879437583733,1
06059099406,1428,1476,1492.7654729653214,-16.76547296532135,-0.011231150015827591,0
06059099412,1664,1677,1739.469010514212,-62.46901051421196,-0.035912689525722116,0
06059099502,1640,1634,1714.380515170257,-80.38051517025701,-0.04688604102705538,0
06059099509,453,445,473.5453496171503,-28.545349617150293,-0.06028007590028812,0
06059099514,3085,2282,3224.91700567088,-942.9170056708799,-0.2923848905298339,0
06059099601,1368,1385,1430.044234605434,-45.044234605433985,-0.031498490407090254,0
06059099603,1787,1808,1868.0475491519815,-60.04754915198146,-0.032144550699065785,0
06059099703,1645,1691,1719.607285033581,-28.607285033581093,-0.01663594082355986,0
06059099904,1360,1337,1421.6814028241158,-84.68140282411582,-0.059564261483550006,0
06059110007,2680,2250,2801.54864674164,-551.5486467416399,-0.19687277155908833,0
06059110108,1591,1500,1663.1581705096823,-163.15817050968235,-0.09810141536909973,0
06059052515,2263,2341,2365.6360401404218,-24.636040140421755,-0.010414129528969885,0
06059052517,2154,2287,2251.6924571199597,35.30754288004027,0.015680446398617237,1
06059052518,1981,2139,2070.846219848951,68.15378015104898,0.03291107736431543,1
06059062644,2389,2783,2497.3506406961856,285.64935930381444,0.11438095822386561,1
06059063008,2381,2646,2488.9878089148674,157.0121910851326,0.06308274814475116,1
06059075202,1425,1415,1489.6294110473273,-74.62941104732727,-0.050099313623820634,0
06059075301,1389,1577,1451.9966680313946,125.00333196860538,0.08609064657020453,1
06059032032,2443,2138,2553.7997552200845,-415.79975522008453,-0.16281611522993164,0
06059032035,2406,2398,2515.1216582314873,-117.12165823148734,-0.046566995217973535,0
06059032038,3110,2897,3251.0508549875,-354.05085498749986,-0.10890351175046789,0
06059032050,2417,2324,2526.6205519307996,-202.6205519307996,-0.08019429422275556,0
06059042111,2804,2637,2931.1725393520737,-294.1725393520737,-0.1003600215963744,0
06059001303,1522,1465,1591.0287463958116,-126.0287463958116,-0.07921211146015242,0
06059001403,1840,2122,1923.4513097032152,198.5486902967848,0.10322522295998253,1
06059001505,1767,1732,1847.1404696986856,-115.14046969868559,-0.0623344415801078,0
06059001704,2896,2887,3027.3451048372344,-140.34510483723443,-0.04635913646349219,0
06059001705,1628,1598,1701.8362674982795,-103.83626749827954,-0.061014252358671466,0
06059001706,2400,1836,2508.8495343954983,-672.8495343954983,-0.26819046944464126,0
06059011601,1275,1362,1332.8263151476083,29.173684852391716,0.021888587073073194,1
06059074803,1411,1261,1474.9944554300198,-213.9944554300198,-0.14508153209812025,0
06059074902,1142,1241,1193.7942367831913,47.20576321680869,0.0395426295104337,1
06059075505,1546,1600,1616.1172417397668,-16.11724173976677,-0.009972817146865157,0
06059075512,1365,1528,1426.9081726874397,101.09182731256033,0.07084676452736544,1
06059075703,2696,2711,2818.2743103042762,-107.27431030427624,-0.038063828603218657,0
06059075805,1527,1675,1596.255516259136,78.7444837408641,0.04933075121043511,1
06059032051,1742,1663,1821.0066203820659,-158.00662038206588,-0.08676883357453938,0
06059032057,3382,2858,3535.387135552323,-677.3871355523229,-0.19160196877462946,0
06059032058,3454,3557,3610.652621584188,-53.65262158418818,-0.014859535714806006,0
06059032059,3318,3156,3468.484481301776,-312.4844813017762,-0.09009251244638579,0
06059110201,1453,1431,1518.8993222819413,-87.8993222819413,-0.05787040720374042,0
06059110302,1466,1676,1532.4889239265835,143.51107607341646,0.09364575093026356,1
06059086502,1251,1261,1307.7378198036533,-46.73781980365334,-0.03573944187885509,0
06059086602,1409,1567,1472.9037474846905,94.09625251530952,0.06388486191035884,1
06059110115,1562,1632,1632.8429053024036,-0.8429053024035511,-0.0005162194719812587,0
06059110116,1775,1403,1855.5033014800038,-452.50330148000376,-0.24387092230936688,0
06059110203,1864,1722,1948.5398050471704,-226.53980504717038,-0.11626131755706488,0
06059110606,1305,1359,1364.186934327552,-5.1869343275520805,-0.0038022166882201325,0
06059001802,1323,1356,1383.0033058355184,-27.003305835518404,-0.019525120237659017,0
06059011000,1384,1393,1446.7698981680708,-53.76989816807077,-0.037165480313182696,0
06059011200,1382,1315,1444.679190222741,-129.679190222741,-0.08976331292122165,0
06059011502,1311,1276,1370.459058163541,-94.45905816354093,-0.06892512227991626,0
06059011602,1152,1187,1204.2477765098392,-17.24777650983924,-0.014322448292017518,0
06059011712,1436,1527,1501.12830474664,25.87169525336003,0.017234832739848077,1
06059042320,1770,1901,1850.27653161668,50.723468383320096,0.02741399326888746,1
06059042325,2118,2369,2214.059714104027,154.94028589597292,0.06998017483854235,1
06059052408,2396,2202,2504.668118504839,-302.6681185048392,-0.1208416062266632,0
06059001202,1400,1441,1463.4955617307073,-22.495561730707323,-0.01537111715194026,0
06059001504,1641,1584,1715.425869142922,-131.425869142922,-0.07661413501277459,0
06059011102,1492,1397,1559.668127215868,-162.66812721586803,-0.10429662847970331,0
06059063007,2802,2493,2929.0818314067446,-436.08183140674464,-0.14888004381813683,0
06059074405,1057,1068,1104.939149106684,-36.939149106684,-0.0334309352117249,0
06059074406,1222,1320,1277.4225545963745,42.57744540362546,0.033330744983658595,1
06059042317,2684,2085,2805.730062632299,-720.730062632299,-0.2568779057655032,0
06059076000,1611,1522,1684.0652499629782,-162.0652499629782,-0.09623454314881266,0
06059076204,1181,1307,1234.563041717118,72.43695828288196,0.05867416716292713,1
06059075605,2615,2281,2733.6006385184287,-452.6006385184287,-0.16556940766729247,0
06059075813,2500,2242,2613.384931661977,-371.38493166197713,-0.14210877516072445,0
06059075815,1695,1804,1771.8749836668205,32.125016333179474,0.018130520848992464,1
06059075902,1450,1520,1515.763260363947,4.2367396360530165,0.0027951196251027625,1
06059076102,1545,1484,1615.071887767102,-131.071887767102,-0.081155451196859,0
06059074702,1255,1411,1311.9192356943126,99.08076430568735,0.075523524322174,1
06059075405,1467,1556,1533.5342778992483,22.46572210075169,0.014649638044952567,1
06059075604,3058,2716,3196.6924484089304,-480.69244840893043,-0.15037181592122897,0
06059075607,2139,2022,2236.012147529988,-214.01214752998794,-0.0957115316955664,0
06059075701,1603,1664,1675.7024181816598,-11.702418181659823,-0.006983589720159481,0
06059075811,1698,1865,1775.011045584815,89.98895441518493,0.0506976870025821,1
06059075901,1374,1467,1436.3163584414228,30.683641558577165,0.02136273208770847,1
06059076202,1820,1848,1902.5442302499193,-54.54423024991934,-0.028669099715360823,0
06059086404,1548,1691,1618.2079496850963,72.79205031490369,0.04498312490002848,1
06059086405,1420,1405,1484.4026411840032,-79.40264118400319,-0.05349130955511458,0
06059086601,1235,1306,1291.0121562410168,14.987843758983217,0.011609374618611387,1
06059087704,1598,1538,1670.4756483183357,-132.47564831833574,-0.07930414816384704,0
06059087806,1271,1254,1328.6448992569492,-74.6448992569492,-0.05618122592326566,0
06059088107,1484,1468,1551.3052954345499,-83.30529543454986,-0.05370012961324578,0
06059011718,2228,2050,2329.048651097154,-279.0486510971541,-0.11981228943659102,0
06059021905,2258,2417,2360.4092702770977,56.590729722902324,0.02397496503488097,1
06059032012,2303,2263,2407.4501990470135,-144.45019904701348,-0.06000132385051784,0
06059032020,2109,2333,2204.6515283500444,128.34847164995563,0.05821712411213181,1
06059032022,1489,1881,1556.5320652978737,324.4679347021263,0.20845567009892135,1
06059032027,1890,1811,1975.7190083364549,-164.71900833645486,-0.08337167767351057,0
06059001301,1479,1377,1546.0785255712258,-169.07852557122578,-0.10935959770138891,0
06059001304,1219,1259,1274.28649267838,-15.28649267838,-0.011996119213545013,0
06059011715,1920,1846,2007.0796275163987,-161.07962751639866,-0.08025572344417739,0
06059062619,2265,2339,2367.7267480857513,-28.726748085751296,-0.01213262810371854,0
06059062621,1895,2029,1980.945778199779,48.05422180022106,0.02425822166818277,1
06059062622,1159,1101,1211.5652543184926,-110.56525431849263,-0.09125819176837137,0
06059062634,2485,2527,2597.7046220720053,-70.70462207200535,-0.027218114589028706,0
06059062637,1958,1972,2046.8030784776606,-74.80307847766062,-0.03654629957528523,0
06059062638,2076,2139,2170.154847252106,-31.15484725210581,-0.014356048044937767,0
06059062639,2459,2395,2570.525418782721,-175.52541878272086,-0.06828386815402175,0
06059062630,3059,2688,3197.737802381596,-509.7378023815959,-0.15940575303014393,0
06059052520,2121,2195,2217.1957760220216,-22.19577602202162,-0.010010742516316775,0
06059052527,2023,2249,2114.7510867008723,134.2489132991277,0.06348213467929381,1
06059052528,1896,2081,1981.9911321724435,99.00886782755651,0.049954243598978036,1
06059062642,3774,2495,3945.165892836921,-1450.165892836921,-0.3675804597900253,0
06059063006,1640,2021,1714.380515170257,306.619484829743,0.17885147557179992,1
06059063202,1591,1598,1663.1581705096823,-65.15817050968235,-0.03917737450654758,0
06059063604,1186,1336,1239.7898115804421,96.21018841955788,0.07760201569725145,1
06059063904,1581,1807,1652.7046307830344,154.29536921696558,0.09335931317858172,1
06059074006,1527,1429,1596.255516259136,-167.2555162591359,-0.10477991434047058,0
06059021809,2236,2248,2337.4114828784727,-89.41148287847273,-0.03825235031718265,0
06059021812,1823,2050,1905.6802921679139,144.31970783208612,0.0757313324932941,1
06059021820,2579,2463,2695.9678955024956,-232.9678955024956,-0.08641345317618228,0
06059021822,3323,3322,3473.7112511651003,-151.7112511651003,-0.04367411111508349,0
06059021828,3280,3166,3428.761030340514,-262.761030340514,-0.07663439592767972,0
06059021919,2309,2380,2413.7223228830026,-33.72232288300256,-0.013971086302389532,0
06059021922,2073,2024,2167.0187853341117,-143.01878533411173,-0.0659979444119406,0
06059021923,2654,2478,2774.369443452355,-296.369443452355,-0.10682407281834835,0
06059032023,3693,3367,3860.492221051073,-493.4922210510731,-0.12783142480124282,0
06059032055,1721,1757,1799.0541869561052,-42.05418695610524,-0.02337572000944478,0
06059099215,1797,1856,1878.5010888786294,-22.50108887862939,-0.011978214445465882,0
06059099226,1990,1960,2080.2544056029337,-120.25440560293373,-0.057807547614869545,0
06059099231,2157,2134,2254.828519037954,-120.82851903795381,-0.053586566791121906,0
06059099241,1456,1453,1522.0353841999356,-69.0353841999356,-0.04535727941451529,0
06059075603,1946,2057,2034.2588308056834,22.741169194316626,0.01117909326479847,1
06059075816,1690,1588,1766.6482138034967,-178.64821380349667,-0.10112268668297968,0
06059086402,1476,1402,1542.9424636532315,-140.94246365323147,-0.0913465453011912,0
06059087405,1210,1299,1264.878306924397,34.121693075602934,0.02697626553385299,1
06059087503,1388,1669,1450.9513140587298,218.04868594127015,0.1502798087217172,1
06059087805,1376,1380,1438.4070663867521,-58.40706638675215,-0.04060538059887974,0
06059087902,1393,1361,1456.1780839220537,-95.1780839220537,-0.06536156873457545,0
06059088101,1783,1598,1863.8661332613224,-265.8661332613224,-0.14264228987095756,0
06059088105,1587,1684,1658.9767546190233,25.023245380976732,0.015083541894909317,1
06059089107,1999,1863,2089.6625913569173,-226.66259135691735,-0.10846851175611778,0
06059099204,1349,1371,1410.1825091248031,-39.18250912480312,-0.027785417044436916,0
06059099214,1651,1561,1725.87940886957,-164.87940886956994,-0.09553356278673257,0
06059086306,1635,1808,1709.1537453069332,98.84625469306684,0.05783344825735138,1
06059086407,1436,1623,1501.12830474664,121.87169525336003,0.08118672792192104,1
06059086501,1480,1677,1547.1238795438906,129.87612045610945,0.08394681393864749,1
06059087001,1365,1392,1426.9081726874397,-34.908172687439674,-0.024464204043133063,0
06059087102,1448,1518,1513.6725524186172,4.327447581382785,0.0028589060259223077,1
06059087106,1205,1078,1259.651537061073,-181.651537061073,-0.1442077683522612,0
06059087300,1288,1396,1346.4159167922508,49.584083207749245,0.03682672091836238,1
06059087703,1649,1673,1723.7887009242402,-50.788700924240175,-0.02946341445271622,0
06059075403,1582,1415,1653.7499847556994,-238.74998475569942,-0.1443688507673479,0
06059042107,1522,1525,1591.0287463958116,-66.0287463958116,-0.04150066210015865,0
06059001101,1571,1454,1642.2510910563867,-188.2510910563867,-0.11462990774163115,0
06059001601,1938,2204,2025.8959990243648,178.10400097563524,0.0879136940205257,1
06059032061,3436,3498,3591.836250076222,-93.83625007622186,-0.02612486860285754,0
06059062648,1310,1163,1369.413704190876,-206.41370419087593,-0.1507314433608917,0
06059062649,1389,1475,1451.9966680313946,23.00333196860538,0.01584255148449694,1
06059087505,1211,1346,1265.9236608970618,80.07633910293816,0.0632552669457132,1
06059086701,1555,1656,1625.52542749375,30.47457250625007,0.018747521257318038,1
06059086803,1481,1419,1548.1692335165556,-129.16923351655555,-0.08343353602445444,0
06059086901,1212,1303,1266.9690148697266,36.03098513027339,0.028438726367730628,1
06059087101,1248,1347,1304.6017578856593,42.398242114340746,0.032498992016578826,1
06059088201,1784,1473,1864.9114872339871,-391.91148723398715,-0.2101501813446735,0
06059099513,2553,1985,2668.7886922132116,-683.7886922132116,-0.2562168725490775,0
06059110010,2076,2020,2170.154847252106,-150.1548472521058,-0.06919084481102117,0
06059110603,1346,1340,1407.0464472068086,-67.04644720680858,-0.04765048612283234,0
06059110604,2094,2087,2188.971218760072,-101.97121876007213,-0.04658408383177968,0
06059021815,2972,2484,3106.792006759759,-622.7920067597588,-0.20046144235104502,0
06059021821,1804,1883,1885.818566687283,-2.8185666872830097,-0.0014946118025734765,0
06059021826,2140,1884,2237.057501502653,-353.05750150265294,-0.15782227379738822,0
06059021829,3539,3100,3699.5077092606953,-599.5077092606953,-0.16205067170423604,0
06059021917,2752,2934,2876.8141327735043,57.1858672264957,0.019878193232930014,1
06059021924,2540,2377,2655.199090568569,-278.19909056856886,-0.10477522817657976,0
06059032011,1748,1708,1827.2787442180547,-119.27874421805473,-0.06527670974966522,0
06059032013,1848,2098,1931.8141414845336,166.1858585154664,0.08602580079870324,1
06059032015,2289,2240,2392.8152434297067,-152.8152434297067,-0.06386420508199003,0
06059032042,2962,2957,3096.338467033111,-139.3384670331111,-0.045001045110751155,0
06059032047,1711,1807,1788.6006472294573,18.39935277054269,0.010287010014808667,1
06059042201,1589,1687,1661.0674625643528,25.93253743564719,0.015611971229400032,1
06059042310,1707,1623,1784.4192313387982,-161.41923133879823,-0.09046037416761644,0
06059042311,2282,2248,2385.497765621053,-137.49776562105308,-0.057639025113593506,0
06059042315,2283,1965,2386.5431195937176,-421.5431195937176,-0.17663335564013635,0
06059076205,1792,1937,1873.2743190153053,63.72568098469469,0.0340183390856457,1
06059086802,1455,1464,1520.9900302272708,-56.990030227270836,-0.03746903601909555,0
06059088203,1242,1245,1298.3296340496704,-53.3296340496704,-0.041075573298999475,0
06059088302,1623,1704,1696.609497634956,7.390502365044085,0.004356042080010937,1
06059032045,2881,2852,3011.6647952472626,-159.66479524726265,-0.053015460252824685,0
06059032046,4001,3568,4182.461244631829,-614.4612446318288,-0.14691379278660074,0
06059032048,1969,1845,2058.3019721769733,-213.30197217697332,-0.10363006743435874,0
06059032053,2498,2291,2611.294223716648,-320.29422371664805,-0.12265727117520069,0
06059042108,1549,1509,1619.253303657761,-110.25330365776108,-0.06808897867227312,0
06059042305,2842,2849,2970.8959903133355,-121.89599031333546,-0.04103004302768583,0
06059042332,2805,2736,2932.2178933247387,-196.21789332473872,-0.06691791008145516,0
06059052411,1976,2371,2065.619449985627,305.38055001437306,0.1478396952625993,1
06059052422,2325,2187,2430.447986445639,-243.4479864456389,-0.1001658903228226,0
06059052424,1930,1795,2017.5331672430466,-222.5331672430466,-0.11029963266831322,0
06059063103,1839,1926,1922.4059557305507,3.5940442694493413,0.0018695553136088452,1
06059063701,1305,1437,1364.186934327552,72.81306567244792,0.05337469802724626,1
06059063903,1710,1610,1787.5552932567925,-177.55529325679254,-0.09932856003200886,0
06059063905,1692,1690,1768.7389217488262,-78.73892174882621,-0.044516983699874564,0
06059074004,1749,1631,1828.3240981907195,-197.3240981907195,-0.10792621416847718,0
06059074502,1454,1380,1519.944676254606,-139.94467625460607,-0.09207221712796336,0
06059075002,986,1000,1030.719017047484,-30.71901704748393,-0.029803483334846382,0
06059075201,1571,1341,1642.2510910563867,-301.2510910563867,-0.18343789978096794,0
06059075302,1542,1728,1611.9358258491075,116.06417415089254,0.07200297449171357,1
06059076103,1320,1277,1379.8672439175239,-102.86724391752387,-0.07454865268449865,0
06059063803,1962,1808,2050.9844943683197,-242.9844943683197,-0.11847212645220714,0
06059099249,1370,1399,1432.1349425507638,-33.13494255076375,-0.023136746102813036,0
06059062611,1790,1884,1871.1836110699758,12.816388930024232,0.00684934864446338,1
06059062627,1785,1956,1865.9568412066517,90.04315879334831,0.04825575640598441,1
06059052511,2267,2113,2369.8174560310813,-256.8174560310813,-0.10837014276246981,0
06059042338,2233,2159,2334.275420960478,-175.2754209604782,-0.07508772074906142,0
06059052427,2568,2417,2684.4690018031833,-267.46900180318335,-0.09963571999658848,0
06059052521,1803,1804,1884.773212714618,-80.77321271461801,-0.0428556667559389,0
06059052523,2222,2102,2322.7765272611655,-220.77652726116548,-0.09504854413243435,0
06059052525,1903,2003,1989.308609981097,13.691390018902894,0.006882486684171639,1
06059062604,2486,2539,2598.7499760446703,-59.74997604467035,-0.022991813985741925,0
06059062629,2937,2500,3070.204617716491,-570.2046177164912,-0.18572202465794904,0
06059062640,2150,2119,2247.5110412293006,-128.51104122930064,-0.05717927025578043,0
06059042327,2203,2245,2302.914801780534,-57.91480178053416,-0.02514847780549955,0
06059001401,1311,1327,1370.459058163541,-43.45905816354093,-0.03171131447135492,0
06059001506,1679,1845,1755.149320104184,89.85067989581603,0.05119261299687173,1
06059001708,2252,1768,2354.137146441109,-586.137146441109,-0.24898173300022383,0
06059001903,1567,1573,1638.0696751657274,-65.0696751657274,-0.0397233867107296,0
06059011300,1605,1961,1677.7931261269894,283.20687387301064,0.16879725483603822,1
06059011503,2072,2157,2165.9734313614467,-8.973431361446728,-0.004142909248801994,0
06059011716,2444,2508,2554.845109192749,-46.84510919274908,-0.018335792265524332,0
06059011717,2026,2067,2117.8871486188664,-50.88714861886638,-0.024027318288442005,0
06059011720,1317,1359,1376.7311819995296,-17.731181999529554,-0.012879189656892375,0
06059011721,1433,1473,1497.9922428286454,-24.99224282864543,-0.016683826600765835,0
06059021802,2007,1447,2098.0254231382355,-651.0254231382355,-0.31030387714007246,0
06059021816,2133,2035,2229.740023693999,-194.74002369399886,-0.08733754681022143,0
06059021827,3018,2465,3154.878289502339,-689.8782895023392,-0.21867033406577557,0
06059021913,1946,1896,2034.2588308056834,-138.25883080568337,-0.06796521106949056,0
06059021915,2553,2455,2668.7886922132116,-213.78869221321156,-0.0801070136564157,0
06059032030,2173,2094,2271.5541826005906,-177.5541826005906,-0.07816418554336113,0
06059032036,2179,2143,2277.8263064365797,-134.82630643657967,-0.059190775897000364,0
06059032039,2422,2298,2531.8473217941237,-233.84732179412367,-0.09236233155971436,0
06059032040,2673,2667,2794.2311689329863,-127.2311689329863,-0.04553351574757903,0
06059075303,2073,1287,2167.0187853341117,-880.0187853341117,-0.4060965190010709,0
06059074806,1290,1306,1348.5066247375803,-42.506624737580296,-0.03152125763256973,0
06059075003,1095,1100,1144.662600067946,-44.66260006794596,-0.03901813518262485,0
06059075401,1945,1853,2033.2134768330184,-180.21347683301838,-0.0886348034214898,0
06059075404,1318,1579,1377.7765359721946,201.22346402780545,0.14604942004315452,1
06059075514,1194,1294,1248.1526433617603,45.84735663823972,0.036732171246903714,1
06059075606,3364,3149,3516.570764044357,-367.570764044357,-0.10452534264421263,0
06059086301,1701,1399,1778.1471075028094,-379.1471075028094,-0.21322595071184813,0
06059086303,1551,1666,1621.3440116030908,44.65598839690915,0.02754257460312565,1
06059086406,1377,1466,1439.4524203594171,26.547579640582853,0.018442832333391182,1
06059087103,1719,1627,1796.9634790107755,-169.96347901077547,-0.09458371357905393,0
06059087601,1328,1362,1388.2300756988425,-26.230075698842484,-0.01889461707969273,0
06059087802,1405,1310,1468.7223315940314,-158.7223315940314,-0.10806830411693076,0
06059088502,1418,1619,1482.3119332386736,136.68806676132635,0.0922127547490489,1
06059088702,1439,1413,1504.2643666646343,-91.26436666463428,-0.06067043046894234,0
06059089102,1661,1513,1736.3329485962179,-223.33294859621788,-0.12862334310753995,0
06059089104,965,1053,1008.7665836215233,44.233416378476704,0.043849010362413565,1
06059089106,1249,1292,1305.647111858324,-13.647111858324024,-0.01045237394880775,0
06059099202,1356,1372,1417.4999869334565,-45.49998693345651,-0.03209875650996565,0
06059099212,1672,1576,1747.8318422955306,-171.83184229553058,-0.09831142684175709,0
06059099223,1366,1350,1427.9535266601044,-77.95352666010444,-0.05459108101538357,0
06059099227,1567,1759,1638.0696751657274,120.9303248342726,0.07382489686956557,1
06059099230,2150,1960,2247.5110412293006,-287.51104122930064,-0.12792419523422824,0
06059099244,1537,1664,1606.7090559857838,57.290944014216166,0.03565732314807036,1
06059099416,1527,1606,1596.255516259136,9.744483740864098,0.006104588921766445,1
06059099506,1923,2333,2010.215689434393,322.78431056560703,0.1605719785504349,1
06059088701,1230,1346,1285.7853863776927,60.2146136223073,0.04683099859451939,1
06059052428,2462,2240,2573.6614807007154,-333.6614807007154,-0.1296446650823213,0
06059052514,1834,1807,1917.1791858672266,-110.17918586722658,-0.05746942522609725,0
06059099306,1643,1695,1717.5165770882513,-22.516577088251324,-0.013109962016450658,0
06059099402,1383,1380,1445.7245441954058,-65.72454419540577,-0.04546131865803225,0
06059099407,1648,1622,1722.7433469515756,-100.74334695157563,-0.058478442032495866,0
06059099602,1769,1937,1849.2311776440154,87.76882235598464,0.047462331057929255,1
06059099701,1434,1521,1499.0375968013102,21.9624031986898,0.014651002246744052,1
06059099803,1129,1011,1180.2046351385488,-169.20463513854884,-0.143368895614179,0
06059099906,2055,2130,2148.2024138261454,-18.202413826145403,-0.008473323421010981,0
06059110004,1871,2044,1955.8572828558238,88.14271714417623,0.04506602701372751,1
06059110008,1968,2059,2057.256618204309,1.7433817956912208,0.0008474303984560488,1
06059110011,1889,1771,1974.67365436379,-203.6736543637901,-0.10314294410810411,0
06059110117,1489,1854,1556.5320652978737,297.4679347021263,0.1911094164611378,1
06059110118,3133,3163,3275.09399635879,-112.09399635878981,-0.03422619212865786,0
06059110202,1372,1412,1434.225650496093,-22.225650496093067,-0.01549662041562658,0
06059110301,1514,1610,1582.6659146144934,27.33408538550657,0.017270913041786597,1
06059110303,1750,1778,1829.369452163384,-51.36945216338404,-0.028080414321248953,0
06059110401,1895,2020,1980.945778199779,39.05422180022106,0.019714937294100145,1
06059001402,1590,1481,1662.1128165370176,-181.11281653701758,-0.10896541722983817,0
06059001404,1356,1407,1417.4999869334565,-10.499986933456512,-0.007407398257668856,0
06059001602,2068,2082,2161.7920154707876,-79.79201547078765,-0.036910125904693385,0
06059001801,1284,1356,1342.2345009015917,13.765499098408327,0.010255658820542841,1
06059001902,1728,1729,1806.3716647647589,-77.37166476475886,-0.042832638639089184,0
06059011401,1326,1446,1386.1393677535127,59.860632246487285,0.043185146918886065,1
06059021823,2663,2595,2783.7776292063386,-188.7776292063386,-0.06781347303956872,0
06059021824,2903,2677,3034.662582645888,-357.66258264588805,-0.11785909401962115,0
06059021914,2245,2186,2346.8196686324554,-160.81966863245543,-0.06852664087572126,0
06059032028,1766,1647,1846.0951157260208,-199.09511572602082,-0.10784661853553626,0
06059032033,1755,1963,1834.5962220267081,128.40377797329188,0.06999021170524496,1
06059032043,3631,3524,3795.680274745856,-271.68027474585597,-0.07157617477779965,0
06059042103,1928,1813,2015.4424592977168,-202.44245929771682,-0.1004456655975473,0
06059042113,2090,1950,2184.789802869413,-234.78980286941305,-0.10746562555402345,0
06059076206,1646,1511,1720.6526390062459,-209.65263900624586,-0.1218448362287287,0
06059011707,1603,1631,1675.7024181816598,-44.70241818165982,-0.02667682381825728,0
06059011722,1136,1173,1187.5221129472025,-14.522112947202459,-0.012228920025043876,0
06059021916,2794,2443,2920.7189996254256,-477.71899962542557,-0.1635621227809631,0
06059032041,2768,2435,2893.5397963361415,-458.53979633614153,-0.15847018828521173,0
06059042313,1712,1723,1789.646001202122,-66.64600120212208,-0.037239767617369766,0
06059011711,1271,1304,1328.6448992569492,-24.644899256949202,-0.018548898408244353,0
06059021918,2099,2007,2194.197988623396,-187.1979886233962,-0.08531499417736736,0
06059032031,2417,2446,2526.6205519307996,-80.62055193079959,-0.03190845252532707,0
06059063102,1982,1951,2071.8915738216156,-120.89157382161557,-0.05834840748863628,0
06059052505,1632,1659,1706.0176833889388,-47.01768338893885,-0.027559903890058173,0
06059062605,1847,1851,1930.7687875118688,-79.76878751186882,-0.04131452094513335,0
06059063601,1954,2126,2042.6216625870015,83.37833741299846,0.04081927600209573,1
06059074111,1708,1676,1785.464585311463,-109.464585311463,-0.0613087407120806,0
06059021807,2020,1605,2111.6150247828778,-506.61502478287775,-0.23991827053559128,0
06059021825,2829,2700,2957.306388668693,-257.3063886686932,-0.08700701072252653,0
06059032034,3119,2994,3260.459040741483,-266.459040741483,-0.08172439445240992,0
06059086903,1430,1395,1494.8561809106511,-99.85618091065112,-0.06679985819760918,0
06059088002,1631,1474,1704.972329416274,-230.97232941627408,-0.13546984043744062,0
06059088202,1879,1776,1964.2201146371422,-188.22011463714216,-0.09582434943749304,0
06059089001,1328,1299,1388.2300756988425,-89.23007569884248,-0.06427614360243822,0
06059075702,1764,2306,1844.0044077806913,461.9955922193087,0.25053931013935743,1
06059086801,1912,1556,1998.7167957350803,-442.71679573508027,-0.2215005130690662,0
06059087602,1618,1381,1691.3827277716316,-310.3827277716316,-0.18350827561101776,0
06059088601,1401,1325,1464.5409157033723,-139.54091570337232,-0.09527962940957185,0
06059099238,1684,2196,1760.3760899675078,435.6239100324922,0.24746070599069128,1
06059099310,1882,2015,1967.3561765551365,47.64382344486353,0.02421718243632346,1
06059110106,1868,1819,1952.7212209378295,-133.72122093782946,-0.06847942220528921,0
06059062628,2293,2503,2396.9966593203653,106.00334067963468,0.04422339942254672,1
06059042112,3086,2881,3225.962359643545,-344.9623596435449,-0.10693316325044219,0
06059042205,2525,2179,2639.518780978597,-460.5187809785971,-0.1744707347025811,0
06059042307,2020,1852,2111.6150247828778,-259.61502478287775,-0.12294619129714333,0
06059042323,1840,2020,1923.4513097032152,96.5486902967848,0.050195546832782614,1
06059042328,3331,3891,3482.074082946419,408.9259170535811,0.11743745460681329,1
06059042339,2393,2213,2501.532056586845,-288.5320565868451,-0.11534213836161096,0
06059062633,3290,2919,3439.214570067162,-520.2145700671622,-0.15125970173387676,0
06059062636,2080,2121,2174.336263142765,-53.33626314276489,-0.02452990553801148,0
06059062641,1949,1986,2037.3948927236775,-51.39489272367746,-0.025225788533793047,0
06111002300,1044,1344,1091.3495474620418,252.65045253795824,0.23150277848696837,1
06111003605,1820,1850,1902.5442302499193,-52.54423024991934,-0.027617875797303855,0
06111004101,1511,1362,1579.5298526964991,-217.52985269649912,-0.13771810157632816,0
06111004704,839,981,877.0519830657596,103.9480169342404,0.1185197900937265,1
06111000600,998,1098,1043.2632647194614,54.736735280538596,0.052466848140442834,1
06111001001,1431,1501,1495.9015348833157,5.098465116684338,0.003408289247515233,1
06111001002,1356,1333,1417.4999869334565,-84.49998693345651,-0.05961198427681065,0
06111001301,2014,1753,2105.3429009468887,-352.3429009468887,-0.1673565388272004,0
06111002200,1437,1425,1502.1736587193045,-77.17365871930451,-0.05137465849660804,0
06111002500,1450,1651,1515.763260363947,135.23673963605302,0.08922022532963464,1
06111002901,2798,2407,2924.900415516085,-517.9004155160851,-0.17706599950162882,0
06111005700,1859,1673,1943.3130351838465,-270.3130351838465,-0.13909906962481403,0
06111006301,2339,2072,2445.082942062946,-373.08294206294613,-0.15258498419205835,0
06111007000,1683,1744,1759.3307359948433,-15.33073599484328,-0.0087139590533978,0
06111007904,2007,2017,2098.0254231382355,-81.02542313823551,-0.03861984809366005,0
06111008304,1889,1988,1974.67365436379,13.326345636209908,0.006748631910270487,1
06111001506,1773,1675,1853.4125935346744,-178.41259353467444,-0.09626167112333081,0
06111008900,1746,1452,1825.188036272725,-373.18803627272496,-0.20446552840376064,0
06111009100,757,867,791.3329573072467,75.66704269275328,0.09561972870463227,1
06111005304,1286,1459,1344.325208846921,114.67479115307901,0.08530286451404118,1
06111005306,2341,2173,2447.1736500082757,-274.1736500082757,-0.1120368593407127,0
06111005404,2356,2218,2462.8539595982475,-244.85395959824746,-0.09941878958920862,0
06111007100,1461,1405,1527.2621540632597,-122.26215406325969,-0.08005315507752414,0
06111007201,3071,2920,3210.2820500535727,-290.2820500535727,-0.09042260011039481,0
06111008306,1575,1635,1646.4325069470458,-11.432506947045795,-0.006943805408850263,0
06111008500,2183,2126,2282.0077223272388,-156.00772232723875,-0.06836423943742787,0
06111000903,1641,1489,1715.425869142922,-226.425869142922,-0.1319939690871347,0
06111001201,1190,1405,1243.9712274711012,161.0287725288988,0.12944734490061963,1
06111000302,1211,1202,1265.9236608970618,-63.923660897061836,-0.05049566800241659,0
06111001602,1791,1319,1872.2289650426405,-553.2289650426405,-0.2954921515328872,0
06111007403,2627,2598,2746.1448861904055,-148.1448861904055,-0.053946493113085435,0
06111007607,2944,2835,3077.5220955251443,-242.52209552514432,-0.07880433933448679,0
06111001102,1637,1673,1711.244453252263,-38.24445325226293,-0.022348912909303163,0
06111004400,1549,1571,1619.253303657761,-48.25330365776108,-0.02979972531089534,0
06111003612,1780,2061,1860.7300713433278,200.26992865667216,0.10762975873877834,1
06111003011,1182,1174,1235.608395689783,-61.60839568978304,-0.04986077781981234,0
06111003013,1433,1562,1497.9922428286454,64.00775717135457,0.0427290311266828,1
06111003801,1074,1154,1122.7101666419856,31.289833358014448,0.027869911832723502,1
06111003802,1110,1307,1160.342909657918,146.65709034208203,0.12639116344091608,1
06111004304,1396,1467,1459.314145840048,7.685854159951987,0.005266757799793448,1
06111004305,1842,1795,1925.542017648545,-130.54201764854497,-0.06779494628113165,0
06111004505,1454,1397,1519.944676254606,-122.94467625460607,-0.08088759951287305,0
06111004506,1157,1190,1209.474546373163,-19.474546373163093,-0.016101658717466345,0
06111004710,1215,1060,1270.105076787721,-210.10507678772092,-0.16542338159855796,0
06111004711,1313,1458,1372.5497661088705,85.45023389112953,0.062256565117764645,1
06111004715,1554,1230,1624.4800735210852,-394.48007352108516,-0.24283466442653473,0
06111004716,1352,1397,1413.3185710427972,-16.318571042797203,-0.011546279357779028,0
06111004717,1721,1736,1799.0541869561052,-63.05418695610524,-0.03504852016869445,0
06111004901,1995,2047,2085.481175466258,-38.48117546625781,-0.018451940932842248,0
06111004902,1160,1311,1212.6106082911574,98.3893917088426,0.08113848834581408,1
06111005003,1208,1362,1262.7875989790675,99.21240102093248,0.0785661825481524,1
06111002700,1451,1652,1516.8086143366118,135.19138566338825,0.08912883562605245,1
06111002800,1269,1327,1326.55419131162,0.44580868838011156,0.0003360651915315437,1
06111003100,2126,2145,2222.4225458853452,-77.42254588534524,-0.03483700524397914,0
06111005203,1776,2081,1856.5486554526688,224.45134454733125,0.12089709789620617,1
06111005401,2129,1957,2225.55860780334,-268.5586078033398,-0.12067020246589291,0
06111005502,1443,1523,1508.4457825552934,14.554217444706637,0.009648485622102987,1
06111005504,1762,1669,1841.9136998353617,-172.91369983536174,-0.0938771994859572,0
06111008201,2170,1771,2268.4181206825965,-497.4181206825965,-0.2192797333733681,0
06111008303,1636,1535,1710.199099279598,-175.19909927959793,-0.10244368585704353,0
06111005908,2468,2265,2579.9336045367036,-314.93360453670357,-0.1220704300230464,0
06111002905,1994,1784,2084.435821493593,-300.4358214935928,-0.14413291999478156,0
06111000303,2148,1790,2245.420333283971,-455.4203332839711,-0.20282186214013212,0
06111000702,1982,1660,2071.8915738216156,-411.89157382161557,-0.19879977264537993,0
06111000304,1619,1546,1692.4280817442964,-146.42808174429638,-0.08651952973586959,0
06111000701,1327,1216,1387.1847217261775,-171.1847217261775,-0.12340441690646618,0
06111005004,1736,1807,1814.734496546077,-7.734496546077025,-0.004262054069505942,0
06111006500,2133,2169,2229.740023693999,-60.740023693998864,-0.027240854560869915,0
06111006700,2030,2223,2122.0685645095255,100.93143549047454,0.04756275889408072,1
06111006900,1408,1489,1471.8583935120257,17.141606487974286,0.011646233471599408,1
06111007202,3010,2366,3146.515457721021,-780.515457721021,-0.24805708670706417,0
06111007505,2110,1964,2205.696882322709,-241.69688232270892,-0.10957846667860818,0
06111008001,2205,2129,2305.005509725864,-176.00550972586416,-0.07635795618848504,0
06111008004,2107,2250,2202.5608204047144,47.43917959528562,0.02153819279622381,1
06111001502,1499,1496,1566.9856050245216,-70.98560502452165,-0.04530073843493335,0
06111001507,1687,1742,1763.5121518855024,-21.512151885502362,-0.012198471024144697,0
06111001900,1502,1208,1570.121666942516,-362.12166694251596,-0.2306328704116747,0
06111002400,1105,1137,1155.116139794594,-18.11613979459389,-0.015683392492304157,0
06111004504,1390,1589,1453.0420220040594,135.9579779959406,0.09356782249726346,1
06111005403,1112,1326,1162.4336176032475,163.5663823967525,0.14071029942681823,1
06111005910,2988,2842,3123.517670322395,-281.51767032239513,-0.09012840650692978,0
06111006000,2425,2183,2534.9833837121178,-351.98338371211776,-0.1388503711597071,0
06111007508,1880,1879,1965.2654686098072,-86.26546860980716,-0.04389507167743082,0
06111007700,1813,1675,1895.226752441266,-220.22675244126594,-0.11620074070693073,0
06111007901,1889,1792,1974.67365436379,-182.6736543637901,-0.09250827546116464,0
06111007903,2781,2678,2907.129397980784,-229.12939798078378,-0.0788163740285971,0
06111002000,2033,1738,2125.20462642752,-387.20462642752,-0.1821963972845349,0
06111002600,1443,1511,1508.4457825552934,2.5542174447066373,0.001693277593563765,1
06111003201,1152,1273,1204.2477765098392,68.75222349016076,0.05709142655792898,1
06111003300,1623,1414,1696.609497634956,-282.6094976349559,-0.16657309653689234,0
06111003700,1374,1690,1436.3163584414228,253.68364155857716,0.17662100697220676,1
06111003900,1431,1523,1495.9015348833157,27.098465116684338,0.01811513958958408,1
06111005909,1727,1642,1805.326310792094,-163.3263107920941,-0.09046913558825496,0
06111005911,2227,2003,2328.0032971244896,-325.00329712448956,-0.13960602956444612,0
06111004200,1610,1932,1683.0198959903134,248.98010400968656,0.14793651851820983,1
06111004600,1953,1905,2041.5763086143368,-136.57630861433677,-0.06689747918706705,0
06111001800,1977,1954,2066.664803958292,-112.66480395829194,-0.05451527685694582,0
06111000100,1143,1144,1194.839590755856,-50.83959075585608,-0.042549302139959166,0
06111000500,1062,1010,1110.165918970008,-100.16591897000808,-0.09022607995653498,0
06111000901,1759,1474,1838.7776379173674,-364.77763791736743,-0.19838050582914482,0
06111000902,1767,1731,1847.1404696986856,-116.14046969868559,-0.06287581892330635,0
06111002102,1186,1206,1239.7898115804421,-33.78981158044212,-0.02725446786610386,0
06111005204,2714,2455,2837.0906818122426,-382.09068181224256,-0.1346769365751028,0
06111005205,2212,2115,2312.322987534518,-197.32298753451778,-0.08533539155138127,0
06111005801,2968,2609,3102.6105908690997,-493.6105908690997,-0.159095244605231,0
06111005802,2991,2697,3126.6537322403897,-429.6537322403897,-0.1374164742996735,0
06111007405,2652,2253,2772.2787355070254,-519.2787355070254,-0.18731115629036987,0
06111007406,3032,2537,3169.5132451196464,-632.5132451196464,-0.19956163492724877,0
06111007509,2264,2474,2366.6813941130868,107.31860588691325,0.04534560763179146,1
06111007510,3546,3267,3706.825187069349,-439.8251870693489,-0.11865279986863336,0
06111007511,2986,3420,3121.4269623770656,298.5730376229344,0.09565273870626195,1
06111007512,2489,2260,2601.886037962665,-341.8860379626649,-0.13139931302693383,0
06111007513,2983,2493,3118.2909004590715,-625.2909004590715,-0.2005235946290376,0
06111007514,1689,1905,1765.602859830832,139.3971401691681,0.07895158268067383,1
06111007609,2607,2531,2725.23780673711,-194.23780673711008,-0.07127370912620222,0
06111007610,2279,2245,2382.3617037030585,-137.36170370305854,-0.057657787014267554,0
06111007611,1719,1675,1796.9634790107755,-121.96347901077547,-0.06787198539945626,0
06111007612,1663,1798,1738.4236565415474,59.576343458452584,0.034270324862568244,1
06111007613,3480,3123,3637.831824873472,-514.8318248734722,-0.14152161222883872,0
06111007614,2243,1960,2344.728960687126,-384.7289606871259,-0.16408248762977728,0
06111008600,1239,1358,1295.193572131676,62.80642786832391,0.04849192369365672,1
06111008700,1141,1223,1192.7488828105265,30.25111718947346,0.025362519827468986,1
06111008800,1694,1966,1770.8296296941558,195.17037030584424,0.11021408668181851,1
06111007800,1413,1671,1477.0851633753496,193.91483662465043,0.1312820962750228,1
06111008002,1938,1702,2025.8959990243648,-323.89599902436476,-0.15987790053405865,0
06111008101,2034,1850,2126.249980400185,-276.249980400185,-0.12992356634763685,0
06111005901,2378,2282,2485.8517469968733,-203.85174699687332,-0.0820047885973667,0
06111005503,2151,1991,2248.556395201965,-257.5563952019652,-0.11454300001171706,0
06111005600,1834,1894,1917.1791858672266,-23.17918586722658,-0.012090255328294516,0
06111005906,2325,2451,2430.447986445639,20.55201355436111,0.008456059816534894,1
06111006400,2323,2292,2428.3572785003093,-136.35727850030935,-0.05615206613440345,0
06111006600,2419,2316,2528.711259876129,-212.71125987612913,-0.08411844533272216,0
06111001302,696,877,727.5663649746945,149.43363502530553,0.2053883222467314,1
06111001402,1737,1459,1815.7798505187418,-356.7798505187418,-0.19648849524176348,0
06111001503,1527,1561,1596.255516259136,-35.2555162591359,-0.022086386483887038,0
06111005907,2114,1862,2209.878298213368,-347.878298213368,-0.1574196635600336,0
06111006100,1781,1853,1861.7754253159926,-8.775425315992607,-0.004713471451318133,0
06111006302,2115,1799,2210.9236521860325,-411.92365218603254,-0.18631292481707654,0
06111007300,3244,3992,3391.128287324582,600.8717126754182,0.17718931923671744,1
06111007402,2804,2753,2931.1725393520737,-178.17253935207373,-0.06078541503785315,0
06111007507,3314,2939,3464.303065411117,-525.3030654111171,-0.15163311508624555,0
06111008302,1646,1615,1720.6526390062459,-105.65263900624586,-0.061402654208733844,0
06111008402,2391,2365,2499.441348641515,-134.4413486415151,-0.05378855907724582,0
06111001101,1555,1582,1625.52542749375,-43.52542749374993,-0.026776220634615256,0
06111001401,1855,1891,1939.131619293187,-48.131619293186986,-0.024821223487001335,0
06111008202,2179,2126,2277.8263064365797,-151.82630643657967,-0.066654031524509,0
06111000400,1140,1099,1191.7035288378615,-92.70352883786154,-0.07779076472842636,0
06111000800,1563,1541,1633.888259275068,-92.8882592750681,-0.056851047645254046,0
06111004000,1613,1369,1686.1559579083078,-317.15595790830776,-0.18809408253180962,0
06111004503,1243,1240,1299.3749880223352,-59.374988022335174,-0.04569503689824339,0
06111005100,2317,1847,2422.0851546643207,-575.0851546643207,-0.23743391249347812,0
06111005202,1694,1702,1770.8296296941558,-68.82962969415576,-0.03886857806080616,0
06111005303,2346,2156,2452.4004198715998,-296.40041987159975,-0.12086134771054981,0
06111006800,2147,1986,2244.374979311306,-258.3749793113061,-0.11512112801693651,0
06111008305,3037,2951,3174.74001498297,-223.74001498297002,-0.07047506691163503,0
06111008401,1988,1678,2078.1636976576046,-400.16369765760464,-0.1925563891375101,0
06111001700,2148,2217,2245.420333283971,-28.420333283971104,-0.012657021432778161,0
06111001202,1945,2163,2033.2134768330184,129.78652316698162,0.06383320032343097,1
06111001204,1560,1422,1630.7521973570738,-208.75219735707378,-0.1280097599717444,0
06111001601,1207,1381,1261.7422450064028,119.25775499359725,0.09451831819500667,1
06111006200,2848,2911,2977.1681141493245,-66.16811414932454,-0.022225185683956903,0
06111007506,2383,2595,2491.0785168601965,103.92148313980351,0.04171746592347003,1
06111008005,1917,1982,2003.9435655984041,-21.94356559840412,-0.010950191400151271,0
06111000200,1070,983,1118.5287507513265,-135.52875075132647,-0.12116697998177563,0
06111007606,3927,4001,4105.105050654634,-104.1050506546344,-0.025359899288821593,0
06111003608,1847,1814,1930.7687875118688,-116.76878751186882,-0.060477871958115555,0
06111005002,1044,1077,1091.3495474620418,-14.349547462041755,-0.013148443132094529,0
06111005305,3872,3917,4047.610582158071,-130.61058215807088,-0.03226856425709635,0
06111001206,2105,1701,2200.470112459385,-499.47011245938484,-0.2269833657959323,0
06111003012,546,1235,570.7632690749758,664.2367309250242,1.1637692313339274,1
06111003609,2065,1813,2158.655953552793,-345.6559535527931,-0.16012554153611194,0
06111003010,1590,1466,1662.1128165370176,-196.11281653701758,-0.1179900753942895,0
06047000802,1190,1094,1243.9712274711012,-149.9712274711012,-0.1205584374937524,0
06047000901,860,722,899.0044164917202,-177.00441649172024,-0.19688937367233772,0
06047000902,1212,999,1266.9690148697266,-267.9690148697266,-0.21150400027523952,0
06047001200,958,1069,1001.4491058128697,67.55089418713033,0.06745314743908,1
06047001401,771,802,805.9679129245537,-3.9679129245537297,-0.00492316488153439,0
06047001502,741,675,774.60729374461,-99.60729374461005,-0.12859069950540747,0
06047002100,801,878,837.3285321044976,40.67146789550236,0.048572891447137036,1
06047001602,957,948,1000.4037518402049,-52.403751840204905,-0.05238260226814442,0
06047001902,815,870,851.9634877218047,18.036512278195346,0.021170522608223424,1
06047002301,1419,1385,1483.3572872113384,-98.35728721133842,-0.0663072127391822,0
06047002302,1242,1198,1298.3296340496704,-100.3296340496704,-0.07727593318249107,0
06047001901,751,723,785.060833471258,-62.06083347125798,-0.07905226044311393,0
06047001302,657,707,686.7975600407677,20.202439959232265,0.029415421857400113,1
06047000304,1073,1051,1121.6648126693206,-70.66481266932055,-0.06299993712128094,0
06047000601,775,824,810.149328815213,13.850671184786961,0.01709644221398369,1
06047001003,787,782,822.6935764871904,-40.6935764871904,-0.04946383155311291,0
06047001402,937,1032,979.4966723869092,52.503327613090846,0.05360235424296736,1
06047001700,810,798,846.7367178584807,-48.73671785848069,-0.05755829035233393,0
06047000503,1034,869,1080.8960077353938,-211.89600773539382,-0.19603736734983532,0
06047000504,849,760,887.5055227924075,-127.50552279240753,-0.14366730067349878,0
06047000505,942,919,984.7234422502331,-65.72344225023312,-0.06674304625067695,0
06047000701,709,762,741.1559666193368,20.844033380663177,0.02812368019613991,1
06047001002,1407,1273,1470.8130395393607,-197.81303953936072,-0.134492307466429,0
06047000201,957,945,1000.4037518402049,-55.403751840204905,-0.05538139150147307,0
06047000202,831,825,868.6891512844413,-43.68915128444132,-0.050293193163334284,0
06047000203,1132,1076,1183.3406970565434,-107.34069705654338,-0.09070988374146514,0
06047000401,1073,963,1121.6648126693206,-158.66481266932055,-0.1414547473337712,0
06047000402,966,944,1009.8119375941881,-65.81193759418807,-0.06517246939165798,0
06047002401,1043,790,1090.304193489377,-300.304193489377,-0.2754315678895927,0
06047002402,759,768,793.4236652525763,-25.423665252576257,-0.032042988337741295,0
06047002500,1276,990,1333.8716691202733,-343.8716691202733,-0.25779966475115745,0
06047002600,1430,1259,1494.8561809106511,-235.85618091065112,-0.1577785100149032,0
06047001801,1443,1470,1508.4457825552934,-38.44578255529336,-0.025487016503945244,0
06047002000,786,927,821.6482225145257,105.35177748547426,0.12822005159709546,1
06047000602,885,997,925.13826580834,71.86173419166005,0.07767675043564523,1
06047000603,925,803,966.9524247149317,-163.95242471493168,-0.1695558339007906,0
06047001005,788,751,823.7389304598553,-72.73893045985528,-0.08830337837650638,0
06047001301,695,766,726.5210110020297,39.478988997970305,0.05433977600113758,1
06047001501,992,1023,1036.9911408834728,-13.99114088347278,-0.013492054398413585,0
06047001503,759,696,793.4236652525763,-97.42366525257626,-0.12278895818107805,0
06047000801,1048,1086,1095.5309633527008,-9.530963352700837,-0.008699857577309195,0
06047001101,1151,1138,1203.2024225371745,-65.20242253717447,-0.0541907340908466,0
06047000301,1115,1045,1165.5696795212418,-120.56967952124182,-0.10344270414683905,0
06047000303,846,1213,884.3694608744131,328.6305391255869,0.37159869677165935,1
06047000702,1900,1558,1986.1725480631028,-428.1725480631028,-0.21557671234588996,0
06047001004,772,772,807.0132668972186,-35.013266897218614,-0.04338623456815848,0
06047001601,608,682,635.5752153801928,46.424784619807156,0.07304373030348021,1
06047002201,746,799,779.834063607934,19.165936392065987,0.024576941796302154,1
06047002202,1254,1194,1310.8738817216479,-116.87388172164788,-0.08915722812949063,0
06085509403,1475,1838,1541.8971096805667,296.1028903194333,0.19203803448388113,1
06085509802,1458,2231,1524.1260921452651,706.8739078547349,0.46378965067108263,1
06085510200,2585,3344,2702.240019338484,641.7599806615158,0.23749184975012708,1
06085510600,2106,2294,2201.51546643205,92.48453356795017,0.04200948618264214,1
06085510801,2745,2500,2869.496654964851,-369.49665496485113,-0.12876706244823177,0
06085510803,1606,2015,1678.8384800996544,336.16151990034564,0.20023458116137022,1
06085511500,2167,2447,2265.282058764602,181.71794123539803,0.0802186820543222,1
06085503703,1193,1498,1247.1072893890957,250.89271061090426,0.2011797322857489,1
06085503708,1675,1731,1750.967904213525,-19.96790421352489,-0.01140392360446709,0
06085504002,1492,1555,1559.668127215868,-4.668127215868026,-0.002993025974186576,0
06085502601,2116,2088,2211.9690061586975,-123.96900615869754,-0.05604463978181229,0
06085502907,2360,2585,2467.0353754889065,117.96462451109346,0.047816349000555265,1
06085503208,2115,1981,2210.9236521860325,-229.92365218603254,-0.10399438802814263,0
06085503315,1843,2030,1926.5873716212097,103.41262837879026,0.05367658373664583,1
06085505800,1977,1970,2066.664803958292,-96.66480395829194,-0.04677333439518079,0
06085511100,3111,2924,3252.0962089601644,-328.0962089601644,-0.10088760844657511,0
06085511200,3064,3238,3202.964572244919,35.035427755080946,0.010938437489655103,1
06085512001,2990,2965,3125.608378267725,-160.60837826772513,-0.051384677422939826,0
06085501000,1004,1218,1049.53538855545,168.46461144454997,0.1605135122469951,1
06085501502,1344,1408,1404.955739261479,3.0442607385209612,0.002166801880976827,1
06085502800,2059,2435,2152.3838297168045,282.6161702831955,0.13130379739025458,1
06085502908,2017,2327,2108.478962864883,218.52103713511679,0.10363918302424162,1
06085503003,2278,2584,2381.3163497303935,202.68365026960646,0.0851141219823875,1
06085503212,2366,2254,2473.3074993248956,-219.30749932489562,-0.0886697264229203,0
06085503218,1246,1217,1302.5110499403295,-85.51104994032949,-0.06565092092251111,0
06085503313,2568,2650,2684.4690018031833,-34.469001803183346,-0.012840156388481369,0
06085510802,2100,2317,2195.2433425960608,121.75665740393924,0.05546385452646525,1
06085511907,2689,2788,2810.9568324956226,-22.95683249562262,-0.008166910366688589,0
06085511909,3626,3818,3790.453504882532,27.546495117468112,0.007267334919683124,1
06085512021,2139,2131,2236.012147529988,-105.01214752998794,-0.04696403266234026,0
06085512026,2024,2043,2115.796440673537,-72.79644067353684,-0.03440616463574493,0
06085503802,1574,1811,1645.3871529743808,165.6128470256192,0.10065281397526375,1
06085503803,2115,1844,2210.9236521860325,-366.92365218603254,-0.1659594404461863,0
06085503804,1595,1902,1667.3395864003414,234.66041359965857,0.14073942435822115,1
06085504307,2336,1901,2441.9468801449516,-540.9468801449516,-0.22152278763444744,0
06085504311,2156,2299,2253.7831650652893,45.21683493471073,0.020062637628851424,1
06085504413,2160,1617,2257.9645809559483,-640.9645809559483,-0.28386830615588526,0
06085504420,2515,2190,2629.065241251949,-439.0652412519489,-0.16700431558817766,0
06085505007,2044,2178,2136.7035201268327,41.2964798731673,0.01932719232414424,1
06085505402,1638,1797,1712.2898072249277,84.7101927750723,0.04947187819354035,1
06085506204,1960,1977,2048.89378642299,-71.89378642299016,-0.03508907435778022,0
06085506305,1329,1491,1389.2754296715073,101.72457032849275,0.07322131245965058,1
06085506402,1395,1607,1458.2687918673835,148.73120813261653,0.10199162799209263,1
06085506703,1848,2429,1931.8141414845336,497.1858585154664,0.2573673356244281,1
06085511800,2618,2197,2736.736700436423,-539.7367004364228,-0.19721908225601384,0
06085509901,2581,3078,2698.0586034478256,379.9413965521744,0.14082029058473772,1
06085510300,2662,2965,2782.732275233673,182.26772476632686,0.06549955466018426,1
06085502909,1561,1726,1631.7975513297388,94.20244867026122,0.05772924992655884,1
06085512023,1865,1882,1949.5851590198351,-67.58515901983515,-0.034666430808189964,0
06085504202,2769,2774,2894.585150308806,-120.58515030880608,-0.041658871322524944,0
06085505302,1911,1797,1997.6714417624155,-200.6714417624155,-0.1004526758341082,0
06085506603,2122,2252,2218.241129994686,33.75887000531384,0.015218755774037383,1
06085506801,2409,2781,2518.2577201494814,262.74227985051857,0.10433494465170245,1
06085507002,3378,2799,3531.205719661664,-732.2057196616638,-0.20735289240860733,0
06085507500,3306,3095,3455.940233629799,-360.94023362979897,-0.10444053115198142,0
06085503105,985,1130,1029.6736630748192,100.32633692518084,0.0974350811553105,1
06085505001,2057,2260,2150.293121771475,109.70687822852506,0.05101949921048219,1
06085505301,1626,1780,1699.74555955295,80.25444044705,0.0472155611738487,1
06085500200,1634,1801,1708.1083913342684,92.89160866573161,0.05438273656226842,1
06085500901,1228,1619,1283.6946784323634,335.3053215676366,0.26120332755224046,1
06085501501,1205,1302,1259.651537061073,42.348462938927014,0.03361918887324296,1
06085502101,1837,1773,1920.315247785221,-147.3152477852209,-0.07671409574814639,0
06085502701,1777,2108,1857.5940094253335,250.40599057466648,0.1348012479067653,1
06085502903,2488,2710,2600.84068399,109.15931601000011,0.04197078147921644,1
06085503002,2246,2659,2347.865022605121,311.1349773948791,0.13251825569156997,1
06085503110,1277,1359,1334.917023092938,24.082976907061948,0.01804080440240612,1
06085503111,1882,2005,1967.3561765551365,37.64382344486353,0.01913421875177595,1
06085503113,1283,1439,1341.189146928927,97.8108530710731,0.07292845553890867,1
06085503213,1373,1226,1435.271004468758,-209.27100446875806,-0.14580591666464848,0
06085503214,978,1108,1022.3561852661654,85.64381473383457,0.08377101441562426,1
06085503511,2302,2209,2406.404845074349,-197.40484507434894,-0.08203309824546579,0
06085503602,1200,1370,1254.4247671977491,115.57523280225087,0.09213404886801907,1
06085512305,2718,2648,2841.272097702902,-193.2720977029021,-0.06802308651084765,0
06085504421,2349,2257,2455.536481789594,-198.53648178959384,-0.08085258894011647,0
06085504506,1730,2128,1808.4623727100882,319.5376272899118,0.17669022707454274,1
06085504700,2321,3105,2426.26657055498,678.7334294450202,0.2797439645264403,1
06085504805,1563,1470,1633.888259275068,-163.8882592750681,-0.10030567166679004,0
06085505600,1393,1490,1456.1780839220537,33.8219160779463,0.023226497123793217,1
06085506101,1849,1961,1932.8594954571986,28.14050454280141,0.014559001628902703,1
06085506203,1566,1838,1637.0243211930626,200.97567880693737,0.12276890221182932,1
06085506802,1948,2388,2036.3495387510127,351.6504612489873,0.17268668986203164,1
06085506900,2730,2715,2853.8163453748793,-138.81634537487935,-0.04864235415844334,0
06085507001,2697,2329,2819.319664276941,-490.3196642769408,-0.17391417883175408,0
06085507302,3142,3623,3284.5021821127734,338.4978178872266,0.10305909362175733,1
06085507702,3260,3521,3407.8539508872186,113.14604911278138,0.03320155462745824,1
06085504101,1843,2049,1926.5873716212097,122.41262837879026,0.06353858131841739,1
06085511701,2777,3221,2902.9479820901242,318.05201790987576,0.10956173512998263,1
06085512005,2304,2395,2408.4955530196785,-13.495553019678482,-0.005603312409175213,0
06085505006,2048,2533,2140.884936017492,392.1150639825082,0.18315559953069074,1
06085505700,1426,1797,1490.674765019992,306.32523498000796,0.20549434535835837,1
06085506103,2033,2087,2125.20462642752,-38.20462642752,-0.01797691664719466,0
06085506202,2068,2000,2161.7920154707876,-161.79201547078765,-0.07484161950498884,0
06085506301,1379,1724,1441.5431283047467,282.4568716952533,0.19594063205547121,1
06085506302,2180,2038,2278.871660409244,-240.8716604092442,-0.10569777341738851,0
06085506304,1523,1724,1592.0741003684766,131.9258996315234,0.08286417045600447,1
06085503304,1551,1581,1621.3440116030908,-40.34401160309085,-0.024883066958258312,0
06085507805,1838,2415,1921.360601757886,493.6393982421141,0.2569217864624032,1
06085507806,2056,2625,2149.24776779881,475.75223220119005,0.22135755557324138,1
06085508101,2499,2563,2612.3395776893126,-49.33957768931259,-0.018887122528287392,0
06085509202,1634,2030,1708.1083913342684,321.8916086657316,0.18844917002854242,1
06085509304,1723,2048,1801.1448949014348,246.85510509856522,0.13705455113430728,1
06085509401,1362,1832,1423.7721107694451,408.22788923055487,0.2867227740610381,1
06085509801,1865,2277,1949.5851590198351,327.41484098016485,0.16794077420284348,1
06085512307,2238,1977,2339.502190823802,-362.5021908238018,-0.1549484297324616,0
06085503204,1642,1748,1716.4712231155868,31.52877688441322,0.01836836904680812,1
06085503210,2240,2023,2341.592898769132,-318.5928987691318,-0.13605819309436815,0
06085503401,2030,2056,2122.0685645095255,-66.06856450952546,-0.031134038557701322,0
06085503507,1767,1909,1847.1404696986856,61.85953030131441,0.03348934816603592,1
06085512019,1941,2126,2029.032060942359,96.96793905764093,0.04779024487794706,1
06085512020,1520,1875,1588.9380384504823,286.0619615495177,0.18003342775309394,1
06085512024,1910,1714,1996.6260877897507,-282.6260877897507,-0.1415518356281799,0
06085512402,3262,2400,3409.944658832548,-1009.9446588325482,-0.2961762608717291,0
06085512506,1512,1444,1580.5752066691641,-136.57520666916412,-0.08640854677011972,0
06085508203,2083,2283,2177.4723250607594,105.52767493924057,0.0484633828520856,1
06085508204,2053,2180,2146.111705880816,33.88829411918414,0.01579055462319263,1
06085508301,2391,2681,2499.441348641515,181.5586513584849,0.07263969264858518,1
06085509302,2197,2225,2296.6426779445455,-71.64267794454554,-0.031194525222645635,0
06085509700,1742,2228,1821.0066203820659,406.9933796179341,0.2234991213445137,1
06085512100,1839,1711,1922.4059557305507,-211.40595573055066,-0.1099694656585749,0
06085512017,1729,2035,1807.4170187374234,227.5829812625766,0.12591614381364816,1
06085512031,2604,2431,2722.1017448191155,-291.10174481911554,-0.10694006767864561,0
06085512309,2839,2505,2967.7599283953414,-462.7599283953414,-0.15592903050131626,0
06085500600,1451,1988,1516.8086143366118,471.19138566338825,0.3106465649059275,1
06085502906,2096,1937,2191.0619267054017,-254.06192670540167,-0.11595378643059297,0
06085503001,2246,2695,2347.865022605121,347.1349773948791,0.14785133474568676,1
06085503108,1815,1711,1897.3174603865955,-186.31746038659549,-0.09820046685736589,0
06085503312,2566,2246,2682.378293857854,-436.3782938578538,-0.16268335262668907,0
06085503402,1370,1427,1432.1349425507638,-5.134942550763753,-0.003585515860410437,0
06085503506,1597,1895,1669.4302943456712,225.5697056543288,0.1351177742600749,1
06085503508,1905,1897,1991.3993179264269,-94.39931792642687,-0.047403510223515355,0
06085508001,2355,2771,2461.8086056255825,309.19139437441754,0.12559522038710536,1
06085510001,3271,3628,3419.352844586531,208.64715541346914,0.06101948669725508,1
06085506000,1890,2173,1975.7190083364549,197.28099166354514,0.09985275782190034,1
06085510400,3323,3528,3473.7112511651003,54.28874883489971,0.01562845755147063,1
06085508303,1972,2191,2061.438034094968,129.56196590503214,0.06285028400667579,1
06085511905,2901,2960,3032.5718747005585,-72.57187470055851,-0.02393080121397762,0
06085512308,2928,2836,3060.796431962508,-224.796431962508,-0.07344377091369451,0
06085503211,2146,2068,2243.329625338641,-175.3296253386411,-0.07815598000323928,0
06085503326,3658,3197,3823.9048320078055,-626.9048320078055,-0.16394362818873778,0
06085504417,3958,2708,4137.511023807242,-1429.511023807242,-0.34550023325178697,0
06085503115,2033,2096,2125.20462642752,-29.204626427519997,-0.013742030327034025,0
06085503509,2178,2120,2276.7809524639147,-156.78095246391467,-0.06886079765128374,0
06085504320,2351,2403,2457.627189734924,-54.62718973492383,-0.02222761449055088,0
06085505500,1404,2011,1467.6769776213664,543.3230223786336,0.3701925087488842,1
06085504316,2177,2012,2275.7355984912497,-263.7355984912497,-0.11589026364314868,0
06085507905,1867,2047,1951.6758669651647,95.32413303483531,0.04884219487893926,1
06085511000,2226,2705,2326.957943151825,378.042056848175,0.1624619207067075,1
06085501402,1326,1343,1386.1393677535127,-43.139367753512715,-0.031121955524160454,0
06085502301,1928,2112,2015.4424592977168,96.55754070228318,0.047908855078863805,1
06085501101,1513,1527,1581.6205606418287,-54.62056064182866,-0.03453455398914604,0
06085501102,1499,1688,1566.9856050245216,121.01439497547835,0.07722750903865809,1
06085501401,1196,1306,1250.24335130709,55.75664869290995,0.04459663683443557,1
06085502302,1285,1660,1343.2798548742562,316.7201451257438,0.23578120670572536,1
06085502604,1552,1787,1622.3893655757556,164.61063442424438,0.10146185491411129,1
06085503117,1413,1394,1477.0851633753496,-83.08516337534957,-0.056249406219400486,0
06085503118,1484,1667,1551.3052954345499,115.69470456545014,0.07457894001002677,1
06085503121,1221,1369,1276.3772006237098,92.62279937629023,0.07256694912054956,1
06085503122,598,634,625.121675653545,8.878324346454974,0.014202553986266698,1
06085502603,2157,2593,2254.828519037954,338.1714809620462,0.14997658496280267,1
06085503123,1328,1442,1388.2300756988425,53.769924301157516,0.038732718187285665,1
06085503333,2897,2637,3028.3904588098994,-391.3904588098994,-0.12924042131730548,0
06085503334,4001,4001,4182.461244631829,-181.46124463182878,-0.04338623456815852,0
06085503336,2198,1936,2297.6880319172105,-361.68803191721054,-0.15741389905548447,0
06085503337,1833,1795,1916.1338318945618,-121.13383189456181,-0.06321783472441052,0
06085503710,1000,1068,1045.353972664791,22.646027335209055,0.021663501481206746,1
06085503711,1561,1509,1631.7975513297388,-122.79755132973878,-0.07525293271194827,0
06085503712,1213,1203,1268.0143688423914,-65.01436884239138,-0.05127258053214725,0
06085503713,1105,1224,1155.116139794594,68.88386020540611,0.05963370940142455,1
06085503902,1701,1631,1778.1471075028094,-147.14710750280938,-0.082753056190868,0
06085503903,1434,1792,1499.0375968013102,292.9624031986898,0.19543365945178523,1
06085504322,1964,2132,2053.0752023136492,78.92479768635076,0.03844223416531889,1
06085504323,1814,2182,1896.272106413931,285.72789358606906,0.15067874099905074,1
06085505009,1569,1995,1640.160383111057,354.83961688894306,0.21634446273838362,1
06085508003,1950,2389,2038.4402466963425,350.55975330365754,0.17197450544444579,1
06085508004,2163,2361,2261.100642873943,99.89935712605711,0.04418173841173267,1
06085508507,1482,2042,1549.21458748922,492.7854125107799,0.31808725304441327,1
06085508508,1486,1666,1553.3960033798794,112.6039966201206,0.07248891871429873,1
06085504423,2592,2372,2709.557497147138,-337.55749714713784,-0.12458030416499678,0
06085505008,2113,2467,2208.8329442407035,258.16705575929655,0.11687939390456831,1
06085511301,1915,2423,2001.8528576530748,421.1471423469252,0.21037867030879992,1
06085504321,2208,2127,2308.1415716438582,-181.14157164385824,-0.0784794025935113,0
06085504505,2269,2429,2371.908163976411,57.09183602358917,0.024070002747440672,1
06085504803,1865,2207,1949.5851590198351,257.41484098016485,0.1320356998970907,1
06085505203,2144,2622,2241.238917393312,380.761082606688,0.16988866276226128,1
06085505403,1719,1923,1796.9634790107755,126.03652098922453,0.0701386101951317,1
06085506102,2089,2236,2183.7444488967485,52.25555110325149,0.023929334373191682,1
06085507600,3765,3533,3935.757707082938,-402.75770708293794,-0.10233295265054554,0
06085507701,3012,2825,3148.6061656663505,-323.60616566635053,-0.10277759384297738,0
06085507808,2825,3037,2953.1249727780346,83.87502722196541,0.0284021258819478,1
06085512401,2117,2450,2213.0143601313625,236.98563986863746,0.10708725805763421,1
06085512025,2556,2613,2671.9247541312056,-58.924754131205646,-0.02205329848458454,0
06085511912,2959,3168,3093.202405115116,74.79759488488389,0.02418128046234344,1
06085511913,3151,2945,3293.910367866756,-348.91036786675613,-0.10592588410130961,0
06085511914,3138,3045,3280.320766222114,-235.3207662221139,-0.07173712054175987,0
06085512029,2323,2319,2428.3572785003093,-109.35727850030935,-0.04503343864122234,0
06085512030,2550,2515,2665.6526302952166,-150.65263029521657,-0.05651622742702677,0
06085512034,2728,2486,2851.72563742955,-365.7256374295498,-0.12824713311453154,0
06085512503,3112,3049,3253.1415629328294,-204.1415629328294,-0.06275213020511414,0
06085512508,1594,1652,1666.2942324276767,-14.294232427676661,-0.008578456403135324,0
06085500300,1903,2475,1989.308609981097,485.6913900189029,0.24415085099516964,1
06085500800,1759,2008,1838.7776379173674,169.22236208263257,0.09202981295459785,1
06085501300,1724,1794,1802.1902488740998,-8.19024887409978,-0.004544608361529287,0
06085502910,1710,1714,1787.5552932567925,-73.55529325679254,-0.04114854154960448,0
06085503112,1392,1462,1455.132729949389,6.867270050611069,0.00471934271648877,1
06085503116,1822,1940,1904.634938195249,35.365061804750894,0.018567895135989325,1
06085503207,2310,2083,2414.767676855667,-331.7676768556671,-0.1373911370586468,0
06085500100,1493,1646,1560.7134811885328,85.2865188114672,0.05464585257924396,1
06085500400,1240,1537,1296.2389261043406,240.76107389565937,0.18573819150704884,1
06085500500,2327,2267,2432.5386943909684,-165.53869439096843,-0.06805182370692531,0
06085501600,1114,1443,1164.524325548577,278.47567445142295,0.2391325525297553,1
06085501800,1927,2099,2014.397105325052,84.60289467494795,0.0419991144999665,1
06085501900,1439,2114,1504.2643666646343,609.7356333353657,0.40533808208680533,1
06085502002,1218,1438,1273.2411387057155,164.75886129428454,0.1294011450664926,1
06085502702,2004,2244,2094.889361220241,149.11063877975903,0.07117828823805013,1
06085502901,1541,1695,1610.890471876443,84.10952812355708,0.052213064508092995,1
06085502902,2402,2537,2510.940242340828,26.059757659172192,0.010378485803739377,1
06085504507,2073,2148,2167.0187853341117,-19.018785334111726,-0.008776474603185962,0
06085504601,1085,1194,1134.2090603412983,59.790939658701745,0.052715977811630135,1
06085504802,1554,1732,1624.4800735210852,107.51992647891484,0.06618728553922103,1
06085504901,2230,2652,2331.1393590424836,320.86064095751635,0.13764112373329324,1
06085505304,2139,2126,2236.012147529988,-110.01214752998794,-0.04920015647120384,0
06085505305,1588,1770,1660.0221085916878,109.97789140831219,0.06625085945488647,1
06085506503,1441,1794,1506.3550746099638,287.6449253900362,0.19095426452791367,1
06085504314,1948,2241,2036.3495387510127,204.6504612489873,0.10049869010921814,1
06085504317,2360,2204,2467.0353754889065,-263.03537548890654,-0.10662002584246662,0
06085504410,1893,1938,1978.8550702544492,-40.855070254449174,-0.02064581225202908,0
06085504412,1726,1729,1804.280956819429,-75.2809568194291,-0.0417235223455075,0
06085511400,2594,2505,2711.648205092468,-206.64820509246783,-0.0762076012310089,0
06085509902,2433,2064,2543.346215493436,-479.3462154934359,-0.18847068974462752,0
06085510700,1791,1993,1872.2289650426405,120.77103495735946,0.06450655192945852,1
06085511702,2544,3344,2659.380506459228,684.619493540772,0.2574357042468861,1
06085512022,1404,1525,1467.6769776213664,57.323022378633596,0.03905697456093903,1
06085512027,1690,1968,1766.6482138034967,201.35178619650333,0.11397389962713854,1
06085512032,2191,2311,2290.3705541085574,20.62944589144263,0.009007034191230197,1
06085500902,1049,1232,1096.5763173253656,135.4236826746344,0.12349681507343074,1
06085502001,1186,1479,1239.7898115804421,239.21018841955788,0.19294414761694229,1
06085502202,1894,1896,1979.9004242271142,-83.90042422711417,-0.04237608275672048,0
06085502400,2415,2292,2524.52984398547,-232.52984398547005,-0.09210817790071187,0
06085502500,2349,2737,2455.536481789594,281.46351821040616,0.11462404256575154,1
06085503305,1464,1735,1530.398215981254,204.601784018746,0.13369185998923838,1
06085503306,1712,1723,1789.646001202122,-66.64600120212208,-0.037239767617369766,0
06085503504,1920,1883,2007.0796275163987,-124.07962751639866,-0.061820979006167946,0
06085504315,1885,1872,1970.492238473131,-98.49223847313101,-0.04998357088148156,0
06085504319,2115,2201,2210.9236521860325,-9.923652186032541,-0.004488464437123648,0
06085504414,2496,2536,2609.2035157713185,-73.20351577131851,-0.02805588576316113,0
06085504415,2436,2316,2546.482277411431,-230.4822774114309,-0.09051006537760886,0
06085504504,2002,2109,2092.7986532749114,16.20134672508857,0.007741474173703203,1
06085507703,2367,2639,2474.35285329756,164.64714670243984,0.06654149851061672,1
06085506502,1833,2236,1916.1338318945618,319.8661681054382,0.16693310393104072,1
06085506605,1383,1617,1445.7245441954058,171.27545580459423,0.11847032444200134,1
06085506606,1583,1847,1654.795338728364,192.20466127163604,0.11615011039331107,1
06085507807,2359,2713,2465.990021516242,247.009978483758,0.10016665774335985,1
06085502102,1292,1519,1350.5973326829098,168.40266731709016,0.12468754620043912,1
06085507904,3054,2647,3192.511032518272,-545.5110325182718,-0.17087209001372486,0
06085508504,1585,1922,1656.8860466736937,265.1139533263063,0.16000735467507843,1
06085508505,1730,2085,1808.4623727100882,276.5376272899118,0.15291312192219061,1
06085508704,1774,2173,1854.4579475073392,318.5420524926608,0.17177097648443718,1
06085503329,3077,2909,3216.5541738895618,-307.55417388956175,-0.09561604041559084,0
06085503330,3811,3733,3983.8439898255183,-250.8439898255183,-0.06296531452189336,0
06085503331,1800,1815,1881.6371507966237,-66.6371507966237,-0.0354144531895598,0
06085503332,1675,1934,1750.967904213525,183.0320957864751,0.1045319536389143,1
06085503322,2378,2411,2485.8517469968733,-74.85174699687332,-0.030111106620618378,0
06085512200,2811,3316,2938.4900171607273,377.50998283927265,0.1284707385883979,1
06085506601,1400,1774,1463.4955617307073,310.5044382692927,0.2121662999114906,1
06085506701,2267,2479,2369.8174560310813,109.18254396891871,0.046072132556477685,1
06085506702,2132,2164,2228.6946697213343,-64.69466972133432,-0.029028054223965746,0
06085506803,2304,2077,2408.4955530196785,-331.4955530196785,-0.13763594149221584,0
06085503601,1171,1371,1224.10950199047,146.8904980095299,0.1199978415090135,1
06085503707,1583,1769,1654.795338728364,114.20466127163604,0.06901437210924054,1
06085503709,722,918,754.7455682639791,163.25443173602093,0.2163039289008733,1
06085504102,1936,1748,2023.8052910790354,-275.80529107903544,-0.13628054650058943,0
06085504308,2304,2105,2408.4955530196785,-303.4955530196785,-0.12601042698175943,0
06085504416,2132,2296,2228.6946697213343,67.30533027866568,0.03019943969582932,1
06085504422,1635,1828,1709.1537453069332,118.84625469306684,0.0695351456938265,1
06085504602,1196,1485,1250.24335130709,234.75664869290995,0.18776876393502054,1
06085505100,1528,1619,1597.3008702318004,21.699129768199555,0.01358487318988975,1
06085505202,1355,1577,1416.4546329607917,160.54536703920826,0.11334310559853437,1
06085511302,1729,1846,1807.4170187374234,38.582981262576595,0.021347027754297043,1
06085511704,3879,3263,4054.928059966724,-791.928059966724,-0.19530015039853083,0
06085511608,1563,1542,1633.888259275068,-91.8882592750681,-0.056239010687204244,0
06085511609,2316,2726,2421.039800691656,304.9601993083438,0.12596248901865267,1
06085511705,3665,2486,3831.2223098164586,-1345.2223098164586,-0.35112092200175765,0
06085511707,1968,2557,2057.256618204309,499.7433817956912,0.24291737713883055,1
06085511915,1203,1428,1257.5608291157437,170.43917088425633,0.13553155198393144,1
06085511916,2402,2360,2510.940242340828,-150.9402423408278,-0.06011303646163779,0
06085512036,2010,2335,2101.1614850562296,233.8385149437704,0.11129012053898019,1
06085512037,2273,2307,2376.0895798670695,-69.08957986706946,-0.02907700974427685,0
06085512039,2206,2182,2306.050863698529,-124.05086369852916,-0.05379363727457937,0
06085512038,1814,1706,1896.272106413931,-190.27210641393094,-0.1003400860933178,0
06085512042,1910,1601,1996.6260877897507,-395.6260877897507,-0.19814730970870248,0
06085512043,1341,1414,1401.8196773434845,12.1803226565155,0.008688936853560078,1
06085512045,2292,2275,2395.951305347701,-120.95130534770078,-0.05048153736586408,0
06085512047,2304,2341,2408.4955530196785,-67.49555301967848,-0.028023947536483997,0
06085508202,1738,2124,1816.8252044914068,307.1747955085932,0.1690722887095692,1
06085509108,1520,1808,1588.9380384504823,219.06196154951772,0.13786689993471674,1
06085509109,2449,2558,2560.071879056073,-2.0718790560731577,-0.000809305032809111,0
06085509404,1763,2224,1842.9590538080265,381.0409461919735,0.20675497125378076,1
06085509500,1636,1821,1710.199099279598,110.80090072040207,0.06478830492138354,1
06085507401,2977,3250,3112.018776623083,137.98122337691711,0.044338171868822544,1
06085508602,1687,2082,1763.5121518855024,318.48784811449764,0.18059861270248606,1
06085508703,1792,2055,1873.2743190153053,181.7256809846947,0.09700964730046563,1
06085508800,1604,1936,1676.7477721543246,259.2522278456754,0.15461611588282126,1
06085508900,1834,1756,1917.1791858672266,-161.17918586722658,-0.08407100757998161,0
06085509000,1553,1724,1623.4347195484202,100.56528045157984,0.061945995881838356,1
06085509107,1394,1936,1457.2234378947187,478.7765621052813,0.3285539812597167,1
06085509303,1382,1718,1444.679190222741,273.320809777259,0.18919135239645718,1
06085510100,2988,2873,3123.517670322395,-250.51767032239513,-0.08020369876650572,0
06085511910,3427,3281,3582.4280643222387,-301.4280643222387,-0.08414071655037295,0
06085511911,2358,2151,2464.944667543577,-313.944667543577,-0.1273637788617934,0
06085512505,1861,1837,1945.4037431291758,-108.40374312917584,-0.05572300532063784,0
06085512602,1520,1745,1588.9380384504823,156.06196154951772,0.09821777676221277,1
06085506804,2630,2868,2749.2809481084005,118.71905189159952,0.04318185523137688,1
06085507301,3443,2672,3599.153727884875,-927.153727884875,-0.25760325842756876,0
06085507903,2492,2431,2605.022099880659,-174.02209988065897,-0.06680254263049486,0
06085507906,2432,2742,2542.3008615207714,199.69913847922862,0.07855055296632799,1
06085508102,2240,2396,2341.592898769132,54.40710123086819,0.023235081238701875,1
06085508401,2091,2405,2185.8351568420776,219.1648431579224,0.10026595211075043,1
06085508403,2503,2235,2616.520993579972,-381.5209935799721,-0.14581231892122834,0
06085508503,1539,1896,1608.7997639311131,287.20023606888685,0.17851832310511478,1
06085508601,1883,1952,1968.4015305278012,-16.401530527801242,-0.0083324109809056,0
06085509102,1830,2254,1912.9977699765673,341.00223002343273,0.17825542474501146,1
06085509105,1709,2042,1786.5099392841275,255.49006071587246,0.1430107132895381,1
06085509201,1620,2130,1693.4734357169614,436.5265642830386,0.25776995084556936,1
06085510002,2977,3108,3112.018776623083,-4.018776623082886,-0.0012913728712921665,0
06085510500,3015,2702,3151.7422275843446,-449.7422275843446,-0.14269638666771614,0
06085510900,2122,2399,2218.241129994686,180.75887000531384,0.08148747562252029,1
06085503217,1804,1730,1885.818566687283,-155.818566687283,-0.08262648880427621,0
06085503323,2511,2254,2624.8838253612903,-370.8838253612903,-0.14129532963625224,0
06085503324,2635,2287,2754.5077179717246,-467.50771797172456,-0.16972459903505835,0
06085503325,2264,2593,2366.6813941130868,226.31860588691325,0.09562698487842977,1
06085504001,1814,1629,1896.272106413931,-267.27210641393094,-0.14094607282884802,0
06085504201,2079,2474,2173.2909091701003,300.70909082989965,0.13836577954707838,1
06085504318,1128,1230,1179.1592811658843,50.840718834115705,0.04311607400812497,1
06085504411,2228,2243,2329.048651097154,-86.0486510971541,-0.036945836685987145,0
06085504418,1988,1737,2078.1636976576046,-341.16369765760464,-0.16416594036463353,0
06085504806,2479,2248,2591.4324982360167,-343.4324982360167,-0.13252612154466326,0
06085506401,1788,2124,1869.0929031246462,254.90709687535377,0.1363801106136641,1
06085506501,1272,1601,1329.690253229614,271.309746770386,0.20403981010721572,1
06085512033,2321,2184,2426.26657055498,-242.2665705549798,-0.09985158823647486,0
06085512035,2733,2522,2856.952407292874,-334.9524072928739,-0.11724115754880932,0
06085512052,1873,2049,1957.9479908011535,91.05200919884646,0.04650379357706523,1
06085512053,2104,1861,2199.4247584867203,-338.4247584867203,-0.15386966850349004,0
06085512311,1834,1716,1917.1791858672266,-201.17918586722658,-0.10493499373989092,0
06085512312,2936,2408,3069.159263743826,-661.1592637438262,-0.2154203177248384,0
06085512310,1464,1599,1530.398215981254,68.601784018746,0.04482610035895802,1
06085512314,1588,1651,1660.0221085916878,-9.022108591687811,-0.005434932790950533,0
06085512313,1803,1789,1884.773212714618,-95.77321271461801,-0.050814183939232094,0
06085512509,2822,1972,2949.9889108600396,-977.9889108600396,-0.3315229109030504,0
06085512510,1987,1789,2077.1183436849396,-288.11834368493965,-0.138710605758649,0
06085512603,1048,1359,1095.5309633527008,263.46903664729916,0.24049437712010754,1
06085512604,1263,1460,1320.282067475631,139.71793252436896,0.10582430524979299,1
06085513000,1322,1529,1381.9579518628536,147.04204813714637,0.10640124610082125,1
06085513500,1192,1404,1246.0619354164307,157.93806458356926,0.12674977069320936,1
06085503327,2541,2323,2656.244444541234,-333.24444454123386,-0.1254569944517246,0
06085503510,1686,1653,1762.4667979128376,-109.46679791283759,-0.06210999154280309,0
06085501200,1365,1490,1426.9081726874397,63.091827312560326,0.04421575860325556,1
06085501700,1303,1565,1362.0962263822225,202.90377361777746,0.14896434604822106,1
06085502201,1401,1678,1464.5409157033723,213.45908429662768,0.14575153347225542,1
06085503321,2681,2517,2802.5940007143045,-285.59400071430446,-0.1019034511033401,0
06085505303,1350,1698,1411.227863097468,286.7721369025321,0.20320753607649392,1
06085505401,1672,2103,1747.8318422955306,355.1681577044694,0.2032049932435183,1
06085505900,1482,1766,1549.21458748922,216.7854125107799,0.13993246272107437,1
06085506604,2540,2320,2655.199090568569,-335.19909056856886,-0.12624254495989273,0
06085507100,1622,1839,1695.564143662291,143.43585633770908,0.0845947685753123,1
06085507203,2145,2448,2242.2842713659766,205.71572863402344,0.09174382180752823,1
06085507205,3260,2564,3407.8539508872186,-843.8539508872186,-0.2476203390898032,0
06085507206,4001,3448,4182.461244631829,-734.4612446318288,-0.17560503293951776,0
06085507402,2752,3059,2876.8141327735043,182.1858672264957,0.06332903650290829,1
06085508304,1493,1748,1560.7134811885328,187.2865188114672,0.12000057734417888,1
06085508404,2294,2156,2398.0420132930303,-242.04201329303032,-0.10093318296815589,0
06085509106,1485,1713,1552.3506494072146,160.64935059278537,0.10348779810420501,1
06085509600,2049,2329,2141.930289990157,187.06971000984322,0.08733697398280077,1
06113010302,2119,1823,2215.105068076692,-392.1050680766921,-0.17701420746472532,0
06113010310,2159,1809,2256.919226983284,-447.9192269832838,-0.19846489038156498,0
06113010312,1627,1483,1700.790913525615,-217.790913525615,-0.12805272640723978,0
06113010401,1388,1404,1450.9513140587298,-46.95131405872985,-0.03235898655165311,0
06113010402,2236,2459,2337.4114828784727,121.58851712152727,0.0520184477624768,1
06113010511,1804,1546,1885.818566687283,-339.818566687283,-0.18019685068867689,0
06113010512,1667,1464,1742.6050724322065,-278.6050724322065,-0.15987849274612118,0
06113010513,1320,1242,1379.8672439175239,-137.86724391752387,-0.09991341161640353,0
06113011500,1166,1152,1218.8827321271463,-66.88273212714626,-0.05487216314109655,0
06113010204,856,768,894.823000601061,-126.82300060106104,-0.1417297057807777,0
06113011103,1510,1258,1578.4844987238343,-320.48449872383435,-0.2030330351567837,0
06113011101,1061,1131,1109.120564997343,21.87943500265692,0.019726831954206287,1
06113010509,1317,1387,1376.7311819995296,10.268818000470446,0.007458840283951639,1
06113011204,1396,1384,1459.314145840048,-75.31414584004801,-0.05160927553175587,0
06113011102,1067,1081,1115.392688833332,-34.39268883333193,-0.030834601282267393,0
06113010101,935,951,977.4059644415796,-26.405964441579613,-0.02701637334151742,0
06113010201,1006,1081,1051.6260965007798,29.373903499220205,0.02793188909723716,1
06113011400,837,1011,874.96127512043,136.03872487957005,0.15547970950010975,1
06113010505,1677,1405,1753.0586121588544,-348.05861215885443,-0.19854362526431882,0
06113010510,1620,1615,1693.4734357169614,-78.47343571696138,-0.04633874618986172,0
06113010703,1225,1346,1280.5586165143689,65.44138348563115,0.05110377818061938,1
06113010605,2467,2189,2578.888250564039,-389.888250564039,-0.15118462402500962,0
06113010902,897,895,937.6825134803175,-42.68251348031754,-0.04551915266276688,0
06113011002,1304,1371,1363.1415803548875,7.858419645112463,0.005764932827495849,1
06113011203,1333,1453,1393.4568455621663,59.543154437833664,0.04273053351272748,1
06113010102,1020,878,1066.2610521180868,-188.2610521180868,-0.17656187642239526,0
06113010501,978,1232,1022.3561852661654,209.64381473383457,0.20505946729246308,1
06113010701,1140,1127,1191.7035288378615,-64.70352883786154,-0.054294988033609194,0
06113011206,2127,1965,2223.4678998580102,-258.46789985801024,-0.11624539300725498,0
06113010203,689,732,720.248887166041,11.751112833959041,0.01631535021205805,1
06113010606,1386,1442,1448.8606061134,-6.860606113400081,-0.004735173338589007,0
06113010608,1660,1742,1735.2875946235529,6.712405376447123,0.0038681803507638677,1
06113011205,1689,1604,1765.602859830832,-161.6028598308319,-0.09152843117070823,0
06113010508,1556,1428,1626.5707814664147,-198.5707814664147,-0.12207939779134339,0
06113010607,1777,1729,1857.5940094253335,-128.59400942533352,-0.06922611118083626,0
06113010704,1186,1387,1239.7898115804421,147.21018841955788,0.11873802078749084,1
06113010800,1146,1056,1197.9756526738504,-141.9756526738504,-0.1185129700732769,0
06113011001,860,864,899.0044164917202,-35.004416491720235,-0.03893686821731273,0
06113011300,1417,1386,1481.2665792660086,-95.26657926600865,-0.06431427036800814,0
06113010602,1113,1144,1163.4789715759125,-19.47897157591251,-0.016742005701683268,0
06113010901,1078,1150,1126.8915825326446,23.108417467355366,0.02050633603582352,1
06079011501,888,909,928.2743277263344,-19.274327726334377,-0.02076361173700008,0
06079012704,1780,1550,1860.7300713433278,-310.73007134332784,-0.1669936312250818,0
06079011600,1646,1587,1720.6526390062459,-133.65263900624586,-0.07767554936796323,0
06079012401,1677,1385,1753.0586121588544,-368.05861215885443,-0.20995225693315414,0
06079010300,1761,1652,1840.8683458626967,-188.86834586269674,-0.10259742163918098,0
06079010701,1441,1477,1506.3550746099638,-29.355074609963822,-0.019487486784989686,0
06079011101,1087,1076,1136.2997682866278,-60.299768286627796,-0.05306677865256537,0
06079011102,1231,1320,1286.8307403503577,33.1692596496423,0.02577593043869274,1
06079011800,1916,1653,2002.8982116257393,-349.89821162573935,-0.174695952892049,0
06079011902,1469,1203,1535.6249858445779,-332.62498584457785,-0.21660560938427134,0
06079011503,2314,2097,2418.949092746326,-321.9490927463262,-0.13309461274391887,0
06079011504,1572,2074,1643.2964450290515,430.7035549709485,0.2620972961231801,1
06079011701,1694,1710,1770.8296296941558,-60.829629694155756,-0.03435092155345389,0
06079011704,1287,1378,1345.370562819586,32.629437180414016,0.024253122583587864,1
06079012102,1184,1219,1237.6991036351124,-18.69910363511235,-0.015107956029210359,0
06079012304,1735,1642,1813.6891425734123,-171.68914257341225,-0.09466293784490847,0
06079012505,1814,1591,1896.272106413931,-305.27210641393094,-0.1609853909580707,0
06079012900,1301,1607,1360.005518436893,246.994481563107,0.18161285245885422,1
06079013000,1143,1199,1194.839590755856,4.160409244143921,0.003481981411004337,1
06079010403,1368,1294,1430.044234605434,-136.04423460543399,-0.09513288562222007,0
06079010404,1600,1345,1672.5663562636655,-327.5663562636655,-0.19584655343385823,0
06079010504,1269,1170,1326.55419131162,-156.5541913116199,-0.11801567726142283,0
06079010602,1121,1153,1171.8418033572307,-18.841803357230674,-0.01607879434173662,0
06079010603,1110,1092,1160.342909657918,-68.34290965791797,-0.05889889022380998,0
06079010707,1328,1419,1388.2300756988425,30.769924301157516,0.022164859298029378,1
06079011001,1182,1184,1235.608395689783,-51.60839568978304,-0.04176759875524515,0
06079010703,1328,1350,1388.2300756988425,-38.230075698842484,-0.027538717369739493,0
06079010901,867,857,906.3218943003739,-49.321894300373856,-0.054419842012585824,0
06079012502,1233,1330,1288.9214482956872,41.07855170431276,0.0318704850156928,1
06079012402,1643,1475,1717.5165770882513,-242.51657708825132,-0.14120188435059866,0
06079012302,1724,1849,1802.1902488740998,46.80975112590022,0.02597381222939373,1
06079012702,1356,1469,1417.4999869334565,51.50001306654349,0.03633157921782832,1
06079010201,1966,1923,2055.165910258979,-132.16591025897878,-0.06430911956997383,0
06079010902,1413,1576,1477.0851633753496,98.91483662465043,0.06696623801881266,1
06079012000,1315,1227,1374.6404740542002,-147.64047405420024,-0.1074029732434453,0
06079012800,859,1047,897.9590625190555,149.04093748094454,0.16597743004323404,1
06079011901,1232,1274,1287.8760943230225,-13.876094323022471,-0.010774401655709356,0
06079012200,1061,1056,1109.120564997343,-53.12056499734308,-0.047894310748327285,0
06079012503,1100,1218,1149.88936993127,68.11063006872996,0.05923233299634816,1
06079010202,1484,1435,1551.3052954345499,-116.30529543454986,-0.07497253814373821,0
06079011103,1273,1176,1330.735607202279,-154.73560720227897,-0.11627824968747404,0
06079012600,1556,1467,1626.5707814664147,-159.5707814664147,-0.09810257462177922,0
06079011200,1474,1517,1540.851755707902,-23.85175570790193,-0.015479591478898564,0
06079011300,1635,1624,1709.1537453069332,-85.15374530693316,-0.04982216815821978,0
06079010002,1424,1647,1488.5840570746623,158.41594292533773,0.10642055594539539,1
06079010016,1570,1471,1641.2057370837217,-170.20573708372171,-0.10370773952214081,0
06079010101,1315,1441,1374.6404740542002,66.35952594579976,0.04827409580782014,1
06079010503,1452,1355,1517.8539683092763,-162.8539683092763,-0.10729225057841227,0
06079010102,1010,960,1055.8075123914389,-95.80751239143888,-0.09074335166874471,0
06079010204,1102,1239,1151.9800778765996,87.01992212340042,0.07553943318516487,1
06079010205,1448,1520,1513.6725524186172,6.327447581382785,0.004180195757181758,1
06079011002,1271,1390,1328.6448992569492,61.3551007430508,0.046178704917592295,1
06107002203,1250,1095,1306.6924658309886,-211.69246583098857,-0.16200634148170676,0
06107003501,1386,1458,1448.8606061134,9.139393886599919,0.006307987012716524,1
06107002204,945,979,987.8595041682274,-8.859504168227431,-0.008968384806589564,0
06107003502,1343,1351,1403.9103852888143,-52.91038528881427,-0.037687865153821394,0
06107002009,1135,969,1186.4767589745377,-217.4767589745377,-0.1832962654595115,0
06107002601,691,635,722.3395951113705,-87.3395951113705,-0.12091209688969695,0
06107003802,661,641,690.9789759314268,-49.97897593142682,-0.07233067527714007,0
06107003901,813,817,849.872779776475,-32.872779776475,-0.03867964777636586,0
06107001602,828,810,865.5530893664469,-55.5530893664469,-0.06418218599058981,0
06107004400,591,736,617.8041978448915,118.19580215510848,0.19131595830428982,1
06107000302,658,731,687.8429140134324,43.15708598656761,0.06274264822291216,1
06107003602,859,831,897.9590625190555,-66.95906251905546,-0.07456805695708933,0
06107002302,1161,1027,1213.6559622638222,-186.65596226382218,-0.15379643660766465,0
06107001200,792,664,827.9203463505144,-163.92034635051436,-0.19799047948643583,0
06107002500,1291,903,1349.551978710245,-446.55197871024507,-0.33088905485286374,0
06107003001,761,783,795.5143731979058,-12.514373197905797,-0.01573117170416292,0
06107000900,821,850,858.2356115577934,-8.23561155779339,-0.009595979759969219,0
06107002006,1360,1451,1421.6814028241158,29.31859717588418,0.020622480618824938,1
06107003002,1078,1043,1126.8915825326446,-83.89158253264463,-0.07444512305620528,0
06107002304,771,822,805.9679129245537,16.03208707544627,0.019891718787255278,1
06107000600,704,746,735.9291967560129,10.070803243987143,0.01368447302862748,1
06107000701,860,841,899.0044164917202,-58.004416491720235,-0.06452072473467593,0
06107004200,743,772,776.6980016899397,-4.6980016899397015,-0.006048685177144512,0
06107004300,702,715,733.8384888106832,-18.838488810683202,-0.025671164837939135,0
06107000202,657,737,686.7975600407677,50.202439959232265,0.07309641571273534,1
06107001004,1035,972,1081.9413617080586,-109.9413617080586,-0.1016148985509662,0
06107001703,1305,1257,1364.186934327552,-107.18693432755208,-0.07857202823921465,0
06107001704,1232,1295,1287.8760943230225,7.123905676977529,0.005531514800515216,1
06107002303,1058,1236,1105.9845030793488,130.01549692065123,0.11755634600544063,1
06107002400,1456,1500,1522.0353841999356,-22.035384199935606,-0.014477576821591832,0
06107002602,906,871,947.0906992343006,-76.09069923430059,-0.08034151248219208,0
06107003100,697,803,728.6117189473593,74.38828105264065,0.10209591627226496,1
06107003400,764,772,798.6504351159002,-26.650435115900223,-0.03336933650080928,0
06107003601,1004,929,1049.53538855545,-120.53538855545003,-0.11484642620898322,0
06107000100,1096,1147,1145.707954040611,1.2920459593890428,0.0011277271444545148,1
06107000201,671,795,701.4325156580747,93.56748434192525,0.13339484876052754,1
06107000401,1090,1069,1139.435830204622,-70.4358302046221,-0.061816408030606784,0
06107001005,1391,1374,1454.0873759767242,-80.08737597672416,-0.05507741646056773,0
06107001502,972,892,1016.0840614301768,-124.0840614301768,-0.12211987781357754,0
06107002008,865,777,904.2311863550441,-127.23118635504409,-0.14070647891266944,0
06107003700,909,912,950.226761152295,-38.22676115229501,-0.04022909342811944,0
06107003902,774,913,809.1039748425482,103.89602515745185,0.12840874397838675,1
06107004102,884,860,924.0929118356752,-64.09291183567518,-0.06935764901427181,0
06107002700,751,864,785.060833471258,78.93916652874202,0.10055165557005473,1
06107002800,676,719,706.6592855213986,12.340714478601399,0.017463457611677707,1
06107004101,709,769,741.1559666193368,27.844033380663177,0.0375683859197265,1
06107004500,758,780,792.3783112799116,-12.3783112799116,-0.015621718948764738,0
06107000402,872,995,911.5486641636976,83.4513358363024,0.09154896399619544,1
06107000501,763,828,797.6050811432356,30.394918856764434,0.03810772972157891,1
06107000502,1033,1076,1079.850653762729,-3.8506537627290527,-0.0035659132578301335,0
06107001100,690,740,721.2942411387058,18.705758861294157,0.02593360350661252,1
06107001301,1332,1014,1392.4114915895016,-378.41149158950157,-0.271766998387472,0
06107001400,988,910,1032.8097249928135,-122.80972499281347,-0.11890837394435651,0
06107001800,961,913,1004.5851677308641,-91.5851677308641,-0.09116715105174682,0
06107001902,1270,1092,1327.5995452842844,-235.59954528428443,-0.17746280956569213,0
06107002202,725,801,757.8816301819735,43.11836981802651,0.056893277394351724,1
06107002903,1089,1086,1138.3904762319573,-52.39047623195734,-0.0460215341974473,0
06107003801,701,816,732.7931348380184,83.20686516198157,0.11354755006046034,1
06107002904,1143,1074,1194.839590755856,-120.83959075585608,-0.10113457211391272,0
06107000301,770,839,804.9225589518891,34.07744104811093,0.04233629765885064,1
06107001302,1183,1040,1236.6537496624478,-196.6537496624478,-0.15902086555442513,0
06107001601,793,765,828.9657003231792,-63.96570032317925,-0.07716326537785784,0
06107002002,1010,1022,1055.8075123914389,-33.80751239143888,-0.032020526464017804,0
06107002003,1068,1041,1116.4380428059967,-75.4380428059967,-0.06757029043581737,0
06107003200,696,701,727.5663649746945,-26.566364974694466,-0.03651400924178026,0
06107003300,874,817,913.6393721090274,-96.63937210902736,-0.10577408883545257,0
06107000702,645,703,674.2533123687901,28.746687631209852,0.04263484821485985,1
06107000800,839,819,877.0519830657596,-58.0519830657596,-0.06618990001349438,0
06107001003,1637,1474,1711.244453252263,-237.24445325226293,-0.13863855207908718,0
06107001006,1052,1104,1099.7123792433601,4.287620756639853,0.0038988564988146116,1
06107001701,822,844,859.2809655304582,-15.280965530458161,-0.017783433060250316,0
06107001901,1214,1123,1269.0597228150564,-146.05972281505638,-0.11509286772655858,0
06107001501,942,1015,984.7234422502331,30.27655774976688,0.03074625468505212,1
06107002004,1327,1134,1387.1847217261775,-253.1847217261775,-0.1825169480032341,0
06107002007,1386,1266,1448.8606061134,-182.86060611340008,-0.12620993720294985,0
06107002100,890,982,930.3650356716639,51.63496432833608,0.05549968275738022,1
06107002901,665,872,695.160391822086,176.839608177914,0.2543867721151365,1
06073019809,1786,1875,1867.0021951793167,7.997804820683314,0.004283768300505486,1
06073020026,1516,1686,1584.7566225598232,101.2433774401768,0.06388575759768118,1
06073020027,2397,2547,2505.7134724775037,41.28652752249627,0.01647695475798937,1
06073017056,1992,1962,2082.3451135482637,-120.34511354826373,-0.057793068384903154,0
06073018614,1176,1069,1229.3362718537942,-160.3362718537942,-0.1304250720691849,0
06073020028,1090,1115,1139.435830204622,-24.435830204622107,-0.021445551874767595,0
06073020029,1058,1114,1105.9845030793488,8.01549692065123,0.0072473862864569985,1
06073020213,1039,1127,1086.122777598718,40.8772224012821,0.03763591303338334,1
06073020214,1006,1038,1051.6260965007798,-13.626096500779795,-0.012957168470923059,0
06073002709,1016,1100,1062.0796362274275,37.9203637725725,0.03570387989667891,1
06073002803,1194,1214,1248.1526433617603,-34.15264336176028,-0.027362553405145974,0
06073002902,1178,1425,1231.4269797991237,193.57302020087627,0.15719407108690509,1
06073003115,1289,1236,1347.4612707649155,-111.46127076491553,-0.08271946154091844,0
06073003202,1273,1316,1330.735607202279,-14.73560720227897,-0.01107327941217333,0
06073003502,886,1026,926.1836197810047,99.81638021899528,0.10777169676418676,1
06073003602,1204,1170,1258.6061830884082,-88.60618308840822,-0.07040024455543634,0
06073004100,1014,1124,1059.988928282098,64.01107171790204,0.060388434265670546,1
06073005100,1145,1276,1196.9302987011856,79.06970129881438,0.06606040584369414,1
06073006100,1480,1467,1547.1238795438906,-80.12387954389055,-0.051788923048303,0
06073007100,2020,2162,2111.6150247828778,50.384975217122246,0.023860871714673923,1
06073007302,1706,2315,1783.3738773661332,531.6261226338668,0.29810132882456813,1
06073008102,2612,2499,2730.4645766004337,-231.4645766004337,-0.08477113330238431,0
06073008333,2958,3006,3092.1570511424516,-86.15705114245156,-0.027863090301516003,0
06073002708,923,902,964.861716769602,-62.861716769602026,-0.06515101146314077,0
06073009704,1573,1660,1644.341799001716,15.658200998283974,0.009522473373717135,1
06073008800,1250,1219,1306.6924658309886,-87.69246583098857,-0.06711025595086807,0
06073009106,1276,1438,1333.8716691202733,104.12833087972672,0.0780647293816521,1
06073008311,2993,3860,3128.744440185719,731.2555598142808,0.23372172888971213,1
06073013606,1692,1779,1768.7389217488262,10.261078251173785,0.005801352661492985,1
06073013802,1213,1361,1268.0143688423914,92.98563115760862,0.07333168569887581,1
06073013905,1968,2172,2057.256618204309,114.74338179569122,0.055774948433922555,1
06073014200,1587,1622,1658.9767546190233,-36.97675461902327,-0.022288892545402072,0
06073014300,1339,1361,1399.7289693981552,-38.728969398155186,-0.027668906084588343,0
06073015200,2525,1758,2639.518780978597,-881.5187809785971,-0.33396950509735546,0
06073021900,960,861,1003.5398137581993,-142.53981375819933,-0.14203702912831714,0
06073022000,1076,1120,1124.800874587315,-4.800874587315093,-0.004268199550499562,0
06073022100,2004,2349,2094.889361220241,254.11063877975903,0.12130026696576637,1
06073000202,1554,1454,1624.4800735210852,-170.48007352108516,-0.10494439193185486,0
06073002712,984,995,1028.6283091021544,-33.62830910215439,-0.032692381499306686,0
06073003305,840,909,878.0973370384244,30.90266296157563,0.03519275330659996,1
06073020308,1128,1180,1179.1592811658843,0.8407188341157052,0.0007129815687702948,1
06073020309,1474,1556,1540.851755707902,15.14824429209807,0.009831084811360472,1
06073020810,2596,2313,2713.7389130377974,-400.7389130377974,-0.14767040083056648,0
06073020811,2417,2097,2526.6205519307996,-429.6205519307996,-0.17003762262698727,0
06073021205,1448,1422,1513.6725524186172,-91.67255241861722,-0.060563001074531275,0
06073021206,2396,2334,2504.668118504839,-170.66811850483919,-0.0681400131394332,0
06073021400,1598,1737,1670.4756483183357,66.52435168166426,0.039823598595187054,1
06073021500,3746,3597,3915.895981602307,-318.8959816023071,-0.08143627489099471,0
06073021600,2122,2377,2218.241129994686,158.75887000531384,0.07156970802614869,1
06073021800,1588,2285,1660.0221085916878,624.9778914083122,0.3764876914431726,1
06073019301,2465,2052,2576.7975426187095,-524.7975426187095,-0.2036626991212418,0
06073019502,1181,1176,1234.563041717118,-58.56304171711804,-0.04743625050986817,0
06073020014,2314,2228,2418.949092746326,-190.9490927463262,-0.07893886370693909,0
06073020107,1703,1903,1780.2378154481391,122.76218455186086,0.06895830629289151,1
06073011902,1539,1433,1608.7997639311131,-175.79976393111315,-0.10927386233669331,0
06073013909,1405,1574,1468.7223315940314,105.2776684059686,0.07167976283965724,1
06073016302,1145,1210,1196.9302987011856,13.06970129881438,0.010919350369020309,1
06073010112,1278,1221,1335.9623770656028,-114.96237706560282,-0.08605210673530633,0
06073002301,980,1039,1024.446893211495,14.55310678850492,0.014205818656819783,1
06073003404,1142,1258,1193.7942367831913,64.20576321680869,0.053782939503727305,1
06073018903,965,1255,1008.7665836215233,246.2334163784767,0.24409354986213583,1
06073020208,1761,1635,1840.8683458626967,-205.86834586269674,-0.11183219393466157,0
06073008337,2450,2506,2561.1172330287377,-55.1172330287377,-0.021520777072573483,0
06073010005,729,824,762.0630460726326,61.936953927367426,0.08127536723708839,1
06073012402,1088,1100,1137.3451222592926,-37.345122259292566,-0.03283534744942495,0
06073013801,1526,1589,1595.2101622864711,-6.210162286471132,-0.003893005720055022,0
06073013906,1170,1207,1223.0641480178053,-16.064148017805337,-0.0131343462596301,0
06073010110,1358,1244,1419.590694878786,-175.59069487878605,-0.12369107201972689,0
06073016807,1563,1834,1633.888259275068,200.1117407249319,0.12247578106333815,1
06073017020,2710,2389,2832.9092659215835,-443.9092659215835,-0.1566973115805648,0
06073017501,1980,2091,2069.800865876286,21.199134123713975,0.010242112887869024,1
06073007701,1429,1859,1493.8108269379863,365.18917306201365,0.24446815251070209,1
06073007702,1390,1502,1453.0420220040594,48.95797799594061,0.0336934357400187,1
06073007907,1310,1462,1369.413704190876,92.58629580912407,0.06761017180255917,1
06073000201,1593,1556,1665.248878455012,-109.24887845501189,-0.0656051355857216,0
06073007905,1497,1500,1564.8948970791919,-64.89489707919188,-0.04146917291398635,0
06073002711,1578,1658,1649.56856886504,8.431431134959894,0.005111294731301172,1
06073003304,865,993,904.2311863550441,88.76881364495591,0.09817048447840314,1
06073007908,1389,1507,1451.9966680313946,55.00333196860538,0.03788116955060128,1
06073007910,1371,1356,1433.1802965234283,-77.1802965234283,-0.053852468325618394,0
06073008363,1595,1681,1667.3395864003414,13.660413599658568,0.008192940245094496,1
06073008364,1828,1772,1910.907062031238,-138.90706203123796,-0.07269168908904645,0
06073008003,1666,1738,1741.5597184595417,-3.5597184595417275,-0.002043983000876018,0
06073008006,1612,1819,1685.110603935643,133.88939606435702,0.07945436682414377,1
06073008361,1619,1718,1692.4280817442964,25.571918255703622,0.015109604083943108,1
06073008362,1930,2056,2017.5331672430466,38.46683275695341,0.019066270325319226,1
06073008365,2509,2831,2622.7931174159603,208.2068825840397,0.07938364684637048,1
06073008366,2583,2783,2700.149311393155,82.85068860684487,0.03068374339791515,1
06073009305,2115,2145,2210.9236521860325,-65.92365218603254,-0.029817244987564846,0
06073009306,2030,2004,2122.0685645095255,-118.06856450952546,-0.05563843057861549,0
06073009510,2204,2272,2303.960155753199,-31.96015575319916,-0.013871835271713241,0
06073009511,2206,2257,2306.050863698529,-49.050863698529156,-0.021270503817014504,0
06073012501,904,800,944.999991288971,-144.99999128897105,-0.1534391456355385,0
06073012502,919,976,960.680300878943,15.319699121057056,0.015946719326961113,1
06073014805,1270,1429,1327.5995452842844,101.40045471571557,0.07637879590716662,1
06073014806,950,1099,993.0862740315514,105.9137259684486,0.10665108232588824,1
06073014902,1167,1153,1219.928086099811,-66.92808609981103,-0.054862320871539604,0
06073020021,1481,1405,1548.1692335165556,-143.16923351655555,-0.09247647506297285,0
06073020202,1146,1166,1197.9756526738504,-31.97565267385039,-0.02669140445590991,0
06073020500,1417,1378,1481.2665792660086,-103.26657926600865,-0.06971505380022744,0
06073009703,1860,1925,1944.3583891565113,-19.358389156511294,-0.009956183625647956,0
06073010012,1077,1142,1125.8462285599799,16.153771440020137,0.014348115248990718,1
06073011802,999,1106,1044.3086186921262,61.691381307873826,0.05907389846608278,1
06073002705,1457,1477,1523.0807381726004,-46.08073817260038,-0.030254954328874428,0
06073003211,1711,1731,1788.6006472294573,-57.60064722945731,-0.03220430861337366,0
06073006500,957,982,1000.4037518402049,-18.403751840204905,-0.018396324290419642,0
06073008511,1702,1955,1779.1924614754741,175.80753852452585,0.09881310894198016,1
06073012700,1067,1056,1115.392688833332,-59.39268883333193,-0.05324823214993003,0
06073018519,1442,1338,1507.4004285826284,-169.40042858262836,-0.11237918297655748,0
06073018904,1225,1147,1280.5586165143689,-133.55861651436885,-0.10429715187728794,0
06073019105,2156,2063,2253.7831650652893,-190.78316506528927,-0.08465018641656351,0
06073019207,1198,1221,1252.3340592524196,-31.334059252419593,-0.025020527886245023,0
06073000300,1403,1464,1466.6316236487016,-2.631623648701634,-0.0017943317232957604,0
06073000800,1109,1181,1159.297555685253,21.702444314747027,0.0187203399233589,1
06073002201,955,1029,998.3130438948754,30.686956105124636,0.030738811130225044,1
06073009802,1272,1550,1329.690253229614,220.30974677038603,0.16568501290829754,1
06073017033,2030,2125,2122.0685645095255,2.9314354904745414,0.0013814047008194033,1
06073017304,1922,1880,2009.1703354617282,-129.1703354617282,-0.06429038552972838,0
06073018608,2039,1788,2131.4767502635086,-343.4767502635086,-0.16114496685035176,0
06073017010,2146,2070,2243.329625338641,-173.3296253386411,-0.07726444806900644,0
06073021202,1042,1345,1089.2588395167122,255.74116048328779,0.23478456286547678,1
06073019302,1542,1574,1611.9358258491075,-37.93582584910746,-0.02353432763312664,0
06073020103,2453,2228,2564.253294946732,-336.2532949467318,-0.13113107648506186,0
06073020801,2180,2259,2278.871660409244,-19.871660409244214,-0.008719955912600897,0
06073002801,1464,1425,1530.398215981254,-105.398215981254,-0.06886979799154773,0
06073008335,3117,2722,3258.3683327961535,-536.3683327961535,-0.16461255389622312,0
06073008336,2500,2391,2613.384931661977,-222.38493166197713,-0.08509459474098668,0
06073008344,2104,2190,2199.4247584867203,-9.424758486720293,-0.0042851015704692035,0
06073008348,1965,1788,2054.1205562863142,-266.12055628631424,-0.1295544974085839,0
06073008501,1640,1715,1714.380515170257,0.6194848297429871,0.00036134616805386723,1
06073008513,2196,2142,2295.5973239718805,-153.59732397188054,-0.06690952388205607,0
06073016402,1108,1219,1158.2522017125882,60.7477982874118,0.05244781593990522,1
06073015301,1172,1195,1225.154855963135,-30.154855963135105,-0.024613097533233354,0
06073015405,1758,1804,1837.7322839447024,-33.73228394470243,-0.01835538518825816,0
06073015602,2566,2385,2682.378293857854,-297.3782938578538,-0.11086366697001487,0
06073015704,1150,1191,1202.1570685645095,-11.157068564509473,-0.00928087423537099,0
06073016100,1521,1526,1589.983392423147,-63.98339242314705,-0.040241547633800036,0
06073016301,1128,1138,1179.1592811658843,-41.159281165884295,-0.03490561608028763,0
06073016605,1360,1256,1421.6814028241158,-165.68140282411582,-0.11653905192471115,0
06073016606,2037,1904,2129.386042318179,-225.38604231817908,-0.105845552586045,0
06073016607,1333,1818,1393.4568455621663,424.54315443783366,0.30466903642542226,1
06073016612,2094,2084,2188.971218760072,-104.97121876007213,-0.04795459065904593,0
06073016802,1784,1288,1864.9114872339871,-576.9114872339871,-0.30935059984517277,0
06073016806,1150,1268,1202.1570685645095,65.84293143549053,0.054770656145717536,1
06073017030,2919,2811,3051.3882462085244,-240.38824620852438,-0.07877996073007644,0
06073017031,1956,1869,2044.7123705323309,-175.71237053233085,-0.08593500634350101,0
06073017042,2776,2660,2901.9026281174597,-241.9026281174597,-0.08336000862799048,0
06073017044,2658,2530,2778.5508593430145,-248.5508593430145,-0.08945341364087325,0
06073017045,2966,2813,3100.5198829237697,-287.5198829237697,-0.09273279765348268,0
06073018700,1866,1950,1950.6305129925,-0.6305129924999164,-0.0003232354811945571,0
06073018803,1668,1763,1743.6504264048715,19.349573595128504,0.011097163343127344,1
06073019106,2021,2121,2112.6603787555423,8.339621244457703,0.003947450015307306,1
06073019601,1362,1450,1423.7721107694451,26.227889230554865,0.018421409600712434,1
06073008200,1690,2244,1766.6482138034967,477.3517861965033,0.2702019465260665,1
06073008301,2325,2467,2430.447986445639,36.55201355436111,0.015039208309829287,1
06073008305,1034,1090,1080.8960077353938,9.103992264606177,0.00842263473956216,1
06073008307,1914,1614,2000.8075036804098,-386.8075036804098,-0.19332569623459128,0
06073008324,2542,2392,2657.2897985138984,-265.2897985138984,-0.09983472584069038,0
06073013310,2471,2258,2583.0696664546986,-325.06966645469856,-0.12584626372112584,0
06073013314,2847,2462,2976.1227601766595,-514.1227601766595,-0.17274917790895888,0
06073013420,1966,1902,2055.165910258979,-153.16591025897878,-0.07452727271039533,0
06073013421,2282,2225,2385.497765621053,-160.49776562105308,-0.06728061871785834,0
06073014901,1205,1345,1259.651537061073,85.34846293892701,0.0677556136977817,1
06073016503,1334,1381,1394.502199534831,-13.502199534831107,-0.009682451228355956,0
06073016504,1155,1211,1207.3838384278336,3.6161615721664475,0.0029950389073247386,1
06073017051,1862,1872,1946.4490971018406,-74.44909710184061,-0.038248674066376234,0
06073017053,3800,3185,3972.3450961262056,-787.3450961262056,-0.19820662028936442,0
06073017054,2509,2225,2622.7931174159603,-397.7931174159603,-0.1516677448840783,0
06073017052,1755,1676,1834.5962220267081,-158.59622202670812,-0.08644748098930691,0
06073017055,2506,2305,2619.657055497966,-314.6570554979662,-0.12011383506767973,0
06073017109,2469,2657,2580.978958509369,76.02104149063098,0.02945434376363011,1
06073017110,2772,3290,2897.7212122268,392.27878777319984,0.13537492361859993,1
06073017813,2020,1890,2111.6150247828778,-221.61502478287775,-0.10495048679892058,0
06073018613,1607,1676,1679.8838340723191,-3.8838340723191322,-0.0023119658595106957,0
06073019808,1385,1578,1447.8152521407355,130.18474785926446,0.08991806631873346,1
06073016502,1281,1263,1339.0984389835971,-76.09843898359713,-0.056828114176099995,0
06073002702,1351,1447,1412.2732170701324,34.72678292986757,0.024589280962157525,1
06073001000,1124,1228,1174.977865275225,53.022134724775015,0.04512607113016141,1
06073001300,1087,1254,1136.2997682866278,117.7002317133722,0.103582025622382,1
06073001500,1183,1278,1236.6537496624478,41.34625033755219,0.033433974828312216,1
06073008339,1560,1674,1630.7521973570738,43.24780264292622,0.02652015598263,1
06073008347,1927,1987,2014.397105325052,-27.397105325052053,-0.013600647683928803,0
06073008354,2154,2181,2251.6924571199597,-70.69245711995973,-0.03139525422151981,0
06073008505,1263,1345,1320.282067475631,24.717932524368962,0.018721705863679158,1
06073017604,1689,1688,1765.602859830832,-77.6028598308319,-0.043952613351717885,0
06073018400,1104,1176,1154.0707858219291,21.92921417807088,0.019001619699135608,1
06073015501,1566,1319,1637.0243211930626,-318.02432119306263,-0.19426975951175035,0
06073015703,1010,969,1055.8075123914389,-86.80751239143888,-0.0822190705906392,0
06073017021,2942,2902,3075.4313875798152,-173.43138757981524,-0.05639254001250719,0
06073017034,1883,1952,1968.4015305278012,-16.401530527801242,-0.0083324109809056,0
06073017041,1879,2145,1964.2201146371422,180.77988536285784,0.09203646985167648,1
06073003004,1280,1237,1338.0530850109324,-101.05308501093236,-0.07552247825063438,0
06073003109,1930,1821,2017.5331672430466,-196.5331672430466,-0.09741260784902417,0
06073003112,1449,1425,1514.717906391282,-89.71790639128199,-0.05923076898524896,0
06073003213,2235,1777,2336.3661289058077,-559.3661289058077,-0.23941715383786022,0
06073003601,961,1117,1004.5851677308641,112.4148322691359,0.11190174400350363,1
06073003901,1085,1094,1134.2090603412983,-40.209060341298255,-0.03545118950927691,0
06073004501,1016,1148,1062.0796362274275,85.9203637725725,0.08089823101944309,1
06073004600,1126,1142,1177.0685732205545,-35.068573220554526,-0.0297931437627326,0
06073009201,1875,2073,1960.038698746483,112.96130125351692,0.05763217906144396,1
06073009706,1644,1864,1718.5619310609163,145.43806893908368,0.08462777297138235,1
06073010010,1099,1112,1148.8440159586053,-36.84401595860527,-0.03207051213811851,0
06073010104,1457,1550,1523.0807381726004,26.919261827399623,0.017674218544512278,1
06073010106,1066,1026,1114.3473348606672,-88.34733486066716,-0.07928168542864035,0
06073010300,1398,1397,1461.4048537853778,-64.40485378537778,-0.04407050764786655,0
06073010402,1051,1192,1098.6670252706954,93.33297472930462,0.08495110218340152,1
06073008328,3666,3647,3832.2676637891236,-185.26766378912362,-0.04834413460722149,0
06073008330,2359,2385,2465.990021516242,-80.990021516242,-0.032842801799515944,0
06073008346,2625,2664,2744.054178245076,-80.05417824507595,-0.02917368719602816,0
06073008352,1605,1661,1677.7931261269894,-16.793126126989364,-0.010009056459633105,0
06073009103,1636,1607,1710.199099279598,-103.19909927959793,-0.06034332454219476,0
06073009304,1744,1972,1823.0973283273952,148.9026716726048,0.08167565678416956,1
06073004800,868,963,907.3672482730385,55.63275172696149,0.06131227662541868,1
06073006600,2085,2211,2179.563033006089,31.436966993911028,0.01442351816297446,1
06073007002,2120,2369,2216.150422049357,152.84957795064292,0.06897075957926051,1
06073007502,1190,1365,1243.9712274711012,121.0287725288988,0.09729226034828882,1
06073009502,1636,1744,1710.199099279598,33.80090072040207,0.019764307404114712,1
06073008701,1426,1548,1490.674765019992,57.32523498000796,0.038455896836248615,1
06073009104,1889,2027,1974.67365436379,52.32634563620991,0.02649873082601523,1
06073009202,2116,2157,2211.9690061586975,-54.96900615869754,-0.024850712648165286,0
06073009506,1980,2057,2069.800865876286,-12.800865876286025,-0.006184588134697952,0
06073009602,1140,1468,1191.7035288378615,276.29647116213846,0.23185000671398553,1
06073009604,1315,1528,1374.6404740542002,153.35952594579976,0.11156337154361497,1
06073010001,1881,1584,1966.3108225824717,-382.3108225824717,-0.19443051332055447,0
06073010013,921,986,962.7710088242725,23.228991175727515,0.024127223361341713,1
06073010015,2074,2118,2168.0641393067763,-50.06413930677627,-0.023091632022834867,0
06073010111,1115,1143,1165.5696795212418,-22.569679521241824,-0.019363646736686158,0
06073010502,1122,1237,1172.8871573298954,64.11284267010456,0.054662413403910835,1
06073011000,1861,2095,1945.4037431291758,149.59625687082416,0.0768972802685159,1
06073011300,2750,3213,2874.723424828175,338.2765751718248,0.11767273757545697,1
06073012002,782,855,817.4668066238665,37.533193376133454,0.045914027422281935,1
06073012304,1515,1375,1583.7112685871582,-208.7112685871582,-0.1317861864892527,0
06073012900,1404,1400,1467.6769776213664,-67.6769776213664,-0.04611162991126908,0
06073002903,1291,1759,1349.551978710245,409.44802128975493,0.30339551773401185,1
06073003108,1515,1496,1583.7112685871582,-87.7112685871582,-0.055383370900306934,0
06073003207,1671,1620,1746.7864883228656,-126.78648832286558,-0.07258270496733492,0
06073003214,1640,1592,1714.380515170257,-122.38051517025701,-0.07138468623933425,0
06073003403,1142,1117,1193.7942367831913,-76.79423678319131,-0.06432786691123736,0
06073003603,1057,1138,1104.939149106684,33.060850893316,0.029920969783761287,1
06073004000,1067,1048,1115.392688833332,-67.39268883333193,-0.06042059402758208,0
06073004900,862,963,901.0951244370499,61.90487556295011,0.06869960105668595,1
06073006802,1326,1532,1386.1393677535127,145.86063224648728,0.10522797031793461,1
06073006900,1676,2144,1752.0132581861897,391.98674181381034,0.22373503167414568,1
06073007301,1326,1516,1386.1393677535127,129.86063224648728,0.09368511945299535,1
06073007400,1338,1549,1398.6836154254902,150.3163845745098,0.10746989734971796,1
06073007501,1322,1315,1381.9579518628536,-66.95795186285363,-0.048451511692230255,0
06073020306,1806,1802,1887.9092746326123,-85.90927463261232,-0.045504980449513545,0
06073020403,1572,1827,1643.2964450290515,183.70355497094852,0.11178966249616688,1
06073020405,2594,2537,2711.648205092468,-174.64820509246783,-0.06440666040841102,0
06073020602,1247,1301,1303.5564039129943,-2.5564039129942557,-0.001961099577525364,0
06073020705,1960,1847,2048.89378642299,-201.89378642299016,-0.09853794655479012,0
06073020708,2235,2022,2336.3661289058077,-314.3661289058077,-0.13455345248179706,0
06073020805,1835,1512,1918.2245398398916,-406.2245398398916,-0.21177110990030287,0
06073020809,1544,1513,1614.0265337944372,-101.02653379443723,-0.0625928580969066,0
06073020903,701,628,732.7931348380184,-104.79313483801843,-0.14300507176719474,0
06073021000,835,678,872.8705671751004,-194.8705671751004,-0.2232525353739059,0
06073013102,1215,1360,1270.105076787721,89.89492321227908,0.07077754813769922,1
06073013205,855,1115,893.7776466283963,221.22235337160373,0.24751385784386348,1
06073013302,1732,1671,1810.553080655418,-139.55308065541794,-0.07707759697655475,0
06073013604,1693,1783,1769.7842757214912,13.215724278508787,0.007467421007072237,1
06073013605,2136,1936,2232.8760856119934,-296.8760856119934,-0.13295681185578406,0
06073002703,1289,1251,1347.4612707649155,-96.46127076491553,-0.0715874161712694,0
06073015802,1103,1146,1153.0254318492646,-7.025431849264578,-0.006093041536817564,0
06073015901,975,1066,1019.2201233481712,46.77987665182877,0.04589771687214667,1
06073016000,1346,1483,1407.0464472068086,75.95355279319142,0.05398084259689525,1
06073016201,1646,1844,1720.6526390062459,123.34736099375414,0.07168638120067788,1
06073016610,1716,1633,1793.8274170927812,-160.82741709278116,-0.08965601459778713,0
06073016614,1926,2077,2013.3517513523873,63.64824864761272,0.03161307933641481,1
06073016615,1891,1840,1976.7643623091196,-136.76436230911963,-0.06918597123501405,0
06073016702,1196,1268,1250.24335130709,17.75664869290995,0.014202553986266698,1
06073017022,2060,1948,2153.429183689469,-205.42918368946903,-0.09539630336833614,0
06073017108,2182,2205,2280.9623683545738,-75.96236835457375,-0.03330277141282739,0
06073017305,2154,2035,2251.6924571199597,-216.69245711995973,-0.09623537017001046,0
06073017811,2026,2164,2117.8871486188664,46.11285138113362,0.021773044617228593,1
06073018511,1188,1212,1241.8805195257717,-29.88051952577166,-0.024060703953373813,0
06073018514,1907,2038,1993.4900258717562,44.50997412824381,0.022327663319398616,1
06073018516,1853,1719,1937.0409113478577,-218.04091134785767,-0.11256391647202615,0
06073018601,2235,2045,2336.3661289058077,-291.3661289058077,-0.12470910500755439,0
06073018609,1512,1528,1580.5752066691641,-52.57520666916412,-0.03326333757946187,0
06073018801,2025,1759,2116.8417946462014,-357.8417946462014,-0.16904512918784717,0
06073018905,1060,1099,1108.0752110246785,-9.075211024678538,-0.008190067726798393,0
06073019602,1531,1239,1600.436932149795,-361.436932149795,-0.22583641060088072,0
06073019902,1365,1441,1426.9081726874397,14.091827312560326,0.009875777280061247,1
06073019905,1453,1634,1518.8993222819413,115.1006777180587,0.07577900393367447,1
06073020013,2591,2461,2708.5121431744733,-247.5121431744733,-0.09138306571680355,0
06073020016,2591,2732,2708.5121431744733,23.487856825526706,0.008671866908448893,1
06073015801,1077,998,1125.8462285599799,-127.84622855997986,-0.11355567511515523,0
06073019107,1290,1386,1348.5066247375803,37.493375262419704,0.02780362704537393,1
06073020020,2551,2314,2666.6979842678816,-352.69798426788157,-0.13226019082348828,0
06073007200,2598,2615,2715.829620983127,-100.82962098312692,-0.03712663718080618,0
06073015302,1472,1476,1538.7610477625722,-62.76104776257216,-0.040786740640354494,0
06073016401,1427,1652,1491.7201189926566,160.27988100734342,0.10744634932964421,1
06073016613,1511,1541,1579.5298526964991,-38.52985269649912,-0.024393241210808877,0
06073013308,1586,1486,1657.9314006463585,-171.9314006463585,-0.10370236101405016,0
06073013309,2073,1968,2167.0187853341117,-199.01878533411173,-0.0918398985191201,0
06073013410,2341,2436,2447.1736500082757,-11.173650008275672,-0.004565940797964168,0
06073013418,1914,1791,2000.8075036804098,-209.8075036804098,-0.10486141385139591,0
06073013504,1906,1910,1992.4446718990914,-82.44467189909142,-0.041378650590337136,0
06073013601,1535,1499,1604.618348040454,-105.61834804045407,-0.06582147597242315,0
06073013903,1726,1661,1804.280956819429,-143.2809568194291,-0.07941166605892883,0
06073013907,991,1043,1035.9457869108078,7.054213089192217,0.006809442326347881,1
06073014602,1729,1647,1807.4170187374234,-160.4170187374234,-0.0887548457685118,0
06073014803,1284,1370,1342.2345009015917,27.765499098408327,0.020686026979457,1
06073015701,969,991,1012.9479995121824,-21.947999512182378,-0.02166744938807534,0
06073016617,1126,1228,1177.0685732205545,50.931426779445474,0.04326971931643114,1
06073016810,2121,2017,2217.1957760220216,-200.19577602202162,-0.09029233150588198,0
06073016811,1839,1588,1922.4059557305507,-334.40595573055066,-0.17395178928452187,0
06073017014,1300,1385,1358.9601644642285,26.039835535771545,0.019161588556230992,1
06073017019,1761,1617,1840.8683458626967,-223.86834586269674,-0.1216101881298763,0
06073017032,2939,2666,3072.2953256618202,-406.29532566182024,-0.13224487967291942,0
06073017037,2058,2031,2151.33847574414,-120.33847574413994,-0.05593656093679788,0
06073017106,3643,3308,3808.2245224178337,-500.22452241783367,-0.13135373701659853,0
06073017601,2458,2457,2569.4800648100563,-112.48006481005632,-0.043775418362068975,0
06073000100,2139,1829,2236.012147529988,-407.01214752998794,-0.18202591071770077,0
06073000600,1198,1281,1252.3340592524196,28.665940747580407,0.022890011283964066,1
06073012003,1320,1291,1379.8672439175239,-88.86724391752387,-0.06440274911173668,0
06073013203,968,990,1011.9026455395177,-21.90264553951772,-0.021645012626525798,0
06073013204,937,1060,979.4966723869092,80.50332761309085,0.08218846462940445,1
06073013301,1610,1506,1683.0198959903134,-177.01989599031344,-0.1051799187948116,0
06073013303,1203,1348,1257.5608291157437,90.43917088425633,0.07191633898763275,1
06073013307,1594,1606,1666.2942324276767,-60.29423242767666,-0.0361846252926364,0
06073013401,1875,1590,1960.038698746483,-370.0386987464831,-0.1887915269137984,0
06073013415,1852,1746,1935.995557375193,-189.9955573751929,-0.09813842632613648,0
06073003501,1075,1119,1123.7555206146503,-4.755520614650322,-0.004231810680715712,0
06073005200,1335,1434,1395.547553507496,38.452446492503896,0.027553662643640866,1
06073006000,1231,1794,1286.8307403503577,507.1692596496423,0.39412274182349605,1
06073005000,882,901,922.0022038903456,-21.00220389034564,-0.022778908555454436,0
06073007600,1555,1234,1625.52542749375,-391.52542749374993,-0.2408608446669502,0
06073017047,2573,2392,2689.6957716665074,-297.6957716665074,-0.11068009058959788,0
06073017107,2639,2802,2758.689133862383,43.31086613761681,0.015699799446767738,1
06073018504,1834,1914,1917.1791858672266,-3.179185867226579,-0.001658262248339865,0
06073018509,1117,1218,1167.6603874665716,50.33961253342841,0.04311151861771072,1
06073018517,1350,1438,1411.227863097468,26.77213690253211,0.01897081088221333,1
06073018612,2271,2063,2373.9988719217404,-310.9988719217404,-0.13100211444919024,0
06073010401,1160,1255,1212.6106082911574,42.389391708842595,0.03495713415255276,1
06073010900,2108,2319,2203.6061743773794,115.39382562262062,0.052365902294326576,1
06073013306,1538,1588,1607.7544099584484,-19.754409958448377,-0.012286957408475664,0
06073004700,953,1007,996.2223359495457,10.777664050454291,0.010818532833016236,1
06073002602,1062,1085,1110.165918970008,-25.16591897000808,-0.022668610646376684,0
06073003107,1701,1656,1778.1471075028094,-122.14710750280938,-0.06869347703990031,0
06073003204,1869,2063,1953.7665749104942,109.23342508950577,0.05590914825355223,1
06073003208,1375,1231,1437.3617124140876,-206.3617124140876,-0.14356978527520228,0
06073004400,1196,1346,1250.24335130709,95.75664869290995,0.07659040825356071,1
06073001200,991,1046,1035.9457869108078,10.054213089192217,0.009705346762569398,1
06073002501,1183,1257,1236.6537496624478,20.346250337552192,0.016452665382776566,1
06073002502,1359,1354,1420.636048851451,-66.63604885145105,-0.04690578484568559,0
06073002904,1193,1243,1247.1072893890957,-4.10728938909574,-0.0032934531166983433,0
06073003103,1521,1480,1589.983392423147,-109.98339242314705,-0.0691726674298978,0
06073003113,1925,1861,2012.3063973797227,-151.30639737972274,-0.07519053637991849,0
06073001400,1354,1432,1415.409278988127,16.59072101187303,0.011721500811223803,1
06073002001,2146,2168,2243.329625338641,-75.32962533864111,-0.033579383291597084,0
06073002202,851,872,889.5962307377371,-17.596230737737073,-0.019780019439993152,0
06073002402,923,974,964.861716769602,9.138283230397974,0.009471080748227148,1
06073010601,3029,3310,3166.3771832016514,143.6228167983486,0.0453587202308999,1
06073017036,2036,1803,2128.3406883455145,-325.34068834551454,-0.1528611890601129,0
06073016616,1152,1579,1204.2477765098392,374.75222349016076,0.3111919580007619,1
06073016701,1267,1601,1324.4634833662901,276.5365166337099,0.2087913484265022,1
06073017035,1191,1586,1245.016581443766,340.983418556234,0.2738786162677588,1
06073017046,2832,2482,2960.4424505866878,-478.44245058668776,-0.16161180586093543,0
06073017049,2059,1978,2152.3838297168045,-174.38382971680448,-0.08101892762302934,0
06073017306,2941,2542,3074.3860336071502,-532.3860336071502,-0.17316824490726246,0
06073017702,1700,1973,1777.1017535301446,195.8982464698554,0.11023468188060195,1
06073017801,1610,1714,1683.0198959903134,30.980104009686556,0.018407449658494626,1
06073017810,1830,1985,1912.9977699765673,72.00223002343273,0.037638428624156055,1
06073020015,1867,2047,1951.6758669651647,95.32413303483531,0.04884219487893926,1
06073020024,1478,1589,1545.033171598561,43.96682840143899,0.028456883133420964,1
06073020106,1489,1591,1556.5320652978737,34.467934702126286,0.022144056952357195,1
06073020206,1352,1203,1413.3185710427972,-210.3185710427972,-0.14881186404252553,0
06073020209,994,1045,1039.0818488288023,5.918151171197678,0.005695558225628041,1
06073020211,1216,1248,1271.1504307603857,-23.15043076038569,-0.01821218810942573,0
06073020304,1734,1889,1812.6437886007477,76.35621139925229,0.042124223126152494,1
06073020307,1224,1158,1279.5132625417043,-121.51326254170431,-0.09496834937085595,0
06073020601,1066,1301,1114.3473348606672,186.65266513933284,0.16749953923717242,1
06073001100,1134,1254,1185.431405001873,68.56859499812708,0.057842735318808895,1
06073001700,1123,1151,1173.9325113025604,-22.932511302560442,-0.01953477826175477,0
06073001800,973,1099,1017.1294154028417,81.87058459715831,0.08049180699855471,1
06073001900,1372,1738,1434.225650496093,303.77434950390693,0.2118037349275078,1
06073002100,1010,1198,1055.8075123914389,142.19248760856112,0.13467652573004565,1
06073002401,1021,1163,1067.3064060907516,95.69359390924842,0.0896589708102171,1
06073013505,1565,1598,1635.9789672203979,-37.97896722039786,-0.023214826095793787,0
06073013701,1963,1961,2052.0298483409847,-91.0298483409847,-0.04436087926039676,0
06073013908,1209,1237,1263.832952951732,-26.832952951732068,-0.021231407908032972,0
06073016608,2218,2112,2318.595111370506,-206.59511137050595,-0.08910357412441405,0
06073016804,1184,1203,1237.6991036351124,-34.69910363511235,-0.028035169075586595,0
06073017009,1645,1689,1719.607285033581,-30.607285033581093,-0.01779899707332502,0
06073017015,1975,2100,2064.574096012962,35.425903987038055,0.01715894045917335,1
06073010800,1380,1866,1442.5884822774117,423.4115177225883,0.29350817847522903,1
06073011700,888,928,928.2743277263344,-0.2743277263343771,-0.0002955244135710408,0
06073012102,1291,1389,1349.551978710245,39.448021289754934,0.02923045715323619,1
06073012303,1338,1533,1398.6836154254902,134.3163845745098,0.09603056981092165,1
06073012600,1205,1237,1259.651537061073,-22.651537061072986,-0.01798238353594352,0
06073013103,1095,1272,1144.662600067946,127.33739993205404,0.11124448367972836,1
06073013311,2510,2377,2623.8384713886253,-246.8384713886253,-0.09407533050538355,0
06073013412,1993,2027,2083.3904675209283,-56.39046752092827,-0.027066682122256474,0
06073013414,2188,1943,2287.2344921905624,-344.2344921905624,-0.15050249258040757,0
06073008312,1903,1797,1989.308609981097,-192.3086099810971,-0.09667107909562835,0
06073008351,1812,1755,1894.1813984686012,-139.18139846860117,-0.07347838944101441,0
06073005900,1132,1311,1183.3406970565434,127.65930294345662,0.10788042975366097,1
06073007903,1392,1387,1455.132729949389,-68.13272994938893,-0.046822347231347525,0
06073016901,1726,1745,1804.280956819429,-59.28095681942909,-0.032855723824702476,0
06073017401,1860,2154,1944.3583891565113,209.6416108434887,0.10782045738719705,1
06073013206,909,940,950.226761152295,-10.226761152295012,-0.010762442787754687,0
06073013419,2778,2261,2903.9933360627892,-642.9933360627892,-0.2214169461334076,0
06073015406,2523,2475,2637.4280730332675,-162.42807303326754,-0.0615857830187048,0
06073017403,2121,2195,2217.1957760220216,-22.19577602202162,-0.010010742516316775,0
06073019208,2098,1750,2193.152634650731,-443.1526346507312,-0.2020619211126202,0
06073020207,1123,1150,1173.9325113025604,-23.932511302560442,-0.020386615986983478,0
06073020706,2518,2700,2632.201303169944,67.79869683005609,0.025757413290695714,1
06073020806,1124,1190,1174.977865275225,15.022134724775015,0.01278503635577531,1
06073020902,1085,1345,1134.2090603412983,210.79093965870175,0.18584840046619977,1
06073020904,1036,1152,1082.9867156807234,69.01328431927664,0.06372495924467325,1
06073008327,2684,2363,2805.730062632299,-442.730062632299,-0.15779495986757025,0
06073008502,1444,1358,1509.4911365279581,-151.49113652795813,-0.10035907655371137,0
06073008507,1311,1365,1370.459058163541,-5.459058163540931,-0.003983379241446471,0
06073002601,1030,1106,1076.7145918447345,29.285408155265486,0.027198858803511534,1
06073002804,1484,1959,1551.3052954345499,407.69470456545014,0.2628075245828689,1
06073002905,1318,1354,1377.7765359721946,-23.77653597219455,-0.017257178759701564,0
06073017104,2103,1938,2198.3794045140553,-260.3794045140553,-0.11844152286880222,0
06073017200,2194,2275,2293.5066160265515,-18.506616026551455,-0.008069135662060462,0
06073017809,2202,2294,2301.8694478078696,-7.869447807869619,-0.0034187202994348355,0
06073017900,1311,1442,1370.459058163541,71.54094183645907,0.05220217372442065,1
06073018510,1656,1620,1731.1061787328938,-111.1061787328938,-0.06418218599058981,0
06073018512,1135,1212,1186.4767589745377,25.523241025462312,0.02151179180915591,1
06073018513,1912,1748,1998.7167957350803,-250.71679573508027,-0.12543887972026202,0
06073018603,1326,1368,1386.1393677535127,-18.139367753512715,-0.013086251047692853,0
06073012401,1003,974,1048.4900345827853,-74.49003458278526,-0.07104505729749382,0
06073018515,1709,1653,1786.5099392841275,-133.50993928412754,-0.07473226784152476,0
06073018518,1420,1470,1484.4026411840032,-14.402641184003187,-0.009702651278304933,0
06073019001,2112,1818,2207.7875902680385,-389.78759026803846,-0.17655121896065915,0
06073019103,2009,2017,2100.116131083565,-83.11613108356505,-0.03957692141561756,0
06073019206,1310,1200,1369.413704190876,-169.41370419087593,-0.12371258128380916,0
06073019303,1551,1816,1621.3440116030908,194.65598839690915,0.12005841265262676,1
06073019405,1398,1612,1461.4048537853778,150.59514621462222,0.10304820448936229,1
06073019406,1431,1414,1495.9015348833157,-81.90153488331566,-0.05475061892339338,0
06073000400,1145,1376,1196.9302987011856,179.06970129881438,0.14960745959319996,1
06073000500,1167,1321,1219.928086099811,101.07191390018897,0.08285071476903398,1
06073000900,977,1207,1021.3108312935008,185.68916870649923,0.18181454951507953,1
06073002302,886,886,926.1836197810047,-40.18361978100472,-0.04338623456815842,0
06073002710,995,1032,1040.1272028014669,-8.127202801466865,-0.007813662386270783,0
06073019806,2139,2134,2236.012147529988,-102.01214752998794,-0.04562235837702211,0
06073019701,1223,1383,1278.4679085690393,104.53209143096069,0.0817635630353531,1
06073013503,1243,1369,1299.3749880223352,69.62501197766483,0.05358346329540709,1
06073013506,1417,1570,1481.2665792660086,88.73342073399135,0.05990374857303551,1
06073013702,1358,1131,1419.590694878786,-288.59069487878605,-0.20329148107259734,0
06073018906,1226,1133,1281.6039704870336,-148.60397048703362,-0.11595155282685439,0
06073019002,1467,1490,1533.5342778992483,-43.53427789924831,-0.028388200072635397,0
06073019205,1250,1373,1306.6924658309886,66.30753416901143,0.05074455995033482,1
06073020019,1276,883,1333.8716691202733,-450.8716691202733,-0.33801727674269905,0
06073020305,1620,1513,1693.4734357169614,-180.47343571696138,-0.10656998327260729,0
06073020707,1252,1374,1308.7831737763183,65.21682622368166,0.049830122766254134,1
06073020807,2479,2085,2591.4324982360167,-506.4324982360167,-0.19542569547180735,0
06073021100,846,874,884.3694608744131,-10.369460874413107,-0.01172525888010695,0
06073021303,2995,2966,3130.8351481310488,-164.83514813104875,-0.0526489388077322,0
06073008303,2851,2649,2980.304176067319,-331.3041760673191,-0.11116455116487263,0
06073008306,2159,2398,2256.919226983284,141.0807730167162,0.06251033325871043,1
06073008310,2820,3228,2947.8982029147105,280.1017970852895,0.09501745915389517,1
06073008329,1989,2053,2079.209051630269,-26.209051630269187,-0.012605298928320439,0
06073008340,1887,1938,1972.5829464184606,-34.58294641846055,-0.017531808475406023,0
06073008341,1747,1912,1826.2333902453897,85.76660975461027,0.046963663140057836,1
06073008350,1901,1936,1987.2179020357676,-51.217902035767565,-0.025773671816914673,0
06073008358,1651,1880,1725.87940886957,154.12059113043006,0.08929974501021318,1
06073008600,1252,1321,1308.7831737763183,12.216826223681664,0.009334492120976503,1
06073009000,1138,1347,1189.6128208925322,157.38717910746777,0.13230117929410404,1
06073009102,1275,1392,1332.8263151476083,59.173684852391716,0.04439714625970476,1
06073009301,1451,1400,1516.8086143366118,-116.80861433661175,-0.07700946133385386,0
06073009507,1738,1827,1816.8252044914068,10.174795508593206,0.005600316135773496,1
06073009603,1340,1364,1400.77432337082,-36.77432337081996,-0.026252853694752422,0
06073009804,1760,1729,1839.822991890032,-110.82299189003197,-0.06023568157292382,0
06073010009,1125,1130,1176.0232192478898,-46.023219247889756,-0.0391346178329058,0
06073010107,1367,1072,1428.9988806327692,-356.9988806327692,-0.24982446485520549,0
06073013000,1109,1237,1159.297555685253,77.70244431474703,0.06702545341676118,1
06073014002,2021,1632,2112.6603787555423,-480.6603787555423,-0.22751426759783994,0
06073014101,1505,1588,1573.2577288605105,14.742271139489503,0.009370537877584198,1
06073014804,1275,1334,1332.8263151476083,1.173684852391716,0.0008805984988837293,1
06073019904,1433,1735,1497.9922428286454,237.00775717135457,0.158216945585656,1
06073019404,1560,1546,1630.7521973570738,-84.75219735707378,-0.051971229898957,0
06073002002,2032,2029,2124.159272454855,-95.159272454855,-0.044798558040744764,0
06073017808,2402,2537,2510.940242340828,26.059757659172192,0.010378485803739377,1
06073019101,1487,1521,1554.441357352544,-33.441357352543946,-0.021513424867632056,0
06073013312,1635,1589,1709.1537453069332,-120.15374530693316,-0.07030013867205125,0
06073013313,2795,2398,2921.764353598091,-523.764353598091,-0.17926303774398722,0
06073013411,2198,2185,2297.6880319172105,-112.68803191721054,-0.04904409578317848,0
06073015100,1507,1472,1575.3484368058398,-103.34843680583981,-0.06560354166179772,0
06073015403,2565,2377,2681.3329398851884,-304.33293988518835,-0.11350061581618415,0
06073018000,1531,1615,1600.436932149795,14.563067850205016,0.009099432509747886,1
06073018200,1046,1091,1093.4402554073713,-2.4402554073712963,-0.002231722670995094,0
06073018507,1583,1579,1654.795338728364,-75.79533872836396,-0.045803451916059466,0
06073003003,1482,1394,1549.21458748922,-155.2145874892201,-0.10018921119299112,0
06073003105,1363,1468,1424.8174647421101,43.18253525788987,0.030307415740237185,1
06073003001,1314,1422,1373.5951200815355,48.40487991846453,0.03523955437144481,1
06073021204,2526,2398,2640.564134951262,-242.56413495126208,-0.09186072466130014,0
06073021302,1833,1871,1916.1338318945618,-45.13383189456181,-0.023554634411906448,0
06073021304,2710,2656,2832.9092659215835,-176.90926592158348,-0.06244791107491843,0
06073019403,1895,1760,1980.945778199779,-220.94577819977894,-0.1115355001793979,0
06073019503,1065,1175,1113.3019808880024,61.69801911199761,0.05541894308207864,1
06073019702,1595,1794,1667.3395864003414,126.66041359965857,0.07596557691832215,1
06073005700,923,1005,964.861716769602,40.138283230397974,0.04160003711701056,1
06073005800,1899,2090,1985.127194090438,104.87280590956198,0.052829262639572806,1
06073006801,1397,1490,1460.3594998127128,29.640500187287216,0.020296714741191147,1
06073018611,2278,2585,2381.3163497303935,203.68365026960646,0.08553405778810824,1
06073019203,1940,1805,2027.9867069696945,-222.98670696969452,-0.10995471824511656,0
06073019501,1167,1236,1219.928086099811,16.071913900188974,0.01317447649850568,1
06073019804,2159,2062,2256.919226983284,-194.9192269832838,-0.08636517632215976,0
06073019805,1570,1307,1641.2057370837217,-334.2057370837217,-0.2036342729812631,0
06073020018,1276,1279,1333.8716691202733,-54.87166912027328,-0.04113714264316201,0
06073020108,1246,1337,1302.5110499403295,34.488950059670515,0.026478815716189524,1
06073020401,2366,2480,2473.3074993248956,6.692500675104384,0.002705891069723899,1
06073020404,1668,1679,1743.6504264048715,-64.6504264048715,-0.03707763059948337,0
06073020709,2124,2183,2220.331837940016,-37.33183794001616,-0.01681362997282963,0
06073007800,1277,1452,1334.917023092938,117.08297690706195,0.08770805591780256,1
06073008002,2353,2293,2459.717897680253,-166.71789768025292,-0.06777927576064056,0
06073008349,1877,1894,1962.1294066918126,-68.12940669181262,-0.034722178088488105,0
06073008353,1995,1941,2085.481175466258,-144.4811754662578,-0.0692795394971406,0
06073008357,1620,1683,1693.4734357169614,-10.473435716961376,-0.0061845881346980006,0
06073008503,1591,1495,1663.1581705096823,-168.15817050968235,-0.10110774398453606,0
06073008506,1425,1489,1489.6294110473273,-0.6294110473272667,-0.00042252861192149864,0
06073008901,1488,1741,1555.486711325209,185.51328867479106,0.1192638209790565,1
06073009107,1484,1422,1551.3052954345499,-129.30529543454986,-0.08335257786787159,0
06073010109,1780,1624,1860.7300713433278,-236.73007134332784,-0.12722429490937603,0
06073011100,1870,2115,1954.8119288831592,160.18807111684077,0.08194551544831265,1
06073012101,1364,1068,1425.862818714775,-357.8628187147749,-0.25097983762374876,0
06073020025,1554,1518,1624.4800735210852,-106.48007352108516,-0.06554717121908919,0
06073020017,1174,1253,1227.2455639084644,25.75443609153558,0.02098556055033865,1
06073020022,1952,1865,2040.5309546416718,-175.53095464167177,-0.08602219644959806,0
06073020023,1673,1546,1748.8771962681953,-202.87719626819535,-0.11600425501636168,0
06073020105,1451,1459,1516.8086143366118,-57.808614336611754,-0.0381120029186377,0
06073020210,1176,1282,1229.3362718537942,52.66372814620581,0.04283915585341905,1
06073020710,2554,2267,2669.834046185876,-402.8340461858761,-0.15088355276664656,0
06073020109,1852,1786,1935.995557375193,-149.9955573751929,-0.07747722188916366,0
06073008509,1542,1417,1611.9358258491075,-194.93582584910746,-0.12093274603312608,0
06073008510,1240,1251,1296.2389261043406,-45.238926104340635,-0.03490014471352107,0
06073009505,2195,2106,2294.551969999216,-188.551969999216,-0.08217376309819664,0
06073009509,1691,1964,1767.6935677761614,196.30643222383856,0.1110522976393476,1
06073009705,1756,1654,1835.641575999373,-181.6415759993729,-0.098952637799393,0
06073010004,1493,1460,1560.7134811885328,-100.7134811885328,-0.06453041022740208,0
06073010103,887,985,927.2289737536696,57.77102624633039,0.06230502700153761,1
06073003111,1159,1102,1211.5652543184926,-109.56525431849263,-0.0904328131959539,0
06073003114,2192,1888,2291.415908081222,-403.4159080812219,-0.17605529692731903,0
06073003212,1871,1630,1955.8572828558238,-325.85728285582377,-0.16660585908396486,0
06073003303,1137,1085,1188.5674669198675,-103.56746691986746,-0.08713638039265795,0
06073003902,974,993,1018.1747693755063,-25.174769375506344,-0.024725391094642026,0
06073005300,1303,1518,1362.0962263822225,155.90377361777746,0.1144587075407026,1
06073005400,2027,1939,2118.9325025915314,-179.93250259153137,-0.08491658057605299,0
06073003101,1417,1518,1481.2665792660086,36.73342073399135,0.024798656263610126,1
06073003201,1648,1625,1722.7433469515756,-97.74334695157563,-0.05673703347891849,0
06073003209,1299,1317,1357.9148104915635,-40.91481049156346,-0.03013061657141242,0
06073003301,1020,1206,1066.2610521180868,139.7389478819132,0.1310550991282361,1
06073003401,1163,1173,1215.746670209152,-42.746670209151944,-0.0351608367570507,0
06073004200,1791,1792,1872.2289650426405,-80.22896504264054,-0.04285211186272471,0
06073004300,1263,1289,1320.282067475631,-31.282067475631038,-0.02369347296781975,0
06073005600,1724,1631,1802.1902488740998,-171.19024887409978,-0.0949901093855375,0
06073008101,1767,1816,1847.1404696986856,-31.140469698685592,-0.01685874475142942,0
06073008313,2332,3143,2437.7654642542925,705.2345357457075,0.28929548231229757,1
06073008331,2845,2827,2974.0320522313305,-147.03205223133045,-0.049438623945231706,0
06073008343,1521,1573,1589.983392423147,-16.983392423147052,-0.010681490450830578,0
06073008345,1589,1694,1661.0674625643528,32.93253743564719,0.019826128786368497,1
06073008355,2129,2188,2225.55860780334,-37.55860780333978,-0.016876036277656468,0
06073008356,1593,1678,1665.248878455012,12.75112154498811,0.007657186688405622,1
06073008359,1322,1458,1381.9579518628536,76.04204813714637,0.055024863842378924,1
06073008360,1614,1657,1687.2013118809725,-30.201311880972526,-0.01790024205665337,0
06073008504,1519,1514,1587.8926844778175,-73.89268447781751,-0.04653506197247662,0
06073008702,1559,1758,1629.706843384409,128.293156615591,0.07872161618292332,1
06073008902,1792,1695,1873.2743190153053,-178.2743190153053,-0.09516722521932397,0
06073009101,1445,1859,1510.536490500623,348.4635094993771,0.23068857435141413,1
06073019803,1785,2047,1865.9568412066517,181.0431587933483,0.0970243013103528,1
06073019903,1374,1674,1436.3163584414228,237.68364155857716,0.16548139980560597,1
06073015502,2318,1888,2423.1305086369853,-535.1305086369853,-0.22084262763791332,0
06073015601,1408,1252,1471.8583935120257,-219.8583935120257,-0.14937469153361824,0
06073016809,1877,1905,1962.1294066918126,-57.12940669181262,-0.02911602389576021,0
06073016902,1367,1467,1428.9988806327692,38.001119367230785,0.02659282654609475,1
06073017018,1432,1419,1496.9468888559807,-77.94688885598066,-0.052070577410766,0
06073017043,2347,2262,2453.4457738442643,-191.4457738442643,-0.07803138585137386,0
06073017050,1856,1395,1940.176973265852,-545.176973265852,-0.2809934252276838,0
06073017303,2099,2366,2194.197988623396,171.8020113766038,0.07829831777595857,1
06073017404,1891,1784,1976.7643623091196,-192.76436230911963,-0.09751509384960057,0
06073018100,1260,1395,1317.1460055576365,77.8539944423635,0.05910809744239604,1
06073013416,1998,1981,2088.6172373842523,-107.61723738425235,-0.05152559093069168,0
06073013417,2780,2416,2906.084044008119,-490.0840440081188,-0.16864069881894636,0
06073014102,1540,1457,1609.8451179037781,-152.84511790377815,-0.09494398945831622,0
06073014601,1032,1008,1078.8052997900643,-70.80529979006428,-0.06563306632238737,0
06073014700,1519,1549,1587.8926844778175,-38.89268447781751,-0.024493270142249862,0
06073015404,1222,1278,1277.4225545963745,0.577445403625461,0.0004520394614512781,1
06073015902,1057,1096,1104.939149106684,-8.939149106683999,-0.008090173213530429,0
06073016202,1048,1202,1095.5309633527008,106.46903664729916,0.09718487218423053,1
06073016609,1934,1879,2021.7145831337057,-142.71458313370567,-0.07059086595324186,0
06073017006,2340,2160,2446.1282960356107,-286.1282960356107,-0.11697190883214624,0
06073017029,3733,3217,3902.306379957665,-685.3063799576648,-0.1756157290666397,0
06073017039,2297,2096,2401.178075211025,-305.17807521102486,-0.12709514482144546,0
06073017040,2231,2156,2332.184713015148,-176.1847130151482,-0.07554492233480471,0
06073017048,1388,1558,1450.9513140587298,107.04868594127015,0.07377827560721115,1
06073017502,1708,1835,1785.464585311463,49.535414688537,0.027743711690532278,1
06073017603,1950,2206,2038.4402466963425,167.55975330365754,0.08219998284238066,1
06073017701,1913,1756,1999.762149707745,-243.76214970774504,-0.12189557130250196,0
06073018802,2177,2010,2275.7355984912497,-265.7355984912497,-0.11676910035920916,0
06073018300,1249,1449,1305.647111858324,143.35288814167598,0.10979451249858944,1
06073018610,1458,1491,1524.1260921452651,-33.12609214526515,-0.021734482675668205,0
06073009400,2104,2134,2199.4247584867203,-65.4247584867203,-0.029746304452685515,0
06073008512,1717,1728,1794.8727710654462,-66.87277106544616,-0.03725766647278855,0
06073000700,1228,1437,1283.6946784323634,153.3053215676366,0.11942506590029002,1
06073001600,972,1035,1016.0840614301768,18.915938569823197,0.018616509487609026,1
06073002707,921,954,962.7710088242725,-8.771008824272485,-0.009110171311643009,0
06073011601,815,972,851.9634877218047,120.03651227819535,0.1408939631898772,1
06073011602,966,1033,1009.8119375941881,23.188062405811934,0.02296275330340816,1
06073011801,1108,1044,1158.2522017125882,-114.2522017125882,-0.09864190332956436,0
06073012200,1207,1247,1261.7422450064028,-14.742245006402754,-0.011684038530649296,0
06073012302,898,951,938.7278674529822,12.272132547017804,0.013073152478487036,1
06073012800,1341,1071,1401.8196773434845,-330.8196773434845,-0.235993032977254,0
06073013104,1134,1158,1185.431405001873,-27.431405001872918,-0.023140440590764994,0
06073013409,1615,1837,1688.2466658536373,148.7533341463627,0.08811113752216282,1
06073014001,1431,1343,1495.9015348833157,-152.90153488331566,-0.10221363593643373,0
06073014400,1005,1057,1050.5807425281148,6.419257471885203,0.006110199066125958,1
06073014500,1399,1531,1462.4502077580426,68.54979224195745,0.04687324866057852,1
06073015000,1365,1589,1426.9081726874397,162.09182731256033,0.11359653719501549,1
06073010003,1724,1374,1802.1902488740998,-428.1902488740998,-0.23759436560130504,0
06073009504,4001,3218,4182.461244631829,-964.4612446318288,-0.23059657656594204,0
06073009801,1607,1459,1679.8838340723191,-220.88383407231913,-0.1314875645519249,0
06073009805,1592,1567,1664.2035244823473,-97.20352448234735,-0.058408435658482714,0
06073010011,1289,1310,1347.4612707649155,-37.461270764915525,-0.02780137105064981,0
06073010014,2279,2120,2382.3617037030585,-262.36170370305854,-0.11012672983084508,0
06073010200,1264,1338,1321.3274214482958,16.67257855170419,0.012618052332123342,1
06073010501,1282,1195,1340.143792956262,-145.1437929562619,-0.10830464142663752,0
06081608004,2189,2438,2288.2798461632274,149.72015383677262,0.06542912751157133,1
06081608023,2725,2822,2848.5895755115557,-26.589575511555722,-0.009334295028016,0
06081608100,2133,2191,2229.740023693999,-38.740023693998864,-0.017374233445304744,0
06081608502,1772,2128,1852.3672395620094,275.63276043799056,0.1488002781258233,1
06081600100,2016,2187,2107.4336088922187,79.56639110778133,0.037755111606863734,1
06081601100,2044,2046,2136.7035201268327,-90.7035201268327,-0.04245021327125844,0
06081601300,1402,1554,1465.5862696760369,88.41373032396314,0.06032652744727658,1
06081601501,2076,1917,2170.154847252106,-253.1548472521058,-0.1166528957934295,0
06081601700,2333,2110,2438.810818226957,-328.81081822695705,-0.13482424129396237,0
06081602000,1836,2081,1919.2698938125561,161.73010618744388,0.08426647378195112,1
06081602400,1468,1667,1534.579631871913,132.42036812808692,0.08629097205373286,1
06081603000,1698,1818,1775.011045584815,42.988954415184935,0.02421897853656528,1
06081606000,1518,1622,1586.8473305051525,35.15266949484749,0.022152521429807042,1
06081606700,2715,2484,2838.1360357849076,-354.13603578490756,-0.12477768201374062,0
06081607000,1875,2211,1960.038698746483,250.96130125351692,0.1280389521972275,1
06081607100,2657,3133,2777.5055053703495,355.4944946296505,0.1279905634542565,1
06081607500,2245,2310,2346.8196686324554,-36.81966863245543,-0.015689176771690804,0
06081607701,2144,2055,2241.238917393312,-186.23891739331202,-0.08309641419662588,0
06081607800,2532,2671,2646.8362587872507,24.1637412127493,0.009129292049150348,1
06081608002,2803,2733,2930.127185379409,-197.12718537940918,-0.06727598254540751,0
06081608013,2469,2904,2580.978958509369,323.021041490631,0.12515446529528862,1
06081609602,2634,2524,2753.462363999059,-229.4623639990591,-0.08333593623767342,0
06081600402,2028,1823,2119.977856564196,-296.9778565641959,-0.14008535779968087,0
06081601901,1538,1754,1607.7544099584484,146.24559004155162,0.09096264276167108,1
06081600401,2249,1840,2351.001084523115,-511.00108452311497,-0.2173546783483378,0
06081601902,1411,1636,1474.9944554300198,161.0055445699802,0.10915671172678452,1
06081603801,1376,1558,1438.4070663867521,119.59293361324785,0.08314262103401839,1
06081603802,1985,1955,2075.02763573961,-120.0276357396101,-0.05784387334042816,0
06081609201,1781,2005,1861.7754253159926,143.2245746840074,0.07692902846201141,1
06081609202,1468,1820,1534.579631871913,285.4203681280869,0.18599254297408147,1
06081613900,2362,2384,2469.126083434236,-85.12608343423608,-0.03447619949639699,0
06081614000,2609,2596,2727.3285146824396,-131.32851468243962,-0.04815280373282462,0
06081610304,2287,2490,2390.7245354843767,99.2754645156233,0.04152526275701162,1
06081610700,1648,2032,1722.7433469515756,309.25665304842437,0.17951406028974623,1
06081611600,2739,2938,2863.2245311288625,74.77546887113749,0.026115824329591194,1
06081600200,1720,2007,1798.0088329834405,208.99116701655953,0.11623478326843366,1
06081600300,2320,2281,2425.221216582315,-144.2212165823148,-0.05946724183188333,0
06081600700,1669,1755,1744.695780377536,10.304219622463961,0.005906026562541593,1
06081601502,1408,1685,1471.8583935120257,213.1416064879743,0.14481121786410006,1
06081602200,1365,1441,1426.9081726874397,14.091827312560326,0.009875777280061247,1
06081602300,1521,1588,1589.983392423147,-1.9833924231470519,-0.0012474296477552173,0
06081603700,2303,2280,2407.4501990470135,-127.45019904701348,-0.0529399109055151,0
06081603900,1655,2081,1730.060824760229,350.939175239771,0.20284788269707685,1
06081610602,2319,2410,2424.1758626096503,-14.175862609650267,-0.005847703884977142,0
06081609601,2787,2823,2913.401521816772,-90.40152181677195,-0.03102954437958773,0
06081609800,2550,2855,2665.6526302952166,189.34736970478343,0.07103227463055212,1
06081610800,1352,1720,1413.3185710427972,306.6814289572028,0.2169938435967216,1
06081604000,2399,2375,2507.8041804228337,-132.80418042283372,-0.052956359774646355,0
06081607300,2842,2282,2970.8959903133355,-688.8959903133355,-0.23188155780595965,0
06081608001,2128,2505,2224.5132538306752,280.48674616932476,0.12608904248438105,1
06081608200,2406,2762,2515.1216582314873,246.87834176851266,0.09815761434860595,1
06081608600,1717,2110,1794.8727710654462,315.12722893455384,0.17557078920278713,1
06081609000,1924,1786,2011.2610434070577,-225.26104340705774,-0.11199990381430926,0
06081609900,2922,3019,3054.5243081265194,-35.52430812651937,-0.011630062341297284,0
06081610302,879,1053,918.8661419723512,134.13385802764878,0.14597758247978287,1
06081611400,3381,3290,3534.3417815796583,-244.34178157965835,-0.06913360299593065,0
06081612000,1726,1844,1804.280956819429,39.71904318057091,0.02201377952277859,1
06081613502,2488,2577,2600.84068399,-23.84068398999989,-0.00916652993655322,0
06081613800,2267,1505,2369.8174560310813,-864.8174560310813,-0.36492998810104926,0
06081602500,2655,2336,2775.4147974250195,-439.4147974250195,-0.15832400902117433,0
06081600900,2146,2129,2243.329625338641,-114.32962533864111,-0.05096425600913754,0
06081601605,2099,2335,2194.197988623396,140.8020113766038,0.0641701487772034,1
06081602700,1974,2157,2063.5287420402974,93.4712579597026,0.04529680447643469,1
06081602900,1890,2257,1975.7190083364549,281.28099166354514,0.14236892517442665,1
06081603300,2068,2506,2161.7920154707876,344.20798452921235,0.159223450760249,1
06081604600,2143,2936,2240.193563420647,695.806436579353,0.310601033741431,1
06081605500,1503,1783,1571.1670209151807,211.83297908481927,0.13482524535261045,1
06081605800,2557,2929,2672.97010810387,256.0298918961298,0.0957847942705765,1
06081607400,1815,2050,1897.3174603865955,152.68253961340451,0.08047284800841609,1
06081607900,2354,2203,2460.763251652918,-257.7632516529179,-0.10474930958099114,0
06081608400,1808,2421,1889.999982577942,531.0000174220579,0.2809523927602258,1
06081607702,2127,2417,2223.4678998580102,193.53210014198976,0.08704065399565636,1
06081610000,1461,2089,1527.2621540632597,561.7378459367403,0.3678070882868698,1
06081610500,1227,1548,1282.6493244596984,265.3506755403016,0.2068770243589982,1
06081610601,1317,1633,1376.7311819995296,256.26881800047045,0.18614296047850976,1
06081611000,1793,2193,1874.3196729879703,318.6803270120297,0.170024532957071,1
06081611200,2600,2352,2717.920328928457,-365.9203289284569,-0.13463247065550352,0
06081611300,2190,2138,2289.325200135892,-151.32520013589192,-0.0661003513729327,0
06081612100,1165,1477,1217.8373781544815,259.1626218455185,0.2128056064745321,1
06081600600,1621,1709,1694.5187896896261,14.481210310373854,0.008545913092546044,1
06081601601,1417,1365,1481.2665792660086,-116.26657926600865,-0.07849132687758378,0
06081603200,2483,2167,2595.6139141266763,-428.61391412667626,-0.16513007261747872,0
06081604102,1428,1688,1492.7654729653214,195.23452703467865,0.13078714009030015,1
06081604900,1937,1858,2024.8506450517,-166.85064505169998,-0.08240145783564191,0
06081605000,2118,2415,2214.059714104027,200.94028589597292,0.09075648891307717,1
06081605100,1508,1888,1576.3937907785046,311.6062092214954,0.19767028457249136,1
06081605200,2966,3188,3100.5198829237697,87.48011707623027,0.028214660888978754,1
06081606200,1787,1701,1868.0475491519815,-167.04754915198146,-0.08942360660349054,0
06081606500,3311,3347,3461.167003493123,-114.16700349312305,-0.032985118423324265,0
06081610900,1580,1736,1651.6592768103696,84.34072318963035,0.05106423847447907,1
06081611800,1862,2045,1946.4490971018406,98.55090289815939,0.05063112261445545,1
06081612600,1759,2251,1838.7776379173674,412.22236208263257,0.2241828231876493,1
06081613200,3451,3224,3607.5165596661936,-383.51655966619364,-0.10631040864901276,0
06081613400,3360,2970,3512.3893481536975,-542.3893481536975,-0.15442176091292578,0
06081613700,1665,1813,1740.514364486877,72.48563551312304,0.041646100136894085,1
06081608300,1899,2438,1985.127194090438,452.872805909562,0.22813289105994186,1
06081609300,2750,2806,2874.723424828175,-68.72342482817521,-0.02390609970845556,0
06081612700,2673,3403,2794.2311689329863,608.7688310670137,0.2178663089280047,1
06081612900,3047,2867,3185.193554709618,-318.1935547096182,-0.09989771398323286,0
06081613300,4001,3666,4182.461244631829,-516.4612446318288,-0.12348261332838519,0
06081613600,2264,2692,2366.6813941130868,325.31860588691325,0.1374577104869776,1
06081606600,2064,2099,2157.6105995801286,-58.610599580128564,-0.02716458641403328,0
06081606900,3250,2368,3397.4004111605705,-1029.4004111605705,-0.30299649337150747,0
06081607600,1693,2071,1769.7842757214912,301.2157242785088,0.17019911884781078,1
06081601603,2085,2217,2179.563033006089,37.43696699391103,0.017176363531123645,1
06081602100,1433,1585,1497.9922428286454,87.00775717135457,0.05808291570793357,1
06081604101,1533,1628,1602.5276400951245,25.472359904875475,0.01589511423551076,1
06081604200,1671,1693,1746.7864883228656,-53.78648832286558,-0.030791678709690136,0
06081608501,2338,2296,2444.037588090281,-148.03758809028113,-0.060570912989089724,0
06081605300,1760,2249,1839.822991890032,409.177008109968,0.2224002036683021,1
06081605600,4001,3481,4182.461244631829,-701.4612446318288,-0.16771494189746558,0
06081606400,1618,1973,1691.3827277716316,281.6172722283684,0.16650121087578706,1
06081606800,2761,2494,2886.222318527488,-392.2223185274879,-0.13589470083773536,0
06081608800,3087,2706,3227.00771361621,-521.0077136162099,-0.1614522678138766,0
06081608900,1628,1897,1701.8362674982795,195.16373250172046,0.11467832495344195,1
06081609100,2360,2621,2467.0353754889065,153.96462451109346,0.06240876237154946,1
06081610100,1743,1740,1822.0519743547306,-82.05197435473065,-0.04503272986150073,0
06081610400,1679,1852,1755.149320104184,96.85067989581603,0.055180877653228426,1
06081611500,3784,3797,3955.619432563569,-158.6194325635688,-0.040099770786283725,0
06081612500,1943,2162,2031.1227688876888,130.87723111231116,0.06443590368689724,1
06081613501,1841,2116,1924.49666367588,191.50333632412003,0.09950827140346379,1
06081610201,1307,1519,1366.2776422728818,152.72235772711815,0.11177988499691445,1
06081610202,1133,1514,1184.3860510292081,329.61394897079185,0.278299418238136,1
06081610303,2832,2957,2960.4424505866878,-3.4424505866877553,-0.0011628162493094725,0
06081608700,2627,2583,2746.1448861904055,-163.1448861904055,-0.059408695808737366,0
06081609603,2951,2761,3084.839573333798,-323.83957333379794,-0.10497776809308215,0
06081611900,2081,1820,2175.38161711543,-355.3816171154299,-0.1633651835242904,0
06081612800,3793,2873,3965.027618317552,-1092.027618317552,-0.2754148831833164,0
06081601800,1734,1661,1812.6437886007477,-151.6437886007477,-0.08365890174031801,0
06081600800,1438,1791,1503.2190126919693,287.7809873080307,0.19144315291267613,1
06081601200,1708,1845,1785.464585311463,59.535414688537,0.03334449486050793,1
06081602600,1959,2170,2047.8484324503254,122.15156754967461,0.059648734551861246,1
06081603100,2379,2472,2486.897100969538,-14.89710096953786,-0.005990236171705737,0
06081604500,1893,2481,1978.8550702544492,502.1449297455508,0.2537552836959318,1
06081605700,4001,4001,4182.461244631829,-181.46124463182878,-0.04338623456815852,0
06081606300,1530,1552,1599.3915781771302,-47.391578177130214,-0.029631003954105894,0
06081607200,1740,1958,1818.915912436736,139.0840875632639,0.07646537512387692,1
06081604400,1537,1844,1606.7090559857838,237.29094401421617,0.14768756243091452,1
06081604700,2152,2589,2249.60174917463,339.3982508253698,0.15087037114453422,1
06081604800,1804,2136,1885.818566687283,250.181433312717,0.13266463578847745,1
06081605900,1464,1654,1530.398215981254,123.601784018746,0.08076445903296846,1
06081606100,1994,2053,2084.435821493593,-31.43582149359281,-0.015081213424487984,0
06081609400,3317,3055,3467.4391273291117,-412.43912732911167,-0.1189463209543938,0
06081609500,2986,3260,3121.4269623770656,138.5730376229344,0.04439413104748946,1
06081609700,3818,3063,3991.161467634172,-928.1614676341719,-0.232554226422805,0
06081611100,2733,2996,2856.952407292874,139.0475927071261,0.04866990165890851,1
06081611700,1791,1814,1872.2289650426405,-58.22896504264054,-0.031101412343182266,0
06081613000,2908,2725,3039.889352509212,-314.88935250921213,-0.10358579408467397,0
06081600500,1981,2273,2070.846219848951,202.15378015104898,0.09761892419312247,1
06081601604,1906,1942,1992.4446718990914,-50.44467189909142,-0.025317978767766865,0
06081601400,1710,1757,1787.5552932567925,-30.555293256792538,-0.01709334160014881,0
06081602800,2268,2365,2370.862810003746,-5.862810003745835,-0.0024728592388424922,0
06081610203,1277,1576,1334.917023092938,241.08297690706195,0.18059772460499782,1
06081601000,2437,2105,2547.5276313840955,-442.52763138409546,-0.17370866793843806,0
06081605400,1618,2018,1691.3827277716316,326.6172722283684,0.19310666170670973,1
06081603400,2468,2061,2579.9336045367036,-518.9336045367036,-0.20114223235209655,0
06025012301,923,844,964.861716769602,-120.86171676960203,-0.12526325241118716,0
06025010800,727,799,759.972338127303,39.02766187269697,0.05135405581848881,1
06025011802,914,914,955.453531015619,-41.45353101561898,-0.04338623456815853,0
06025011801,1499,1442,1566.9856050245216,-124.98560502452165,-0.07976180803688095,0
06025011900,1315,1160,1374.6404740542002,-214.64047405420024,-0.15614299018940225,0
06025012200,1029,882,1075.66923787207,-193.66923787206997,-0.18004534391556448,0
06025010200,733,650,766.2444619632918,-116.24446196329177,-0.15170675643833972,0
06025010400,744,810,777.7433556626045,32.25664433739553,0.041474663978214546,1
06025940000,364,362,380.5088460499839,-18.5088460499839,-0.04864235415844331,0
06025010101,307,1653,320.92366960809085,1332.076330391909,4.150757505729101,1
06025010102,645,668,674.2533123687901,-6.253312368790148,-0.009274425878340856,0
06025010700,679,727,709.795347439393,17.204652560606974,0.024238891706846556,1
06025010900,683,760,713.9767633300522,46.02323666994778,0.06446041248638294,1
06025011201,1539,1388,1608.7997639311131,-220.79976393111315,-0.1372450250686185,0
06025011500,657,698,686.7975600407677,11.202439959232265,0.016311123700799544,1
06025012100,704,748,735.9291967560129,12.070803243987143,0.016402125771331575,1
06025011300,1054,961,1101.8030871886897,-140.8030871886897,-0.12779333151802688,0
06025010300,763,808,797.6050811432356,10.394918856764434,0.01303266378627507,1
06025011000,1187,1330,1240.835165553107,89.16483444689311,0.07185872622101869,1
06025011100,685,779,716.0674712753819,62.93252872461812,0.087886311345116,1
06025011600,786,788,821.6482225145257,-33.64822251452574,-0.04095210284950246,0
06025012400,320,321,334.5132712527331,-13.513271252733091,-0.04039681655118394,0
06025010600,1068,887,1116.4380428059967,-229.4380428059967,-0.20550897945876082,0
06025010500,1191,949,1245.016581443766,-296.016581443766,-0.2377611558397837,0
06025011202,687,669,718.1581792207114,-49.15817922071142,-0.06845035069301027,0
06025011700,1042,1006,1089.2588395167122,-83.25883951671221,-0.07643623030284787,0
06025012001,723,752,755.790922236644,-3.790922236643951,-0.0050158345715840495,0
06025012002,1284,1303,1342.2345009015917,-39.23450090159167,-0.029230734923917905,0
06025011803,1825,1608,1907.7710001132434,-299.7710001132434,-0.15713154256745138,0
06025012302,715,753,747.4280904553256,5.57190954467444,0.007454776741505782,1
06025011400,819,682,856.1449036124638,-174.14490361246385,-0.20340587542794156,0
06083000301,1710,1587,1787.5552932567925,-200.55529325679254,-0.11219529488869445,0
06083000302,1467,1495,1533.5342778992483,-38.53427789924831,-0.025127757790999943,0
06083000804,1595,1609,1667.3395864003414,-58.33958640034143,-0.034989624714838165,0
06083001206,1513,1652,1581.6205606418287,70.37943935817134,0.0444983083234648,1
06083001208,2017,2187,2108.478962864883,78.52103713511679,0.03724060733735128,1
06083001304,1813,1978,1895.226752441266,82.77324755873406,0.04367458798906926,1
06083002707,1223,995,1278.4679085690393,-283.4679085690393,-0.22172469615316245,0
06083000103,2279,2763,2382.3617037030585,380.63829629694146,0.15977351201762974,1
06083000600,1630,1897,1703.9269754436093,193.0730245563907,0.11331062148724129,1
06083000801,1551,1699,1621.3440116030908,77.65598839690915,0.047896058974015894,1
06083001000,1282,1266,1340.143792956262,-74.1437929562619,-0.05532525192144193,0
06083001500,3602,3112,3765.365009538577,-653.3650095385769,-0.17351970071518855,0
06083001601,2085,2165,2179.563033006089,-14.563033006088972,-0.00668162965950262,0
06083001901,1604,1433,1676.7477721543246,-243.7477721543246,-0.14536937290284976,0
06083001903,1654,1618,1729.015470787564,-111.01547078756403,-0.06420733224382119,0
06083001906,1817,2125,1899.408168331925,225.59183166807497,0.11876953854852139,1
06083002006,1688,1776,1764.5575058581671,11.442494141832867,0.006484625241084435,1
06083002007,1689,1505,1765.602859830832,-260.6028598308319,-0.1475999307430897,0
06083002009,1628,1563,1701.8362674982795,-138.83626749827954,-0.08158027311427002,0
06083002103,1088,1273,1137.3451222592926,135.65487774070743,0.11927327517898367,1
06083002209,1362,1479,1423.7721107694451,55.227889230554865,0.038789837792726684,1
06083002706,864,954,903.1858323823794,50.81416761762057,0.05626103266432495,1
06083002206,986,1109,1030.719017047484,78.28098295251607,0.07594793698165536,1
06083002303,1301,1276,1360.005518436893,-84.005518436893,-0.061768512920038585,0
06083002702,921,917,962.7710088242725,-45.771008824272485,-0.04754090890228159,0
06083002703,1087,1073,1136.2997682866278,-63.299768286627796,-0.05570692703922179,0
06083001306,1931,2006,2018.5785212157111,-12.578521215711135,-0.006231375734710375,0
06083001402,2344,2734,2450.30971192627,283.6902880737298,0.11577731855403348,1
06083001604,1394,1619,1457.2234378947187,161.7765621052813,0.11101699155964942,1
06083001706,1833,1697,1916.1338318945618,-219.1338318945618,-0.11436248775895523,0
06083001704,1561,1482,1631.7975513297388,-149.79755132973878,-0.09179910290199293,0
06083002606,1548,1650,1618.2079496850963,31.79205031490369,0.019646455402156707,1
06083002915,846,968,884.3694608744131,83.63053912558689,0.09456515950120878,1
06083002502,1109,1165,1159.297555685253,5.7024443147470265,0.004918878925243959,1
06083002922,1941,1896,2029.032060942359,-133.03206094235907,-0.06556429713613,0
06083002924,1473,1368,1539.806401735237,-171.80640173523693,-0.11157662517938947,0
06083002926,1366,1484,1427.9535266601044,56.046473339895556,0.039249507980126504,1
06083002930,1613,1595,1686.1559579083078,-91.15595790830776,-0.05406140368023108,0
06083002932,2030,2180,2122.0685645095255,57.93143549047454,0.027299511646017082,1
06083003007,2369,2777,2476.4435612428897,300.5564387571103,0.12136615728333641,1
06083003102,1658,1438,1733.1968866782236,-295.19688667822356,-0.1703193035639397,0
06083002928,1381,1433,1443.6338362500762,-10.633836250076229,-0.007366020373766137,0
06083003001,1188,1438,1241.8805195257717,196.11948047422834,0.15792137600251524,1
06083000502,1962,1940,2050.9844943683197,-110.9844943683197,-0.054112790551593945,0
06083000501,2782,2628,2908.1747519534483,-280.1747519534483,-0.09634041137495342,0
06083002011,1453,1421,1518.8993222819413,-97.8993222819413,-0.06445412203809583,0
06083002102,1263,1390,1320.282067475631,69.71793252436896,0.05280533171041935,1
06083002205,1073,1108,1121.6648126693206,-13.664812669320554,-0.012182616870008826,0
06083002305,1281,1413,1339.0984389835971,73.90156101640287,0.05518754922341307,1
06083003005,1841,1883,1924.49666367588,-41.49666367587997,-0.021562346383401557,0
06083000102,1341,1638,1401.8196773434845,236.1803226565155,0.16848124368184683,1
06083000700,1709,2349,1786.5099392841275,562.4900607158725,0.31485414569888587,1
06083002210,1822,1761,1904.634938195249,-143.6349381952491,-0.07541336941521794,0
06083001101,1582,1785,1653.7499847556994,131.25001524430058,0.07936508931468836,1
06083001102,1694,1649,1770.8296296941558,-121.82962969415576,-0.0687980524220149,0
06083002304,1120,1063,1170.796449384566,-107.7964493845659,-0.09207104227317188,0
06083002306,1545,1517,1615.071887767102,-98.071887767102,-0.060722924168217736,0
06083002402,1245,1201,1301.4656959676647,-100.46569596766471,-0.07719427125811913,0
06083002808,1447,1559,1512.6271984459524,46.372801554047555,0.030657125299406347,1
06083002604,990,1391,1034.900432938143,356.099567061857,0.34409065425827434,1
06083000101,1398,1528,1461.4048537853778,66.59514621462222,0.04556926579388684,1
06083000900,1111,1173,1161.3882636305827,11.611736369417258,0.009998151981593253,1
06083002005,1583,1461,1654.795338728364,-193.79533872836396,-0.11711136367914052,0
06083002010,1735,1807,1813.6891425734123,-6.689142573412255,-0.0036881417087390985,0
06083002013,1656,1391,1731.1061787328938,-340.1061787328938,-0.1964675436499447,0
06083002802,1523,1393,1592.0741003684766,-199.0741003684766,-0.12504072537980612,0
06083002806,1602,1468,1674.6570642089953,-206.65706420899528,-0.12340261694510413,0
06083002913,2076,2204,2170.154847252106,33.84515274789419,0.015595731701242246,1
06083002914,1899,1907,1985.127194090438,-78.12719409043802,-0.03935626609872472,0
06083000400,1500,1579,1568.0309589971864,10.969041002813583,0.006995423744585176,1
06083001203,1958,1952,2046.8030784776606,-94.80307847766062,-0.04631763527938984,0
06083001800,934,1082,976.3606104689147,105.63938953108527,0.10819710299491707,1
06083001905,2149,2429,2246.4656872566356,182.53431274336435,0.08125399545553427,1
06083002012,1330,1778,1390.320783644172,387.679216355828,0.27884156010361966,1
06083002708,1066,1001,1114.3473348606672,-113.34733486066716,-0.1017163422164415,0
06083002101,1153,1265,1205.293130482504,59.70686951749599,0.04953721879555895,1
06083002404,982,1082,1026.5376011568246,55.46239884317538,0.054028609162171705,1
06083002909,2135,2159,2231.830731639329,-72.83073163932886,-0.03263273088180531,0
06083002008,1730,1526,1808.4623727100882,-282.4623727100882,-0.1561892450583871,0
06083002907,2777,2474,2902.9479820901242,-428.94798209012424,-0.14776288956486278,0
06083002705,1091,907,1140.4811841772869,-233.48118417728688,-0.20472164505345528,0
06083003004,2269,2197,2371.908163976411,-174.90816397641083,-0.0737415413601782,0
06083000200,1706,1524,1783.3738773661332,-259.37387736613323,-0.1454399891452951,0
06083002403,966,997,1009.8119375941881,-12.811937594188066,-0.012687449135045563,0
06083002211,1563,1265,1633.888259275068,-368.8882592750681,-0.22577324806699958,0
06083002809,1847,1834,1930.7687875118688,-96.76878751186882,-0.050119303842990036,0
06083002906,1603,1899,1675.7024181816598,223.29758181834018,0.13325610764508242,1
06095252605,1084,1025,1133.1637063686335,-108.16370636863348,-0.09545285095236396,0
06095252903,2440,1923,2550.6636933020895,-627.6636933020895,-0.24607857748957726,0
06095251701,1093,1050,1142.5718921226164,-92.57189212261642,-0.08102062790170753,0
06095252000,1341,1318,1401.8196773434845,-83.8196773434845,-0.059793480358562814,0
06095252105,1934,1700,2021.7145831337057,-321.7145831337057,-0.15912957537014963,0
06095252606,1064,977,1112.2566269153376,-135.25662691533762,-0.12160559320779218,0
06095252703,1688,1682,1764.5575058581671,-82.55750585816713,-0.04678652046424323,0
06095252707,1140,1313,1191.7035288378615,121.29647116213846,0.10178410001053338,1
06095253201,1706,1757,1783.3738773661332,-26.37387736613323,-0.014788753889949782,0
06095250701,759,896,793.4236652525763,102.57633474742374,0.12928318027263516,1
06095250900,594,677,620.9402597628858,56.05974023711417,0.09028201885076886,1
06095251702,1504,1369,1572.2123748878455,-203.2123748878455,-0.12925249675785166,0
06095251902,1604,1415,1676.7477721543246,-261.7477721543246,-0.15610444009597518,0
06095251903,1903,1667,1989.308609981097,-322.3086099810971,-0.16202041672365744,0
06095252104,2888,2562,3018.9822730559163,-456.98227305591627,-0.15136964437798547,0
06095252909,1870,1776,1954.8119288831592,-178.81192888315923,-0.09147270192141689,0
06095252910,1929,1866,2016.4878132703818,-150.48781327038182,-0.07462867480776765,0
06095253300,1071,1421,1119.574104723991,301.425895276009,0.26923264302394667,1
06095250200,1175,1220,1228.2909178811294,-8.290917881129417,-0.006749962700556082,0
06095251000,1078,1154,1126.8915825326446,27.108417467355366,0.0240559232916003,1
06095251804,1675,1487,1750.967904213525,-263.9679042135249,-0.15075542137483683,0
06095252106,1578,1678,1649.56856886504,28.431431134959894,0.017235677056166084,1
06095250300,1326,1387,1386.1393677535127,0.8606322464872846,0.0006208843544225235,1
06095250502,1670,1512,1745.7411343502008,-233.7411343502008,-0.1338922075850632,0
06095252103,1496,1456,1563.8495431065273,-107.84954310652734,-0.06896414273478531,0
06095252402,896,1010,936.6371595076527,73.36284049234735,0.07832578469437497,1
06095252502,850,1071,888.5508767650723,182.4491232349277,0.20533334444412032,1
06095252313,1630,1866,1703.9269754436093,162.0730245563907,0.09511735355571546,1
06095252314,1595,1527,1667.3395864003414,-140.33958640034143,-0.08416976814142814,0
06095252315,2108,1947,2203.6061743773794,-256.6061743773794,-0.11644829160541016,0
06095252316,2077,1758,2171.200201224771,-413.2002012247708,-0.19030958130516254,0
06095252317,2329,1979,2434.629402336298,-455.62940233629797,-0.18714528046817755,0
06095252610,1504,1358,1572.2123748878455,-214.2123748878455,-0.13624900701034517,0
06095252611,1553,1190,1623.4347195484202,-433.43471954842016,-0.26698623254095843,0
06095252801,1700,1752,1777.1017535301446,-25.101753530144606,-0.014125107625537443,0
06095252802,1593,1781,1665.248878455012,115.75112154498811,0.069509803034595,1
06095252911,1160,1126,1212.6106082911574,-86.6106082911574,-0.07142491389978135,0
06095252912,2136,2145,2232.8760856119934,-87.8760856119934,-0.0393555585902153,0
06095252913,1859,1875,1943.3130351838465,-68.31303518384652,-0.03515287241274733,0
06095252914,1628,1677,1701.8362674982795,-24.83626749827954,-0.014593805510320426,0
06095252915,2553,2505,2668.7886922132116,-163.78869221321156,-0.06137192228485595,0
06095253204,1607,1317,1679.8838340723191,-362.88383407231913,-0.21601721899580884,0
06095253205,1661,1653,1736.3329485962179,-83.33294859621788,-0.047993645840557535,0
06095253206,2386,2303,2494.2145787781915,-191.21457877819148,-0.07666324317287058,0
06095253403,2091,1616,2185.8351568420776,-569.8351568420776,-0.2606944787480363,0
06095253404,1573,1449,1644.341799001716,-195.34179900171603,-0.11879634703703848,0
06095252908,1470,1575,1536.6703398172426,38.32966018275738,0.024943320105544533,1
06095253101,1275,1250,1332.8263151476083,-82.82631514760828,-0.06214336722368466,0
06095251300,1423,1541,1487.5387031019975,53.4612968980025,0.035939432558304854,1
06095252704,1321,1313,1380.9125978901889,-67.91259789018886,-0.049179504911424754,0
06095253105,1267,1268,1324.4634833662901,-56.46348336629012,-0.042631211864581645,0
06095252904,1653,1797,1727.9701168148995,69.02988318510052,0.03994853991592206,1
06095253402,1212,1249,1266.9690148697266,-17.969014869726607,-0.014182679022796964,0
06095252102,1408,1514,1471.8583935120257,42.141606487974286,0.028631563113500003,1
06095252201,2717,2368,2840.2267437302366,-472.22674373023665,-0.16626374805204233,0
06095252306,1793,1629,1874.3196729879703,-245.3196729879703,-0.13088464925350266,0
06095252401,1357,1368,1418.5453409061213,-50.54534090612128,-0.03563181200386203,0
06095250400,1242,1209,1298.3296340496704,-89.3296340496704,-0.06880350852890793,0
06095251100,1201,1181,1255.470121170414,-74.4701211704139,-0.05931652208575782,0
06095251500,1067,1131,1115.392688833332,15.607311166668069,0.01399266045305789,1
06095251600,982,970,1026.5376011568246,-56.53760115682462,-0.05507601581579801,0
06095251901,1334,1161,1394.502199534831,-233.5021995348311,-0.1674448413295592,0
06095252202,2293,2091,2396.9966593203653,-305.9966593203653,-0.12765835869255085,0
06095252604,1108,997,1158.2522017125882,-161.2522017125882,-0.1392202850762219,0
06095252702,1845,1621,1928.6780795665395,-307.6780795665395,-0.1595279600189621,0
06095251803,1541,1389,1610.890471876443,-221.89047187644292,-0.1377439843057574,0
06095251200,1199,1107,1253.3794132250841,-146.37941322508414,-0.11678779121513866,0
06095252706,2260,1947,2362.4999782224277,-415.49997822242767,-0.17587300827619676,0
06095252607,1126,979,1177.0685732205545,-198.06857322055453,-0.16827275634300806,0
06095252305,1985,1815,2075.02763573961,-260.0276357396101,-0.1253128542776865,0
06095253500,1149,1154,1201.1117145918447,-47.1117145918447,-0.039223424448785724,0
06095251400,1256,1272,1312.9645896669774,-40.96458966697742,-0.031200071951192336,0
06095252501,1142,1032,1193.7942367831913,-161.7942367831913,-0.13552941687770542,0
06095250604,2060,1877,2153.429183689469,-276.429183689469,-0.12836697198273456,0
06095250103,1430,1455,1494.8561809106511,-39.85618091065112,-0.026662217689979475,0
06095250104,2097,1819,2192.1072806780667,-373.1072806780667,-0.17020484534071545,0
06095250105,2002,1991,2092.7986532749114,-101.79865327491143,-0.0486423541584433,0
06095250106,3095,2664,3235.370545397528,-571.3705453975281,-0.17660126943120333,0
06095250605,2178,1851,2276.7809524639147,-425.7809524639147,-0.18701006436439915,0
06095250801,1260,1433,1317.1460055576365,115.8539944423635,0.08795835386018175,1
06095252310,2516,2483,2630.110595224614,-147.11059522461392,-0.05593323546611185,0
06095252311,2600,2230,2717.920328928457,-487.9203289284569,-0.17951973195653606,0
06095252312,1541,1468,1610.890471876443,-142.89047187644292,-0.08870278542897904,0
06095250501,1240,1450,1296.2389261043406,153.76107389565937,0.11862093538400835,1
06095250601,1461,1433,1527.2621540632597,-94.26215406325969,-0.06171969482284134,0
06095251802,755,736,789.2422493619172,-53.242249361917175,-0.06745995846644325,0
06095252705,1856,1601,1940.176973265852,-339.176973265852,-0.174817543935141,0
06095252108,1804,1509,1885.818566687283,-376.818566687283,-0.19981697780673574,0
06095253106,1448,1502,1513.6725524186172,-11.672552418617215,-0.0077114118241532895,0
06095253107,1254,1370,1310.8738817216479,59.12611827835212,0.04510435298375028,1
06095253108,1622,1479,1695.564143662291,-216.56414366229092,-0.12772394631708162,0
06095253203,1573,1561,1644.341799001716,-83.34179900171603,-0.05068398738772744,0
06095252608,1145,1186,1196.9302987011856,-10.93029870118562,-0.009131942530861087,0
06095252107,1848,1683,1931.8141414845336,-248.8141414845336,-0.12879817791028716,0
06075032802,1749,2000,1828.3240981907195,171.6759018092805,0.09389795932743449,1
06075032901,1741,1774,1819.961266409401,-45.961266409401105,-0.02525398054216726,0
06075032902,1803,1237,1884.773212714618,-647.773212714618,-0.3436876162844215,0
06075033203,1901,2142,1987.2179020357676,154.78209796423243,0.07788884037612023,1
06075033204,1823,1809,1905.6802921679139,-96.68029216791388,-0.05073269244860048,0
06075042601,1565,1654,1635.9789672203979,18.021032779602137,0.01101544282700693,1
06075042602,1781,1882,1861.7754253159926,20.224574684007393,0.010863058137409214,1
06075047801,1594,1757,1666.2942324276767,90.70576757232334,0.05443562475768235,1
06075047802,1580,1732,1651.6592768103696,80.34072318963035,0.0486424314733858,1
06075061100,514,531,537.3119419497025,-6.3119419497024865,-0.011747257890451548,0
06075061200,1215,1547,1270.105076787721,276.8949232122791,0.21800946100663288,1
06075061400,2238,2274,2339.502190823802,-65.50219082380181,-0.027998345579978587,0
06075980200,1931,2290,2018.5785212157111,271.42147878428887,0.13446168971461278,1
06075980300,1406,1604,1469.767685566696,134.23231443330405,0.0913289329677624,1
06075980501,497,388,519.5409244144012,-131.54092441440116,-0.25318683905924655,0
06075980600,1925,1513,2012.3063973797227,-499.30639737972274,-0.24812642748136307,0
06075980900,2871,2250,3001.211255520615,-751.2112555206149,-0.2503026916678358,0
06075011901,1415,1750,1479.1758713206793,270.82412867932067,0.18309122933266608,1
06075011902,1367,1518,1428.9988806327692,89.00111936723079,0.06228214771436389,1
06075012201,1147,1339,1199.0210066465152,139.97899335348484,0.1167444044579214,1
06075012202,805,1019,841.5099479951567,177.49005200484328,0.21091854282614472,1
06075012301,544,708,568.6725611296463,139.32743887035372,0.24500468001055845,1
06075010300,2025,1804,2116.8417946462014,-312.8417946462014,-0.14778704551158403,0
06075011000,1268,1705,1325.508837338955,379.4911626610451,0.2862984779663169,1
06075015400,1758,2266,1837.7322839447024,428.26771605529757,0.23304140640987084,1
06075010400,2011,2285,2102.2068390288946,182.7931609711054,0.08695298558516056,1
06075025500,2084,2387,2178.5176790334244,208.48232096657557,0.09569916414865912,1
06075025600,2125,1547,2221.3771919126807,-674.3771919126807,-0.30358517876561936,0
06075025800,1653,1519,1727.9701168148995,-208.97011681489948,-0.12093387193528904,0
06075026001,1644,1533,1718.5619310609163,-185.56193106091632,-0.10797512019038136,0
06075045100,1638,1799,1712.2898072249277,86.7101927750723,0.0506399047691592,1
06075045200,1625,1891,1698.7002055802852,192.29979441971477,0.11320408026560762,1
06075026100,1375,1659,1437.3617124140876,221.6382875859124,0.1541979904374,1
06075023300,2043,1640,2135.658166154168,-495.65816615416816,-0.23208684517463538,0
06075025300,2010,1872,2101.1614850562296,-229.1614850562296,-0.10906419458288184,0
06075025401,1617,1845,1690.337373798967,154.66262620103294,0.091498081151359,1
06075026301,1577,1232,1648.5232148923753,-416.52321489237534,-0.252664452116659,0
06075026302,1388,1480,1450.9513140587298,29.04868594127015,0.020020441526747434,1
06075026303,1416,1782,1480.2212252933439,301.7787747066561,0.20387410310702098,1
06075030500,2546,2027,2661.471214404558,-634.4712144045579,-0.23839116161416235,0
06075031100,1816,1953,1898.3628143592603,54.637185640739744,0.02878121359492654,1
06075016600,1859,1963,1943.3130351838465,19.686964816153477,0.010130619442014394,1
06075017902,1768,1921,1848.1858236713504,72.81417632864964,0.039397648978827825,1
06075021400,2026,2779,2117.8871486188664,661.1128513811336,0.31215678881297515,1
06075021700,1509,1888,1577.4391447511696,310.5608552488304,0.1968765998245969,1
06075022802,1241,1343,1297.2842800770056,45.71571992299437,0.03523955437144488,1
06075022901,1565,1775,1635.9789672203979,139.02103277960214,0.08497727389234419,1
06075022902,1611,2082,1684.0652499629782,397.9347500370218,0.23629414005530358,1
06075022903,1719,1911,1796.9634790107755,114.03652098922453,0.06346067815023229,1
06075023003,1545,1741,1615.071887767102,125.928112232898,0.07797059263225638,1
06075026403,1189,1222,1242.9258734984367,-20.92587349843666,-0.01683597867307811,0
06075030201,1647,1791,1721.6979929789106,69.30200702108937,0.04025212743681131,1
06075030302,2273,2281,2376.0895798670695,-95.08957986706946,-0.040019358139009746,0
06075030400,2161,2201,2259.0099349286133,-58.00993492861335,-0.025679362463913426,0
06075061500,2748,2805,2872.6327168828457,-67.63271688284567,-0.0235438093026509,0
06075012302,1151,1419,1203.2024225371745,215.79757746282553,0.17935267866879498,1
06075012401,741,832,774.60729374461,57.39270625538995,0.07409264890592739,1
06075012402,940,1089,982.6327343049036,106.36726569509642,0.10824722399497375,1
06075012501,552,603,577.0353929109646,25.96460708903544,0.044996558977174785,1
06075012502,425,355,444.27543838253615,-89.27543838253615,-0.20094614887457943,0
06075017802,2156,1678,2253.7831650652893,-575.7831650652893,-0.25547407310082093,0
06075020401,2116,2534,2211.9690061586975,322.03099384130246,0.14558567183567417,1
06075020402,1763,1964,1842.9590538080265,121.04094619197349,0.06567750159281717,1
06075022704,2426,2855,2536.0287376847828,318.97126231521725,0.12577588635940135,1
06075025701,1619,1470,1692.4280817442964,-222.42808174429638,-0.1314254260748566,0
06075025702,974,1719,1018.1747693755063,700.8252306244937,0.6883152595249853,1
06075031201,1686,1687,1762.4667979128376,-75.46679791283759,-0.042818847993169276,0
06075031202,1848,1743,1931.8141414845336,-188.8141414845336,-0.09773928942224035,0
06075031301,1763,1906,1842.9590538080265,63.04094619197349,0.03420637374537145,1
06075012601,1706,1948,1783.3738773661332,164.62612263386677,0.09231161492451782,1
06075012602,1981,2236,2070.846219848951,165.15378015104898,0.07975183215830262,1
06075012901,1762,1911,1841.9136998353617,69.08630016463826,0.037507892020572677,1
06075012902,1739,1975,1817.8705584640713,157.12944153592866,0.08643599006779018,1
06075013101,2057,2351,2150.293121771475,200.70687822852506,0.09333931090435559,1
06075013102,1981,2435,2070.846219848951,364.153780151049,0.17584781364287427,1
06075015801,1372,1386,1434.225650496093,-48.22565049609307,-0.03362486961477226,0
06075015802,1595,1594,1667.3395864003414,-73.33958640034143,-0.043985992414824135,0
06075016801,1629,1892,1702.8816214709443,189.1183785290557,0.11105785401905728,1
06075016802,1570,1526,1641.2057370837217,-115.20573708372171,-0.07019579232548394,0
06075017101,1945,2117,2033.2134768330184,83.78652316698162,0.04120891589676531,1
06075017102,2179,2379,2277.8263064365797,101.17369356342033,0.04441677281429591,1
06075017801,373,434,389.917031803967,44.08296819603299,0.11305730347833576,1
06075023400,838,1045,876.0066290930948,168.99337090690517,0.19291334710772598,1
06075016500,1696,1902,1772.9203376394855,129.07966236051448,0.07280623929915242,1
06075030700,2272,2790,2375.044225894405,414.9557741055951,0.17471496723364346,1
06075035100,1828,2142,1910.907062031238,231.09293796876204,0.12093363542396303,1
06075013000,2060,2129,2153.429183689469,-24.429183689469028,-0.011344317182334513,0
06075026002,1827,2053,1909.861708058573,143.13829194142704,0.07494694057557238,1
06075026402,1476,1917,1542.9424636532315,374.05753634676853,0.2424312929084283,1
06075030301,1835,2096,1918.2245398398916,177.77546016010842,0.0926770857466701,1
06075030800,2431,2434,2541.255507548107,-107.25550754810683,-0.0422057157296988,0
06075025402,2175,2493,2273.6448905459206,219.3551094540794,0.09647729527428994,1
06075026200,1754,1821,1833.5508680540431,-12.550868054043121,-0.006845115820191791,0
06075021600,2210,2546,2310.232279589188,235.76772041081222,0.10205368633007635,1
06075030900,2713,2901,2836.045327839578,64.95467216042198,0.02290325599623003,1
06075047901,1513,1498,1581.6205606418287,-83.62056064182866,-0.052870178045671755,0
06075031302,1920,1892,2007.0796275163987,-115.07962751639866,-0.057336851980706184,0
06075032601,1516,1820,1584.7566225598232,235.2433774401768,0.1484413278931078,1
06075032602,1439,1779,1504.2643666646343,274.7356333353657,0.18263786567286028,1
06075032801,1431,1746,1495.9015348833157,250.09846511668434,0.1671891226023728,1
06075012000,1009,1203,1054.762158418774,148.2378415812259,0.14054148643657613,1
06075012700,1725,2244,1803.2356028467643,440.7643971532357,0.24442973311829128,1
06075013200,2657,2511,2777.5055053703495,-266.5055053703495,-0.09595138690276474,0
06075013300,2506,2340,2619.657055497966,-279.6570554979662,-0.10675330761751434,0
06075013500,1660,1813,1735.2875946235529,77.71240537644712,0.04478358839031854,1
06075015300,1963,2242,2052.0298483409847,189.9701516590153,0.09257669999907724,1
06075016700,1911,2108,1997.6714417624155,110.3285582375845,0.05522858060194764,1
06075020200,1413,1475,1477.0851633753496,-2.085163375349566,-0.0014116744430528782,0
06075020500,2225,2312,2325.9125891791596,-13.912589179159568,-0.005981561492845901,0
06075021000,1756,1649,1835.641575999373,-186.6415759993729,-0.10167648109504175,0
06075023001,1091,1424,1140.4811841772869,283.5188158227131,0.24859578549490594,1
06075035202,1569,1820,1640.160383111057,179.83961688894306,0.10964758004203418,1
06075042700,1582,1494,1653.7499847556994,-159.74998475569942,-0.09659863112821042,0
06075060100,2449,2987,2560.071879056073,426.92812094392684,0.16676411488154777,1
06075031400,1279,1615,1337.0077310382676,277.9922689617324,0.20792121280095707,1
06075040100,1553,1641,1623.4347195484202,17.565280451579838,0.010819825546459825,1
06075023200,1286,1535,1344.325208846921,190.674791153079,0.14183680399523865,1
06075030102,1973,2392,2062.4833880676324,329.5166119323676,0.159766916833738,1
06075032700,1752,1924,1831.4601601087138,92.53983989128619,0.05052790222081222,1
06075035201,1465,1878,1531.4435699539188,346.55643004608123,0.22629396005528896,1
06075035400,1353,1459,1414.3639250154622,44.6360749845378,0.03155911586478694,1
06075015900,1637,1649,1711.244453252263,-62.24445325226293,-0.03637379401520676,0
06075016000,1348,1448,1409.1371551521381,38.86284484786188,0.02757917829770519,1
06075010500,2318,2398,2423.1305086369853,-25.13050863698527,-0.010371091671459835,0
06075011300,622,943,650.2101709975,292.7898290025,0.4503002906788208,1
06075015200,1591,1767,1663.1581705096823,103.84182949031765,0.06243653269520051,1
06075017700,1602,1675,1674.6570642089953,0.34293579100472016,0.0002047797118192087,1
06075022702,2340,2492,2446.1282960356107,45.871703964389326,0.01875277925476462,1
06075022801,2093,2211,2187.9258647874076,23.07413521259241,0.010546122966938113,1
06075023103,485,719,506.99667674242363,212.00332325757637,0.41815525225875055,1
06075025900,1823,1964,1905.6802921679139,58.319707832086124,0.03060309122772176,1
06075026003,1779,1736,1859.6847173706633,-123.6847173706633,-0.06650843350777026,0
06075047701,1370,1537,1432.1349425507638,104.86505744923625,0.07322288866331406,1
06075047702,1591,1720,1663.1581705096823,56.84182949031765,0.03417704371009897,1
06075060502,526,617,549.8561896216801,67.14381037831993,0.1221115841662475,1
06075060700,2815,2889,2942.6714330513864,-53.67143305138643,-0.018239016578120697,0
06075047902,1637,1901,1711.244453252263,189.75554674773707,0.11088745759678105,1
06075060400,1457,1638,1523.0807381726004,114.91926182739962,0.07545185159736201,1
06075010900,1791,2031,1872.2289650426405,158.77103495735946,0.08480321473594092,1
06075011800,662,623,692.0243299040916,-69.02432990409159,-0.09974263464646936,0
06075012100,1211,1459,1265.9236608970618,193.07633910293816,0.15251815339806504,1
06075012800,1927,2339,2014.397105325052,324.60289467494795,0.161141462036885,1
06075015500,1521,1415,1589.983392423147,-174.98339242314705,-0.11005359757655771,0
06075016100,561,784,586.4435786649477,197.55642133505228,0.33687200017569296,1
06075016300,1550,1765,1620.298657630426,144.70134236957392,0.08930535224980655,1
06075017601,830,868,867.6437973117764,0.3562026882235614,0.00041054023474516307,1
06075020100,1078,1207,1126.8915825326446,80.10841746735537,0.0710879544306426,1
06075020600,2167,2194,2265.282058764602,-71.28205876460197,-0.03146718903670498,0
06075020900,1190,1461,1243.9712274711012,217.0287725288988,0.17446446327388276,1
06075021800,2307,2165,2411.6316149376726,-246.63161493767257,-0.10226753265715777,0
06075022600,3202,3508,3347.2234204726606,160.77657952733944,0.048032819842254874,1
06075023102,824,934,861.3716734757878,72.62832652421218,0.08431705936084939,1
06075025100,2178,2019,2276.7809524639147,-257.7809524639147,-0.11322167474431219,0
06075017000,2518,2369,2632.201303169944,-263.2013031699439,-0.09999284737568218,0
06075018000,2766,2956,2891.4490883908115,64.55091160918846,0.022324761611179952,1
06075015600,1535,1696,1604.618348040454,91.38165195954593,0.056949150600914177,1
06075010200,1823,2341,1905.6802921679139,435.3197078320861,0.22843270700819585,1
06075010800,1485,1570,1552.3506494072146,17.649350592785368,0.011369435507064722,1
06075033100,2328,2513,2433.584048363633,79.41595163636703,0.03263333012466413,1
06075040200,1620,1635,1693.4734357169614,-58.473435716961376,-0.03452869970304886,0
06075021500,2040,2327,2132.5221042361736,194.47789576382638,0.09119619223524271,1
06075022803,1601,1931,1673.6117102363303,257.3882897636697,0.15379211808175267,1
06075042800,2984,3071,3119.336254431736,-48.33625443173605,-0.015495685777082628,0
06075026404,1235,1427,1291.0121562410168,135.98784375898322,0.10533428604958534,1
06075030600,3124,2989,3265.685810604807,-276.6858106048071,-0.0847251776966152,0
06075031000,2192,2479,2291.415908081222,187.58409191877809,0.0818638341722331,1
06075026004,1781,1871,1861.7754253159926,9.224574684007393,0.004954719327891944,1
06075030101,1736,1833,1814.734496546077,18.265503453922975,0.010065110620141454,1
06075033000,2055,2144,2148.2024138261454,-4.202413826145403,-0.001956246673543448,0
06075025403,1553,1798,1623.4347195484202,174.56528045157984,0.10752836461458548,1
06075026401,1224,1490,1279.5132625417043,210.4867374582957,0.16450531903059123,1
06075030202,1647,2007,1721.6979929789106,285.30200702108937,0.16570967044426593,1
06075035300,1671,1593,1746.7864883228656,-153.78648832286558,-0.08803965988454601,0
06075047600,1606,1759,1678.8384800996544,80.16151990034564,0.04774820261183632,1
06075010600,1266,956,1323.4181293936253,-367.41812939362535,-0.2776281518539965,0
06075061000,2359,2551,2465.990021516242,85.009978483758,0.034472961261817536,1
06075020300,1883,1918,1968.4015305278012,-50.40153052780124,-0.025605309560131632,0
06075020700,1874,2238,1958.9933447738183,279.0066552261817,0.14242348294368262,1
06075020800,1189,1372,1242.9258734984367,129.07412650156334,0.10384700266819709,1
06075021100,2290,2416,2393.8605974023712,22.13940259762876,0.009248409294030193,1
06075021200,2264,2678,2366.6813941130868,311.31860588691325,0.13154225434031427,1
06075021300,2156,2441,2253.7831650652893,187.21683493471073,0.08306781141888922,1
06075010700,572,643,597.9424723642604,45.057527635739575,0.07535428526691275,1
06075016200,1396,1697,1459.314145840048,237.685854159952,0.16287504293541205,1
06075016900,1741,1818,1819.961266409401,-1.9612664094011052,-0.0010776418408455937,0
06075033201,1485,1682,1552.3506494072146,129.64935059278537,0.08351808313559418,1
06075011100,1318,1466,1377.7765359721946,88.22346402780545,0.06403321708883125,1
06075011700,1003,1071,1048.4900345827853,22.509965417214744,0.02146893596959355,1
06075025200,1985,2057,2075.02763573961,-18.027635739610105,-0.008687901514711367,0
06075010100,1529,1615,1598.3462242044652,16.653775795534784,0.010419379445666576,1
06075011200,1571,1844,1642.2510910563867,201.7489089436133,0.12284900283661083,1
06075013400,1795,2332,1876.4103809332996,455.5896190667004,0.24279849637161816,1
06075015100,1732,1891,1810.553080655418,80.44691934458206,0.04443223466028423,1
06075015700,1692,2098,1768.7389217488262,329.2610782511738,0.1861558391702149,1
06075016400,1651,1920,1725.87940886957,194.12059113043006,0.11247633532957942,1
06017031402,1078,1048,1126.8915825326446,-78.89158253264463,-0.07000813898648431,0
06017031000,1012,1074,1057.8982203367684,16.101779663231582,0.015220537622329855,1
06017030704,1773,2221,1853.4125935346744,367.58740646532556,0.1983300468269148,1
06017030301,1056,1103,1103.8937951340192,-0.8937951340192285,-0.000809674932460977,0
06017030302,891,950,931.4103896443287,18.58961035567131,0.019958560224746902,1
06017030504,1655,1625,1730.060824760229,-105.06082476022902,-0.06072666536148492,0
06017031502,1327,1299,1387.1847217261775,-88.18472172617749,-0.06357100128412793,0
06017030401,1415,1392,1479.1758713206793,-87.17587132067933,-0.05893543358224504,0
06017030402,924,875,965.9070707422668,-90.9070707422668,-0.09411575243196822,0
06017030803,1514,1243,1582.6659146144934,-339.66591461449343,-0.21461630750873245,0
06017031200,1363,1246,1424.8174647421101,-178.81746474211013,-0.1255020163403709,0
06017031301,1285,1454,1343.2798548742562,110.72014512574378,0.08242522563260524,1
06017031404,1781,1387,1861.7754253159926,-474.7754253159926,-0.2550121882908679,0
06017030502,1704,1428,1781.2831694208037,-353.2831694208037,-0.1983307177014849,0
06017031100,1054,1081,1101.8030871886897,-20.803087188689688,-0.0188809483569064,0
06017030801,1909,1904,1995.580733817086,-91.58073381708596,-0.04589177088411408,0
06017031406,1322,1453,1381.9579518628536,71.04204813714637,0.05140680875375622,1
06017031503,1573,1536,1644.341799001716,-108.34179900171603,-0.06588763909516294,0
06017030602,1254,1225,1310.8738817216479,-85.87388172164788,-0.06550888145613569,0
06017030603,1464,1105,1530.398215981254,-425.398215981254,-0.2779657030039721,0
06017030804,1947,1649,2035.304184778348,-386.3041847783479,-0.1898016953276288,0
06017031405,1510,1483,1578.4844987238343,-95.48449872383435,-0.060491248916939765,0
06017031504,1137,1079,1188.5674669198675,-109.56746691986746,-0.09218447414163863,0
06017030601,1986,1699,2076.0729897122746,-377.07298971227465,-0.1816280022816219,0
06017030902,1581,1702,1652.7046307830344,49.29536921696558,0.029827089667928106,1
06017031302,1073,1106,1121.6648126693206,-15.664812669320554,-0.013965680738474514,0
06017030200,1016,1050,1062.0796362274275,-12.0796362274275,-0.011373569189533765,0
06017030701,2770,2761,2895.630504281471,-134.63050428147108,-0.04649436593598762,0
06017030901,1833,1483,1916.1338318945618,-433.1338318945618,-0.22604570969153248,0
06017031900,762,875,796.5597271705707,78.44027282942932,0.09847381201162907,1
06017031800,3544,2790,3704.734479124019,-914.7344791240189,-0.24690959211206603,0
06017032000,1169,1156,1222.0187940451406,-66.01879404514057,-0.05402436882873495,0
06017030505,1572,1713,1643.2964450290515,69.70355497094852,0.04241690851446846,1
06017030706,2236,2366,2337.4114828784727,28.588517121527275,0.01223084481741363,1
06017030709,2863,2556,2992.8484237392963,-436.8484237392963,-0.14596409904163918,0
06017030710,2788,2485,2914.4468757894374,-429.4468757894374,-0.14735107349421595,0
06017030807,1915,1774,2001.8528576530748,-227.8528576530748,-0.11382098178794427,0
06017030808,2124,1806,2220.331837940016,-414.33183794001616,-0.18660806950569414,0
06017030809,1800,1735,1881.6371507966237,-146.6371507966237,-0.07793062054208609,0
06017030810,1536,1403,1605.6637020131188,-202.66370201311884,-0.12621802545516034,0
06017031600,887,867,927.2289737536696,-60.22897375366961,-0.06495587978646385,0
06017031700,3532,3107,3692.1902314520416,-585.1902314520416,-0.15849406308133307,0
06067006201,804,790,840.4645940224918,-50.46459402249184,-0.060043688195081,0
06067006500,941,1101,983.6780882775682,117.32191172243176,0.11926860333736192,1
06067007014,1141,1174,1192.7488828105265,-18.74888281052654,-0.0157190529211377,0
06067007206,1348,1302,1409.1371551521381,-107.13715515213812,-0.07603032448645569,0
06067007504,1073,985,1121.6648126693206,-136.66481266932055,-0.12184104478064864,0
06067008005,1931,1867,2018.5785212157111,-151.57852121571113,-0.07509171410603403,0
06067008135,1074,1009,1122.7101666419856,-113.71016664198555,-0.1012818535188752,0
06067008139,968,971,1011.9026455395177,-40.90264553951772,-0.04042152248520864,0
06067008143,1163,1099,1215.746670209152,-116.74667020915194,-0.0960287805592487,0
06067008144,1704,1625,1781.2831694208037,-156.2831694208037,-0.08773628589979897,0
06067008907,986,932,1030.719017047484,-98.71901704748393,-0.09577684646807683,0
06067008912,1568,1263,1639.1150291383922,-376.1150291383922,-0.22946225399208173,0
06067007011,983,1050,1027.5829551294894,22.41704487051061,0.021815314042150258,1
06067007209,1322,1250,1381.9579518628536,-131.95795186285363,-0.09548622784432534,0
06067007403,1046,1183,1093.4402554073713,89.5597445926287,0.08190639054098332,1
06067007421,2002,1785,2092.7986532749114,-307.79865327491143,-0.14707513921286855,0
06067007422,1126,1113,1177.0685732205545,-64.06857322055453,-0.05443062084756689,0
06067007501,993,942,1038.0364948561373,-96.03649485613732,-0.09251745514924996,0
06067007701,966,1053,1009.8119375941881,43.188062405811934,0.042768421324771336,1
06067007801,955,1156,998.3130438948754,157.68695610512464,0.15795341658555895,1
06067008113,1073,1088,1121.6648126693206,-33.664812669320554,-0.030013255554665705,0
06067009310,1484,1455,1551.3052954345499,-96.30529543454986,-0.062080169337379164,0
06067009318,1505,1380,1573.2577288605105,-193.2577288605105,-0.12283920511897595,0
06067009610,1301,1259,1360.005518436893,-101.005518436893,-0.07426846219931707,0
06067009611,1661,1487,1736.3329485962179,-249.33294859621788,-0.1435974297428367,0
06067009614,1513,1625,1581.6205606418287,43.37943935817134,0.027427210063940853,1
06067009004,1338,1169,1398.6836154254902,-229.6836154254902,-0.16421413169669447,0
06067009103,1384,1347,1446.7698981680708,-99.76989816807077,-0.06896044650528148,0
06067009106,1130,1128,1181.2499891112138,-53.249989111213836,-0.04507935627688746,0
06067009107,1321,1220,1380.9125978901889,-160.91259789018886,-0.11652627265189505,0
06067009403,1702,1513,1779.1924614754741,-266.19246147547415,-0.14961420264490233,0
06067001400,810,788,846.7367178584807,-58.73671785848069,-0.0693683368391468,0
06067002600,1167,1184,1219.928086099811,-35.928086099811026,-0.02945098691405281,0
06067002700,986,878,1030.719017047484,-152.71901704748393,-0.14816745836799514,0
06067003800,1130,1253,1181.2499891112138,71.75001088878616,0.06074075051867023,1
06067004001,930,1069,972.1791945782556,96.82080542174435,0.09959152177057905,1
06067004100,798,815,834.1924701865032,-19.192470186503215,-0.023007244577755884,0
06067004601,880,939,919.911495945016,19.088504054984014,0.02075037015965822,1
06067004802,952,935,995.176981976881,-60.17698197688105,-0.060468623236584286,0
06067004904,1185,1144,1238.7444576077771,-94.74445760777712,-0.07648426358309972,0
06067005502,837,829,874.96127512043,-45.961275120429946,-0.05252949636440061,0
06067005701,1677,1490,1753.0586121588544,-263.05861215885443,-0.15005694067176872,0
06067008206,1432,1460,1496.9468888559807,-36.94688885598066,-0.024681496137926955,0
06067007402,1217,1128,1272.1957847330507,-144.1957847330507,-0.113344020207792,0
06067007406,1111,1040,1161.3882636305827,-121.38826363058274,-0.1045199675525516,0
06067007802,1150,1049,1202.1570685645095,-153.15706856450947,-0.127401878314781,0
06067008911,828,786,865.5530893664469,-79.5530893664469,-0.09191012122049826,0
06067009105,1185,1143,1238.7444576077771,-95.74445760777712,-0.07729153258346415,0
06067009504,1051,1039,1098.6670252706954,-59.667025270695376,-0.054308561100206224,0
06067009616,1722,1503,1800.09954092877,-297.09954092877,-0.1650461733774345,0
06067007001,943,949,985.7687962228978,-36.76879622289778,-0.037299614639641904,0
06067007602,1215,1124,1270.105076787721,-146.10507678772092,-0.11503384992148977,0
06067009108,1312,1330,1371.5044121362057,-41.5044121362057,-0.030261960347294784,0
06067008207,1381,1371,1443.6338362500762,-72.63383625007623,-0.050313198836310795,0
06067008909,1402,1162,1465.5862696760369,-303.58626967603686,-0.2071432272241085,0
06067009609,1651,1508,1725.87940886957,-217.87940886956994,-0.12624254495989282,0
06067009323,2111,1955,2206.7422362953735,-251.74223629537346,-0.11407867767918031,0
06067008131,1001,973,1046.3993266374557,-73.39932663745572,-0.07014466157324493,0
06067009109,1516,1422,1584.7566225598232,-162.7566225598232,-0.10270133611868171,0
06067009800,765,735,799.6957890885651,-64.6957890885651,-0.08090049987921112,0
06067005001,1131,990,1182.2953430838786,-192.2953430838786,-0.16264577561669047,0
06067007013,1245,1146,1301.4656959676647,-155.46569596766471,-0.11945431712056996,0
06067008129,1228,984,1283.6946784323634,-299.6946784323634,-0.23346258535428993,0
06067008204,1409,1463,1472.9037474846905,-9.903747484690484,-0.006723961088158903,0
06067002800,947,996,989.9502121135571,6.049787886442914,0.0061112041923063335,1
06067004801,1049,1036,1096.5763173253656,-60.57631732536561,-0.05524131459734232,0
06067007424,1021,965,1067.3064060907516,-102.30640609075158,-0.09585476626667282,0
06067008124,1550,1593,1620.298657630426,-27.298657630426078,-0.016847917204565525,0
06067008913,1185,998,1238.7444576077771,-240.74445760777712,-0.19434553763630552,0
06067009005,1089,1020,1138.3904762319573,-118.39047623195734,-0.10399812604180132,0
06067009007,986,1057,1030.719017047484,26.28098295251607,0.025497718115067375,1
06067009110,878,847,917.8207879996864,-70.82078799968644,-0.07716189143420299,0
06067009314,1659,1636,1734.242240650888,-98.2422406508881,-0.05664851100271682,0
06067009404,2178,1980,2276.7809524639147,-296.7809524639147,-0.1303511223346895,0
06067009501,1324,1065,1384.0486598081832,-319.0486598081832,-0.23051838354613954,0
06067009606,1011,1033,1056.8528663641036,-23.852866364103647,-0.022569713460838487,0
06067009608,1566,1445,1637.0243211930626,-192.02432119306263,-0.11730083585631482,0
06067009615,1619,1458,1692.4280817442964,-234.42808174429638,-0.1385158307599598,0
06067003502,952,1043,995.176981976881,47.82301802311895,0.04805478712753218,1
06067004201,1175,1080,1228.2909178811294,-148.29091788112942,-0.12072947517754144,0
06067004401,924,987,965.9070707422668,21.092929257733203,0.021837431256739846,1
06067004602,881,868,920.9568499176809,-52.95684991768087,-0.05750198820109149,0
06067004701,747,888,780.8794175805988,107.12058241940122,0.1371794159350406,1
06067004702,1044,966,1091.3495474620418,-125.34954746204176,-0.11485737796249147,0
06067003203,1222,1109,1277.4225545963745,-168.42255459637454,-0.1318456089493353,0
06067005204,1352,1128,1413.3185710427972,-285.3185710427972,-0.20187845605982443,0
06067005301,235,295,245.6581835762259,49.341816423774105,0.20085557788252437,1
06067005509,873,885,912.5940181363625,-27.59401813636248,-0.030236904459129712,0
06067005510,869,912,908.4126022457034,3.587397754296603,0.003949084089573539,1
06067005903,858,883,896.9137085463906,-13.91370854639058,-0.015512873104526675,0
06067005904,1109,1157,1159.297555685253,-2.2975556852529735,-0.0019818515738135095,0
06067005508,945,914,987.8595041682274,-73.85950416822743,-0.07476721523311834,0
06067005605,1001,1113,1046.3993266374557,66.60067336254428,0.06364747345218745,1
06067005901,1184,1309,1237.6991036351124,71.30089636488765,0.05760761735665598,1
06067001500,1339,1368,1399.7289693981552,-31.728969398155186,-0.022667937930725093,0
06067009312,1635,1658,1709.1537453069332,-51.15374530693316,-0.029929282516212064,0
06067009316,1488,1271,1555.486711325209,-284.48671132520894,-0.18289240869363538,0
06067009503,910,761,951.2721151249597,-190.27211512495967,-0.20001859835864674,0
06067009601,1334,1294,1394.502199534831,-100.5021995348311,-0.07207030549564997,0
06067009612,1695,1485,1771.8749836668205,-286.8749836668205,-0.16190475417918304,0
06067005804,1565,1553,1635.9789672203979,-82.97896722039786,-0.05072129219447294,0
06067006002,1018,1123,1064.1703441727573,58.82965582724273,0.05528217935162863,1
06067006202,807,827,843.6006559404863,-16.600655940486263,-0.019678334557456052,0
06067006702,1240,997,1296.2389261043406,-299.23892610434063,-0.230851674084237,0
06067001600,1420,1533,1484.4026411840032,48.59735881599681,0.03273866366691057,1
06067002300,1565,1586,1635.9789672203979,-49.97896722039786,-0.030549883722108227,0
06067003102,1053,1118,1100.757733216025,17.242266783975083,0.015663997865905766,1
06067003501,882,787,922.0022038903456,-135.00220389034564,-0.14642286463167883,0
06067003700,945,934,987.8595041682274,-53.85950416822743,-0.05452142125572487,0
06067005201,759,764,793.4236652525763,-29.423665252576257,-0.037084431106815564,0
06067005205,866,905,905.276540327709,-0.27654032770897174,-0.0003054760787337585,0
06067007015,1138,1171,1189.6128208925322,-18.612820892532227,-0.01564611658990659,0
06067007016,1691,1698,1767.6935677761614,-69.69356777616144,-0.039426272203863424,0
06067007017,1964,1579,2053.0752023136492,-474.07520231364924,-0.23090980874904385,0
06067007018,1279,1305,1337.0077310382676,-32.00773103826759,-0.023939824950310235,0
06067008008,1570,1458,1641.2057370837217,-183.20573708372171,-0.11162874522316879,0
06067008010,1411,1322,1474.9944554300198,-152.9944554300198,-0.10372544443593573,0
06067007004,1107,1015,1157.2068477399237,-142.20684773992366,-0.12288801091841095,0
06067007007,1197,1149,1251.2887052797548,-102.28870527975482,-0.08174668631479878,0
06067008402,1624,1610,1697.6548516076205,-87.65485160762046,-0.051632904959812265,0
06067008122,1499,1352,1566.9856050245216,-214.98560502452165,-0.13719692404012693,0
06067008140,1541,1360,1610.890471876443,-250.89047187644292,-0.15574644971622037,0
06067008501,2339,2047,2445.082942062946,-398.08294206294613,-0.16280958621676805,0
06067009311,1695,1604,1771.8749836668205,-167.87498366682053,-0.09474425973293575,0
06067009111,1168,1200,1220.9734400724758,-20.973440072475796,-0.017177638254957318,0
06067009308,1499,1243,1566.9856050245216,-323.98560502452165,-0.20675723119961376,0
06067008209,1624,1504,1697.6548516076205,-193.65485160762046,-0.11407198078233394,0
06067008510,2256,2196,2358.3185623317686,-162.3185623317686,-0.06882809003177137,0
06067008512,3186,2497,3330.497756910024,-833.4977569100238,-0.25026221836682094,0
06067008513,2468,2422,2579.9336045367036,-157.93360453670357,-0.061216150779610776,0
06067008703,1638,1607,1712.2898072249277,-105.2898072249277,-0.06149064649025079,0
06067004006,973,1036,1017.1294154028417,18.870584597158313,0.01855278621519807,1
06067004010,1105,1188,1155.116139794594,32.88386020540611,0.028468012066088535,1
06067004011,1660,1518,1735.2875946235529,-217.28759462355288,-0.12521705064726776,0
06067004903,972,970,1016.0840614301768,-46.0840614301768,-0.04535457564929396,0
06067004906,1332,1220,1392.4114915895016,-172.41149158950157,-0.12382222685672174,0
06067005002,836,818,873.9159211477653,-55.91592114776529,-0.063983181670758,0
06067005506,882,856,922.0022038903456,-66.00220389034564,-0.07158573332238513,0
06067005801,1444,1465,1509.4911365279581,-44.49113652795813,-0.029474261525174638,0
06067006300,988,948,1032.8097249928135,-84.80972499281347,-0.0821155368123626,0
06067007012,1160,1144,1212.6106082911574,-68.6106082911574,-0.0565809071948045,0
06067007204,1498,1318,1565.9402510518569,-247.94025105185688,-0.15833314897251863,0
06067007423,873,848,912.5940181363625,-64.59401813636248,-0.07078067229530169,0
06067007905,1341,1256,1401.8196773434845,-145.8196773434845,-0.10402170814139218,0
06067007906,1136,1037,1187.5221129472025,-150.52211294720246,-0.12675310321054603,0
06067008128,1340,1344,1400.77432337082,-56.77432337081996,-0.04053067108925752,0
06067008141,1020,965,1066.2610521180868,-101.26105211808681,-0.09496834937085585,0
06067008142,1007,1008,1052.6714504734443,-44.67145047344434,-0.04243627055084768,0
06067008403,1595,1658,1667.3395864003414,-9.339586400341432,-0.005601490228217327,0
06067001101,759,795,793.4236652525763,1.5763347474237435,0.0019867503535099845,1
06067003204,896,1054,936.6371595076527,117.36284049234735,0.12530235353254576,1
06067008705,2363,2194,2470.1714374069006,-276.1714374069006,-0.11180253857068953,0
06067008801,1832,1636,1915.088477921897,-279.08847792189704,-0.1457313754113031,0
06067009010,1042,1040,1089.2588395167122,-49.258839516712214,-0.04522234544230793,0
06067009011,2149,1776,2246.4656872566356,-470.46568725663565,-0.20942482670686338,0
06067009201,750,910,784.0154794985932,125.98452050140679,0.16069136872396772,1
06067009324,2889,2632,3020.027627028581,-388.0276270285808,-0.12848479383295014,0
06067009325,2424,2119,2533.938029739453,-414.9380297394532,-0.16375224053214843,0
06067009326,2702,2236,2824.546434140265,-588.5464341402649,-0.2083684753865293,0
06067009328,2254,2099,2356.227854386439,-257.22785438643905,-0.10916934621054342,0
06067009329,1671,1524,1746.7864883228656,-222.78648832286558,-0.12754076689519656,0
06067009330,2450,2517,2561.1172330287377,-44.1172330287377,-0.017225776493083583,0
06067009331,2070,2089,2163.882723416117,-74.88272341611719,-0.034605721745354104,0
06067009332,2185,1109,2284.0984302725683,-1175.0984302725683,-0.5144692604741821,0
06067009407,1744,1519,1823.0973283273952,-304.0973283273952,-0.16680257471848198,0
06067009408,2405,2017,2514.076304258822,-497.0763042588219,-0.1977172703218193,0
06067009622,1724,1631,1802.1902488740998,-171.19024887409978,-0.0949901093855375,0
06067009630,2138,1955,2234.966793557323,-279.96679355732294,-0.12526664573468183,0
06067009632,2208,1927,2308.1415716438582,-381.14157164385824,-0.16512920018697522,0
06067009633,1197,1144,1251.2887052797548,-107.28870527975482,-0.08574256670507381,0
06067009634,962,958,1005.6305217035289,-47.63052170352887,-0.04736383858242807,0
06067009635,2077,1891,2171.200201224771,-280.2002012247708,-0.12905313893518908,0
06067009636,2291,1958,2394.9059513750362,-436.90595137503624,-0.18243136066541005,0
06067009637,2611,2201,2729.419222627769,-528.4192226277692,-0.1936013413575323,0
06067009638,1057,1252,1104.939149106684,147.060850893316,0.13309407220498165,1
06067009639,1536,1439,1605.6637020131188,-166.66370201311884,-0.10379739032785157,0
06067009900,1037,1068,1084.0320696533881,-16.032069653388135,-0.014789294617929782,0
06067008704,2570,2071,2686.5597097485124,-615.5597097485124,-0.22912563882904902,0
06067008119,1295,1181,1353.7333946009041,-172.73339460090415,-0.12759779384169503,0
06067008125,1533,1316,1602.5276400951245,-286.5276400951245,-0.17879731551969769,0
06067008134,1129,1126,1180.2046351385488,-54.20463513854884,-0.045928166628650416,0
06067006701,1134,1061,1185.431405001873,-124.43140500187292,-0.10496719124939695,0
06067007207,1275,1336,1332.8263151476083,3.173684852391716,0.002381169111325834,1
06067007413,908,906,949.1814071796301,-43.18140717963013,-0.04549331334664266,0
06067007019,847,922,885.4148148470779,36.58518515292212,0.0413198249446965,1
06067007020,1963,1658,2052.0298483409847,-394.0298483409847,-0.1920195501344915,0
06067007101,1355,1258,1416.4546329607917,-158.45463296079174,-0.1118670723887405,0
06067007102,1852,1593,1935.995557375193,-342.9955573751929,-0.17716753329755752,0
06067007103,1666,1500,1741.5597184595417,-241.55971845954173,-0.13870309234828196,0
06067007104,1981,1852,2070.846219848951,-218.84621984895102,-0.10567960950036832,0
06067007105,1704,1648,1781.2831694208037,-133.2831694208037,-0.07482424563868843,0
06067007106,2264,2032,2366.6813941130868,-334.68139411308675,-0.141413793570008,0
06067007107,2322,2094,2427.3119245276444,-333.31192452764435,-0.13731730197490252,0
06067007426,1380,1242,1442.5884822774117,-200.58848227741169,-0.13904761111134273,0
06067003300,1216,1387,1271.1504307603857,115.84956923961431,0.09113757619569432,1
06067003400,1080,1155,1128.9822904779742,26.017709522025825,0.023045276920163893,1
06067004005,1187,1228,1240.835165553107,-12.83516555310689,-0.01034397308314966,0
06067004402,1053,851,1100.757733216025,-249.75773321602492,-0.22689618767094294,0
06067005102,952,965,995.176981976881,-30.176981976881052,-0.030323231468774157,0
06067005402,1088,1140,1137.3451222592926,2.654877740707434,0.0023342762796868736,1
06067005403,1433,1065,1497.9922428286454,-432.99224282864543,-0.28904838786817083,0
06067004501,826,839,863.4623814211174,-24.462381421117357,-0.028330569979037525,0
06067004502,749,750,782.9701255259284,-32.97012552592844,-0.04210904663033228,0
06067005702,1852,2109,1935.995557375193,173.0044426248071,0.08936200393939184,1
06067005803,1913,1619,1999.762149707745,-380.76214970774504,-0.19040371864393546,0
06067002000,789,846,824.78428443252,21.215715567479947,0.02572274468357152,1
06067008203,1401,1343,1464.5409157033723,-121.54091570337232,-0.08298908852607924,0
06067007202,1286,1149,1344.325208846921,-195.325208846921,-0.14529609915926434,0
06067007208,1378,1253,1440.497774332082,-187.49777433208192,-0.13016179384172902,0
06067007414,1134,1094,1185.431405001873,-91.43140500187292,-0.07712922453048092,0
06067007415,1326,1217,1386.1393677535127,-169.13936775351272,-0.12202190608555717,0
06067007903,1428,1341,1492.7654729653214,-151.76547296532135,-0.101667325319258,0
06067008006,1278,1421,1335.9623770656028,85.03762293439718,0.0636527078862651,1
06067009006,989,987,1033.8550789654782,-46.85507896547824,-0.04532074167722185,0
06067009112,1255,1253,1311.9192356943126,-58.91923569431265,-0.04491071865649608,0
06067009319,1456,1294,1522.0353841999356,-228.0353841999356,-0.14982265627142655,0
06067009320,1276,1259,1333.8716691202733,-74.87166912027328,-0.056131088809805295,0
06067009321,1513,1339,1581.6205606418287,-242.62056064182866,-0.15339997890731275,0
06067009322,1759,1674,1838.7776379173674,-164.77763791736743,-0.08961259617231235,0
06067009617,1745,1723,1824.1426823000602,-101.14268230006019,-0.05544669464810146,0
06067009618,1764,1536,1844.0044077806913,-308.0044077806913,-0.1670301906443829,0
06067009619,1878,1627,1963.1747606644774,-336.1747606644774,-0.1712403640268338,0
06067006800,845,785,883.3241069017483,-98.32410690174834,-0.11131147235030106,0
06067005601,963,855,1006.6758756761936,-151.67587567619364,-0.15067002134556123,0
06067005606,1082,1120,1131.0729984233037,-11.072998423303716,-0.00978981766759465,0
06067006004,1092,1200,1141.5265381499516,58.47346185004835,0.05122391805696876,1
06067007010,1152,1296,1204.2477765098392,91.75222349016076,0.07619048611082165,1
06067008136,1019,1106,1065.215698145422,40.78430185457796,0.03828736463946679,1
06067000600,780,837,815.3760986785369,21.62390132146311,0.02652015598263,1
06067000700,524,503,547.7654816763504,-44.76548167635042,-0.08172380913699176,0
06067001800,1026,1175,1072.5331759540754,102.46682404592457,0.09553720700040338,1
06067002200,533,655,557.1736674303336,97.82633256966642,0.17557601568078085,1
06067002900,1122,1238,1172.8871573298954,65.11284267010456,0.0555150103427984,1
06067003000,1191,1188,1245.016581443766,-57.01658144376597,-0.045795841030203385,0
06067003900,997,991,1042.2179107467964,-51.217910746796406,-0.049143188021108224,0
06067004012,1725,1692,1803.2356028467643,-111.23560284676432,-0.06168667181989802,0
06067004905,888,930,928.2743277263344,1.725672273665623,0.001859011094158332,1
06067007904,1422,1290,1486.4933491293327,-196.49334912933273,-0.13218582460824504,0
06067008138,1402,919,1465.5862696760369,-546.5862696760369,-0.3729471822882579,0
06067008211,1894,1336,1979.9004242271142,-643.9004242271142,-0.32521858995937686,0
06067009309,1301,1302,1360.005518436893,-58.005518436893,-0.04265094343408326,0
06067008208,991,1128,1035.9457869108078,92.05421308919222,0.0888600680192909,1
06067008504,1888,1814,1973.6283003911253,-159.62830039112532,-0.08088063003529634,0
06067008600,2175,2037,2273.6448905459206,-236.6448905459206,-0.1040817286507306,0
06067009008,1042,892,1089.2588395167122,-197.25883951671221,-0.1810945501293641,0
06067009307,1629,1436,1702.8816214709443,-266.8816214709443,-0.1567235315161912,0
06067009406,1948,1773,2036.3495387510127,-263.3495387510127,-0.12932432951198405,0
06067009502,1461,1601,1527.2621540632597,73.73784593674031,0.048281066705255414,1
06067000300,1528,1686,1597.3008702318004,88.69912976819955,0.05553063384691422,1
06067000500,853,963,891.6869386830666,71.31306131693339,0.07997544678881999,1
06067000800,1175,1220,1228.2909178811294,-8.290917881129417,-0.006749962700556082,0
06067001300,863,888,902.1404784097145,-14.140478409714547,-0.015674364190642748,0
06067002100,877,933,916.7754340270216,16.22456597297844,0.017697426622472333,1
06067003101,1081,993,1130.027644450639,-137.02764445063895,-0.12126043563939067,0
06067000100,1293,1543,1351.6426866555746,191.3573133444254,0.14157389022531444,1
06067001200,800,787,836.2831781318328,-49.283178131832756,-0.0589312082564259,0
06067001700,1193,1281,1247.1072893890957,33.89271061090426,0.027177060786411442,1
06067988300,1023,1625,1069.3971140360811,555.6028859639189,0.5195477701141178,1
06067007416,1101,1064,1150.9347239039348,-86.93472390393481,-0.07553401778430573,0
06067007503,949,919,992.0409200588866,-73.04092005888663,-0.07362692262185212,0
06067007702,1555,1272,1625.52542749375,-353.52542749374993,-0.21748378801974122,0
06067008111,1412,1207,1476.0398094026848,-269.0398094026848,-0.1822713775664074,0
06067008117,1498,1341,1565.9402510518569,-224.94025105185688,-0.14364548768751706,0
06067008130,1358,1266,1419.590694878786,-153.59069487878605,-0.10819364724837156,0
06067008133,855,873,893.7776466283963,-20.77764662839627,-0.02324699740117235,0
06067006003,880,859,919.911495945016,-60.911495945015986,-0.06621451760687283,0
06067006101,800,858,836.2831781318328,21.716821868167244,0.025968263425650034,1
06067006102,894,871,934.5464515623231,-63.546451562323114,-0.06799710325376515,0
06067006900,832,840,869.734505257106,-29.73450525710598,-0.034188025285159906,0
06067008137,1044,1151,1091.3495474620418,59.650452537958245,0.054657513421503434,1
06067008210,1661,1488,1736.3329485962179,-248.33294859621788,-0.14302150333378683,0
06067008404,1157,1081,1209.474546373163,-128.4745463731631,-0.1062234395576312,0
06067008702,2284,1671,2387.5884735663826,-716.5884735663826,-0.3001306470943051,0
06067008905,1045,1074,1092.3949014347065,-18.394901434706526,-0.016839058302585832,0
06067008908,943,972,985.7687962228978,-13.768796222897777,-0.013967571580328696,0
06067008910,1039,1132,1086.122777598718,45.8772224012821,0.042239444147107306,1
06067000200,1539,1631,1608.7997639311131,22.200236068886852,0.01379925368377754,1
06067000400,900,1012,940.8185753983119,71.18142460168815,0.07565903401891513,1
06067004202,1203,874,1257.5608291157437,-383.5608291157437,-0.3050037980154369,0
06067004203,846,997,884.3694608744131,112.63053912558689,0.1273568843209764,1
06067004300,1346,1243,1407.0464472068086,-164.04644720680858,-0.11658921959006015,0
06067005202,1208,1163,1262.7875989790675,-99.78759897906752,-0.07902168112811951,0
06067005505,844,814,882.2787529290836,-68.27875292908357,-0.07738909352900593,0
06067002500,1857,1755,1941.2223272385168,-186.22232723851675,-0.0959304478552063,0
06067003600,839,990,877.0519830657596,112.9480169342404,0.12878143954412766,1
06067004004,1529,1260,1598.3462242044652,-338.3462242044652,-0.21168519003000627,0
06067004008,1564,1458,1634.933613247733,-176.9336132477331,-0.10822067135573855,0
06067004009,1204,1278,1258.6061830884082,19.393816911591784,0.015408963639446466,1
06067005101,1063,957,1111.2112729426726,-154.21127294267262,-0.13877763544847369,0
06067005404,1134,1192,1185.431405001873,6.568594998127082,0.00554110087720909,1
06067007601,979,1041,1023.4015392388303,17.59846076116969,0.017196046797290143,1
06067006400,934,988,976.3606104689147,11.639389531085271,0.011921199407558284,1
06067006600,910,915,951.2721151249597,-36.27211512495967,-0.03813011497787354,0
06067007417,1504,1374,1572.2123748878455,-198.2123748878455,-0.12607226482490005,0
06067008007,1033,1113,1079.850653762729,33.14934623727095,0.03069808414873147,1
06067008009,1085,1137,1134.2090603412983,2.7909396587017454,0.00246069243871312,1
06067008120,1197,1138,1251.2887052797548,-113.28870527975482,-0.09053762317340384,0
06067008127,1455,1328,1520.9900302272708,-192.99003022727084,-0.12688448076049105,0
06067008132,1445,1215,1510.536490500623,-295.5364905006229,-0.19565001730125436,0
06067008145,1606,1520,1678.8384800996544,-158.83848009965436,-0.09461212736214257,0
06067009317,1617,1532,1690.337373798967,-158.33737379896706,-0.09367205402499622,0
06067007427,1379,1409,1441.5431283047467,-32.54312830474669,-0.022575202687842837,0
06067007428,1470,1215,1536.6703398172426,-321.6703398172426,-0.2093294387757228,0
06067007429,1134,1028,1185.431405001873,-157.43140500187292,-0.13280515796831296,0
06067007430,1679,1418,1755.149320104184,-337.14932010418397,-0.19209153104088666,0
06067007301,1105,932,1155.116139794594,-223.1161397945939,-0.19315472454074537,0
06067007431,1714,1590,1791.7367091474516,-201.73670914745162,-0.11259283136719482,0
06067007432,1802,1616,1883.7278587419532,-267.72785874195324,-0.1421266121321554,0
06067007433,1703,1325,1780.2378154481391,-455.23781544813914,-0.2557174167955432,0
06067008505,2535,2061,2649.972320705245,-588.9723207052448,-0.22225602739446723,0
06067008506,1171,1352,1224.10950199047,127.89049800952989,0.10447635428168218,1
06067008507,1724,1697,1802.1902488740998,-105.19024887409978,-0.05836800467642988,0
06067008508,2145,1908,2242.2842713659766,-334.28427136597656,-0.14908202123825004,0
06067008509,2817,2535,2944.762140996716,-409.76214099671597,-0.13914948691170806,0
06067001900,882,892,922.0022038903456,-30.00220389034564,-0.032540273508840575,0
06067002400,1656,1584,1731.1061787328938,-147.1061787328938,-0.08497813741302114,0
06067003202,878,862,917.8207879996864,-55.820787999686445,-0.060818831660310484,0
06039000106,1479,1306,1546.0785255712258,-240.07852557122578,-0.15528223282353953,0
06039000109,960,993,1003.5398137581993,-10.53981375819933,-0.010502636381438947,0
06039000108,1118,884,1168.7057414392364,-284.70574143923636,-0.2436077203562184,0
06039000201,863,989,902.1404784097145,86.85952159028545,0.09628159213452063,1
06039000202,1404,1326,1467.6769776213664,-141.6769776213664,-0.0965314437588163,0
06039000603,837,878,874.96127512043,3.0387248795700543,0.0034729821375829497,1
06039000604,864,1010,903.1858323823794,106.81416761762057,0.11826377672009246,1
06039000507,1245,1287,1301.4656959676647,-14.465695967664715,-0.011114926818650561,0
06039000602,755,699,789.2422493619172,-90.24224936191717,-0.11434036816310303,0
06039000503,1290,1141,1348.5066247375803,-207.5066247375803,-0.15387883228082852,0
06039000506,1189,1124,1242.9258734984367,-118.92587349843666,-0.0956821931493779,0
06039000700,1268,1121,1325.508837338955,-204.5088373389549,-0.1542870417593893,0
06039000800,832,799,869.734505257106,-70.73450525710598,-0.0813288478605271,0
06039000900,883,835,923.0475578630104,-88.04755786301041,-0.09538788886116913,0
06039000502,1017,1052,1063.1249902000925,-11.124990200092498,-0.010464423565096184,0
06039000508,1195,1036,1249.197997334425,-213.19799733442505,-0.17066789875532393,0
06039000103,942,1001,984.7234422502331,16.27655774976688,0.016529064965258296,1
06039000102,977,919,1021.3108312935008,-102.31083129350077,-0.10017599751088808,0
06039000104,1089,977,1138.3904762319573,-161.39047623195734,-0.14177075406160775,0
06039001000,896,937,936.6371595076527,0.3628404923473454,0.0003873863946825194,1
06039000400,766,844,800.7411430612298,43.258856938770236,0.05402352222516233,1
06039000509,1659,1477,1734.242240650888,-257.2422406508881,-0.14833120461553345,0
06039000300,907,903,948.1360532069655,-45.13605320696547,-0.047605038384837026,0
06103000600,707,741,739.0652586740072,1.9347413259928317,0.0026178220438395996,1
06103000700,790,782,825.8296384051848,-43.829638405184824,-0.05307346257253153,0
06103000800,888,872,928.2743277263344,-56.27432772633438,-0.06062251862999348,0
06103000900,760,804,794.4690192252411,9.53098077475886,0.011996667641053371,1
06103000100,769,754,803.8772049792242,-49.87720497922419,-0.062045800863968076,0
06103000300,791,817,826.8749923778497,-9.874992377849708,-0.011942545691764277,0
06103000200,1198,1154,1252.3340592524196,-98.33405925241959,-0.07852062995964518,0
06103000400,1188,1205,1241.8805195257717,-36.88051952577166,-0.02969731704935268,0
06103001100,837,791,874.96127512043,-83.96127512042995,-0.09595998989655112,0
06103000500,878,769,917.8207879996864,-148.82078799968644,-0.16214580225844405,0
06103001000,797,943,833.1471162138383,109.85288378616167,0.13185292446954405,1
06097153002,1291,1344,1349.551978710245,-5.551978710245066,-0.004113942106587879,0
06097152701,1870,1596,1954.8119288831592,-358.8119288831592,-0.1835531713212733,0
06097150500,1857,1459,1941.2223272385168,-482.22232723851675,-0.24841169425683532,0
06097151502,1471,1566,1537.7156937899076,28.28430621009238,0.01839371629249741,1
06097150203,1502,1528,1570.121666942516,-42.12166694251596,-0.02682700826907198,0
06097150204,1461,1517,1527.2621540632597,-10.262154063259686,-0.006719314058792964,0
06097150306,1720,1241,1798.0088329834405,-557.0088329834405,-0.30979204482504924,0
06097150305,1340,1316,1400.77432337082,-84.77432337081996,-0.06051961544156465,0
06097150607,2708,2227,2830.818557976254,-603.8185579762539,-0.2133017519879206,0
06097150609,1649,1525,1723.7887009242402,-198.78870092424017,-0.11532080516460982,0
06097150610,1920,2051,2007.0796275163987,43.92037248360134,0.021882725469118187,1
06097150611,1738,1899,1816.8252044914068,82.1747955085932,0.04522988524457245,1
06097150612,2028,2138,2119.977856564196,18.022143435804082,0.00850109984875606,1
06097151601,1316,1328,1375.6858280268648,-47.68582802686478,-0.03466331269491973,0
06097151602,1275,1202,1332.8263151476083,-130.82631514760828,-0.09815706192229517,0
06097152905,1432,1581,1496.9468888559807,84.05311114401934,0.05614969493557362,1
06097152906,1994,2015,2084.435821493593,-69.43582149359281,-0.033311566025496,0
06097153103,1318,1355,1377.7765359721946,-22.77653597219455,-0.01653137165391109,0
06097153104,1139,1195,1190.6581748651968,4.34182513480323,0.003646575672564294,1
06097153804,2109,1884,2204.6515283500444,-320.6515283500444,-0.14544317967112888,0
06097153806,1874,1782,1958.9933447738183,-176.9933447738183,-0.09034913020301946,0
06097153807,2029,1928,2121.023210536861,-193.02321053686092,-0.09100476108792983,0
06097153809,1671,1736,1746.7864883228656,-10.78648832286558,-0.006175046804502113,0
06097154201,1106,1046,1156.161493767259,-110.16149376725889,-0.09528209887730005,0
06097154202,1887,1586,1972.5829464184606,-386.58294641846055,-0.19597804346852113,0
06097153808,1333,1393,1393.4568455621663,-0.4568455621663361,-0.0003278505277155028,0
06097154303,1331,1485,1391.3661376168366,93.63386238316343,0.06729634986197208,1
06097154304,1325,1026,1385.0940137808482,-359.0940137808482,-0.2592560578618345,0
06097151402,1094,1084,1143.6172460952812,-59.61724609528119,-0.05213041889568894,0
06097153403,1499,1272,1566.9856050245216,-294.98560502452165,-0.1882503604874567,0
06097153801,2166,2111,2264.236704791937,-153.23670479193697,-0.06767698115114605,0
06097150100,1651,1896,1725.87940886957,170.12059113043006,0.09857038113795968,1
06097150603,1606,1569,1678.8384800996544,-109.83848009965436,-0.06542528146789585,0
06097150702,2237,1906,2338.4568368511373,-432.45683685113727,-0.18493257178672776,0
06097151000,1355,1449,1416.4546329607917,32.54536703920826,0.022976639196116866,1
06097151301,1180,1311,1233.5176877444533,77.48231225554673,0.06281410718741041,1
06097152203,1188,1233,1241.8805195257717,-8.88051952577166,-0.007150864665437222,0
06097153005,1657,1754,1732.1515327055586,21.848467294441434,0.012613484953198587,1
06097153200,1696,1562,1772.9203376394855,-210.92033763948552,-0.11896774669543846,0
06097153502,1404,1691,1467.6769776213664,223.3230223786336,0.15216088130003141,1
06097153704,1183,1356,1236.6537496624478,119.34625033755219,0.09650740991173033,1
06097153901,1927,1632,2014.397105325052,-382.39710532505205,-0.1898320367489541,0
06097150902,1699,1703,1776.0563995574796,-73.05639955747961,-0.04113405383730059,0
06097151306,1431,1284,1495.9015348833157,-211.90153488331566,-0.14165473458107292,0
06097153903,1449,1700,1514.717906391282,185.28209360871801,0.12232118787724686,1
06097154100,1470,1397,1536.6703398172426,-139.67033981724262,-0.09089154400797098,0
06097152100,1176,1323,1229.3362718537942,93.66372814620581,0.07619048611082169,1
06097152300,1523,1876,1592.0741003684766,283.9258996315234,0.17833711355885404,1
06097152400,2685,2139,2806.775416604964,-667.775416604964,-0.23791551424256654,0
06097152600,2165,2005,2263.1913508192724,-258.19135081927243,-0.11408286388413755,0
06097153102,1300,1321,1358.9601644642285,-37.960164464228455,-0.0279332429727212,0
06097153705,1433,1218,1497.9922428286454,-279.99224282864543,-0.18691167739289394,0
06097153706,1335,1322,1395.547553507496,-73.5475535074961,-0.05270157460607167,0
06097154302,2044,1875,2136.7035201268327,-261.7035201268327,-0.12248003415621192,0
06097153902,1305,1376,1364.186934327552,11.81306567244792,0.008659418570278953,1
06097150303,1373,1573,1435.271004468758,137.72899553124194,0.09596027168556927,1
06097150304,1496,1533,1563.8495431065273,-30.849543106527335,-0.01972666951402876,0
06097150601,1504,1589,1572.2123748878455,16.7876251121545,0.010677708292018789,1
06097151203,1552,1678,1622.3893655757556,55.61063442424438,0.03427699638829253,1
06097151401,1623,1513,1696.609497634956,-183.60949763495591,-0.10822142507801846,0
06097150901,1333,1381,1393.4568455621663,-12.456845562166336,-0.008939527335804099,0
06097151201,1229,1279,1284.7400324050282,-5.74003240502816,-0.0044678551771153594,0
06097151308,1370,1443,1432.1349425507638,10.865057449236247,0.007586615706676762,1
06097151309,1890,1870,1975.7190083364549,-105.71900833645486,-0.0535091315568552,0
06097152502,1191,1316,1245.016581443766,70.98341855623403,0.0570140346837141,1
06097150202,1519,1471,1587.8926844778175,-116.89268447781751,-0.07361497764961236,0
06097150800,1588,1596,1660.0221085916878,-64.02210859168781,-0.03856702164406847,0
06097151503,2305,1923,2409.540906992343,-486.540906992343,-0.20192265903452003,0
06097151700,1318,1301,1377.7765359721946,-76.77653597219455,-0.05572495536659655,0
06097151800,1579,1541,1650.6139228377049,-109.61392283770488,-0.06640797179831044,0
06097152702,1651,1566,1725.87940886957,-159.87940886956994,-0.09263648899681179,0
06097151204,1354,1328,1415.409278988127,-87.40927898812697,-0.06175547969461927,0
06097153401,1379,1450,1441.5431283047467,8.456871695253312,0.005866540881921851,1
06097152903,1234,1375,1289.9668022683518,85.03319773164822,0.06591890394552864,1
06097153001,1131,1178,1182.2953430838786,-4.295343083878606,-0.0036330542186478617,0
06097153006,1271,1327,1328.6448992569492,-1.644899256949202,-0.001238027751334551,0
06097151100,1457,1614,1523.0807381726004,90.91926182739962,0.05969431531022117,1
06097150602,1824,1728,1906.7256461405786,-178.72564614057865,-0.0937343274856238,0
06097150701,1558,1521,1628.6614894117442,-107.66148941174424,-0.06610427649433183,0
06097151305,1157,1257,1209.474546373163,47.52545362683691,0.039294298312726725,1
06097151307,1843,1863,1926.5873716212097,-63.58737162120974,-0.033005184482083165,0
06097151310,1572,1595,1643.2964450290515,-48.29644502905148,-0.029389977185886058,0
06097151900,1299,1147,1357.9148104915635,-210.91481049156346,-0.15532256431845864,0
06097152201,1194,1344,1248.1526433617603,95.84735663823972,0.07679137415443477,1
06097152202,1141,1250,1192.7488828105265,57.25111718947346,0.047999304811395124,1
06097152904,1642,1775,1716.4712231155868,58.52877688441322,0.034098315250620376,1
06097153003,1336,1483,1396.5929074801606,86.40709251983935,0.06186992076004568,1
06097153501,1795,1854,1876.4103809332996,-22.41038093329962,-0.011943219436972534,0
06097153703,1236,1477,1292.0575102136816,184.94248978631845,0.14313797050390775,1
06097151311,1817,1825,1899.408168331925,-74.40816833192503,-0.039174396305387514,0
06097151504,1595,1761,1667.3395864003414,93.66041359965857,0.05617356797835301,1
06097152501,1470,1634,1536.6703398172426,97.32966018275738,0.06333802225553001,1
06097152801,1757,1816,1836.6869299720377,-20.68692997203766,-0.011263176992473402,0
06097153404,1620,1528,1693.4734357169614,-165.47343571696138,-0.09771244840749765,0
06097153600,1458,1428,1524.1260921452651,-96.12609214526515,-0.0630696453795132,0
06097154000,1577,1690,1648.5232148923753,41.476785107624664,0.025159964223089512,1
06097152000,975,1084,1019.2201233481712,64.77987665182877,0.06355827869550375,1
06097152802,1045,1141,1092.3949014347065,48.605098565293474,0.044494073069599224,1
06097153300,1562,1570,1632.8429053024036,-62.84290530240355,-0.03848680427145256,0
06013343003,2902,2768,3033.6172286732235,-265.6172286732235,-0.08755792463289552,0
06013345103,2397,2357,2505.7134724775037,-148.71347247750373,-0.05934975172179782,0
06013345105,2628,2532,2747.190240163071,-215.19024016307094,-0.07833102965242678,0
06013345108,2590,2498,2707.4667892018083,-209.4667892018083,-0.07736633743291879,0
06013346201,3201,2879,3346.1780664999956,-467.17806649999557,-0.13961542309332337,0
06013348000,3248,3230,3395.309703215241,-165.30970321524092,-0.048687665534221616,0
06013355304,2306,2432,2410.586260965008,21.413739034991977,0.00888320794893256,1
06013356002,2329,2119,2434.629402336298,-315.62940233629797,-0.1296416621081699,0
06013359204,2167,2242,2265.282058764602,-23.28205876460197,-0.010277774758565436,0
06013365002,1124,1198,1174.977865275225,23.022134724775015,0.019593675255646068,1
06013366002,1313,1277,1372.5497661088705,-95.54976610887047,-0.06961479173156004,0
06013367200,1349,1172,1410.1825091248031,-238.18250912480312,-0.16890190282719186,0
06013369001,975,1017,1019.2201233481712,-2.220123348171228,-0.0021782569803253595,0
06013373000,1120,1299,1170.796449384566,128.2035506154341,0.10950114401425187,1
06013377000,955,940,998.3130438948754,-58.31304389487536,-0.05841158166918218,0
06013385200,2142,1612,2239.148209447982,-627.148209447982,-0.28008338474503797,0
06013388000,1492,1666,1559.668127215868,106.33187278413197,0.0681759605961448,1
06013391000,1988,2134,2078.1636976576046,55.836302342395356,0.026868096293536,1
06013392000,2232,2487,2333.2300669878136,153.76993301218636,0.06590431659004911,1
06013374000,1289,1054,1347.4612707649155,-293.4612707649155,-0.21778827869266024,0
06013379000,1001,1094,1046.3993266374557,47.600673362544285,0.04548996941302162,1
06013381000,1183,1230,1236.6537496624478,-6.653749662447808,-0.005380446761483551,0
06013382000,1183,1087,1236.6537496624478,-149.6537496624478,-0.1210150777477501,0
06013383000,1356,1532,1417.4999869334565,114.50001306654349,0.08077602407196255,1
06013384000,2124,1892,2220.331837940016,-328.33183794001616,-0.1478751204345367,0
06013313101,1208,1255,1262.7875989790675,-7.787598979067525,-0.0061669903833103884,0
06013335000,1742,1757,1821.0066203820659,-64.00662038206588,-0.03514903222517479,0
06013352202,2274,2059,2377.134933839735,-318.1349338397349,-0.13383124757072937,0
06013355200,2306,2140,2410.586260965008,-270.586260965008,-0.11224915090019914,0
06013369002,1239,1150,1295.193572131676,-145.1935721316761,-0.11210183192363385,0
06013371000,1405,1425,1468.7223315940314,-43.7223315940314,-0.029768956768417044,0
06013387000,1468,1834,1534.579631871913,299.4203681280869,0.19511556253542056,1
06013322000,2246,2224,2347.865022605121,-123.86502260512088,-0.05275644954567446,0
06013334001,1628,1551,1701.8362674982795,-150.83626749827954,-0.08863148023047525,0
06013308002,2370,2184,2477.4889152155542,-293.48891521555424,-0.11846225160204973,0
06013316000,903,968,943.9546373163062,24.04536268369384,0.025473006575883337,1
06013319000,1498,1503,1565.9402510518569,-62.940251051856876,-0.04019326472359294,0
06013325000,2050,1854,2142.9756439628213,-288.9756439628213,-0.13484784336066621,0
06013355110,2178,2037,2276.7809524639147,-239.78095246391467,-0.10531577585644573,0
06013355111,2200,2005,2299.77873986254,-294.7787398625401,-0.12817700014052624,0
06013355112,3848,3086,4022.5220868141155,-936.5220868141155,-0.2328196257477487,0
06013355113,4001,3561,4182.461244631829,-621.4612446318288,-0.14858744846218758,0
06013355114,3794,3168,3966.0729722902165,-798.0729722902165,-0.20122498447863094,0
06013355115,1671,2355,1746.7864883228656,608.2135116771344,0.34818995666785574,1
06013355116,4001,4001,4182.461244631829,-181.46124463182878,-0.04338623456815852,0
06013347000,3004,2351,3140.243333885032,-789.2433338850319,-0.2513319032855328,0
06013353001,3303,3597,3452.8041717118044,144.19582828819557,0.041761948004339695,1
06013356001,1885,1530,1970.492238473131,-440.492238473131,-0.22354426466274935,0
06013366001,1478,1315,1545.033171598561,-230.033171598561,-0.14888558758939674,0
06013375000,1051,1309,1098.6670252706954,210.33297472930462,0.19144378587086627,1
06013378000,1668,1627,1743.6504264048715,-116.6504264048715,-0.0669001220877662,0
06013313103,1787,1768,1868.0475491519815,-100.04754915198146,-0.053557281878289995,0
06013334004,1454,1515,1519.944676254606,-4.944676254606065,-0.0032531948904815154,0
06013363000,1347,1483,1408.0918011794734,74.90819882052665,0.053198377234907966,1
06013309000,1747,1721,1826.2333902453897,-105.23339024538973,-0.05762318814642284,0
06013376000,955,1022,998.3130438948754,23.686956105124636,0.023726982483080656,1
06013338302,2759,2585,2884.131610582158,-299.1316105821579,-0.10371635243156557,0
06013349000,2095,1993,2190.016572732737,-197.01657273273713,-0.0899612245796372,0
06013357000,1376,1200,1438.4070663867521,-238.40706638675215,-0.16574380921641715,0
06013307101,1461,1603,1527.2621540632597,75.73784593674031,0.0495905995805899,1
06013307202,1052,1026,1099.7123792433601,-73.71237924336015,-0.06702878010164512,0
06013307204,1567,1410,1638.0696751657274,-228.0696751657274,-0.13923075350421407,0
06013317000,1430,1472,1494.8561809106511,-22.85618091065112,-0.015289886212817723,0
06013321101,1851,1964,1934.950203402528,29.049796597472096,0.015013201138917819,1
06013321102,2042,2045,2134.612812181503,-89.61281218150316,-0.04198082746909115,0
06013321103,1895,1954,1980.945778199779,-26.945778199778943,-0.013602481449172433,0
06013355117,4001,4001,4182.461244631829,-181.46124463182878,-0.04338623456815852,0
06013355306,2676,2783,2797.3672308509804,-14.367230850980377,-0.005135983110308244,0
06013359103,1764,1365,1844.0044077806913,-479.0044077806913,-0.25976315770155123,0
06013359104,1907,1759,1993.4900258717562,-234.4900258717562,-0.11762789019684879,0
06013359105,2895,2333,3026.29975086457,-693.2997508645699,-0.2290915665794521,0
06013360101,1906,1661,1992.4446718990914,-331.4446718990914,-0.16635075320971204,0
06013360102,2267,2301,2369.8174560310813,-68.81745603108129,-0.02903913795383011,0
06013365003,1420,1551,1484.4026411840032,66.59735881599681,0.044864753651257853,1
06013368001,1214,1151,1269.0597228150564,-118.05972281505638,-0.09302928829320474,0
06013368002,1136,1134,1187.5221129472025,-53.52211294720246,-0.04507041373265111,0
06013392200,1777,1709,1857.5940094253335,-148.59400942533352,-0.07999272643611866,0
06013392300,3543,3046,3703.6891251513543,-657.6891251513543,-0.17757676277014134,0
06013301000,902,1239,942.9092833436415,296.0907166563585,0.3140182432040483,1
06013307201,915,1054,956.4988849882836,97.50111501171637,0.10193541941547656,1
06013310000,1353,1302,1414.3639250154622,-112.3639250154622,-0.07944484656891529,0
06013313102,1662,1427,1737.3783025688826,-310.37830256888265,-0.17864750705701699,0
06013321200,1619,1653,1692.4280817442964,-39.42808174429638,-0.02329675462703262,0
06013330000,1962,1796,2050.9844943683197,-254.9844943683197,-0.1243229751704447,0
06013336101,1125,1352,1176.0232192478898,175.97678075211024,0.14963716521231094,1
06013337200,1222,1368,1277.4225545963745,90.57744540362546,0.07090640843760981,1
06013337300,2130,1998,2226.603961776005,-228.60396177600478,-0.1026693411583008,0
06013359203,1900,1573,1986.1725480631028,-413.1725480631028,-0.20802449840827014,0
06013370000,1458,1698,1524.1260921452651,173.87390785473485,0.11408105192267967,1
06013386000,1351,1580,1412.2732170701324,167.72678292986757,0.11876369310311602,1
06013389100,1512,1683,1580.5752066691641,102.42479333083588,0.06480222699853774,1
06013389200,1257,1359,1314.0099436396422,44.99005636035781,0.034238748784306015,1
06013305000,1075,1069,1123.7555206146503,-54.75552061465032,-0.04872547418917345,0
06013312000,1037,985,1084.0320696533881,-99.03206965338813,-0.09135529512983225,0
06013314104,1117,1090,1167.6603874665716,-77.66038746657159,-0.0665093963109157,0
06013315000,2176,1804,2274.690244518585,-470.69024451858513,-0.20692498490852845,0
06013320001,1560,1523,1630.7521973570738,-107.75219735707378,-0.06607515079955467,0
06013307205,1212,1229,1266.9690148697266,-37.96901486972661,-0.029968384722992368,0
06013308001,1580,1518,1651.6592768103696,-133.65927681036965,-0.08092424308510413,0
06013314200,1326,1133,1386.1393677535127,-253.13936775351272,-0.1826218731264883,0
06013336102,1168,1217,1220.9734400724758,-3.973440072475796,-0.003254321463569213,0
06013337100,1996,2057,2086.526529438923,-29.526529438922807,-0.014151044342035103,0
06013338301,2825,2317,2953.1249727780346,-636.1249727780346,-0.2154074001750171,0
06013338201,1747,1887,1826.2333902453897,60.76660975461027,0.03327428469941901,1
06013345202,1955,2116,2043.6670165596663,72.33298344033369,0.035393722585051995,1
06013352101,2979,2694,3114.109484568412,-420.109484568412,-0.13490517486627013,0
06013352201,2007,2213,2098.0254231382355,114.97457686176449,0.05480132680650982,1
06013353002,3283,3069,3431.8970922585086,-362.89709225850856,-0.10574241665844601,0
06013359202,2060,1737,2153.429183689469,-416.429183689469,-0.1933795579829568,0
06013360200,1435,1436,1500.082950773975,-64.08295077397497,-0.04271960476646379,0
06013361000,1643,1523,1717.5165770882513,-194.51657708825132,-0.11325455584133,0
06013362000,2069,1440,2162.8373694434526,-722.8373694434526,-0.33420791579417514,0
06013364002,1387,1600,1449.905960086065,150.09403991393492,0.10351984476636365,1
06013380000,1542,1662,1611.9358258491075,50.06417415089254,0.031058416438210626,1
06013385100,1870,2602,1954.8119288831592,647.1880711168408,0.33107434099125743,1
06013390200,2068,1948,2161.7920154707876,-213.79201547078765,-0.09889573739785913,0
06013307102,1208,1158,1262.7875989790675,-104.78759897906752,-0.08298117519033739,0
06013318000,1212,1473,1266.9690148697266,206.0309851302734,0.16261722481939156,1
06013354001,2571,2981,2687.6050637211774,293.39493627882257,0.10916594117165293,1
06013354002,3254,3017,3401.58182705123,-384.58182705123,-0.11305970181073581,0
06013355302,3435,3031,3590.790896103557,-559.7908961035569,-0.15589626695082628,0
06013302005,1595,1246,1667.3395864003414,-421.33958640034143,-0.2527017230544987,0
06013302006,1894,1818,1979.9004242271142,-161.90042422711417,-0.08177200340280476,0
06013302007,1595,1567,1667.3395864003414,-100.33958640034143,-0.060179454274798885,0
06013338203,1649,1785,1723.7887009242402,61.211299075759825,0.03550974608601407,1
06013345111,1730,2150,1808.4623727100882,341.5376272899118,0.18885525761760663,1
06013345112,2600,2590,2717.920328928457,-127.92032892845691,-0.04706551828135803,0
06013345113,3585,3204,3747.593992003275,-543.5939920032752,-0.1450514631956428,0
06013345114,2843,3035,2971.941344286001,63.05865571399909,0.02121800143708715,1
06013338204,2024,2013,2115.796440673537,-102.79644067353684,-0.0485852224237663,0
06013339002,1485,1617,1552.3506494072146,64.64935059278537,0.04164610013689405,1
06013339001,1312,1657,1371.5044121362057,285.4955878637943,0.20816235466506205,1
06013345115,3262,3261,3409.944658832548,-148.94465883254816,-0.04367949445946195,0
06013345116,2849,2927,2978.213468121989,-51.21346812198908,-0.017196036707967554,0
06013345203,2638,2385,2757.6437798897186,-372.64377988971864,-0.13513122420206902,0
06013345204,3886,4001,4062.2455377753777,-61.24553777537767,-0.015076769044570799,0
06013302008,2147,1869,2244.374979311306,-375.3749793113061,-0.16725145431201124,0
06013302009,2277,2015,2380.270995757729,-365.270995757729,-0.1534577350262799,0
06013302010,2210,2046,2310.232279589188,-264.2322795891878,-0.11437476738753487,0
06013303102,2010,2299,2101.1614850562296,197.8385149437704,0.09415673966557407,1
06013303103,2112,1954,2207.7875902680385,-253.78759026803846,-0.11495109012603298,0
06013303203,2500,2388,2613.384931661977,-225.38493166197713,-0.0862425312595049,0
06013304002,1489,1503,1556.5320652978737,-53.532065297873714,-0.03439188083004848,0
06013303201,2630,2130,2749.2809481084005,-619.2809481084005,-0.22525196944113224,0
06013303204,1555,1702,1625.52542749375,76.47457250625007,0.04704606351446576,1
06013304001,3447,2550,3603.3351437755346,-1053.3351437755346,-0.2923222797066447,0
06013303202,2699,2012,2821.410372222271,-809.4103722222708,-0.2868814760841552,0
06013304004,2752,2456,2876.8141327735043,-420.8141327735043,-0.1462778314314669,0
06013303205,2002,1732,2092.7986532749114,-360.79865327491143,-0.17240007905696825,0
06013304003,2210,1967,2310.232279589188,-343.2322795891878,-0.14857046307491745,0
06013304005,2230,2277,2331.1393590424836,-54.13935904248365,-0.02322441978102991,0
06013327000,1139,1323,1190.6581748651968,132.34182513480323,0.11115014193707327,1
06013328000,1181,1222,1234.563041717118,-12.56304171711804,-0.010176103846138524,0
06013329000,1624,1538,1697.6548516076205,-159.65485160762046,-0.09404435268831755,0
06013332000,1695,1671,1771.8749836668205,-100.87498366682053,-0.05693120823798979,0
06013323000,2063,2063,2156.5652456074636,-93.56524560746357,-0.04338623456815841,0
06013326000,2217,2209,2317.5497573978414,-108.5497573978414,-0.046838156139405486,0
06013333200,2048,1912,2140.884936017492,-228.88493601749178,-0.10691136742886667,0
06013341000,2062,1791,2155.519891634799,-364.519891634799,-0.16910996416662072,0
06013343002,1772,1794,1852.3672395620094,-58.367239562009445,-0.03150953996347416,0
06013345101,2145,2379,2242.2842713659766,136.71572863402344,0.06097163075167879,1
06013350000,1725,2109,1803.2356028467643,305.7643971532357,0.16956430799753847,1
06013355301,2462,2214,2573.6614807007154,-359.6614807007154,-0.13974700379118724,0
06013358000,1313,1308,1372.5497661088705,-64.54976610887047,-0.047029089729742006,0
06013359102,1593,1613,1665.248878455012,-52.24887845501189,-0.03137601780190807,0
06013367100,1103,1177,1153.0254318492646,23.974568150735422,0.02079274878810273,1
06013372000,1446,1301,1511.581844473288,-210.5818444732879,-0.139312234559595,0
06013390100,2093,2241,2187.9258647874076,53.07413521259241,0.02425773928942031,1
06013306002,1521,1237,1589.983392423147,-352.98339242314705,-0.22200445243971864,0
06013311000,1415,1423,1479.1758713206793,-56.175871320679335,-0.037977817519780674,0
06013314102,1303,1424,1362.0962263822225,61.90377361777746,0.04544743052566569,1
06013314103,1220,1335,1275.3318466510448,59.66815334895523,0.04678637446844969,1
06013331000,1581,1625,1652.7046307830344,-27.704630783034418,-0.016763207573217878,0
06013345102,2348,2475,2454.491127816929,20.508872183071162,0.008355651381519617,1
06013346101,2609,2596,2727.3285146824396,-131.32851468243962,-0.04815280373282462,0
06013351200,3113,3168,3254.186916905494,-86.18691690549394,-0.026484931291977452,0
06013346203,2951,3001,3084.839573333798,-83.83957333379794,-0.027177936272125877,0
06013346204,3428,3484,3583.4734182949032,-99.47341829490324,-0.027758938516763133,0
06013351101,1096,1139,1145.707954040611,-6.707954040610957,-0.0058548550849749845,0
06013351102,944,900,986.8141501955627,-86.81415019556266,-0.08797416431286297,0
06013351103,1288,1312,1346.4159167922508,-34.415916792250755,-0.02556113334893163,0
06013355107,1830,1941,1912.9977699765673,28.00223002343273,0.014637879072789371,1
06013355108,2489,2260,2601.886037962665,-341.8860379626649,-0.13139931302693383,0
06013355109,2512,2043,2625.929179333955,-582.9291793339548,-0.22198968042306838,0
06013306003,1232,1261,1287.8760943230225,-26.87609432302247,-0.020868540414324566,0
06013306004,1281,1250,1339.0984389835971,-89.09843898359713,-0.06653613833739112,0
06013340002,2343,2319,2449.2643579536048,-130.26435795360476,-0.05318509516157026,0
06013343001,1498,1695,1565.9402510518569,129.05974894814312,0.08241677730772452,1
06013346102,4001,4001,4182.461244631829,-181.46124463182878,-0.04338623456815852,0
06013340001,1687,1910,1763.5121518855024,146.48784811449764,0.08306597034666109,1
06013313203,1815,1668,1897.3174603865955,-229.31746038659549,-0.12086404366924974,0
06013313204,1436,1445,1501.12830474664,-56.12830474663997,-0.03739074439483925,0
06013313205,2082,1642,2176.426971088095,-534.4269710880949,-0.24555244820409045,0
06013313206,1590,1539,1662.1128165370176,-123.11281653701758,-0.074070072327293,0
06013320003,2321,2378,2426.26657055498,-48.26657055497981,-0.019893350195209342,0
06013320004,1826,1816,1908.8163540859082,-92.81635408590819,-0.04862508322879284,0
06013324001,1426,1500,1490.674765019992,9.325234980007963,0.006255713988613001,1
06013324002,1415,1798,1479.1758713206793,318.82412867932067,0.2155417316229335,1
06013333101,1697,1705,1773.9656916121503,-68.9656916121503,-0.03887656448951695,0
06013333102,1749,1643,1828.3240981907195,-185.3240981907195,-0.10136282641251257,0
06013334006,2141,2367,2238.1028554753175,128.89714452468252,0.057592145155146574,1
06013334200,2751,2795,2875.7687788008398,-80.76877880083975,-0.02808597805089161,0
06013336201,1682,1348,1758.2853820221785,-410.2853820221785,-0.23334402152073586,0
06013336202,1056,1165,1103.8937951340192,61.10620486598077,0.05535514841675699,1
06013338101,1359,1383,1420.636048851451,-37.63604885145105,-0.026492393236028932,0
06013338102,2464,2233,2575.752188646045,-342.75218864604494,-0.13306877507739365,0
06013352102,3305,3189,3454.894879657134,-265.89487965713397,-0.0769617857905771,0
